{"type": "FeatureCollection", "features": [{"type": "Feature", "properties": {"MONUMENTNR": 4153, "Gemeente": "Alphen aan den Rijn", "Plaats": "Alphen aan den Rijn", "Toponiem": "Castellumstraat, Julianastraat", "Datering": "Romeinse tijd, 41-270/275? na Chr.", "WAARDE": "Terrein van hoge archeologische waarde", "Zichtbaarh": "nee", "Beschrijving": "Sporen van het castellum Albanianae, sporen van een vicus"}, "geometry": {"type": "MultiPolygon", "coordinates": [[[[4.6592, 52.1268], [4.6624, 52.127], [4.6625, 52.1289], [4.6615, 52.1289], [4.6588, 52.1289], [4.6589, 52.1284], [4.659, 52.1275], [4.6592, 52.1268]]]]}}, {"type": "Feature", "properties": {"MONUMENTNR": 15375, "Gemeente": "Leiderdorp", "Plaats": "Leiderdorp", "Toponiem": "Munnikkenpolder", "Datering": "IJzertijd, Romeinse tijd", "WAARDE": "Terrein van hoge archeologische waarde", "Zichtbaarh": "nee", "Beschrijving": "Nederzetting"}, "geometry": {"type": "MultiPolygon", "coordinates": [[[[4.5422, 52.1548], [4.5377, 52.1527], [4.5379, 52.1526], [4.5429, 52.1542], [4.5422, 52.1548]]]]}}, {"type": "Feature", "properties": {"MONUMENTNR": 15373, "Gemeente": "Leiderdorp", "Plaats": "Leiderdorp", "Toponiem": "Munnikkenpolder, de Does", "Datering": "IJzertijd, Romeinse tijd", "WAARDE": "Terrein van hoge archeologische waarde", "Zichtbaarh": "nee", "Beschrijving": "Nederzetting"}, "geometry": {"type": "MultiPolygon", "coordinates": [[[[4.5437, 52.1499], [4.5439, 52.15], [4.5442, 52.1502], [4.5443, 52.1503], [4.5445, 52.1505], [4.5447, 52.1506], [4.5455, 52.1511], [4.5463, 52.1516], [4.5457, 52.1518], [4.5457, 52.1518], [4.5456, 52.1517], [4.5455, 52.1517], [4.5454, 52.1516], [4.5452, 52.1514], [4.5449, 52.1511], [4.5447, 52.151], [4.5446, 52.1509], [4.5445, 52.1509], [4.5442, 52.1509], [4.544, 52.1509], [4.5437, 52.151], [4.5434, 52.151], [4.5433, 52.151], [4.5432, 52.151], [4.5431, 52.1509], [4.5431, 52.1508], [4.5431, 52.1508], [4.5431, 52.1506], [4.5431, 52.1503], [4.5437, 52.1499]]]]}}, {"type": "Feature", "properties": {"MONUMENTNR": 16183, "Gemeente": "Leidschendam-Voorburg", "Plaats": "Leidschendam", "Toponiem": "Vliet", "Datering": "Romeinse tijd", "WAARDE": "Terrein van hoge archeologische waarde", "Zichtbaarh": "nee", "Beschrijving": "Kanaal van Corbulo"}, "geometry": {"type": "MultiPolygon", "coordinates": [[[[4.3907, 52.077], [4.3916, 52.0762], [4.3924, 52.0765], [4.3916, 52.0773], [4.3907, 52.077]]]]}}, {"type": "Feature", "properties": {"MONUMENTNR": 16182, "Gemeente": "Leidschendam-Voorburg", "Plaats": "Leidschendam", "Toponiem": "Vliet", "Datering": "Romeinse tijd", "WAARDE": "Terrein van hoge archeologische waarde", "Zichtbaarh": "nee", "Beschrijving": "Kanaal/vaarweg"}, "geometry": {"type": "MultiPolygon", "coordinates": [[[[4.3899, 52.0766], [4.3893, 52.0764], [4.3905, 52.0756], [4.3911, 52.0759], [4.3899, 52.0766]]]]}}, {"type": "Feature", "properties": {"MONUMENTNR": 16184, "Gemeente": "Wassenaar", "Plaats": "Wassenaar", "Toponiem": "De Groene Bergh", "Datering": "Late Middeleeuwen", "WAARDE": "Terrein van hoge archeologische waarde", "Zichtbaarh": "nee", "Beschrijving": "Motte"}, "geometry": {"type": "MultiPolygon", "coordinates": [[[[4.3939, 52.1407], [4.3938, 52.1406], [4.3946, 52.1402], [4.3947, 52.1402], [4.3947, 52.1403], [4.3948, 52.1403], [4.3948, 52.1404], [4.3948, 52.1405], [4.3948, 52.1405], [4.3947, 52.1406], [4.3946, 52.1406], [4.3945, 52.1407], [4.3944, 52.1408], [4.3943, 52.1408], [4.3942, 52.1408], [4.3941, 52.1408], [4.394, 52.1408], [4.3939, 52.1407]]]]}}, {"type": "Feature", "properties": {"MONUMENTNR": 4028, "Gemeente": "Westland", "Plaats": "Monster", "Toponiem": "Waterleidingduinen; Haagweg", "Datering": "Midden-IJzertijd, late IJzertijd, Romeinse tijd, vroege Middeleeuwen", "WAARDE": "Terrein van hoge archeologische waarde", "Zichtbaarh": "nee", "Beschrijving": "Bewoningssporen"}, "geometry": {"type": "MultiPolygon", "coordinates": [[[[4.1726, 52.0361], [4.1767, 52.0336], [4.189, 52.0403], [4.1907, 52.0393], [4.1914, 52.0397], [4.1977, 52.042], [4.2002, 52.0438], [4.2033, 52.0446], [4.2017, 52.0463], [4.2011, 52.0467], [4.1985, 52.0497], [4.1984, 52.05], [4.1985, 52.0503], [4.1987, 52.0506], [4.199, 52.0508], [4.1992, 52.0511], [4.1995, 52.0513], [4.1978, 52.0547], [4.1726, 52.0361]]]]}}, {"type": "Feature", "properties": {"MONUMENTNR": 3076, "Gemeente": "Leidschendam-Voorburg", "Plaats": "Voorburg", "Toponiem": "Oost Duivesteyn", "Datering": "Late Middeleeuwen en Nieuwe Tijd", "WAARDE": "Terrein van hoge archeologische waarde", "Zichtbaarh": "nee", "Beschrijving": "Resten van de hofstede Duivesteyn en twee boerderijen"}, "geometry": {"type": "MultiPolygon", "coordinates": [[[[4.3833, 52.0847], [4.3844, 52.0839], [4.3853, 52.0842], [4.3847, 52.0848], [4.3842, 52.0851], [4.3833, 52.0847]]]]}}, {"type": "Feature", "properties": {"MONUMENTNR": 3183, "Gemeente": "Leidschendam-Voorburg", "Plaats": "Voorburg", "Toponiem": "Hofwijck", "Datering": "17e en 18e eeuw", "WAARDE": "Terrein van hoge archeologische waarde", "Zichtbaarh": "ja", "Beschrijving": "Bewoningssporen"}, "geometry": {"type": "MultiPolygon", "coordinates": [[[[4.3614, 52.0649], [4.3623, 52.0643], [4.3635, 52.065], [4.3623, 52.0654], [4.3614, 52.0649]]]]}}, {"type": "Feature", "properties": {"MONUMENTNR": 4074, "Gemeente": "Leidschendam-Voorburg", "Plaats": "Leidschendam", "Toponiem": "Duivenvoordse- en Veenzijdse Polder", "Datering": "Laat-neolithicum", "WAARDE": "Terrein van hoge archeologische waarde", "Zichtbaarh": "nee", "Beschrijving": "Bewoningssporen"}, "geometry": {"type": "MultiPolygon", "coordinates": [[[[4.4096, 52.1088], [4.4089, 52.109], [4.4082, 52.1093], [4.4081, 52.1092], [4.4078, 52.1091], [4.4075, 52.109], [4.4071, 52.1088], [4.4066, 52.1087], [4.4064, 52.1086], [4.4062, 52.1085], [4.4062, 52.1085], [4.4061, 52.1084], [4.4062, 52.1083], [4.4075, 52.1075], [4.4076, 52.1075], [4.4096, 52.1088]]]]}}, {"type": "Feature", "properties": {"MONUMENTNR": 3178, "Gemeente": "Voorschoten", "Plaats": "Voorschoten", "Toponiem": "Rouwkooplaan; Roucoop", "Datering": "Late Middeleeuwen tot 19e eeuw.", "WAARDE": "Terrein van hoge archeologische waarde", "Zichtbaarh": "ja", "Beschrijving": "Resten van het kasteel Roucoop"}, "geometry": {"type": "MultiPolygon", "coordinates": [[[[4.4413, 52.1187], [4.4422, 52.1183], [4.443, 52.1189], [4.4425, 52.1192], [4.4424, 52.1191], [4.442, 52.1193], [4.4413, 52.1187]]]]}}, {"type": "Feature", "properties": {"MONUMENTNR": 4122, "Gemeente": "Westland", "Plaats": "De Lier", "Toponiem": "Hoefpolder; Hoogweg", "Datering": "Romeinse tijd", "WAARDE": "Terrein van hoge archeologische waarde", "Zichtbaarh": "nee", "Beschrijving": "Bewoningssporen"}, "geometry": {"type": "MultiPolygon", "coordinates": [[[[4.251, 51.9687], [4.2498, 51.9683], [4.25, 51.968], [4.249, 51.9677], [4.2498, 51.9668], [4.2521, 51.9676], [4.251, 51.9687]]]]}}, {"type": "Feature", "properties": {"MONUMENTNR": 4125, "Gemeente": "Westland", "Plaats": "De Lier", "Toponiem": "Het Kraaiennest", "Datering": "Romeinse tijd", "WAARDE": "Terrein van hoge archeologische waarde", "Zichtbaarh": "nee", "Beschrijving": "Bewoningssporen"}, "geometry": {"type": "MultiPolygon", "coordinates": [[[[4.2768, 51.9657], [4.278, 51.9659], [4.2775, 51.9671], [4.2763, 51.9669], [4.2768, 51.9657]]]]}}, {"type": "Feature", "properties": {"MONUMENTNR": 4136, "Gemeente": "Midden-Delfland", "Plaats": "Schipluiden", "Toponiem": "Dorppolder; Huis Ten Dorp", "Datering": "Late Middeleeuwen en Nieuwe tijd", "WAARDE": "Terrein van hoge archeologische waarde", "Zichtbaarh": "ja", "Beschrijving": "1) Bewoningssporen; 2) resten van de hofstede Huis Ten Dorp"}, "geometry": {"type": "MultiPolygon", "coordinates": [[[[4.2891, 51.9692], [4.2897, 51.9687], [4.2887, 51.9682], [4.2898, 51.9673], [4.2921, 51.9684], [4.2905, 51.9697], [4.2891, 51.9692]]]]}}, {"type": "Feature", "properties": {"MONUMENTNR": 9385, "Gemeente": "Westland", "Plaats": "Naaldwijk", "Toponiem": "Hoogeland; Hoogwerf", "Datering": "1) Romeinse tijd; 2) vroege Middeleeuwen", "WAARDE": "Terrein van hoge archeologische waarde", "Zichtbaarh": "nee", "Beschrijving": "1-2) Bewoningssporen"}, "geometry": {"type": "MultiPolygon", "coordinates": [[[[4.2117, 51.985], [4.2115, 51.9861], [4.2079, 51.986], [4.208, 51.9855], [4.2082, 51.9848], [4.2082, 51.9844], [4.2085, 51.9844], [4.2085, 51.9844], [4.2094, 51.9846], [4.2095, 51.9847], [4.2096, 51.9848], [4.2096, 51.9848], [4.2096, 51.9849], [4.2117, 51.985]]]]}}, {"type": "Feature", "properties": {"MONUMENTNR": 4145, "Gemeente": "Midden-Delfland", "Plaats": "'t Woudt", "Toponiem": "Woudse Polder", "Datering": "Late Middeleeuwen A", "WAARDE": "Terrein van hoge archeologische waarde", "Zichtbaarh": "ja", "Beschrijving": "Zes huisterpen"}, "geometry": {"type": "MultiPolygon", "coordinates": [[[[4.2801, 52], [4.2809, 51.9993], [4.2809, 51.9993], [4.2828, 51.9972], [4.2835, 51.9974], [4.2845, 51.9962], [4.2837, 51.9959], [4.2844, 51.9952], [4.2858, 51.9956], [4.2824, 52], [4.2826, 52.0001], [4.2822, 52.0005], [4.2811, 52.0001], [4.2805, 52.0001], [4.2801, 52]]]]}}, {"type": "Feature", "properties": {"MONUMENTNR": 10710, "Gemeente": "Westland", "Plaats": "Naaldwijk", "Toponiem": "Vlietpolder; Lange Broekweg", "Datering": "Late Middeleeuwen", "WAARDE": "Terrein van hoge archeologische waarde", "Zichtbaarh": "nee", "Beschrijving": "Resten van een hofstede"}, "geometry": {"type": "MultiPolygon", "coordinates": [[[[4.2221, 51.9886], [4.2221, 51.9883], [4.2221, 51.9881], [4.2222, 51.9872], [4.2221, 51.9872], [4.2222, 51.9862], [4.222, 51.9861], [4.2222, 51.9851], [4.2249, 51.9852], [4.2244, 51.9886], [4.2243, 51.9886], [4.2243, 51.9887], [4.2244, 51.9888], [4.2234, 51.9886], [4.2221, 51.9886]]]]}}, {"type": "Feature", "properties": {"MONUMENTNR": 7496, "Gemeente": "Leidschendam-Voorburg", "Plaats": "Leidschendam", "Toponiem": "Centrum; Rietvink", "Datering": "1) Neolithicum; 2) Romeinse tijd; 3) Late Middeleeuwen", "WAARDE": "Terrein van hoge archeologische waarde", "Zichtbaarh": "nee", "Beschrijving": "1) Bewoningssporen; 2) resten van de gracht van Corbulo; 3) schuilkerk"}, "geometry": {"type": "MultiPolygon", "coordinates": [[[[4.3988, 52.0843], [4.4018, 52.0827], [4.4029, 52.0839], [4.4039, 52.085], [4.4043, 52.0855], [4.4053, 52.0864], [4.4055, 52.0865], [4.4064, 52.0871], [4.4068, 52.0876], [4.4073, 52.0881], [4.4056, 52.0891], [4.4049, 52.0886], [4.4034, 52.0877], [4.4036, 52.0876], [4.4033, 52.0874], [4.4034, 52.0873], [4.4023, 52.0866], [4.4026, 52.0864], [4.4013, 52.0855], [4.4008, 52.0858], [4.4007, 52.0857], [4.4005, 52.0855], [4.4002, 52.0852], [4.3999, 52.0851], [4.3988, 52.0843]]]]}}, {"type": "Feature", "properties": {"MONUMENTNR": 7498, "Gemeente": "Leidschendam-Voorburg", "Plaats": "Leidschendam", "Toponiem": "Centrum; Rietvink", "Datering": "Romeinse tijd", "WAARDE": "Terrein van hoge archeologische waarde", "Zichtbaarh": "nee", "Beschrijving": "Resten van de gracht van Corbulo"}, "geometry": {"type": "MultiPolygon", "coordinates": [[[[4.4095, 52.0908], [4.4107, 52.0921], [4.4099, 52.0924], [4.4087, 52.0912], [4.4095, 52.0908]]]]}}, {"type": "Feature", "properties": {"MONUMENTNR": 16106, "Gemeente": "Teylingen", "Plaats": "Sassenheim", "Toponiem": "Klinkenberg", "Datering": "Late Middeleeuwen, Nieuwe Tijd", "WAARDE": "Terrein van hoge archeologische waarde", "Zichtbaarh": "ja", "Beschrijving": "Hofstede, mogelijk ook motte"}, "geometry": {"type": "MultiPolygon", "coordinates": [[[[4.4929, 52.2064], [4.4931, 52.206], [4.4934, 52.2058], [4.4942, 52.2059], [4.4949, 52.2062], [4.4951, 52.2065], [4.4945, 52.2068], [4.4929, 52.2064]]]]}}, {"type": "Feature", "properties": {"MONUMENTNR": 16105, "Gemeente": "Noordwijk", "Plaats": "Noordwijk", "Toponiem": "Bronsgeest", "Datering": "Neolithicum tot Bronstijd", "WAARDE": "Terrein van hoge archeologische waarde", "Zichtbaarh": "nee", "Beschrijving": "Nederzetting"}, "geometry": {"type": "MultiPolygon", "coordinates": [[[[4.4594, 52.2406], [4.462, 52.2393], [4.4637, 52.2404], [4.463, 52.2408], [4.4624, 52.2406], [4.4614, 52.2412], [4.4616, 52.2414], [4.4611, 52.2417], [4.4594, 52.2406]]]]}}, {"type": "Feature", "properties": {"MONUMENTNR": 10460, "Gemeente": "Giessenlanden", "Plaats": "Schelluinen", "Toponiem": "Polder Schelluinen; Nolweg", "Datering": "Vroege tot late Middeleeuwen", "WAARDE": "Terrein van hoge archeologische waarde", "Zichtbaarh": "nee", "Beschrijving": "Nederzetting, onbepaald"}, "geometry": {"type": "MultiPolygon", "coordinates": [[[[4.9415, 51.8464], [4.9426, 51.8468], [4.9426, 51.8469], [4.9415, 51.8469], [4.9415, 51.8464]]]]}}, {"type": "Feature", "properties": {"MONUMENTNR": 16142, "Gemeente": "Krimpenerwaard", "Plaats": "Lekkerkerk", "Toponiem": "Loetboschpolder", "Datering": "Late Middeleeuwen: 1000-1300 (ook 1300-1500?)", "WAARDE": "Terrein van hoge archeologische waarde", "Zichtbaarh": "ja", "Beschrijving": "Huisterp"}, "geometry": {"type": "MultiPolygon", "coordinates": [[[[4.7039, 51.9283], [4.7038, 51.9277], [4.7043, 51.9277], [4.7043, 51.9283], [4.7039, 51.9283]]]]}}, {"type": "Feature", "properties": {"MONUMENTNR": 16147, "Gemeente": "Ridderkerk", "Plaats": "Rijsoord", "Toponiem": "Waalweg", "Datering": "1) Midden Neolithicum 2) Romeinse tijd? 3) Vroege Middeleeuwen? 4) Late Middeleeuwen A+B", "WAARDE": "Terrein van hoge archeologische waarde", "Zichtbaarh": "nee", "Beschrijving": "1-3) Bewoningssporen; 4) Nederzetting"}, "geometry": {"type": "MultiPolygon", "coordinates": [[[[4.5917, 51.8506], [4.5911, 51.8495], [4.5924, 51.8492], [4.593, 51.8501], [4.5917, 51.8506]]]]}}, {"type": "Feature", "properties": {"MONUMENTNR": 10318, "Gemeente": "Westvoorne", "Plaats": "Tinte", "Toponiem": "Strypse Weg", "Datering": "Midden-Romeinse tijd", "WAARDE": "Terrein van hoge archeologische waarde", "Zichtbaarh": "nee", "Beschrijving": "Bewoningssporen"}, "geometry": {"type": "MultiPolygon", "coordinates": [[[[4.126, 51.8844], [4.126, 51.8834], [4.1303, 51.8833], [4.1305, 51.8846], [4.126, 51.8844]]]]}}, {"type": "Feature", "properties": {"MONUMENTNR": 10369, "Gemeente": "Brielle", "Plaats": "Brielle", "Toponiem": "Nieuwe Ondernemingspolder", "Datering": "1) IJzertijd; 2) Romeinse tijd", "WAARDE": "Terrein van hoge archeologische waarde", "Zichtbaarh": "nee", "Beschrijving": "1-2) Bewoningssporen"}, "geometry": {"type": "MultiPolygon", "coordinates": [[[[4.1872, 51.8948], [4.1894, 51.8944], [4.1899, 51.8948], [4.1924, 51.8941], [4.1939, 51.8948], [4.1942, 51.8951], [4.1938, 51.8954], [4.1889, 51.8967], [4.1872, 51.8948]]]]}}, {"type": "Feature", "properties": {"MONUMENTNR": 16201, "Gemeente": "Vlaardingen", "Plaats": "Vlaardingen", "Toponiem": "Aalkeet Buiten 046, vindplaats 16-06", "Datering": "1) IJzertijd; 2) Late Middeleeuwen B (1200-1500), Nieuwe Tijd", "WAARDE": "Terrein van hoge archeologische waarde", "Zichtbaarh": "nee", "Beschrijving": "1-2) Bewoningssporen"}, "geometry": {"type": "MultiPolygon", "coordinates": [[[[4.2966, 51.9207], [4.2962, 51.9204], [4.297, 51.9201], [4.2976, 51.9206], [4.2966, 51.9207]]]]}}, {"type": "Feature", "properties": {"MONUMENTNR": 16125, "Gemeente": "Vlaardingen", "Plaats": "Vlaardingen", "Toponiem": "Aalkeet-Buitenpolder, Freegolf", "Datering": "1) Neolithicum; 2) Midden-IJzertijd/ Late IJzertijd", "WAARDE": "Terrein van hoge archeologische waarde", "Zichtbaarh": "nee", "Beschrijving": "1) Activiteitenniveau Vlaardingen-cultuur; 2) Nederzetting, mogelijk extractie of jachtkampje"}, "geometry": {"type": "MultiPolygon", "coordinates": [[[[4.3074, 51.9108], [4.3073, 51.9087], [4.3077, 51.9087], [4.3077, 51.909], [4.3081, 51.9091], [4.3085, 51.909], [4.3085, 51.91], [4.3085, 51.9101], [4.3082, 51.9108], [4.3074, 51.9108]]]]}}, {"type": "Feature", "properties": {"MONUMENTNR": 16143, "Gemeente": "Krimpenerwaard", "Plaats": "Haastrecht", "Toponiem": "Hofkamp/Prins Bernhardlaan", "Datering": "Middeleeuwen", "WAARDE": "Terrein van hoge archeologische waarde", "Zichtbaarh": "nee", "Beschrijving": "Kasteel/ hofstad"}, "geometry": {"type": "MultiPolygon", "coordinates": [[[[4.7834, 51.9976], [4.7836, 51.9972], [4.7838, 51.9973], [4.7839, 51.9974], [4.784, 51.9975], [4.784, 51.9975], [4.7839, 51.9976], [4.7838, 51.9977], [4.7834, 51.9976]]]]}}, {"type": "Feature", "properties": {"MONUMENTNR": 6445, "Gemeente": "Molenwaard", "Plaats": "Oud-Alblas", "Toponiem": "Polder Zuidzijde; Provinciale Weg", "Datering": "Romeinse tijd", "WAARDE": "Terrein van hoge archeologische waarde", "Zichtbaarh": "nee", "Beschrijving": "Bewoningssporen"}, "geometry": {"type": "MultiPolygon", "coordinates": [[[[4.7032, 51.8427], [4.708, 51.8414], [4.7087, 51.8412], [4.7091, 51.8412], [4.7086, 51.8437], [4.7075, 51.8436], [4.7076, 51.8435], [4.7067, 51.8434], [4.7063, 51.8434], [4.7059, 51.8433], [4.7055, 51.8433], [4.7051, 51.8433], [4.7034, 51.8434], [4.7018, 51.8432], [4.7032, 51.8427]]]]}}, {"type": "Feature", "properties": {"MONUMENTNR": 16176, "Gemeente": "Binnenmaas", "Plaats": "'s-Gravendeel", "Toponiem": "Polder Nieuw Bonaventura", "Datering": "Late Middeleeuwen", "WAARDE": "Terrein van hoge archeologische waarde", "Zichtbaarh": "nee", "Beschrijving": "Oude woongrond"}, "geometry": {"type": "MultiPolygon", "coordinates": [[[[4.605, 51.7795], [4.605, 51.7794], [4.6049, 51.7789], [4.6048, 51.7786], [4.6059, 51.7785], [4.6061, 51.7795], [4.605, 51.7795]]]]}}, {"type": "Feature", "properties": {"MONUMENTNR": 6790, "Gemeente": "Giessenlanden", "Plaats": "Noordeloos", "Toponiem": "Grotewaard; Slot Noordeloos", "Datering": "Ca. 1300 tot Nieuwe Tijd", "WAARDE": "Terrein van hoge archeologische waarde", "Zichtbaarh": "ja", "Beschrijving": "Resten van het kasteel Noordeloos"}, "geometry": {"type": "MultiPolygon", "coordinates": [[[[4.9309, 51.8958], [4.9308, 51.8957], [4.9303, 51.8956], [4.9303, 51.8956], [4.9302, 51.8956], [4.9302, 51.8956], [4.9302, 51.8956], [4.9302, 51.8955], [4.9302, 51.8954], [4.9303, 51.8953], [4.9303, 51.8952], [4.9303, 51.8952], [4.9304, 51.8952], [4.9304, 51.8952], [4.9305, 51.8951], [4.9306, 51.8952], [4.9308, 51.8952], [4.9309, 51.8952], [4.931, 51.8953], [4.9311, 51.8953], [4.9311, 51.8954], [4.9312, 51.8955], [4.9311, 51.8956], [4.9309, 51.8958]]]]}}, {"type": "Feature", "properties": {"MONUMENTNR": 6801, "Gemeente": "Gorinchem", "Plaats": "Gorinchem", "Toponiem": "Vestingweg; Kasteelplaats; Wijdschild", "Datering": "Gebouwd in 1267; afgebroken in 1412.", "WAARDE": "Terrein van hoge archeologische waarde", "Zichtbaarh": "nee", "Beschrijving": "Resten van het kasteel van de Heren van Arkel"}, "geometry": {"type": "MultiPolygon", "coordinates": [[[[4.9824, 51.8298], [4.9819, 51.8292], [4.9828, 51.8289], [4.9826, 51.8274], [4.9832, 51.8275], [4.9849, 51.8279], [4.9858, 51.8282], [4.9857, 51.8285], [4.9855, 51.8284], [4.9849, 51.8285], [4.9847, 51.8285], [4.9851, 51.8291], [4.9824, 51.8298]]]]}}, {"type": "Feature", "properties": {"MONUMENTNR": 4043, "Gemeente": "Teylingen", "Plaats": "Sassenheim", "Toponiem": "Centrum; Hoofdstraat; N.H. Kerk", "Datering": "Late middeleeuwen", "WAARDE": "Terrein van hoge archeologische waarde", "Zichtbaarh": "ja", "Beschrijving": "Kerk of klooster"}, "geometry": {"type": "MultiPolygon", "coordinates": [[[[4.522, 52.2273], [4.522, 52.2273], [4.522, 52.2272], [4.5219, 52.2272], [4.522, 52.2271], [4.5222, 52.227], [4.5223, 52.2269], [4.5226, 52.2269], [4.5226, 52.227], [4.5227, 52.227], [4.5227, 52.227], [4.5228, 52.227], [4.5229, 52.2271], [4.523, 52.2271], [4.523, 52.2272], [4.5231, 52.2272], [4.523, 52.2273], [4.5229, 52.2273], [4.5229, 52.2274], [4.5228, 52.2274], [4.5227, 52.2274], [4.5226, 52.2274], [4.5225, 52.2274], [4.5223, 52.2275], [4.5223, 52.2274], [4.5222, 52.2274], [4.522, 52.2273]]]]}}, {"type": "Feature", "properties": {"MONUMENTNR": 10718, "Gemeente": "Binnenmaas", "Plaats": "Maasdam", "Toponiem": "Sint Anthonypolder", "Datering": "Late Middeleeuwen", "WAARDE": "Terrein van hoge archeologische waarde", "Zichtbaarh": "ja", "Beschrijving": "Resten van een klooster; bewoningssporen"}, "geometry": {"type": "MultiPolygon", "coordinates": [[[[4.5432, 51.7855], [4.5437, 51.7867], [4.5434, 51.787], [4.5432, 51.7873], [4.543, 51.7876], [4.5427, 51.7879], [4.5424, 51.788], [4.5421, 51.7886], [4.5414, 51.7901], [4.5411, 51.7901], [4.5396, 51.7895], [4.5368, 51.7872], [4.5356, 51.7876], [4.5357, 51.7826], [4.5373, 51.7826], [4.5387, 51.7826], [4.5388, 51.7826], [4.5388, 51.7836], [4.5387, 51.7852], [4.5387, 51.7856], [4.5417, 51.7855], [4.5418, 51.7857], [4.5432, 51.7855]]]]}}, {"type": "Feature", "properties": {"MONUMENTNR": 16110, "Gemeente": "Kaag en Brasem", "Plaats": "Rijnsaterwoude", "Toponiem": "Woudse Dom", "Datering": "Middeleeuwen", "WAARDE": "Terrein van hoge archeologische waarde", "Zichtbaarh": "nee", "Beschrijving": "Resten van de 11e-eeuwse kapel en 12e-eeuwse kerk van Rijnsaterwoude"}, "geometry": {"type": "MultiPolygon", "coordinates": [[[[4.671, 52.1995], [4.671, 52.1995], [4.671, 52.1995], [4.671, 52.1993], [4.6711, 52.1993], [4.6713, 52.1993], [4.6713, 52.1993], [4.6714, 52.1993], [4.6715, 52.1993], [4.6718, 52.1993], [4.6718, 52.1993], [4.6717, 52.1994], [4.6717, 52.1995], [4.6717, 52.1995], [4.6716, 52.1996], [4.6716, 52.1996], [4.6716, 52.1996], [4.6715, 52.1996], [4.6715, 52.1996], [4.671, 52.1995]]]]}}, {"type": "Feature", "properties": {"MONUMENTNR": 6455, "Gemeente": "Alblasserdam", "Plaats": "Alblasserdam", "Toponiem": "Lange Steeg", "Datering": "1) Romeinse tijd; 2) Vroege Middeleeuwen", "WAARDE": "Terrein van hoge archeologische waarde", "Zichtbaarh": "nee", "Beschrijving": "1-2) Bewoningssporen"}, "geometry": {"type": "MultiPolygon", "coordinates": [[[[4.6744, 51.8643], [4.6744, 51.8637], [4.677, 51.8642], [4.677, 51.8643], [4.6769, 51.8644], [4.6769, 51.8646], [4.6768, 51.8647], [4.6767, 51.8647], [4.6766, 51.8648], [4.6766, 51.8649], [4.6764, 51.865], [4.6763, 51.865], [4.6762, 51.865], [4.6761, 51.8651], [4.676, 51.8651], [4.6759, 51.8651], [4.6758, 51.8651], [4.6757, 51.865], [4.6757, 51.865], [4.6755, 51.865], [4.6752, 51.8648], [4.6748, 51.8646], [4.6744, 51.8643]]]]}}, {"type": "Feature", "properties": {"MONUMENTNR": 9445, "Gemeente": "Vlaardingen", "Plaats": "Vlaardingen", "Toponiem": "Centrum; Steenhuizen", "Datering": "Late Middeleeuwen ca. 1300-1351 en een herenhuis gebouwd eind 16de/begin 17de eeuw.", "WAARDE": "Terrein van hoge archeologische waarde", "Zichtbaarh": "nee", "Beschrijving": "Resten van een begraven hofstad"}, "geometry": {"type": "MultiPolygon", "coordinates": [[[[4.3563, 51.9238], [4.3567, 51.9232], [4.3582, 51.9236], [4.3584, 51.9234], [4.3568, 51.9231], [4.3572, 51.9224], [4.3591, 51.9228], [4.3585, 51.9233], [4.3586, 51.9234], [4.3583, 51.9236], [4.359, 51.9238], [4.3587, 51.9243], [4.3563, 51.9238]]]]}}, {"type": "Feature", "properties": {"MONUMENTNR": 16111, "Gemeente": "Westvoorne", "Plaats": "Oostvoorne", "Toponiem": "Polder Oostvoorne", "Datering": "Romeinse tijd (mogelijk ook IJzertijd)", "WAARDE": "Terrein van hoge archeologische waarde", "Zichtbaarh": "nee", "Beschrijving": "Nederzetting, dam"}, "geometry": {"type": "MultiPolygon", "coordinates": [[[[4.1203, 51.9128], [4.1204, 51.9127], [4.1204, 51.9127], [4.1237, 51.9113], [4.1262, 51.9126], [4.1241, 51.9139], [4.1203, 51.9128]]]]}}, {"type": "Feature", "properties": {"MONUMENTNR": 16165, "Gemeente": "Binnenmaas", "Plaats": "Mijnsheerenland", "Toponiem": "Hofweg", "Datering": "Bronstijd/ vroege IJzertijd", "WAARDE": "Terrein van hoge archeologische waarde", "Zichtbaarh": "nee", "Beschrijving": "Bewoningssporen"}, "geometry": {"type": "MultiPolygon", "coordinates": [[[[4.4893, 51.7943], [4.4894, 51.7943], [4.4894, 51.7943], [4.4895, 51.7943], [4.4897, 51.7943], [4.4902, 51.7944], [4.4902, 51.7944], [4.4902, 51.7944], [4.4905, 51.7945], [4.4908, 51.7945], [4.4909, 51.7945], [4.491, 51.7946], [4.491, 51.7946], [4.491, 51.7946], [4.4911, 51.7946], [4.4912, 51.7946], [4.4913, 51.7946], [4.4914, 51.7946], [4.4913, 51.7949], [4.4892, 51.7945], [4.4893, 51.7943]]]]}}, {"type": "Feature", "properties": {"MONUMENTNR": 6792, "Gemeente": "Giessenlanden", "Plaats": "Hoogblokland", "Toponiem": "Polder Den Beemd; Beemdweg", "Datering": "1) Neolithicum; 2) late Middeleeuwen", "WAARDE": "Terrein van hoge archeologische waarde", "Zichtbaarh": "ja", "Beschrijving": "1) Donk met bewoningssporen; 2) bewoningssporen"}, "geometry": {"type": "MultiPolygon", "coordinates": [[[[4.972, 51.8781], [4.9715, 51.8777], [4.9737, 51.8766], [4.9748, 51.8777], [4.9731, 51.8785], [4.974, 51.8793], [4.9716, 51.8805], [4.97, 51.8792], [4.972, 51.8781]]]]}}, {"type": "Feature", "properties": {"MONUMENTNR": 16163, "Gemeente": "Binnenmaas", "Plaats": "Mijnsheerenland", "Toponiem": "Kade Schelling", "Datering": "Bronstijd, IJzertijd", "WAARDE": "Terrein van hoge archeologische waarde", "Zichtbaarh": "nee", "Beschrijving": "Bewoningssporen"}, "geometry": {"type": "MultiPolygon", "coordinates": [[[[4.5179, 51.7979], [4.5168, 51.7981], [4.5163, 51.7974], [4.5174, 51.7972], [4.5179, 51.7979]]]]}}, {"type": "Feature", "properties": {"MONUMENTNR": 16161, "Gemeente": "Binnenmaas", "Plaats": "Westmaas", "Toponiem": "Munnikenweg, Stikhoek", "Datering": "Midden-Romeinse tijd.", "WAARDE": "Terrein van hoge archeologische waarde", "Zichtbaarh": "nee", "Beschrijving": "Bewoningssporen"}, "geometry": {"type": "MultiPolygon", "coordinates": [[[[4.4774, 51.7892], [4.4771, 51.7892], [4.4771, 51.7888], [4.4777, 51.7888], [4.4776, 51.7888], [4.4776, 51.7889], [4.478, 51.7891], [4.4781, 51.7891], [4.4781, 51.7891], [4.478, 51.7892], [4.478, 51.7892], [4.4775, 51.7891], [4.4774, 51.7892], [4.4774, 51.7892]]]]}}, {"type": "Feature", "properties": {"MONUMENTNR": 16160, "Gemeente": "Binnenmaas", "Plaats": "Westmaas", "Toponiem": "Munnikenland, Ritselaarsdijk", "Datering": "16e, 17e eeuw, misschien ouder.", "WAARDE": "Terrein van hoge archeologische waarde", "Zichtbaarh": "nee", "Beschrijving": "Gebouw"}, "geometry": {"type": "MultiPolygon", "coordinates": [[[[4.4918, 51.7812], [4.4919, 51.7812], [4.4925, 51.7812], [4.4926, 51.7812], [4.4927, 51.7814], [4.4918, 51.7814], [4.4918, 51.7812]]]]}}, {"type": "Feature", "properties": {"MONUMENTNR": 16103, "Gemeente": "Albrandswaard", "Plaats": "Rhoon", "Toponiem": "Molenpolder", "Datering": "Neolithicum", "WAARDE": "Terrein van hoge archeologische waarde", "Zichtbaarh": "nee", "Beschrijving": "Houtskool in boring"}, "geometry": {"type": "MultiPolygon", "coordinates": [[[[4.4861, 51.8469], [4.4868, 51.8463], [4.4883, 51.8469], [4.4874, 51.8478], [4.4873, 51.8477], [4.4872, 51.8477], [4.4872, 51.8478], [4.4871, 51.8478], [4.4871, 51.8477], [4.4861, 51.8469]]]]}}, {"type": "Feature", "properties": {"MONUMENTNR": 16102, "Gemeente": "Albrandswaard", "Plaats": "Rhoon", "Toponiem": "Essendael", "Datering": "Neolithicum tot Midden Bronstijd", "WAARDE": "Terrein van hoge archeologische waarde", "Zichtbaarh": "nee", "Beschrijving": "Stroomgordel met houtskool en verbrand bot"}, "geometry": {"type": "MultiPolygon", "coordinates": [[[[4.4351, 51.8537], [4.435, 51.8543], [4.4337, 51.8543], [4.4338, 51.8541], [4.4339, 51.8538], [4.4351, 51.8537]]]]}}, {"type": "Feature", "properties": {"MONUMENTNR": 9590, "Gemeente": "Schiedam", "Plaats": "Schiedam", "Toponiem": "West-Abtspolder", "Datering": "Romeinse tijd", "WAARDE": "Terrein van hoge archeologische waarde", "Zichtbaarh": "nee", "Beschrijving": "Bewoningssporen"}, "geometry": {"type": "MultiPolygon", "coordinates": [[[[4.3919, 51.9356], [4.3902, 51.937], [4.3889, 51.9364], [4.3892, 51.9361], [4.3894, 51.9359], [4.3896, 51.9358], [4.3897, 51.9358], [4.3898, 51.9357], [4.39, 51.9357], [4.3902, 51.9356], [4.3905, 51.9356], [4.3907, 51.9355], [4.391, 51.9355], [4.3912, 51.9355], [4.3914, 51.9355], [4.3916, 51.9355], [4.3918, 51.9355], [4.3919, 51.9356]]]]}}, {"type": "Feature", "properties": {"MONUMENTNR": 16166, "Gemeente": "Binnenmaas", "Plaats": "Mijnsheerenland", "Toponiem": "Hoflaan; Hof van Moerkerken", "Datering": "Late Middeleeuwen", "WAARDE": "Terrein van hoge archeologische waarde", "Zichtbaarh": "ja", "Beschrijving": "Kasteel/ hofstad"}, "geometry": {"type": "MultiPolygon", "coordinates": [[[[4.4941, 51.7958], [4.4942, 51.796], [4.4942, 51.7963], [4.4944, 51.7966], [4.4942, 51.7966], [4.4943, 51.7966], [4.4942, 51.7966], [4.4942, 51.7966], [4.4941, 51.7965], [4.4941, 51.7965], [4.4939, 51.7965], [4.4934, 51.7966], [4.4933, 51.7965], [4.4931, 51.7958], [4.4933, 51.7958], [4.4936, 51.7958], [4.4941, 51.7958]]]]}}, {"type": "Feature", "properties": {"MONUMENTNR": 16167, "Gemeente": "Binnenmaas", "Plaats": "Zwanegat", "Toponiem": "Zwanegatsedijk, \"Het Kruis\"", "Datering": "Late Middeleeuwen", "WAARDE": "Terrein van hoge archeologische waarde", "Zichtbaarh": "ja", "Beschrijving": "Huisterp"}, "geometry": {"type": "MultiPolygon", "coordinates": [[[[4.5226, 51.7979], [4.523, 51.7977], [4.5231, 51.7978], [4.5233, 51.798], [4.5234, 51.7981], [4.5235, 51.7981], [4.5237, 51.7983], [4.5233, 51.7984], [4.5229, 51.7982], [4.5227, 51.7981], [4.5226, 51.798], [4.5226, 51.7979]]]]}}, {"type": "Feature", "properties": {"MONUMENTNR": 14976, "Gemeente": "Nissewaard", "Plaats": "Zuidland", "Toponiem": "Harregat", "Datering": "IJzertijd, Romeinse tijd", "WAARDE": "Terrein van hoge archeologische waarde", "Zichtbaarh": "nee", "Beschrijving": "Nederzetting"}, "geometry": {"type": "MultiPolygon", "coordinates": [[[[4.2442, 51.8239], [4.2427, 51.8228], [4.2428, 51.8226], [4.2429, 51.8224], [4.2429, 51.8223], [4.2431, 51.8221], [4.2432, 51.822], [4.2435, 51.8217], [4.244, 51.8213], [4.2444, 51.8211], [4.2446, 51.8211], [4.2451, 51.8214], [4.2442, 51.8221], [4.2445, 51.8224], [4.2458, 51.822], [4.2461, 51.8223], [4.2448, 51.8226], [4.2452, 51.8229], [4.2447, 51.8231], [4.245, 51.8234], [4.2452, 51.8235], [4.2442, 51.8239]]]]}}, {"type": "Feature", "properties": {"MONUMENTNR": 16173, "Gemeente": "Strijen", "Plaats": "Strijen", "Toponiem": "Molenwegje; golfbaan", "Datering": "Late Middeleeuwen", "WAARDE": "Terrein van hoge archeologische waarde", "Zichtbaarh": "nee", "Beschrijving": "Nederzetting"}, "geometry": {"type": "MultiPolygon", "coordinates": [[[[4.5525, 51.7573], [4.5603, 51.7567], [4.5599, 51.7588], [4.5592, 51.7588], [4.5528, 51.7591], [4.5525, 51.7573]]]]}}, {"type": "Feature", "properties": {"MONUMENTNR": 16172, "Gemeente": "Strijen", "Plaats": "Strijen", "Toponiem": "Molenweg, de Dikke Molen", "Datering": "Nieuwe Tijd A", "WAARDE": "Terrein van hoge archeologische waarde", "Zichtbaarh": "ja", "Beschrijving": "molenwerf met fundering"}, "geometry": {"type": "MultiPolygon", "coordinates": [[[[4.5418, 51.7611], [4.5415, 51.7611], [4.5415, 51.7611], [4.5414, 51.7611], [4.5414, 51.761], [4.5414, 51.761], [4.5415, 51.761], [4.5416, 51.761], [4.5417, 51.761], [4.5418, 51.761], [4.5418, 51.761], [4.5418, 51.7611]]]]}}, {"type": "Feature", "properties": {"MONUMENTNR": 16126, "Gemeente": "Oud-Beijerland", "Plaats": "Oud-Beijerland", "Toponiem": "Sportcomplex-Langeweg", "Datering": "Late Middeleeuwen", "WAARDE": "Terrein van hoge archeologische waarde", "Zichtbaarh": "nee", "Beschrijving": "Huisterp"}, "geometry": {"type": "MultiPolygon", "coordinates": [[[[4.4086, 51.8127], [4.4082, 51.8127], [4.4081, 51.8124], [4.4085, 51.8124], [4.4086, 51.8127]]]]}}, {"type": "Feature", "properties": {"MONUMENTNR": 16140, "Gemeente": "Barendrecht", "Plaats": "Barendrecht", "Toponiem": "Vrijenburg", "Datering": "Hazendonk 3", "WAARDE": "Terrein van hoge archeologische waarde", "Zichtbaarh": "nee", "Beschrijving": "Stroomgordel met aardewerk"}, "geometry": {"type": "MultiPolygon", "coordinates": [[[[4.5042, 51.8575], [4.5053, 51.8575], [4.5054, 51.8581], [4.5042, 51.8581], [4.5042, 51.8575]]]]}}, {"type": "Feature", "properties": {"MONUMENTNR": 16158, "Gemeente": "Oud-Beijerland", "Plaats": "Oud-Beijerland", "Toponiem": "Oud-Beijerlandse kreek, A29", "Datering": "Late Middeleeuwen", "WAARDE": "Terrein van hoge archeologische waarde", "Zichtbaarh": "nee", "Beschrijving": "Tolhuis - Strienemonde"}, "geometry": {"type": "MultiPolygon", "coordinates": [[[[4.423, 51.7847], [4.4219, 51.7854], [4.4182, 51.7828], [4.4195, 51.7821], [4.4208, 51.7831], [4.4222, 51.7841], [4.423, 51.7847]]]]}}, {"type": "Feature", "properties": {"MONUMENTNR": 16130, "Gemeente": "Oud-Beijerland", "Plaats": "Oud-Beijerland", "Toponiem": "Paradijs", "Datering": "Late Middeleeuwen of Nieuwe Tijd (16B)", "WAARDE": "Terrein van hoge archeologische waarde", "Zichtbaarh": "ja", "Beschrijving": "Verhoogde woonplaats"}, "geometry": {"type": "MultiPolygon", "coordinates": [[[[4.4075, 51.8196], [4.4066, 51.8197], [4.4064, 51.8197], [4.4063, 51.8196], [4.406, 51.8184], [4.406, 51.8184], [4.4073, 51.8182], [4.4073, 51.8182], [4.4075, 51.8192], [4.4075, 51.8195], [4.4075, 51.8196]]]]}}, {"type": "Feature", "properties": {"MONUMENTNR": 16113, "Gemeente": "Nissewaard", "Plaats": "Geervliet", "Toponiem": "Polder Biert", "Datering": "Midden IJzertijd", "WAARDE": "Terrein van hoge archeologische waarde", "Zichtbaarh": "nee", "Beschrijving": "Nederzetting"}, "geometry": {"type": "MultiPolygon", "coordinates": [[[[4.2714, 51.8347], [4.2704, 51.8345], [4.271, 51.8339], [4.2723, 51.8342], [4.2714, 51.8347]]]]}}, {"type": "Feature", "properties": {"MONUMENTNR": 16114, "Gemeente": "Nissewaard", "Plaats": "Bernisse", "Toponiem": "Biertse dijk", "Datering": "Late Middeleeuwen B", "WAARDE": "Terrein van hoge archeologische waarde", "Zichtbaarh": "nee", "Beschrijving": "Nederzetting"}, "geometry": {"type": "MultiPolygon", "coordinates": [[[[4.2865, 51.8418], [4.2847, 51.8414], [4.2853, 51.8401], [4.2869, 51.8405], [4.2869, 51.8407], [4.2869, 51.8409], [4.2869, 51.8411], [4.2868, 51.8413], [4.2867, 51.8415], [4.2865, 51.8418]]]]}}, {"type": "Feature", "properties": {"MONUMENTNR": 16129, "Gemeente": "Oud-Beijerland", "Plaats": "Oud-Beijerland", "Toponiem": "Natte Vloertje,  Beneden Molendijk", "Datering": "1e helft 17e eeuw.", "WAARDE": "Terrein van hoge archeologische waarde", "Zichtbaarh": "nee", "Beschrijving": "Funderingsresten"}, "geometry": {"type": "MultiPolygon", "coordinates": [[[[4.4095, 51.8265], [4.4101, 51.8265], [4.41, 51.8267], [4.41, 51.8267], [4.4095, 51.8268], [4.4094, 51.8267], [4.4094, 51.8267], [4.4095, 51.8265]]]]}}, {"type": "Feature", "properties": {"MONUMENTNR": 16128, "Gemeente": "Oud-Beijerland", "Plaats": "Oud-Beijerland", "Toponiem": "Hooger Werf", "Datering": "Late Middeleeuwen, Nieuwe Tijd (vanaf midden 16e eeuw)", "WAARDE": "Terrein van hoge archeologische waarde", "Zichtbaarh": "ja", "Beschrijving": "Verhoogde woonplaats"}, "geometry": {"type": "MultiPolygon", "coordinates": [[[[4.424, 51.814], [4.4229, 51.8143], [4.423, 51.8145], [4.4226, 51.8145], [4.4222, 51.8135], [4.4222, 51.8134], [4.4228, 51.8133], [4.4229, 51.8133], [4.4236, 51.8132], [4.424, 51.814]]]]}}, {"type": "Feature", "properties": {"MONUMENTNR": 16127, "Gemeente": "Oud-Beijerland", "Plaats": "Oud-Beijerland", "Toponiem": "Even Buiten", "Datering": "Midden 16e eeuw.", "WAARDE": "Terrein van hoge archeologische waarde", "Zichtbaarh": "ja", "Beschrijving": "verhoogde woonplaats"}, "geometry": {"type": "MultiPolygon", "coordinates": [[[[4.4265, 51.8231], [4.4268, 51.8231], [4.4269, 51.8231], [4.4269, 51.8231], [4.427, 51.8234], [4.4266, 51.8234], [4.4266, 51.8233], [4.4265, 51.8231]]]]}}, {"type": "Feature", "properties": {"MONUMENTNR": 6472, "Gemeente": "Albrandswaard", "Plaats": "Poortugaal", "Toponiem": "Oostdorpseweg", "Datering": "Late Middeleeuwen", "WAARDE": "Terrein van hoge archeologische waarde", "Zichtbaarh": "nee", "Beschrijving": "Drie huisterpen"}, "geometry": {"type": "MultiPolygon", "coordinates": [[[[4.3992, 51.8643], [4.3993, 51.8641], [4.3994, 51.8641], [4.3995, 51.8642], [4.3996, 51.8642], [4.3997, 51.8642], [4.3997, 51.8646], [4.399, 51.8646], [4.3992, 51.8643]]]]}}, {"type": "Feature", "properties": {"MONUMENTNR": 16156, "Gemeente": "Oud-Beijerland", "Plaats": "Oud-Beijerland", "Toponiem": "Beijerlandse Kreek,1e Kruisweg", "Datering": "Vanaf eind 16e eeuw", "WAARDE": "Terrein van hoge archeologische waarde", "Zichtbaarh": "nee", "Beschrijving": "Huisplaats"}, "geometry": {"type": "MultiPolygon", "coordinates": [[[[4.4283, 51.7971], [4.4278, 51.7958], [4.4294, 51.7956], [4.4295, 51.7957], [4.4296, 51.7959], [4.4296, 51.7962], [4.4297, 51.7964], [4.4297, 51.7966], [4.4298, 51.7968], [4.4299, 51.7969], [4.4299, 51.797], [4.4283, 51.7971]]]]}}, {"type": "Feature", "properties": {"MONUMENTNR": 16155, "Gemeente": "Oud-Beijerland", "Plaats": "Oud-Beijerland", "Toponiem": "Vuurbaken", "Datering": "Vanaf eind 16e eeuw", "WAARDE": "Terrein van hoge archeologische waarde", "Zichtbaarh": "nee", "Beschrijving": "Woonplaats"}, "geometry": {"type": "MultiPolygon", "coordinates": [[[[4.3902, 51.7902], [4.39, 51.7896], [4.3909, 51.7895], [4.3911, 51.7899], [4.3902, 51.7902]]]]}}, {"type": "Feature", "properties": {"MONUMENTNR": 16153, "Gemeente": "Korendijk", "Plaats": "Zuidzijde", "Toponiem": "Dromkreek", "Datering": "Vroeg tot Midden Romeinse tijd", "WAARDE": "Terrein van hoge archeologische waarde", "Zichtbaarh": "nee", "Beschrijving": "Bewoningssporen"}, "geometry": {"type": "MultiPolygon", "coordinates": [[[[4.3574, 51.788], [4.3565, 51.788], [4.356, 51.7875], [4.3582, 51.7875], [4.3582, 51.7875], [4.3582, 51.7881], [4.3574, 51.788]]]]}}, {"type": "Feature", "properties": {"MONUMENTNR": 16150, "Gemeente": "Korendijk", "Plaats": "Piershil", "Toponiem": "Oosthoeksedijk", "Datering": "Midden-IJzertijd.", "WAARDE": "Terrein van hoge archeologische waarde", "Zichtbaarh": "nee", "Beschrijving": "Bewoningssporen"}, "geometry": {"type": "MultiPolygon", "coordinates": [[[[4.3409, 51.7896], [4.341, 51.7896], [4.3412, 51.7897], [4.3413, 51.7897], [4.3416, 51.7898], [4.3417, 51.7898], [4.342, 51.7898], [4.3421, 51.7898], [4.3422, 51.7899], [4.3422, 51.7899], [4.3422, 51.7901], [4.3409, 51.7901], [4.3409, 51.7896]]]]}}, {"type": "Feature", "properties": {"MONUMENTNR": 10542, "Gemeente": "Goeree-Overflakkee", "Plaats": "Ooltgensplaat", "Toponiem": "Fort Prins Frederik", "Datering": "Aangelegd in 1571.", "WAARDE": "Terrein van hoge archeologische waarde", "Zichtbaarh": "ja", "Beschrijving": "Schans"}, "geometry": {"type": "MultiPolygon", "coordinates": [[[[4.3614, 51.6819], [4.3609, 51.6819], [4.3607, 51.6819], [4.3606, 51.6819], [4.3605, 51.6817], [4.3605, 51.6817], [4.3603, 51.6817], [4.3603, 51.6817], [4.3603, 51.6817], [4.3604, 51.6816], [4.3604, 51.6814], [4.3604, 51.6813], [4.3604, 51.6813], [4.3603, 51.6812], [4.3603, 51.6812], [4.3603, 51.681], [4.3603, 51.6809], [4.3603, 51.6808], [4.3602, 51.6806], [4.3602, 51.6805], [4.3601, 51.6799], [4.3602, 51.6797], [4.3603, 51.6795], [4.3605, 51.6794], [4.3607, 51.6792], [4.3611, 51.6792], [4.3614, 51.6792], [4.3622, 51.6795], [4.3623, 51.6795], [4.3624, 51.6795], [4.3635, 51.6798], [4.3636, 51.6799], [4.3637, 51.6799], [4.3637, 51.6804], [4.3639, 51.6807], [4.364, 51.6809], [4.3641, 51.6811], [4.364, 51.6813], [4.3639, 51.6816], [4.3639, 51.6817], [4.3638, 51.6817], [4.3634, 51.6818], [4.3629, 51.6818], [4.3614, 51.6819]]]]}}, {"type": "Feature", "properties": {"MONUMENTNR": 16154, "Gemeente": "Oud-Beijerland", "Plaats": "Oud-Beijerland", "Toponiem": "Zinkwegsedijk", "Datering": "Vanaf eind 16e eeuw", "WAARDE": "Terrein van hoge archeologische waarde", "Zichtbaarh": "ja", "Beschrijving": "16e eeuwse boerderij"}, "geometry": {"type": "MultiPolygon", "coordinates": [[[[4.3815, 51.7977], [4.386, 51.7972], [4.387, 51.7994], [4.3821, 51.8], [4.3815, 51.7977]]]]}}, {"type": "Feature", "properties": {"MONUMENTNR": 16171, "Gemeente": "Binnenmaas", "Plaats": "Zwanegat", "Toponiem": "Zwanegatsedijk", "Datering": "Midden-Romeinse tijd.", "WAARDE": "Terrein van hoge archeologische waarde", "Zichtbaarh": "nee", "Beschrijving": "Vindplaats, ROMM"}, "geometry": {"type": "MultiPolygon", "coordinates": [[[[4.5217, 51.7972], [4.5199, 51.7979], [4.5199, 51.7978], [4.5198, 51.7977], [4.5198, 51.7977], [4.5197, 51.7976], [4.5196, 51.7975], [4.5196, 51.7975], [4.5196, 51.7973], [4.5213, 51.7967], [4.5217, 51.7972]]]]}}, {"type": "Feature", "properties": {"MONUMENTNR": 16157, "Gemeente": "Oud-Beijerland", "Plaats": "Oud-Beijerland", "Toponiem": "Langeweg", "Datering": "Late Middeleeuwen", "WAARDE": "Terrein van hoge archeologische waarde", "Zichtbaarh": "nee", "Beschrijving": "Dijk- of terplichaam."}, "geometry": {"type": "MultiPolygon", "coordinates": [[[[4.4148, 51.8069], [4.4144, 51.8057], [4.4174, 51.8053], [4.4178, 51.8066], [4.4148, 51.8069]]]]}}, {"type": "Feature", "properties": {"MONUMENTNR": 16170, "Gemeente": "Binnenmaas", "Plaats": "Westmaas", "Toponiem": "Strandje Westmaas, Munnikenweg", "Datering": "1) Bronstijd; 2) IJzertijd; 3) Romeinse tijd", "WAARDE": "Terrein van hoge archeologische waarde", "Zichtbaarh": "nee", "Beschrijving": "1-3) Bewoningssporen"}, "geometry": {"type": "MultiPolygon", "coordinates": [[[[4.4862, 51.7899], [4.4861, 51.79], [4.4861, 51.7901], [4.486, 51.7902], [4.4854, 51.7903], [4.485, 51.7903], [4.4848, 51.7902], [4.4844, 51.7901], [4.4836, 51.7899], [4.4837, 51.7896], [4.4837, 51.7895], [4.4837, 51.7895], [4.4837, 51.7894], [4.4837, 51.7894], [4.4837, 51.7894], [4.4837, 51.7894], [4.4837, 51.7893], [4.4837, 51.7893], [4.4837, 51.7893], [4.4836, 51.7889], [4.4839, 51.789], [4.4848, 51.7891], [4.4863, 51.7893], [4.4862, 51.7899], [4.4862, 51.7899], [4.4862, 51.7899]]]]}}, {"type": "Feature", "properties": {"MONUMENTNR": 16149, "Gemeente": "Korendijk", "Plaats": "Goudswaard", "Toponiem": "West- of Hollaarsdijk", "Datering": "IJzertijd of Inheems Romeins", "WAARDE": "Terrein van hoge archeologische waarde", "Zichtbaarh": "nee", "Beschrijving": "Bewoningssporen"}, "geometry": {"type": "MultiPolygon", "coordinates": [[[[4.2668, 51.7942], [4.2678, 51.7952], [4.2681, 51.7955], [4.2668, 51.796], [4.2655, 51.7946], [4.2668, 51.7942]]]]}}, {"type": "Feature", "properties": {"MONUMENTNR": 16169, "Gemeente": "Binnenmaas", "Plaats": "Maasdam", "Toponiem": "Polder Oudeland van Maasdam en Puttershoek; Provinciale rondweg", "Datering": "Late Middeleeuwen B, Nieuwe Tijd A", "WAARDE": "Terrein van hoge archeologische waarde", "Zichtbaarh": "nee", "Beschrijving": "Gebouw"}, "geometry": {"type": "MultiPolygon", "coordinates": [[[[4.5414, 51.7957], [4.5406, 51.7964], [4.5401, 51.7961], [4.5403, 51.7959], [4.5404, 51.7957], [4.5407, 51.7953], [4.5408, 51.7954], [4.5414, 51.7957]]]]}}, {"type": "Feature", "properties": {"MONUMENTNR": 16162, "Gemeente": "Binnenmaas", "Plaats": "Westmaas", "Toponiem": "Munnikenweg", "Datering": "1) Neolithicum?; 2) Vroege en late IJzertijd; 3) Romeinse tijd; 4) Late Middeleeuwen", "WAARDE": "Terrein van hoge archeologische waarde", "Zichtbaarh": "nee", "Beschrijving": "1-4) Bewoningssporen"}, "geometry": {"type": "MultiPolygon", "coordinates": [[[[4.4931, 51.7915], [4.4931, 51.7926], [4.4872, 51.7913], [4.4871, 51.79], [4.487, 51.7894], [4.4904, 51.7898], [4.4907, 51.7899], [4.4913, 51.79], [4.4923, 51.7901], [4.4927, 51.7901], [4.4929, 51.7902], [4.493, 51.7902], [4.4931, 51.7915]]]]}}, {"type": "Feature", "properties": {"MONUMENTNR": 8795, "Gemeente": "Vlaardingen", "Plaats": "Vlaardingen", "Toponiem": "Aalkeet-Buitenpolder; Rijksweg A20", "Datering": "Romeinse tijd", "WAARDE": "Terrein van hoge archeologische waarde", "Zichtbaarh": "nee", "Beschrijving": "Bewoningssporen"}, "geometry": {"type": "MultiPolygon", "coordinates": [[[[4.295, 51.9204], [4.2957, 51.9209], [4.2951, 51.9209], [4.2946, 51.921], [4.2943, 51.9208], [4.295, 51.9204]]]]}}, {"type": "Feature", "properties": {"MONUMENTNR": 16124, "Gemeente": "Vlaardingen", "Plaats": "Vlaardingen", "Toponiem": "Van der Driftstraat", "Datering": "Romeins", "WAARDE": "Terrein van hoge archeologische waarde", "Zichtbaarh": "nee", "Beschrijving": "Bewoningssporen"}, "geometry": {"type": "MultiPolygon", "coordinates": [[[[4.3357, 51.9133], [4.3355, 51.9132], [4.3376, 51.9124], [4.3378, 51.9127], [4.3359, 51.9133], [4.3357, 51.9133]]]]}}, {"type": "Feature", "properties": {"MONUMENTNR": 9450, "Gemeente": "Vlaardingen", "Plaats": "Vlaardingen", "Toponiem": "Gustav Stresemannring; Drie‰nhuizen", "Datering": "1) IJzertijd; 2) Late Middeleeuwen-Nieuwe tijd", "WAARDE": "Terrein van hoge archeologische waarde", "Zichtbaarh": "nee", "Beschrijving": "1) Nederzetting; 2) Drie boerderijcomplexen"}, "geometry": {"type": "MultiPolygon", "coordinates": [[[[4.3481, 51.9331], [4.3482, 51.9338], [4.3482, 51.9343], [4.3466, 51.9342], [4.3465, 51.9332], [4.3481, 51.9331]]]]}}, {"type": "Feature", "properties": {"MONUMENTNR": 10405, "Gemeente": "Vlaardingen", "Plaats": "Vlaardingen", "Toponiem": "Burgemeester Heusdenslaan; Hoogstad Westlandseweg 258", "Datering": "1) Romeinse tijd: 2de eeuw na Chr.; 2) Late Middeleeuwen, Nieuwe Tijd (1281-heden)", "WAARDE": "Terrein van hoge archeologische waarde", "Zichtbaarh": "ja", "Beschrijving": "1) Nederzetting; 2) resten van een hofstede"}, "geometry": {"type": "MultiPolygon", "coordinates": [[[[4.3385, 51.9162], [4.3387, 51.9164], [4.339, 51.9169], [4.3391, 51.9173], [4.3389, 51.9173], [4.3386, 51.9174], [4.3378, 51.9176], [4.3372, 51.9166], [4.3376, 51.9165], [4.3374, 51.9162], [4.3371, 51.9159], [4.338, 51.9157], [4.3385, 51.9162]]]]}}, {"type": "Feature", "properties": {"MONUMENTNR": 10412, "Gemeente": "Vlaardingen", "Plaats": "Vlaardingen", "Toponiem": "Broekpolder; kooiwoning", "Datering": "Late Middeleeuwen, Nieuwe tijd", "WAARDE": "Terrein van hoge archeologische waarde", "Zichtbaarh": "nee", "Beschrijving": "Kooiwoning, huisterp"}, "geometry": {"type": "MultiPolygon", "coordinates": [[[[4.3277, 51.9215], [4.3262, 51.9217], [4.326, 51.9211], [4.3274, 51.9208], [4.3277, 51.9215]]]]}}, {"type": "Feature", "properties": {"MONUMENTNR": 10418, "Gemeente": "Vlaardingen", "Plaats": "Vlaardingen", "Toponiem": "Westwijk; Prof. Rutgersstraat", "Datering": "1) Neolithicum (Vlaardingencultuur); 2) Late Middeleeuwen", "WAARDE": "Terrein van hoge archeologische waarde", "Zichtbaarh": "nee", "Beschrijving": "1) Nederzetting; 2) huisterp"}, "geometry": {"type": "MultiPolygon", "coordinates": [[[[4.318, 51.9036], [4.3186, 51.9048], [4.3157, 51.9055], [4.315, 51.9043], [4.318, 51.9036]]]]}}, {"type": "Feature", "properties": {"MONUMENTNR": 10395, "Gemeente": "Vlaardingen", "Plaats": "Vlaardingen", "Toponiem": "Aalkeet-Binnenpolder; MD 17-41", "Datering": "Midden-IJzertijd", "WAARDE": "Terrein van hoge archeologische waarde", "Zichtbaarh": "nee", "Beschrijving": "Nederzetting"}, "geometry": {"type": "MultiPolygon", "coordinates": [[[[4.3004, 51.9048], [4.301, 51.9065], [4.2994, 51.9068], [4.2988, 51.9051], [4.3004, 51.9048], [4.3004, 51.9048]]]]}}, {"type": "Feature", "properties": {"MONUMENTNR": 6465, "Gemeente": "Vlaardingen", "Plaats": "Vlaardingen", "Toponiem": "Aalkeet-Buitenpolder; Poeldijksche Wetering", "Datering": "IJzertijd", "WAARDE": "Terrein van hoge archeologische waarde", "Zichtbaarh": "nee", "Beschrijving": "Bewoningssporen"}, "geometry": {"type": "MultiPolygon", "coordinates": [[[[4.2953, 51.9141], [4.2994, 51.913], [4.3, 51.9127], [4.3001, 51.9125], [4.301, 51.9123], [4.3014, 51.9128], [4.3016, 51.9128], [4.3027, 51.9125], [4.3031, 51.9133], [4.3016, 51.9136], [4.3014, 51.9139], [4.3012, 51.9142], [4.3004, 51.9144], [4.2997, 51.9135], [4.2977, 51.9142], [4.2962, 51.9148], [4.2958, 51.9147], [4.2954, 51.9142], [4.2953, 51.9141]]]]}}, {"type": "Feature", "properties": {"MONUMENTNR": 9454, "Gemeente": "Vlaardingen", "Plaats": "Vlaardingen", "Toponiem": "Prinses Beatrixlaan; Jaep Jansz. Cockwoning", "Datering": "1) IJzertijd; 2) Late Middeleeuwen", "WAARDE": "Terrein van hoge archeologische waarde", "Zichtbaarh": "nee", "Beschrijving": "1) Bewoningssporen; 2) Huisterp"}, "geometry": {"type": "MultiPolygon", "coordinates": [[[[4.3377, 51.932], [4.3398, 51.9322], [4.3394, 51.9333], [4.3376, 51.9332], [4.3377, 51.932]]]]}}, {"type": "Feature", "properties": {"MONUMENTNR": 9458, "Gemeente": "Vlaardingen", "Plaats": "Vlaardingen", "Toponiem": "Holierhoekse Polder", "Datering": "Middeleeuwen", "WAARDE": "Terrein van hoge archeologische waarde", "Zichtbaarh": "ja", "Beschrijving": "Huisterp"}, "geometry": {"type": "MultiPolygon", "coordinates": [[[[4.3372, 51.9417], [4.3381, 51.9427], [4.3368, 51.9432], [4.3364, 51.9428], [4.3365, 51.9427], [4.3359, 51.9422], [4.3372, 51.9417]]]]}}, {"type": "Feature", "properties": {"MONUMENTNR": 6795, "Gemeente": "Giessenlanden", "Plaats": "Hoogblokland", "Toponiem": "Polder Den Beemd; Bazeldijk", "Datering": "Klokbeker en Bronstijd", "WAARDE": "Terrein van hoge archeologische waarde", "Zichtbaarh": "nee", "Beschrijving": "Bewoningssporen"}, "geometry": {"type": "MultiPolygon", "coordinates": [[[[4.9875, 51.8896], [4.9876, 51.8886], [4.987, 51.8885], [4.9871, 51.8879], [4.9872, 51.8874], [4.9893, 51.8876], [4.9894, 51.8871], [4.9924, 51.8874], [4.9923, 51.8877], [4.9923, 51.8879], [4.9922, 51.8884], [4.9944, 51.8887], [4.9944, 51.8887], [4.9942, 51.8889], [4.9941, 51.8889], [4.9941, 51.8889], [4.9939, 51.8889], [4.9939, 51.8889], [4.9938, 51.889], [4.9935, 51.8892], [4.9934, 51.8892], [4.993, 51.8891], [4.9929, 51.8892], [4.9927, 51.8891], [4.9925, 51.8891], [4.9909, 51.889], [4.9908, 51.8894], [4.9906, 51.89], [4.9875, 51.8896]]]]}}, {"type": "Feature", "properties": {"MONUMENTNR": 10402, "Gemeente": "Vlaardingen", "Plaats": "Vlaardingen", "Toponiem": "Brederostraat; Engel Engelszoonwoning", "Datering": "1) Romeins; 2) Late Middeleeuwen en Nieuwe Tijd", "WAARDE": "Terrein van hoge archeologische waarde", "Zichtbaarh": "nee", "Beschrijving": "1) Bewoningssporen; 2) Ontginningsboerderij"}, "geometry": {"type": "MultiPolygon", "coordinates": [[[[4.3359, 51.9104], [4.3371, 51.9101], [4.3377, 51.9108], [4.3363, 51.9111], [4.3359, 51.9104]]]]}}, {"type": "Feature", "properties": {"MONUMENTNR": 9451, "Gemeente": "Vlaardingen", "Plaats": "Vlaardingen", "Toponiem": "Holy Zuid", "Datering": "1) Romeinse tijd; 2) Late Middeleeuwen-Nieuwe Tijd (1240-19e eeuw)", "WAARDE": "Terrein van hoge archeologische waarde", "Zichtbaarh": "nee", "Beschrijving": "1) Kreek met vondstmateriaal en dam; 2) Resten van het mottekasteel Holy"}, "geometry": {"type": "MultiPolygon", "coordinates": [[[[4.3459, 51.9232], [4.3459, 51.9245], [4.3435, 51.9246], [4.3434, 51.9233], [4.3459, 51.9232]]]]}}, {"type": "Feature", "properties": {"MONUMENTNR": 16131, "Gemeente": "Vlaardingen", "Plaats": "Vlaardingen", "Toponiem": "Watersportweg", "Datering": "Romeinse tijd", "WAARDE": "Terrein van hoge archeologische waarde", "Zichtbaarh": "nee", "Beschrijving": "Bewoningssporen"}, "geometry": {"type": "MultiPolygon", "coordinates": [[[[4.3399, 51.922], [4.3384, 51.9218], [4.3388, 51.9201], [4.3404, 51.9205], [4.3399, 51.922]]]]}}, {"type": "Feature", "properties": {"MONUMENTNR": 9459, "Gemeente": "Vlaardingen", "Plaats": "Vlaardingen", "Toponiem": "Holierhoekse Polder, MD 10.08", "Datering": "Late Middeleeuwen", "WAARDE": "Terrein van hoge archeologische waarde", "Zichtbaarh": "ja", "Beschrijving": "Huisterp"}, "geometry": {"type": "MultiPolygon", "coordinates": [[[[4.3472, 51.9473], [4.3476, 51.9469], [4.3477, 51.9469], [4.3478, 51.9469], [4.3479, 51.9468], [4.3479, 51.9468], [4.348, 51.9467], [4.3481, 51.9467], [4.3491, 51.9466], [4.3491, 51.9466], [4.3492, 51.9466], [4.3492, 51.9466], [4.3493, 51.9466], [4.3493, 51.9466], [4.3494, 51.9467], [4.3494, 51.9467], [4.3494, 51.9467], [4.3495, 51.9467], [4.3496, 51.9467], [4.3496, 51.9467], [4.3497, 51.9466], [4.35, 51.9466], [4.3499, 51.9467], [4.3497, 51.9468], [4.3496, 51.9469], [4.3495, 51.9469], [4.3496, 51.9471], [4.3495, 51.9472], [4.3493, 51.9473], [4.3491, 51.9476], [4.3489, 51.9477], [4.3487, 51.9479], [4.3487, 51.9479], [4.3481, 51.9477], [4.3475, 51.9474], [4.3473, 51.9473], [4.3472, 51.9473]]]]}}, {"type": "Feature", "properties": {"MONUMENTNR": 9461, "Gemeente": "Vlaardingen", "Plaats": "Vlaardingen", "Toponiem": "Holierhoekse Polder MD 10.06", "Datering": "Late Middeleeuwen", "WAARDE": "Terrein van hoge archeologische waarde", "Zichtbaarh": "ja", "Beschrijving": "Huisterp"}, "geometry": {"type": "MultiPolygon", "coordinates": [[[[4.3398, 51.9474], [4.3413, 51.9464], [4.3429, 51.9474], [4.3423, 51.9478], [4.3421, 51.948], [4.3418, 51.9482], [4.3418, 51.9482], [4.3417, 51.9483], [4.3398, 51.9474]]]]}}, {"type": "Feature", "properties": {"MONUMENTNR": 10403, "Gemeente": "Vlaardingen", "Plaats": "Vlaardingen", "Toponiem": "Zwembad; Engelse Boomgaard", "Datering": "1) Neolithicum; 2) Late IJzertijd; 3) Romeinse tijd; 4) Late Middeleeuwen; 5) Late Middeleeuwen, Nieuwe tijd", "WAARDE": "Terrein van hoge archeologische waarde", "Zichtbaarh": "nee", "Beschrijving": "1-2) Nederzetting; 3) nederzetting en damlichaam; 4) bewoningssporen; kasteel; 5) boerderij"}, "geometry": {"type": "MultiPolygon", "coordinates": [[[[4.3351, 51.9158], [4.3349, 51.9158], [4.3346, 51.9156], [4.3346, 51.9155], [4.3344, 51.9152], [4.3341, 51.9148], [4.3337, 51.9144], [4.3335, 51.9141], [4.3334, 51.9139], [4.3356, 51.9133], [4.3375, 51.9152], [4.3375, 51.9152], [4.3375, 51.9153], [4.3374, 51.9153], [4.3353, 51.9159], [4.3353, 51.9159], [4.3351, 51.9158]]]]}}, {"type": "Feature", "properties": {"MONUMENTNR": 10401, "Gemeente": "Vlaardingen", "Plaats": "Vlaardingen", "Toponiem": "Hoflaan; Het Hof", "Datering": "1) late Middeleeuwen; 2) Nieuwe Tijd", "WAARDE": "Terrein van hoge archeologische waarde", "Zichtbaarh": "nee", "Beschrijving": "1) Resten van een hofstede; 2) resten van een versterkt huis"}, "geometry": {"type": "MultiPolygon", "coordinates": [[[[4.3459, 51.9124], [4.3461, 51.9126], [4.3454, 51.9127], [4.3455, 51.9125], [4.3459, 51.9124]]]]}}, {"type": "Feature", "properties": {"MONUMENTNR": 16109, "Gemeente": "Alphen aan den Rijn", "Plaats": "Groenendijk", "Toponiem": "Frederikshoeve", "Datering": "Romeinse tijd", "WAARDE": "Terrein van hoge archeologische waarde", "Zichtbaarh": "nee", "Beschrijving": "Weg of wegennetwerk"}, "geometry": {"type": "MultiPolygon", "coordinates": [[[[4.5535, 52.1313], [4.5533, 52.131], [4.5537, 52.1309], [4.5539, 52.1312], [4.5535, 52.1313]]]]}}, {"type": "Feature", "properties": {"MONUMENTNR": 16168, "Gemeente": "Binnenmaas", "Plaats": "Puttershoek", "Toponiem": "Floreweegje", "Datering": "1) Gebouwd in 1593; 2) Ca. 1741", "WAARDE": "Terrein van hoge archeologische waarde", "Zichtbaarh": "ja", "Beschrijving": "1) Watermolen; 2) Kademuur"}, "geometry": {"type": "MultiPolygon", "coordinates": [[[[4.574, 51.7953], [4.5743, 51.7945], [4.5743, 51.7945], [4.5743, 51.7946], [4.5744, 51.7946], [4.5744, 51.7947], [4.5744, 51.7947], [4.5745, 51.7948], [4.5748, 51.7947], [4.5748, 51.7948], [4.5749, 51.7949], [4.5751, 51.7949], [4.5753, 51.7948], [4.5754, 51.7947], [4.5752, 51.7954], [4.574, 51.7953]]]]}}, {"type": "Feature", "properties": {"MONUMENTNR": 16164, "Gemeente": "Binnenmaas", "Plaats": "Puttershoek", "Toponiem": "Polder Oudeland van Maasdam; Sportlaan; De Grienden.", "Datering": "Laat Neolithicum/vroege Bronstijd", "WAARDE": "Terrein van hoge archeologische waarde", "Zichtbaarh": "nee", "Beschrijving": "Kampementen"}, "geometry": {"type": "MultiPolygon", "coordinates": [[[[4.5608, 51.7999], [4.5602, 51.7995], [4.5612, 51.799], [4.5617, 51.7995], [4.5608, 51.7999]]]]}}, {"type": "Feature", "properties": {"MONUMENTNR": 16177, "Gemeente": "Binnenmaas", "Plaats": "'s-Gravendeel", "Toponiem": "De Havelaar; N217", "Datering": "Late Middeleeuwen", "WAARDE": "Terrein van hoge archeologische waarde", "Zichtbaarh": "nee", "Beschrijving": "Grafveld, LMEA - LMEB"}, "geometry": {"type": "MultiPolygon", "coordinates": [[[[4.6084, 51.7738], [4.6083, 51.7725], [4.6087, 51.7725], [4.6091, 51.7725], [4.6095, 51.7726], [4.61, 51.7726], [4.6103, 51.7726], [4.6104, 51.7736], [4.6102, 51.7736], [4.61, 51.7736], [4.6096, 51.7737], [4.6091, 51.7738], [4.609, 51.7738], [4.6084, 51.7738]]]]}}, {"type": "Feature", "properties": {"MONUMENTNR": 16146, "Gemeente": "Krimpenerwaard", "Plaats": "Kadijk", "Toponiem": "Kadijk 21", "Datering": "Middeleeuwen", "WAARDE": "Terrein van hoge archeologische waarde", "Zichtbaarh": "ja", "Beschrijving": "Huisterp"}, "geometry": {"type": "MultiPolygon", "coordinates": [[[[4.7791, 51.9434], [4.7791, 51.9434], [4.7791, 51.9433], [4.7791, 51.9427], [4.7791, 51.9426], [4.7791, 51.9426], [4.7792, 51.9426], [4.7793, 51.9427], [4.7793, 51.9426], [4.7794, 51.9426], [4.7795, 51.9426], [4.7797, 51.9426], [4.7798, 51.9426], [4.7798, 51.9433], [4.7798, 51.9433], [4.7797, 51.9433], [4.7795, 51.9433], [4.7795, 51.9433], [4.7795, 51.9432], [4.7795, 51.9432], [4.7797, 51.9432], [4.7797, 51.9432], [4.7794, 51.9432], [4.7793, 51.9432], [4.7793, 51.9434], [4.7793, 51.9434], [4.7793, 51.9434], [4.7792, 51.9434], [4.7791, 51.9434]]]]}}, {"type": "Feature", "properties": {"MONUMENTNR": 16145, "Gemeente": "Krimpenerwaard", "Plaats": "Kadijk", "Toponiem": "Kadijk 15", "Datering": "Middeleeuwen", "WAARDE": "Terrein van hoge archeologische waarde", "Zichtbaarh": "ja", "Beschrijving": "Huisterp"}, "geometry": {"type": "MultiPolygon", "coordinates": [[[[4.7823, 51.9437], [4.7822, 51.9429], [4.7823, 51.9429], [4.7823, 51.9428], [4.7829, 51.9429], [4.7829, 51.9437], [4.7826, 51.9437], [4.7826, 51.9436], [4.7826, 51.9435], [4.7826, 51.9435], [4.7826, 51.9435], [4.7826, 51.9435], [4.7825, 51.9437], [4.7823, 51.9437]]]]}}, {"type": "Feature", "properties": {"MONUMENTNR": 16144, "Gemeente": "Krimpenerwaard", "Plaats": "Kadijk", "Toponiem": "Kadijk 23a", "Datering": "Middeleeuwen", "WAARDE": "Terrein van hoge archeologische waarde", "Zichtbaarh": "ja", "Beschrijving": "Huisterp"}, "geometry": {"type": "MultiPolygon", "coordinates": [[[[4.779, 51.9434], [4.7786, 51.9434], [4.7786, 51.9431], [4.7786, 51.9431], [4.7786, 51.9431], [4.7785, 51.9431], [4.7784, 51.9431], [4.7784, 51.9431], [4.7783, 51.943], [4.7779, 51.943], [4.7779, 51.9426], [4.7779, 51.9425], [4.7779, 51.9425], [4.778, 51.9425], [4.7782, 51.9425], [4.7784, 51.9425], [4.7787, 51.9425], [4.7787, 51.9425], [4.7788, 51.9426], [4.7789, 51.9426], [4.779, 51.9426], [4.779, 51.943], [4.779, 51.9431], [4.779, 51.9433], [4.779, 51.9434]]]]}}, {"type": "Feature", "properties": {"MONUMENTNR": 16159, "Gemeente": "Binnenmaas", "Plaats": "Sint Anthonie-Polder", "Toponiem": "Zwanegatsedijk", "Datering": "1) Romeinse tijd; 2) Late Middeleeuwen A", "WAARDE": "Terrein van hoge archeologische waarde", "Zichtbaarh": "nee", "Beschrijving": "1) Bewoningssporen; 2) Gebouw"}, "geometry": {"type": "MultiPolygon", "coordinates": [[[[4.5261, 51.7995], [4.5261, 51.7986], [4.5283, 51.7985], [4.5283, 51.7994], [4.5261, 51.7995]]]]}}, {"type": "Feature", "properties": {"MONUMENTNR": 6589, "Gemeente": "Ridderkerk", "Plaats": "Rijsoord", "Toponiem": "Hoogzandweg; Rijksstraatweg", "Datering": "Late Middeleeuwen (15de eeuw)", "WAARDE": "Terrein van hoge archeologische waarde", "Zichtbaarh": "nee", "Beschrijving": "Kasteel/ hofstad"}, "geometry": {"type": "MultiPolygon", "coordinates": [[[[4.5791, 51.857], [4.5795, 51.8569], [4.5796, 51.8572], [4.5797, 51.8573], [4.5801, 51.8576], [4.5775, 51.8591], [4.5765, 51.8585], [4.5791, 51.857]]]]}}, {"type": "Feature", "properties": {"MONUMENTNR": 16208, "Gemeente": "Voorschoten", "Plaats": "Voorschoten", "Toponiem": "Krimwijk II; Zuid Hoflandse polder", "Datering": "Late Bronstijd of Vroege IJzertijd", "WAARDE": "Terrein van hoge archeologische waarde", "Zichtbaarh": "nee", "Beschrijving": "Veenweg"}, "geometry": {"type": "MultiPolygon", "coordinates": [[[[4.4572, 52.1289], [4.4589, 52.1282], [4.46, 52.1289], [4.4606, 52.1287], [4.4623, 52.1298], [4.4648, 52.1288], [4.4651, 52.129], [4.4622, 52.1303], [4.4629, 52.1309], [4.4614, 52.1316], [4.4607, 52.131], [4.4603, 52.1306], [4.4604, 52.1305], [4.4599, 52.1301], [4.4598, 52.1301], [4.4594, 52.1299], [4.4593, 52.1299], [4.4587, 52.1294], [4.4585, 52.1295], [4.4582, 52.1294], [4.4577, 52.1296], [4.4572, 52.1289]]]]}}, {"type": "Feature", "properties": {"MONUMENTNR": 16199, "Gemeente": "Albrandswaard", "Plaats": "Poortugaal", "Toponiem": "N.H. Kerk", "Datering": "Late Middeleeuwen", "WAARDE": "Terrein van hoge archeologische waarde", "Zichtbaarh": "ja", "Beschrijving": "Kerkheuvel met kerk en begraafplaats"}, "geometry": {"type": "MultiPolygon", "coordinates": [[[[4.3897, 51.8607], [4.3904, 51.8605], [4.391, 51.8605], [4.3912, 51.8605], [4.391, 51.8615], [4.3899, 51.861], [4.3896, 51.8607], [4.3897, 51.8607]]]]}}, {"type": "Feature", "properties": {"MONUMENTNR": 16207, "Gemeente": "Goeree-Overflakkee", "Plaats": "Ouddorp", "Toponiem": "Jillesweg", "Datering": "IJzertijd", "WAARDE": "Terrein van hoge archeologische waarde", "Zichtbaarh": "nee", "Beschrijving": "Bewoningssporen"}, "geometry": {"type": "MultiPolygon", "coordinates": [[[[3.9566, 51.8083], [3.957, 51.8084], [3.9582, 51.8087], [3.9586, 51.8088], [3.9587, 51.8089], [3.9588, 51.8089], [3.9589, 51.8089], [3.9594, 51.8088], [3.9622, 51.8101], [3.9618, 51.8104], [3.9623, 51.811], [3.9621, 51.8111], [3.9618, 51.8112], [3.9613, 51.8114], [3.9608, 51.8115], [3.9603, 51.8116], [3.9602, 51.8115], [3.9602, 51.8116], [3.9601, 51.8119], [3.9601, 51.8119], [3.9596, 51.8119], [3.959, 51.8119], [3.9587, 51.8119], [3.9584, 51.8119], [3.9567, 51.8118], [3.9557, 51.8119], [3.9551, 51.811], [3.9549, 51.8106], [3.9549, 51.8099], [3.9556, 51.809], [3.9555, 51.8082], [3.9566, 51.8083]]]]}}, {"type": "Feature", "properties": {"MONUMENTNR": 8777, "Gemeente": "Nissewaard", "Plaats": "Simonshaven", "Toponiem": "Polder Simonshaven; Welvliet", "Datering": "1) Romeinse tijd; 2) late Middeleeuwen", "WAARDE": "Terrein van hoge archeologische waarde", "Zichtbaarh": "nee", "Beschrijving": "1-2) Bewoningssporen"}, "geometry": {"type": "MultiPolygon", "coordinates": [[[[4.2845, 51.831], [4.2862, 51.8311], [4.2859, 51.8322], [4.2841, 51.832], [4.2845, 51.831]]]]}}, {"type": "Feature", "properties": {"MONUMENTNR": 10355, "Gemeente": "Vlaardingen", "Plaats": "Vlaardingen", "Toponiem": "Aalkeet-Binnenpolder MD 17-43", "Datering": "Late Middeleeuwen", "WAARDE": "Terrein van hoge archeologische waarde", "Zichtbaarh": "ja", "Beschrijving": "Huisterp"}, "geometry": {"type": "MultiPolygon", "coordinates": [[[[4.2871, 51.9121], [4.2863, 51.9114], [4.2885, 51.9106], [4.2892, 51.9113], [4.2871, 51.9121]]]]}}, {"type": "Feature", "properties": {"MONUMENTNR": 16209, "Gemeente": "Binnenmaas", "Plaats": "Maasdam", "Toponiem": "Dorpstraat 24-30", "Datering": "Late Middeleeuwen", "WAARDE": "Terrein van hoge archeologische waarde", "Zichtbaarh": "nee", "Beschrijving": "Sluis"}, "geometry": {"type": "MultiPolygon", "coordinates": [[[[4.5559, 51.7874], [4.5562, 51.7874], [4.5564, 51.7873], [4.5565, 51.7873], [4.5566, 51.7872], [4.5567, 51.7871], [4.5571, 51.7858], [4.5572, 51.7853], [4.5578, 51.7853], [4.5576, 51.7863], [4.5572, 51.7875], [4.5571, 51.7877], [4.5562, 51.7877], [4.5558, 51.7877], [4.5556, 51.7877], [4.5556, 51.7876], [4.5556, 51.7874], [4.5558, 51.7874], [4.5559, 51.7874]]]]}}, {"type": "Feature", "properties": {"MONUMENTNR": 16211, "Gemeente": "Schiedam", "Plaats": "Schiedam", "Toponiem": "Huis te Riviere", "Datering": "Late Middeleeuwen B", "WAARDE": "Terrein van hoge archeologische waarde", "Zichtbaarh": "ja", "Beschrijving": "Huis te Riviere"}, "geometry": {"type": "MultiPolygon", "coordinates": [[[[4.4026, 51.9184], [4.4027, 51.918], [4.4031, 51.918], [4.4031, 51.9183], [4.4031, 51.9183], [4.4031, 51.9184], [4.4026, 51.9184]]]]}}, {"type": "Feature", "properties": {"MONUMENTNR": 9376, "Gemeente": "Bodegraven-Reeuwijk", "Plaats": "Bodegraven", "Toponiem": "Oud Bodegraafseweg, Willemstraat", "Datering": "1) Vroeg Romeinse tijd (70-100); 2) Late Middeleeuwen, Nieuwe Tijd", "WAARDE": "Terrein van hoge archeologische waarde", "Zichtbaarh": "nee", "Beschrijving": "1) Castellum met wachtpost 2) nederzetting"}, "geometry": {"type": "MultiPolygon", "coordinates": [[[[4.7445, 52.0845], [4.7439, 52.0837], [4.7445, 52.0835], [4.7439, 52.0832], [4.7443, 52.083], [4.7445, 52.0829], [4.7459, 52.0826], [4.746, 52.0826], [4.7463, 52.0833], [4.7466, 52.084], [4.7467, 52.0842], [4.7455, 52.0845], [4.7453, 52.0845], [4.7451, 52.0845], [4.745, 52.0845], [4.7445, 52.0845]]]]}}, {"type": "Feature", "properties": {"MONUMENTNR": 16200, "Gemeente": "Albrandswaard", "Plaats": "Poortugaal", "Toponiem": "De Terp; De Heuvel", "Datering": "Romeinse tijd", "WAARDE": "Terrein van hoge archeologische waarde", "Zichtbaarh": "nee", "Beschrijving": "Bewoningssporen"}, "geometry": {"type": "MultiPolygon", "coordinates": [[[[4.3849, 51.859], [4.3848, 51.8574], [4.3865, 51.8574], [4.3866, 51.8582], [4.3862, 51.8583], [4.3863, 51.8588], [4.3861, 51.8588], [4.3854, 51.8589], [4.3854, 51.8589], [4.3849, 51.859]]]]}}, {"type": "Feature", "properties": {"MONUMENTNR": 16203, "Gemeente": "Westvoorne", "Plaats": "Oostvoorne", "Toponiem": "Polder Rugge, Schrijversdijk", "Datering": "Romeinse tijd", "WAARDE": "Terrein van hoge archeologische waarde", "Zichtbaarh": "nee", "Beschrijving": "Nederzetting"}, "geometry": {"type": "MultiPolygon", "coordinates": [[[[4.1318, 51.9101], [4.1298, 51.9097], [4.1314, 51.9089], [4.1318, 51.9101]]]]}}, {"type": "Feature", "properties": {"MONUMENTNR": 16198, "Gemeente": "Strijen", "Plaats": "Strijen", "Toponiem": "Bovenste Molen, Keen", "Datering": "Nieuwe Tijd A", "WAARDE": "Terrein van hoge archeologische waarde", "Zichtbaarh": "nee", "Beschrijving": "Molenwerf met fundering"}, "geometry": {"type": "MultiPolygon", "coordinates": [[[[4.5289, 51.7755], [4.5288, 51.7754], [4.5288, 51.7753], [4.5292, 51.7754], [4.5291, 51.7756], [4.5289, 51.7755]]]]}}, {"type": "Feature", "properties": {"MONUMENTNR": 16212, "Gemeente": "Hellevoetsluis", "Plaats": "Hellevoetsluis", "Toponiem": "Ossenhoek", "Datering": "Vroeg-Neolithicum tot en met Vroege Bronstijd", "WAARDE": "Terrein van hoge archeologische waarde", "Zichtbaarh": "nee", "Beschrijving": "(Semi-)permanente nederzetting"}, "geometry": {"type": "MultiPolygon", "coordinates": [[[[4.1418, 51.8425], [4.1416, 51.8426], [4.1405, 51.8435], [4.1379, 51.8433], [4.1372, 51.8423], [4.1376, 51.8421], [4.1418, 51.8425]]]]}}, {"type": "Feature", "properties": {"MONUMENTNR": 4087, "Gemeente": "Nissewaard", "Plaats": "Biert", "Toponiem": "Fikkershil; Rietbroekse Weg/Biertse Dijk", "Datering": "Midden IJzertijd", "WAARDE": "Terrein van hoge archeologische waarde", "Zichtbaarh": "nee", "Beschrijving": "Bewoningssporen"}, "geometry": {"type": "MultiPolygon", "coordinates": [[[[4.2874, 51.8395], [4.2874, 51.8395], [4.2874, 51.8394], [4.2873, 51.8394], [4.2873, 51.8393], [4.2873, 51.8391], [4.287, 51.8389], [4.2867, 51.8387], [4.2866, 51.8386], [4.2861, 51.8381], [4.286, 51.838], [4.286, 51.838], [4.286, 51.8379], [4.286, 51.8379], [4.2862, 51.8379], [4.289, 51.8383], [4.2911, 51.8387], [4.2902, 51.8401], [4.2874, 51.8395]]]]}}, {"type": "Feature", "properties": {"MONUMENTNR": 4109, "Gemeente": "Goeree-Overflakkee", "Plaats": "Ouddorp", "Toponiem": "Polder Oudeland; Zuidweg", "Datering": "Nieuwe Tijd", "WAARDE": "Terrein van hoge archeologische waarde", "Zichtbaarh": "ja", "Beschrijving": "Schans"}, "geometry": {"type": "MultiPolygon", "coordinates": [[[[3.9476, 51.8033], [3.9478, 51.8033], [3.9482, 51.8034], [3.9489, 51.8036], [3.9491, 51.8036], [3.9491, 51.8036], [3.9494, 51.8037], [3.9497, 51.8037], [3.9501, 51.8037], [3.9505, 51.8037], [3.9507, 51.8037], [3.9508, 51.8037], [3.9512, 51.8038], [3.9514, 51.8039], [3.9512, 51.8041], [3.9509, 51.8046], [3.9508, 51.8047], [3.9508, 51.8048], [3.9508, 51.8049], [3.9508, 51.8049], [3.9508, 51.805], [3.9508, 51.8056], [3.9508, 51.8057], [3.9508, 51.8057], [3.9506, 51.8059], [3.9504, 51.806], [3.9502, 51.806], [3.9501, 51.806], [3.95, 51.8059], [3.9495, 51.8058], [3.9492, 51.8057], [3.9489, 51.8056], [3.9487, 51.8056], [3.9486, 51.8056], [3.9476, 51.8056], [3.9474, 51.8056], [3.9472, 51.8056], [3.947, 51.8055], [3.9469, 51.8053], [3.9469, 51.8052], [3.9469, 51.8051], [3.9472, 51.8047], [3.9473, 51.8045], [3.9474, 51.8044], [3.9475, 51.8043], [3.9475, 51.8042], [3.9474, 51.8037], [3.9474, 51.8035], [3.9474, 51.8034], [3.9475, 51.8034], [3.9476, 51.8033]]]]}}, {"type": "Feature", "properties": {"MONUMENTNR": 10554, "Gemeente": "Goeree-Overflakkee", "Plaats": "Ouddorp", "Toponiem": "Centrum; Hoenderdijk/Boompjes", "Datering": "1) Late Middeleeuwen; 2) late Middeleeuwen en Nieuwe Tijd", "WAARDE": "Terrein van hoge archeologische waarde", "Zichtbaarh": "ja", "Beschrijving": "1) Bewoningssporen; 2) kerkterrein"}, "geometry": {"type": "MultiPolygon", "coordinates": [[[[3.9352, 51.8088], [3.9353, 51.8089], [3.9355, 51.8089], [3.9356, 51.8089], [3.9357, 51.8089], [3.9359, 51.8089], [3.9363, 51.809], [3.9363, 51.809], [3.9362, 51.8092], [3.9362, 51.8092], [3.9361, 51.8094], [3.936, 51.8095], [3.936, 51.8095], [3.9359, 51.8095], [3.9353, 51.8095], [3.935, 51.8094], [3.9349, 51.8094], [3.935, 51.8093], [3.935, 51.8092], [3.9351, 51.809], [3.9351, 51.8089], [3.9352, 51.8088]]]]}}, {"type": "Feature", "properties": {"MONUMENTNR": 8778, "Gemeente": "Nissewaard", "Plaats": "Simonshaven", "Toponiem": "Garsdijk", "Datering": "Laat-neolithicum / vroege Bronstijd", "WAARDE": "Terrein van hoge archeologische waarde", "Zichtbaarh": "nee", "Beschrijving": "Bewoningssporen"}, "geometry": {"type": "MultiPolygon", "coordinates": [[[[4.2957, 51.8229], [4.2949, 51.8228], [4.2951, 51.8223], [4.2955, 51.8223], [4.2965, 51.8222], [4.2979, 51.8222], [4.2977, 51.8218], [4.3001, 51.8225], [4.2987, 51.8237], [4.2969, 51.8232], [4.2957, 51.8229]]]]}}, {"type": "Feature", "properties": {"MONUMENTNR": 6466, "Gemeente": "Nissewaard", "Plaats": "Simonshaven", "Toponiem": "Polder Simonshaven; Garsdijk", "Datering": "Laat-Neolithicum/ Bronstijd", "WAARDE": "Terrein van hoge archeologische waarde", "Zichtbaarh": "nee", "Beschrijving": "Bewoningssporen"}, "geometry": {"type": "MultiPolygon", "coordinates": [[[[4.3002, 51.8242], [4.2987, 51.8237], [4.3001, 51.8225], [4.3015, 51.8229], [4.3002, 51.8242]]]]}}, {"type": "Feature", "properties": {"MONUMENTNR": 10382, "Gemeente": "Nissewaard", "Plaats": "Spijkenisse", "Toponiem": "Harteldijk", "Datering": "1) Romeinse tijd; 2) late Middeleeuwen", "WAARDE": "Terrein van hoge archeologische waarde", "Zichtbaarh": "nee", "Beschrijving": "1) Grafveld; 2) Bewoningssporen"}, "geometry": {"type": "MultiPolygon", "coordinates": [[[[4.2871, 51.8611], [4.2878, 51.8612], [4.2875, 51.8617], [4.2875, 51.8618], [4.2879, 51.8621], [4.2882, 51.8621], [4.2885, 51.8621], [4.289, 51.8622], [4.289, 51.8626], [4.2889, 51.8628], [4.2877, 51.863], [4.2869, 51.863], [4.2869, 51.8621], [4.2869, 51.8619], [4.2869, 51.8615], [4.287, 51.8613], [4.2871, 51.8611]]]]}}, {"type": "Feature", "properties": {"MONUMENTNR": 4089, "Gemeente": "Nissewaard", "Plaats": "Spijkenisse", "Toponiem": "Kapershoek; Konijnendijk", "Datering": "1) Midden-IJzertijd; 2) Romeinse tijd; 3) Late Middeleeuwen", "WAARDE": "Terrein van hoge archeologische waarde", "Zichtbaarh": "nee", "Beschrijving": "1-3) Bewoningssporen"}, "geometry": {"type": "MultiPolygon", "coordinates": [[[[4.2867, 51.8506], [4.2866, 51.8505], [4.2866, 51.8504], [4.2867, 51.8501], [4.2868, 51.8501], [4.2868, 51.8499], [4.2868, 51.8497], [4.2869, 51.8496], [4.2872, 51.8495], [4.2874, 51.8495], [4.2875, 51.8495], [4.2876, 51.8495], [4.2883, 51.8499], [4.2889, 51.8494], [4.289, 51.8495], [4.2896, 51.8488], [4.2904, 51.849], [4.2912, 51.8492], [4.2913, 51.8493], [4.2915, 51.8494], [4.292, 51.8497], [4.2921, 51.8499], [4.2921, 51.8504], [4.292, 51.8505], [4.292, 51.8505], [4.2919, 51.8508], [4.2918, 51.8511], [4.2918, 51.8514], [4.2918, 51.8515], [4.2888, 51.8519], [4.2888, 51.8519], [4.2886, 51.8512], [4.2885, 51.8509], [4.2884, 51.8509], [4.2867, 51.8506]]]]}}, {"type": "Feature", "properties": {"MONUMENTNR": 10424, "Gemeente": "Spijkenisse", "Plaats": "Spijkenisse", "Toponiem": "Polder Schiekamp; Malledijk", "Datering": "Vroege IJzertijd en midden-IJzertijd", "WAARDE": "Terrein van hoge archeologische waarde", "Zichtbaarh": "nee", "Beschrijving": "Bewoningssporen"}, "geometry": {"type": "MultiPolygon", "coordinates": [[[[4.3012, 51.849], [4.3017, 51.8497], [4.3013, 51.8498], [4.3011, 51.8499], [4.3007, 51.85], [4.3001, 51.8501], [4.2991, 51.8502], [4.2991, 51.8493], [4.3012, 51.849]]]]}}, {"type": "Feature", "properties": {"MONUMENTNR": 4106, "Gemeente": "Nissewaard", "Plaats": "Geervliet", "Toponiem": "Vierambachtenboezem; Schiekamp", "Datering": "1) Romeinse tijd; 2) Middeleeuwen", "WAARDE": "Terrein van hoge archeologische waarde", "Zichtbaarh": "nee", "Beschrijving": "Bewoningssporen"}, "geometry": {"type": "MultiPolygon", "coordinates": [[[[4.2877, 51.8476], [4.2886, 51.8484], [4.2881, 51.8487], [4.288, 51.8488], [4.288, 51.8488], [4.2877, 51.8489], [4.2875, 51.849], [4.287, 51.8492], [4.2864, 51.8495], [4.2856, 51.8498], [4.2853, 51.8499], [4.2852, 51.8498], [4.2849, 51.8498], [4.2845, 51.8497], [4.2837, 51.8495], [4.2831, 51.8494], [4.2829, 51.8486], [4.283, 51.8485], [4.2831, 51.8485], [4.2832, 51.8485], [4.2833, 51.8485], [4.2844, 51.8483], [4.2845, 51.8483], [4.2846, 51.8482], [4.2847, 51.8482], [4.285, 51.8481], [4.2856, 51.8481], [4.2859, 51.8481], [4.286, 51.848], [4.2862, 51.848], [4.2864, 51.8479], [4.2867, 51.8478], [4.2877, 51.8476]]]]}}, {"type": "Feature", "properties": {"MONUMENTNR": 10427, "Gemeente": "Spijkenisse", "Plaats": "Spijkenisse", "Toponiem": "Misgomseweg", "Datering": "Midden-IJzertijd", "WAARDE": "Terrein van hoge archeologische waarde", "Zichtbaarh": "nee", "Beschrijving": "Bewoningssporen"}, "geometry": {"type": "MultiPolygon", "coordinates": [[[[4.302, 51.8501], [4.3029, 51.8507], [4.3024, 51.851], [4.3016, 51.8504], [4.302, 51.8501]]]]}}, {"type": "Feature", "properties": {"MONUMENTNR": 10426, "Gemeente": "Spijkenisse", "Plaats": "Spijkenisse", "Toponiem": "Malledijk", "Datering": "Late Middeleeuwen", "WAARDE": "Terrein van hoge archeologische waarde", "Zichtbaarh": "nee", "Beschrijving": "Bewoningssporen"}, "geometry": {"type": "MultiPolygon", "coordinates": [[[[4.3061, 51.8479], [4.3067, 51.8484], [4.306, 51.8487], [4.3059, 51.8488], [4.3055, 51.8486], [4.3055, 51.8486], [4.3057, 51.8485], [4.3057, 51.8484], [4.3058, 51.8484], [4.3059, 51.8482], [4.306, 51.8481], [4.306, 51.848], [4.3061, 51.8479]]]]}}, {"type": "Feature", "properties": {"MONUMENTNR": 8776, "Gemeente": "Nissewaard", "Plaats": "Biert", "Toponiem": "Fikkershil; Rietbroekse Weg/Biertse Dijk", "Datering": "1) IJzertijd en Romeinse tijd; 2) late Middeleeuwen", "WAARDE": "Terrein van hoge archeologische waarde", "Zichtbaarh": "nee", "Beschrijving": "1-2) Bewoningssporen"}, "geometry": {"type": "MultiPolygon", "coordinates": [[[[4.2911, 51.8387], [4.2935, 51.8391], [4.2953, 51.8395], [4.2957, 51.8396], [4.2897, 51.845], [4.2882, 51.8439], [4.288, 51.8439], [4.2864, 51.8428], [4.2868, 51.8421], [4.287, 51.8417], [4.2872, 51.8411], [4.2873, 51.841], [4.2873, 51.8408], [4.2873, 51.8407], [4.2873, 51.8401], [4.2873, 51.8396], [4.2874, 51.8395], [4.2902, 51.8401], [4.2911, 51.8387]]]]}}, {"type": "Feature", "properties": {"MONUMENTNR": 10425, "Gemeente": "Spijkenisse", "Plaats": "Spijkenisse", "Toponiem": "Polder Schiekamp", "Datering": "Late IJzertijd", "WAARDE": "Terrein van hoge archeologische waarde", "Zichtbaarh": "nee", "Beschrijving": "Bewoningssporen"}, "geometry": {"type": "MultiPolygon", "coordinates": [[[[4.3001, 51.8448], [4.3006, 51.8453], [4.2998, 51.8458], [4.2988, 51.8449], [4.3001, 51.8448]]]]}}, {"type": "Feature", "properties": {"MONUMENTNR": 6467, "Gemeente": "Nissewaard", "Plaats": "Spijkenisse", "Toponiem": "Polder Simonshaven; Hogeweg/Slikweg", "Datering": "1) midden-IJzertijd; 2) Romeinse tijd", "WAARDE": "Terrein van hoge archeologische waarde", "Zichtbaarh": "nee", "Beschrijving": "1-2) Bewoningssporen"}, "geometry": {"type": "MultiPolygon", "coordinates": [[[[4.3, 51.834], [4.301, 51.8342], [4.3015, 51.8343], [4.303, 51.8347], [4.3014, 51.8363], [4.2991, 51.8354], [4.3, 51.834]]]]}}, {"type": "Feature", "properties": {"MONUMENTNR": 4096, "Gemeente": "Nissewaard", "Plaats": "Simonshaven", "Toponiem": "Polder Simonshaven; Lage Weg", "Datering": "Late Middeleeuwen", "WAARDE": "Terrein van hoge archeologische waarde", "Zichtbaarh": "ja", "Beschrijving": "Huisterp"}, "geometry": {"type": "MultiPolygon", "coordinates": [[[[4.2919, 51.8246], [4.2941, 51.8253], [4.2937, 51.8258], [4.2928, 51.8263], [4.2926, 51.8261], [4.2924, 51.8259], [4.2919, 51.8252], [4.2918, 51.825], [4.2918, 51.8249], [4.2917, 51.8249], [4.2916, 51.8248], [4.2917, 51.8248], [4.2919, 51.8246]]]]}}, {"type": "Feature", "properties": {"MONUMENTNR": 6473, "Gemeente": "Nissewaard", "Plaats": "Spijkenisse", "Toponiem": "Sportpark Groenewoud", "Datering": "1) late Middeleeuwen; 2) late Middeleeuwen", "WAARDE": "Terrein van hoge archeologische waarde", "Zichtbaarh": "ja", "Beschrijving": "1) Resten van een dijk; 2) nederzetting"}, "geometry": {"type": "MultiPolygon", "coordinates": [[[[4.3481, 51.84], [4.3489, 51.8402], [4.3478, 51.8416], [4.3471, 51.8416], [4.3466, 51.8416], [4.3465, 51.8415], [4.3464, 51.8415], [4.3464, 51.8415], [4.3465, 51.8414], [4.3465, 51.8413], [4.3466, 51.8413], [4.3467, 51.8412], [4.347, 51.8409], [4.3472, 51.8406], [4.3477, 51.8401], [4.3477, 51.8401], [4.3479, 51.8401], [4.348, 51.8401], [4.348, 51.84], [4.3481, 51.84]]]]}}, {"type": "Feature", "properties": {"MONUMENTNR": 4095, "Gemeente": "Nissewaard", "Plaats": "Biert", "Toponiem": "Kerkweg", "Datering": "Late Middeleeuwen en/of Nieuwe Tijd .", "WAARDE": "Terrein van hoge archeologische waarde", "Zichtbaarh": "ja", "Beschrijving": "Resten van een kerk."}, "geometry": {"type": "MultiPolygon", "coordinates": [[[[4.284, 51.8351], [4.2841, 51.8352], [4.2841, 51.8353], [4.2842, 51.8353], [4.2843, 51.8355], [4.2843, 51.8355], [4.2843, 51.8356], [4.2843, 51.8357], [4.2843, 51.8357], [4.2843, 51.8358], [4.2832, 51.8362], [4.2827, 51.8356], [4.2834, 51.8354], [4.2839, 51.8352], [4.284, 51.8351], [4.284, 51.8351]]]]}}, {"type": "Feature", "properties": {"MONUMENTNR": 4088, "Gemeente": "Nissewaard", "Plaats": "Simonshaven", "Toponiem": "Polder Simonshaven; Lage Weg; Garsdijk", "Datering": "Midden Romeinse tijd", "WAARDE": "Terrein van hoge archeologische waarde", "Zichtbaarh": "nee", "Beschrijving": "Nederzetting"}, "geometry": {"type": "MultiPolygon", "coordinates": [[[[4.2969, 51.8232], [4.2961, 51.8245], [4.295, 51.8243], [4.2949, 51.8242], [4.2957, 51.8229], [4.2969, 51.8232]]]]}}, {"type": "Feature", "properties": {"MONUMENTNR": 8785, "Gemeente": "Nissewaard", "Plaats": "Oudenhoorn", "Toponiem": "Polder Oudenhoorn", "Datering": "Vroege Middeleeuwen en late Middeleeuwen", "WAARDE": "Terrein van hoge archeologische waarde", "Zichtbaarh": "nee", "Beschrijving": "Bewoningssporen"}, "geometry": {"type": "MultiPolygon", "coordinates": [[[[4.1905, 51.8195], [4.1917, 51.8204], [4.19, 51.8214], [4.1887, 51.8205], [4.1905, 51.8195]]]]}}, {"type": "Feature", "properties": {"MONUMENTNR": 8784, "Gemeente": "Nissewaard", "Plaats": "Oudenhoorn", "Toponiem": "Polder Oudenhoorn; Tussenweg", "Datering": "Vroege Middeleeuwen en late Middeleeuwen", "WAARDE": "Terrein van hoge archeologische waarde", "Zichtbaarh": "nee", "Beschrijving": "Bewoningssporen"}, "geometry": {"type": "MultiPolygon", "coordinates": [[[[4.1879, 51.8176], [4.1892, 51.8185], [4.1881, 51.8191], [4.1882, 51.8192], [4.187, 51.8198], [4.1856, 51.8189], [4.1879, 51.8176]]]]}}, {"type": "Feature", "properties": {"MONUMENTNR": 8786, "Gemeente": "Nissewaard", "Plaats": "Oudenhoorn", "Toponiem": "Polder Zuidland; Bergroede; De Kluit", "Datering": "Late IJzertijd", "WAARDE": "Terrein van hoge archeologische waarde", "Zichtbaarh": "nee", "Beschrijving": "Bewoningssporen"}, "geometry": {"type": "MultiPolygon", "coordinates": [[[[4.2176, 51.8146], [4.2189, 51.8155], [4.218, 51.816], [4.2171, 51.8164], [4.2158, 51.8155], [4.2167, 51.815], [4.2176, 51.8146]]]]}}, {"type": "Feature", "properties": {"MONUMENTNR": 8783, "Gemeente": "Nissewaard", "Plaats": "Oudenhoorn", "Toponiem": "Polder Oudenhoorn; Tussenweg/Ruigendijk", "Datering": "Late Middeleeuwen B", "WAARDE": "Terrein van hoge archeologische waarde", "Zichtbaarh": "nee", "Beschrijving": "Baksteenconcentratie"}, "geometry": {"type": "MultiPolygon", "coordinates": [[[[4.197, 51.8111], [4.1984, 51.812], [4.1962, 51.8132], [4.1948, 51.8123], [4.197, 51.8111]]]]}}, {"type": "Feature", "properties": {"MONUMENTNR": 8773, "Gemeente": "Nissewaard", "Plaats": "Zuidland", "Toponiem": "Polder Zuidland; Dwarsweg", "Datering": "Late IJzertijd", "WAARDE": "Terrein van hoge archeologische waarde", "Zichtbaarh": "nee", "Beschrijving": "Bewoningssporen"}, "geometry": {"type": "MultiPolygon", "coordinates": [[[[4.239, 51.8091], [4.2402, 51.8099], [4.2379, 51.811], [4.2368, 51.8102], [4.239, 51.8091]]]]}}, {"type": "Feature", "properties": {"MONUMENTNR": 10532, "Gemeente": "Nissewaard", "Plaats": "Zuidland", "Toponiem": "Polder Zuidland", "Datering": "Romeinse tijd", "WAARDE": "Terrein van hoge archeologische waarde", "Zichtbaarh": "nee", "Beschrijving": "Bewoningssporen"}, "geometry": {"type": "MultiPolygon", "coordinates": [[[[4.2202, 51.8063], [4.221, 51.8069], [4.22, 51.8074], [4.2192, 51.8068], [4.2202, 51.8063]]]]}}, {"type": "Feature", "properties": {"MONUMENTNR": 8782, "Gemeente": "Nissewaard", "Plaats": "Abbenbroek", "Toponiem": "Polder Abbenbroek; Waalhoek", "Datering": "Vroege Middeleeuwen en late Middeleeuwen", "WAARDE": "Terrein van hoge archeologische waarde", "Zichtbaarh": "nee", "Beschrijving": "Bewoningssporen"}, "geometry": {"type": "MultiPolygon", "coordinates": [[[[4.2151, 51.8387], [4.2169, 51.839], [4.2164, 51.8404], [4.2148, 51.8401], [4.2151, 51.8387]]]]}}, {"type": "Feature", "properties": {"MONUMENTNR": 8774, "Gemeente": "Nissewaard", "Plaats": "Abbenbroek", "Toponiem": "Polder Abbenbroek; Monnikenhoek", "Datering": "Late IJzertijd", "WAARDE": "Terrein van hoge archeologische waarde", "Zichtbaarh": "nee", "Beschrijving": "Bewoningssporen"}, "geometry": {"type": "MultiPolygon", "coordinates": [[[[4.2335, 51.8302], [4.2363, 51.8312], [4.2352, 51.8331], [4.2329, 51.8323], [4.2335, 51.8302]]]]}}, {"type": "Feature", "properties": {"MONUMENTNR": 6468, "Gemeente": "Albrandswaard", "Plaats": "Poortugaal", "Toponiem": "Oostdorpseweg/Poortugaalseweg; Molendijk", "Datering": "Late Middeleeuwen", "WAARDE": "Terrein van hoge archeologische waarde", "Zichtbaarh": "ja", "Beschrijving": "Huisterp"}, "geometry": {"type": "MultiPolygon", "coordinates": [[[[4.3989, 51.8628], [4.3995, 51.8629], [4.3995, 51.8629], [4.3995, 51.863], [4.3995, 51.8631], [4.3994, 51.8632], [4.3994, 51.8633], [4.3994, 51.8634], [4.3986, 51.8633], [4.3988, 51.8631], [4.3989, 51.863], [4.3989, 51.8629], [4.3989, 51.8629], [4.3989, 51.8628]]]]}}, {"type": "Feature", "properties": {"MONUMENTNR": 6475, "Gemeente": "Albrandswaard", "Plaats": "Rhoon", "Toponiem": "Kerklaan/Dorpsdijk", "Datering": "Late Middeleeuwen", "WAARDE": "Terrein van hoge archeologische waarde", "Zichtbaarh": "nee", "Beschrijving": "Bewoningssporen"}, "geometry": {"type": "MultiPolygon", "coordinates": [[[[4.4169, 51.8616], [4.4178, 51.8618], [4.4175, 51.8624], [4.4166, 51.8621], [4.4169, 51.8616]]]]}}, {"type": "Feature", "properties": {"MONUMENTNR": 6469, "Gemeente": "Albrandswaard", "Plaats": "Poortugaal", "Toponiem": "Polder het Land van Poortugaal; Zwaardijk", "Datering": "1) IJzertijd, Romeinse tijd; 2) late Middeleeuwen", "WAARDE": "Terrein van hoge archeologische waarde", "Zichtbaarh": "nee", "Beschrijving": "1) Bewoningssporen; 2) resten van de begraven hofstad Valkesteijn"}, "geometry": {"type": "MultiPolygon", "coordinates": [[[[4.4079, 51.8684], [4.408, 51.8689], [4.4042, 51.8692], [4.4042, 51.8691], [4.4042, 51.8691], [4.4041, 51.8689], [4.4042, 51.8688], [4.4041, 51.8687], [4.4041, 51.8687], [4.404, 51.8686], [4.4039, 51.8684], [4.4037, 51.8682], [4.4035, 51.8679], [4.4034, 51.8677], [4.4033, 51.8674], [4.4031, 51.8671], [4.403, 51.8671], [4.4023, 51.8658], [4.4022, 51.8657], [4.4022, 51.8657], [4.402, 51.8656], [4.4019, 51.8655], [4.4018, 51.8654], [4.4017, 51.8654], [4.4016, 51.8653], [4.4015, 51.8651], [4.4015, 51.865], [4.4014, 51.8649], [4.4018, 51.8649], [4.4026, 51.865], [4.4027, 51.8642], [4.403, 51.8626], [4.4033, 51.8626], [4.4034, 51.8627], [4.4035, 51.8627], [4.4036, 51.8627], [4.4037, 51.8627], [4.4041, 51.8627], [4.4043, 51.8627], [4.4045, 51.8627], [4.4046, 51.8627], [4.405, 51.8629], [4.4052, 51.863], [4.4055, 51.863], [4.4049, 51.8649], [4.4047, 51.8657], [4.4046, 51.866], [4.4048, 51.866], [4.4051, 51.8661], [4.4056, 51.8663], [4.4062, 51.8664], [4.4066, 51.8665], [4.407, 51.8666], [4.4071, 51.867], [4.4073, 51.8679], [4.4078, 51.8679], [4.4079, 51.8684]]]]}}, {"type": "Feature", "properties": {"MONUMENTNR": 6471, "Gemeente": "Albrandswaard", "Plaats": "Poortugaal", "Toponiem": "Slotse Dijk", "Datering": "Late Middeleeuwen", "WAARDE": "Terrein van hoge archeologische waarde", "Zichtbaarh": "ja", "Beschrijving": "Resten van de begraven hofstad Valkestein"}, "geometry": {"type": "MultiPolygon", "coordinates": [[[[4.4071, 51.867], [4.4084, 51.8672], [4.4084, 51.8679], [4.4087, 51.8679], [4.4087, 51.8684], [4.4079, 51.8684], [4.4078, 51.8679], [4.4073, 51.8679], [4.4071, 51.867]]]]}}, {"type": "Feature", "properties": {"MONUMENTNR": 6470, "Gemeente": "Albrandswaard", "Plaats": "Poortugaal", "Toponiem": "Zwaardijk; Slotse Dijk", "Datering": "1) Romeinse tijd; 2) Late Middeleeuwen", "WAARDE": "Terrein van hoge archeologische waarde", "Zichtbaarh": "nee", "Beschrijving": "1-2) Bewoningssporen"}, "geometry": {"type": "MultiPolygon", "coordinates": [[[[4.4018, 51.8649], [4.4019, 51.8642], [4.4027, 51.8642], [4.4026, 51.865], [4.4018, 51.8649]]]]}}, {"type": "Feature", "properties": {"MONUMENTNR": 6773, "Gemeente": "Binnenmaas", "Plaats": "Mijnsheerenland", "Toponiem": "Hoflaan", "Datering": "1) Romeinse tijd; 2) late Middeleeuwen", "WAARDE": "Terrein van hoge archeologische waarde", "Zichtbaarh": "nee", "Beschrijving": "1-2) Bewoningssporen"}, "geometry": {"type": "MultiPolygon", "coordinates": [[[[4.4808, 51.7919], [4.481, 51.7919], [4.4812, 51.7919], [4.4812, 51.792], [4.4813, 51.792], [4.4814, 51.792], [4.4815, 51.7921], [4.4816, 51.7921], [4.4817, 51.7923], [4.4817, 51.7924], [4.4817, 51.7924], [4.4815, 51.7924], [4.4793, 51.7925], [4.4792, 51.7925], [4.4792, 51.7925], [4.4758, 51.7927], [4.4755, 51.7922], [4.4756, 51.7922], [4.4756, 51.7922], [4.4757, 51.7922], [4.4758, 51.7921], [4.4759, 51.7921], [4.476, 51.7921], [4.4763, 51.7921], [4.4764, 51.7921], [4.4772, 51.792], [4.4774, 51.792], [4.4776, 51.792], [4.4777, 51.792], [4.4779, 51.792], [4.4781, 51.792], [4.4782, 51.792], [4.4788, 51.7921], [4.479, 51.7921], [4.4791, 51.7921], [4.4792, 51.7921], [4.4794, 51.792], [4.4795, 51.7919], [4.4796, 51.7919], [4.4802, 51.7919], [4.4802, 51.7919], [4.4804, 51.7919], [4.4805, 51.7919], [4.4808, 51.7919]]]]}}, {"type": "Feature", "properties": {"MONUMENTNR": 10721, "Gemeente": "Binnenmaas", "Plaats": "Mijnsheerenland", "Toponiem": "Provinciale Weg", "Datering": "Romeinse tijd", "WAARDE": "Terrein van hoge archeologische waarde", "Zichtbaarh": "nee", "Beschrijving": "Sporen van begraving"}, "geometry": {"type": "MultiPolygon", "coordinates": [[[[4.5228, 51.8028], [4.5233, 51.8036], [4.5229, 51.8037], [4.5216, 51.804], [4.521, 51.8032], [4.5228, 51.8028]]]]}}, {"type": "Feature", "properties": {"MONUMENTNR": 10720, "Gemeente": "Binnenmaas", "Plaats": "Maasdam", "Toponiem": "Polder Oudeland van Maasdam en Puttershoek; Provinciale Weg", "Datering": "1) Midden-Romeinse tijd; 2) Late Middeleeuwen.", "WAARDE": "Terrein van hoge archeologische waarde", "Zichtbaarh": "nee", "Beschrijving": "1) Bewoningssporen en sporen van begraving; 2) bewoningssporen"}, "geometry": {"type": "MultiPolygon", "coordinates": [[[[4.5391, 51.7969], [4.5397, 51.7972], [4.5419, 51.7986], [4.5378, 51.8008], [4.5371, 51.8004], [4.5365, 51.8], [4.5364, 51.7999], [4.5363, 51.7998], [4.5362, 51.7997], [4.5362, 51.7996], [4.5355, 51.799], [4.5361, 51.7988], [4.5366, 51.7985], [4.5371, 51.7983], [4.5375, 51.798], [4.538, 51.7977], [4.5382, 51.7976], [4.5384, 51.7974], [4.5386, 51.7973], [4.5389, 51.797], [4.5391, 51.7969]]]]}}, {"type": "Feature", "properties": {"MONUMENTNR": 6775, "Gemeente": "Strijen", "Plaats": "Strijen", "Toponiem": "Keizersdijk", "Datering": "Late Middeleeuwen en Nieuwe Tijd", "WAARDE": "Terrein van hoge archeologische waarde", "Zichtbaarh": "nee", "Beschrijving": "Bewoningssporen"}, "geometry": {"type": "MultiPolygon", "coordinates": [[[[4.5508, 51.7455], [4.5516, 51.7457], [4.5515, 51.7461], [4.5511, 51.7466], [4.5507, 51.7474], [4.5503, 51.7487], [4.5497, 51.7499], [4.5492, 51.7541], [4.5492, 51.7554], [4.5494, 51.7564], [4.5473, 51.7566], [4.5466, 51.7569], [4.5438, 51.7572], [4.5438, 51.7569], [4.5439, 51.7566], [4.544, 51.7559], [4.5441, 51.7554], [4.5442, 51.7551], [4.5441, 51.7549], [4.5441, 51.7544], [4.5441, 51.7532], [4.5441, 51.7527], [4.5441, 51.7526], [4.5441, 51.7524], [4.544, 51.7524], [4.544, 51.7523], [4.5441, 51.7516], [4.5444, 51.7507], [4.5445, 51.7504], [4.5446, 51.7502], [4.5447, 51.7501], [4.5449, 51.7497], [4.545, 51.7495], [4.5452, 51.7491], [4.5455, 51.7485], [4.5457, 51.7482], [4.5458, 51.748], [4.5458, 51.7478], [4.5459, 51.7477], [4.5461, 51.7472], [4.5464, 51.7469], [4.5471, 51.7465], [4.5473, 51.7463], [4.5473, 51.7463], [4.5475, 51.7463], [4.5476, 51.7464], [4.5478, 51.7464], [4.5482, 51.7464], [4.5483, 51.7464], [4.5484, 51.7464], [4.5488, 51.7465], [4.549, 51.7466], [4.5491, 51.7467], [4.5491, 51.7466], [4.5492, 51.7465], [4.5494, 51.7462], [4.5496, 51.7462], [4.5497, 51.7461], [4.5502, 51.7456], [4.5504, 51.7456], [4.5506, 51.7455], [4.5508, 51.7455]]]]}}, {"type": "Feature", "properties": {"MONUMENTNR": 10537, "Gemeente": "Binnenmaas", "Plaats": "'s-Gravendeel", "Toponiem": "s-Gravendeelseweg/Klein Kooidiep", "Datering": "Midden-Romeinse tijd.", "WAARDE": "Terrein van hoge archeologische waarde", "Zichtbaarh": "nee", "Beschrijving": "Sporen van begraving"}, "geometry": {"type": "MultiPolygon", "coordinates": [[[[4.574, 51.782], [4.5762, 51.7822], [4.5761, 51.7824], [4.5761, 51.7825], [4.576, 51.7827], [4.5759, 51.7834], [4.5758, 51.7835], [4.5757, 51.7835], [4.5755, 51.7836], [4.5755, 51.7836], [4.5754, 51.7837], [4.5754, 51.7838], [4.5754, 51.7839], [4.5742, 51.784], [4.5741, 51.7841], [4.573, 51.7842], [4.574, 51.782]]]]}}, {"type": "Feature", "properties": {"MONUMENTNR": 10536, "Gemeente": "Binnenmaas", "Plaats": "Maasdam", "Toponiem": "Westvliet; Boezemvliet", "Datering": "1) Romeinse tijd (70 - 270 na Chr.); 2) Middeleeuwen (11e tot en met 13e eeuw)", "WAARDE": "Terrein van hoge archeologische waarde", "Zichtbaarh": "nee", "Beschrijving": "1) Damconstructie/oeverbeschoeiing; bewoningssporen; 2) bewoningssporen"}, "geometry": {"type": "MultiPolygon", "coordinates": [[[[4.5719, 51.7856], [4.5778, 51.7859], [4.5773, 51.79], [4.5764, 51.7898], [4.5741, 51.7892], [4.5716, 51.7886], [4.5719, 51.7856]]]]}}, {"type": "Feature", "properties": {"MONUMENTNR": 10538, "Gemeente": "Binnenmaas", "Plaats": "Maasdam", "Toponiem": "Polder Nieuw-Bonaventura; Tweede Kruisweg", "Datering": "Romeinse tijd", "WAARDE": "Terrein van hoge archeologische waarde", "Zichtbaarh": "nee", "Beschrijving": "Bewoningssporen"}, "geometry": {"type": "MultiPolygon", "coordinates": [[[[4.5818, 51.7851], [4.5834, 51.7852], [4.5832, 51.7872], [4.5816, 51.7871], [4.5818, 51.7851]]]]}}, {"type": "Feature", "properties": {"MONUMENTNR": 10535, "Gemeente": "Binnenmaas", "Plaats": "'s-Gravendeel", "Toponiem": "Polder Nieuw-Bonaventura; Eerste Kruisweg", "Datering": "Romeinse tijd", "WAARDE": "Terrein van hoge archeologische waarde", "Zichtbaarh": "nee", "Beschrijving": "Bewoningssporen"}, "geometry": {"type": "MultiPolygon", "coordinates": [[[[4.5836, 51.7852], [4.5862, 51.7854], [4.5861, 51.7868], [4.5834, 51.7869], [4.5836, 51.7852]]]]}}, {"type": "Feature", "properties": {"MONUMENTNR": 10719, "Gemeente": "Binnenmaas", "Plaats": "'s-Gravendeel", "Toponiem": "Polder Nieuw-Bonaventura, Maasdamseweg; 2e kruisweg", "Datering": "1) Romeinse tijd", "WAARDE": "Terrein van hoge archeologische waarde", "Zichtbaarh": "nee", "Beschrijving": "Bewoningssporen"}, "geometry": {"type": "MultiPolygon", "coordinates": [[[[4.5894, 51.7866], [4.5891, 51.7879], [4.5873, 51.788], [4.5873, 51.7867], [4.5894, 51.7866]]]]}}, {"type": "Feature", "properties": {"MONUMENTNR": 2329, "Gemeente": "Goeree-Overflakkee", "Plaats": "Ouddorp", "Toponiem": "Polder Oudeland; Oudelandseweg/Dorpsweg", "Datering": "Romeinse tijd", "WAARDE": "Terrein van hoge archeologische waarde", "Zichtbaarh": "nee", "Beschrijving": "Sporen van begraving"}, "geometry": {"type": "MultiPolygon", "coordinates": [[[[3.9187, 51.8016], [3.9188, 51.8016], [3.9195, 51.8016], [3.9197, 51.8024], [3.919, 51.8024], [3.919, 51.8024], [3.9187, 51.8024], [3.9181, 51.8025], [3.9176, 51.8025], [3.917, 51.8026], [3.9168, 51.8026], [3.9165, 51.8026], [3.9161, 51.8026], [3.9156, 51.8026], [3.9154, 51.8026], [3.9146, 51.8026], [3.9141, 51.8026], [3.9136, 51.8027], [3.9132, 51.8027], [3.9131, 51.802], [3.9179, 51.8017], [3.9187, 51.8016]]]]}}, {"type": "Feature", "properties": {"MONUMENTNR": 4077, "Gemeente": "Westvoorne", "Plaats": "Helhoek", "Toponiem": "Helhoek; Vleerdamse Dijk", "Datering": "Romeinse tijd", "WAARDE": "Terrein van hoge archeologische waarde", "Zichtbaarh": "nee", "Beschrijving": "Resten van een Romeinse villa"}, "geometry": {"type": "MultiPolygon", "coordinates": [[[[4.0824, 51.8937], [4.0842, 51.8939], [4.0853, 51.8941], [4.0845, 51.8959], [4.0844, 51.8959], [4.083, 51.8956], [4.0813, 51.8953], [4.0792, 51.8954], [4.0792, 51.8954], [4.0792, 51.8954], [4.0792, 51.8952], [4.0792, 51.8948], [4.0794, 51.8944], [4.0796, 51.8941], [4.0799, 51.8939], [4.0802, 51.8938], [4.0809, 51.8938], [4.0823, 51.8937], [4.0824, 51.8937]]]]}}, {"type": "Feature", "properties": {"MONUMENTNR": 10334, "Gemeente": "Westvoorne", "Plaats": "Rockanje", "Toponiem": "Nieuwe Achterweg", "Datering": "Midden Romeinse tijd", "WAARDE": "Terrein van hoge archeologische waarde", "Zichtbaarh": "nee", "Beschrijving": "Bewoningssporen"}, "geometry": {"type": "MultiPolygon", "coordinates": [[[[4.0787, 51.8706], [4.0814, 51.8714], [4.0809, 51.8721], [4.0782, 51.8713], [4.0787, 51.8706]]]]}}, {"type": "Feature", "properties": {"MONUMENTNR": 10310, "Gemeente": "Westvoorne", "Plaats": "Rockanje", "Toponiem": "Nieuwe Achterweg", "Datering": "Midden-Romeinse tijd", "WAARDE": "Terrein van hoge archeologische waarde", "Zichtbaarh": "nee", "Beschrijving": "Bewoningssporen"}, "geometry": {"type": "MultiPolygon", "coordinates": [[[[4.0772, 51.8692], [4.0793, 51.8693], [4.0785, 51.8703], [4.0782, 51.8702], [4.0778, 51.87], [4.0775, 51.8699], [4.0773, 51.8698], [4.0772, 51.8696], [4.0772, 51.8692]]]]}}, {"type": "Feature", "properties": {"MONUMENTNR": 10323, "Gemeente": "Westvoorne", "Plaats": "Tinte", "Toponiem": "Strypse Weg/Strypse Dijk", "Datering": "Midden-Romeinse tijd en laat-Romeinse tijd", "WAARDE": "Terrein van hoge archeologische waarde", "Zichtbaarh": "nee", "Beschrijving": "Bewoningssporen"}, "geometry": {"type": "MultiPolygon", "coordinates": [[[[4.1282, 51.882], [4.1282, 51.8829], [4.1259, 51.8831], [4.1259, 51.8822], [4.1282, 51.882]]]]}}, {"type": "Feature", "properties": {"MONUMENTNR": 10313, "Gemeente": "Westvoorne", "Plaats": "Rockanje", "Toponiem": "Polder Pancrasgors", "Datering": "Late IJzertijd (fase 3)", "WAARDE": "Terrein van hoge archeologische waarde", "Zichtbaarh": "nee", "Beschrijving": "Vondstmelding van scherven."}, "geometry": {"type": "MultiPolygon", "coordinates": [[[[4.0969, 51.8694], [4.0971, 51.8698], [4.0964, 51.87], [4.0962, 51.8695], [4.0969, 51.8694]]]]}}, {"type": "Feature", "properties": {"MONUMENTNR": 10315, "Gemeente": "Westvoorne", "Plaats": "Tinte", "Toponiem": "Polder Strype", "Datering": "Vroeg-Romeinse tijd, midden-Romeinse tijd en laat-Romeinse tijd.", "WAARDE": "Terrein van hoge archeologische waarde", "Zichtbaarh": "nee", "Beschrijving": "Bewoningssporen"}, "geometry": {"type": "MultiPolygon", "coordinates": [[[[4.1176, 51.8828], [4.1187, 51.8829], [4.1187, 51.8833], [4.1175, 51.8832], [4.1176, 51.8828]]]]}}, {"type": "Feature", "properties": {"MONUMENTNR": 10321, "Gemeente": "Westvoorne", "Plaats": "Tinte", "Toponiem": "Strypse Dijk; Kerkzicht", "Datering": "Midden-Romeinse tijd en laat-Romeinse tijd", "WAARDE": "Terrein van hoge archeologische waarde", "Zichtbaarh": "nee", "Beschrijving": "Bewoningssporen"}, "geometry": {"type": "MultiPolygon", "coordinates": [[[[4.1293, 51.8816], [4.1308, 51.8816], [4.1308, 51.8822], [4.1302, 51.8823], [4.1292, 51.8824], [4.1293, 51.8816]]]]}}, {"type": "Feature", "properties": {"MONUMENTNR": 10379, "Gemeente": "Brielle", "Plaats": "Vierpolders", "Toponiem": "Polder Oude-Gote; Moersaatsenweg", "Datering": "Late IJzertijd, Romeinse tijd", "WAARDE": "Terrein van hoge archeologische waarde", "Zichtbaarh": "nee", "Beschrijving": "Bewoningssporen"}, "geometry": {"type": "MultiPolygon", "coordinates": [[[[4.1582, 51.8721], [4.1597, 51.8732], [4.1584, 51.874], [4.1571, 51.8732], [4.1582, 51.8721]]]]}}, {"type": "Feature", "properties": {"MONUMENTNR": 10329, "Gemeente": "Hellevoetsluis", "Plaats": "Nieuwenhoorn", "Toponiem": "Werfhoekweg", "Datering": "Romeinse tijd", "WAARDE": "Terrein van hoge archeologische waarde", "Zichtbaarh": "nee", "Beschrijving": "Bewoningssporen"}, "geometry": {"type": "MultiPolygon", "coordinates": [[[[4.1456, 51.8668], [4.1469, 51.8673], [4.1454, 51.8689], [4.1441, 51.8684], [4.1456, 51.8668]]]]}}, {"type": "Feature", "properties": {"MONUMENTNR": 10330, "Gemeente": "Hellevoetsluis", "Plaats": "Nieuwenhoorn", "Toponiem": "Polder Nieuwe Gote; Middelweg", "Datering": "Midden-Romeinse tijd en laat-Romeinse tijd", "WAARDE": "Terrein van hoge archeologische waarde", "Zichtbaarh": "nee", "Beschrijving": "Bewoningssporen"}, "geometry": {"type": "MultiPolygon", "coordinates": [[[[4.1385, 51.8635], [4.1397, 51.864], [4.1388, 51.8648], [4.1377, 51.8642], [4.1385, 51.8635]]]]}}, {"type": "Feature", "properties": {"MONUMENTNR": 10324, "Gemeente": "Hellevoetsluis", "Plaats": "Nieuwenhoorn", "Toponiem": "Polder Nieuwe Gote", "Datering": "Late IJzertijd", "WAARDE": "Terrein van hoge archeologische waarde", "Zichtbaarh": "nee", "Beschrijving": "Bewoningssporen"}, "geometry": {"type": "MultiPolygon", "coordinates": [[[[4.1333, 51.8566], [4.1376, 51.8568], [4.1374, 51.857], [4.137, 51.8573], [4.1366, 51.8574], [4.1365, 51.8575], [4.1362, 51.8578], [4.1362, 51.8579], [4.1351, 51.8578], [4.1341, 51.8577], [4.1331, 51.8577], [4.1333, 51.8566]]]]}}, {"type": "Feature", "properties": {"MONUMENTNR": 10325, "Gemeente": "Hellevoetsluis", "Plaats": "Nieuwenhoorn", "Toponiem": "Polder Nieuwe Gote", "Datering": "Midden-Romeinse tijd", "WAARDE": "Terrein van hoge archeologische waarde", "Zichtbaarh": "nee", "Beschrijving": "Vermoedelijk nederzettingsterrein."}, "geometry": {"type": "MultiPolygon", "coordinates": [[[[4.1298, 51.8568], [4.1313, 51.8569], [4.1312, 51.8576], [4.1298, 51.8576], [4.1298, 51.8568]]]]}}, {"type": "Feature", "properties": {"MONUMENTNR": 4107, "Gemeente": "Hellevoetsluis", "Plaats": "Hellevoetsluis", "Toponiem": "Polder Nieuwenhoorn; Dijkweg/Ravense Weg", "Datering": "Late Middeleeuwen B", "WAARDE": "Terrein van hoge archeologische waarde", "Zichtbaarh": "nee", "Beschrijving": "Resten van een uithof"}, "geometry": {"type": "MultiPolygon", "coordinates": [[[[4.1615, 51.8483], [4.1627, 51.8488], [4.1617, 51.8505], [4.1604, 51.85], [4.1615, 51.8483]]]]}}, {"type": "Feature", "properties": {"MONUMENTNR": 10341, "Gemeente": "Hellevoetsluis", "Plaats": "Hellevoetsluis", "Toponiem": "Polder Nieuwenhoorn; Oostdijk/Dijkweg", "Datering": "Romeinse tijd", "WAARDE": "Terrein van hoge archeologische waarde", "Zichtbaarh": "nee", "Beschrijving": "Bewoningssporen"}, "geometry": {"type": "MultiPolygon", "coordinates": [[[[4.1409, 51.8434], [4.141, 51.8434], [4.1417, 51.8437], [4.1422, 51.8439], [4.1418, 51.8447], [4.1404, 51.8441], [4.1405, 51.8439], [4.1405, 51.8438], [4.1406, 51.8437], [4.1409, 51.8434]]]]}}, {"type": "Feature", "properties": {"MONUMENTNR": 10327, "Gemeente": "Hellevoetsluis", "Plaats": "Nieuw-Helvoet", "Toponiem": "Polder Nieuwenhoorn", "Datering": "Late Middeleeuwen B", "WAARDE": "Terrein van hoge archeologische waarde", "Zichtbaarh": "nee", "Beschrijving": "Nederzetting"}, "geometry": {"type": "MultiPolygon", "coordinates": [[[[4.151, 51.8435], [4.1516, 51.8438], [4.1511, 51.8443], [4.1504, 51.844], [4.151, 51.8435]]]]}}, {"type": "Feature", "properties": {"MONUMENTNR": 10343, "Gemeente": "Hellevoetsluis", "Plaats": "Hellevoetsluis", "Toponiem": "Polder Nieuw-Helvoet; Kleiweg", "Datering": "Romeinse tijd", "WAARDE": "Terrein van hoge archeologische waarde", "Zichtbaarh": "nee", "Beschrijving": "Bewoningssporen"}, "geometry": {"type": "MultiPolygon", "coordinates": [[[[4.1137, 51.8407], [4.1138, 51.8409], [4.1138, 51.8409], [4.1137, 51.8411], [4.1137, 51.8411], [4.1132, 51.8414], [4.1117, 51.8414], [4.1119, 51.8413], [4.112, 51.8411], [4.1121, 51.8409], [4.1121, 51.8407], [4.1137, 51.8407]]]]}}, {"type": "Feature", "properties": {"MONUMENTNR": 4102, "Gemeente": "Brielle", "Plaats": "Brielle", "Toponiem": "Kloosterweg", "Datering": "Late Middeleeuwen", "WAARDE": "Terrein van hoge archeologische waarde", "Zichtbaarh": "nee", "Beschrijving": "Resten van een regulierenklooster en een parochiekerk"}, "geometry": {"type": "MultiPolygon", "coordinates": [[[[4.1547, 51.8946], [4.1549, 51.8946], [4.1551, 51.8948], [4.1554, 51.8949], [4.1556, 51.895], [4.1555, 51.8951], [4.1546, 51.8958], [4.1546, 51.8959], [4.1542, 51.8963], [4.1537, 51.8967], [4.1534, 51.8969], [4.1533, 51.8969], [4.1532, 51.8968], [4.1532, 51.8968], [4.1526, 51.8964], [4.1529, 51.8961], [4.153, 51.896], [4.1547, 51.8946]]]]}}, {"type": "Feature", "properties": {"MONUMENTNR": 4104, "Gemeente": "Brielle", "Plaats": "Brielle", "Toponiem": "Polder Rugge; Kloosterweg/De Rik", "Datering": "Late Middeleeuwen", "WAARDE": "Terrein van hoge archeologische waarde", "Zichtbaarh": "nee", "Beschrijving": "Resten van een hofstede"}, "geometry": {"type": "MultiPolygon", "coordinates": [[[[4.1537, 51.8944], [4.1537, 51.8944], [4.154, 51.8944], [4.1544, 51.8945], [4.1546, 51.8945], [4.1542, 51.8949], [4.1536, 51.8948], [4.1537, 51.8944]]]]}}, {"type": "Feature", "properties": {"MONUMENTNR": 4103, "Gemeente": "Brielle", "Plaats": "Brielle", "Toponiem": "De Rik", "Datering": "Late Middeleeuwen", "WAARDE": "Terrein van hoge archeologische waarde", "Zichtbaarh": "nee", "Beschrijving": "Resten van het St. Andriesklooster"}, "geometry": {"type": "MultiPolygon", "coordinates": [[[[4.1552, 51.8936], [4.1553, 51.8936], [4.1554, 51.8937], [4.1558, 51.8938], [4.1558, 51.8939], [4.1559, 51.8939], [4.156, 51.8939], [4.1563, 51.8941], [4.1563, 51.8942], [4.1563, 51.8942], [4.1561, 51.8943], [4.1561, 51.8943], [4.1562, 51.8944], [4.1562, 51.8944], [4.1562, 51.8944], [4.1562, 51.8944], [4.1557, 51.8948], [4.1556, 51.8948], [4.1556, 51.8948], [4.1555, 51.8947], [4.1554, 51.8947], [4.1552, 51.8945], [4.155, 51.8945], [4.1552, 51.8942], [4.1548, 51.894], [4.1551, 51.8936], [4.1552, 51.8936]]]]}}, {"type": "Feature", "properties": {"MONUMENTNR": 10332, "Gemeente": "Westvoorne", "Plaats": "Tinte", "Toponiem": "Polder Zuurland; Pansersdijk", "Datering": "Romeinse tijd", "WAARDE": "Terrein van hoge archeologische waarde", "Zichtbaarh": "nee", "Beschrijving": "Bewoningssporen"}, "geometry": {"type": "MultiPolygon", "coordinates": [[[[4.1442, 51.8888], [4.145, 51.8891], [4.1444, 51.89], [4.1435, 51.8898], [4.1442, 51.8888]]]]}}, {"type": "Feature", "properties": {"MONUMENTNR": 10368, "Gemeente": "Brielle", "Plaats": "Brielle", "Toponiem": "Hossenbosdijk/De Nolle/Groene Kruisweg", "Datering": "Late IJzertijd", "WAARDE": "Terrein van hoge archeologische waarde", "Zichtbaarh": "nee", "Beschrijving": "Bewoningssporen"}, "geometry": {"type": "MultiPolygon", "coordinates": [[[[4.181, 51.8897], [4.1823, 51.8918], [4.1825, 51.8921], [4.1829, 51.8929], [4.1833, 51.8936], [4.1834, 51.8937], [4.1829, 51.8939], [4.1827, 51.8939], [4.1824, 51.8939], [4.1822, 51.8939], [4.1819, 51.8941], [4.1811, 51.8944], [4.1801, 51.8925], [4.1794, 51.8917], [4.1784, 51.8905], [4.1791, 51.8902], [4.1798, 51.8899], [4.18, 51.8899], [4.1805, 51.8898], [4.1808, 51.8897], [4.181, 51.8897]]]]}}, {"type": "Feature", "properties": {"MONUMENTNR": 10370, "Gemeente": "Brielle", "Plaats": "Brielle", "Toponiem": "Veckhoekse Sluisweg", "Datering": "Romeinse tijd", "WAARDE": "Terrein van hoge archeologische waarde", "Zichtbaarh": "nee", "Beschrijving": "Bewoningssporen"}, "geometry": {"type": "MultiPolygon", "coordinates": [[[[4.1957, 51.8926], [4.1963, 51.8929], [4.1959, 51.8932], [4.1953, 51.8937], [4.1946, 51.8933], [4.1952, 51.8929], [4.1957, 51.8926]]]]}}, {"type": "Feature", "properties": {"MONUMENTNR": 10371, "Gemeente": "Brielle", "Plaats": "Vierpolders", "Toponiem": "Polder Veckhoek", "Datering": "Late Middeleeuwen", "WAARDE": "Terrein van hoge archeologische waarde", "Zichtbaarh": "nee", "Beschrijving": "Bewoningssporen"}, "geometry": {"type": "MultiPolygon", "coordinates": [[[[4.1923, 51.8855], [4.1924, 51.8857], [4.1926, 51.8858], [4.1927, 51.886], [4.1929, 51.8861], [4.193, 51.8863], [4.193, 51.8864], [4.1931, 51.8865], [4.1917, 51.8869], [4.191, 51.8858], [4.1923, 51.8855]]]]}}, {"type": "Feature", "properties": {"MONUMENTNR": 10372, "Gemeente": "Brielle", "Plaats": "Vierpolders", "Toponiem": "Polder Veckhoek; Kerkweg", "Datering": "1) IJzertijd; 2) Midden-Romeinse tijd; 3) Late Middeleeuwen", "WAARDE": "Terrein van hoge archeologische waarde", "Zichtbaarh": "nee", "Beschrijving": "1-3) Bewoningssporen"}, "geometry": {"type": "MultiPolygon", "coordinates": [[[[4.1872, 51.884], [4.1876, 51.8847], [4.1866, 51.8849], [4.1864, 51.8848], [4.1863, 51.8847], [4.1861, 51.8845], [4.1858, 51.8843], [4.1872, 51.884]]]]}}, {"type": "Feature", "properties": {"MONUMENTNR": 10380, "Gemeente": "Brielle", "Plaats": "Vierpolders", "Toponiem": "Polder Oude-Gote", "Datering": "Midden Romeinse Tijd", "WAARDE": "Terrein van hoge archeologische waarde", "Zichtbaarh": "nee", "Beschrijving": "Bewoningssporen"}, "geometry": {"type": "MultiPolygon", "coordinates": [[[[4.176, 51.8818], [4.1765, 51.8823], [4.1757, 51.8826], [4.1753, 51.8821], [4.176, 51.8818]]]]}}, {"type": "Feature", "properties": {"MONUMENTNR": 4101, "Gemeente": "Brielle", "Plaats": "Zwartewaal", "Toponiem": "Wilhelminalaan", "Datering": "Late Middeleeuwen", "WAARDE": "Terrein van hoge archeologische waarde", "Zichtbaarh": "nee", "Beschrijving": "Resten van een motteheuvel."}, "geometry": {"type": "MultiPolygon", "coordinates": [[[[4.221, 51.8825], [4.221, 51.8826], [4.2211, 51.8827], [4.2211, 51.8829], [4.2211, 51.8831], [4.2211, 51.8833], [4.2211, 51.8833], [4.221, 51.8835], [4.221, 51.8836], [4.221, 51.8836], [4.2206, 51.8836], [4.2206, 51.8835], [4.2206, 51.8833], [4.2205, 51.8832], [4.2204, 51.883], [4.2204, 51.8829], [4.2204, 51.8828], [4.2204, 51.8827], [4.2204, 51.8827], [4.2204, 51.8826], [4.221, 51.8825]]]]}}, {"type": "Feature", "properties": {"MONUMENTNR": 6433, "Gemeente": "Zwijndrecht", "Plaats": "Zwijndrecht", "Toponiem": "Eemstein", "Datering": "Late Middeleeuwen; 1432-1572", "WAARDE": "Terrein van hoge archeologische waarde", "Zichtbaarh": "ja", "Beschrijving": "1) Resten van het klooster Eemstein met bijgebouw"}, "geometry": {"type": "MultiPolygon", "coordinates": [[[[4.5969, 51.8179], [4.5973, 51.8182], [4.5972, 51.8183], [4.5972, 51.8184], [4.5979, 51.8191], [4.5986, 51.8197], [4.5988, 51.8198], [4.5965, 51.8206], [4.5963, 51.8205], [4.5949, 51.8188], [4.5947, 51.8184], [4.5969, 51.8179]]]]}}, {"type": "Feature", "properties": {"MONUMENTNR": 6596, "Gemeente": "Zwijndrecht", "Plaats": "Heerjansdam", "Toponiem": "Polder het Buitenland; Lage Nesse", "Datering": "Late Middeleeuwen: 11 eeuw- 13e eeuw", "WAARDE": "Terrein van hoge archeologische waarde", "Zichtbaarh": "nee", "Beschrijving": "Bewoningssporen"}, "geometry": {"type": "MultiPolygon", "coordinates": [[[[4.5731, 51.8302], [4.5737, 51.8304], [4.5735, 51.8306], [4.5734, 51.8306], [4.5734, 51.8307], [4.5732, 51.8308], [4.573, 51.8309], [4.573, 51.8309], [4.5725, 51.8306], [4.5726, 51.8305], [4.5727, 51.8304], [4.5729, 51.8303], [4.5731, 51.8302]]]]}}, {"type": "Feature", "properties": {"MONUMENTNR": 6598, "Gemeente": "Zwijndrecht", "Plaats": "Kleine-Lindt", "Toponiem": "Polder Groote- en Kleine Lindt", "Datering": "Romeinse tijd", "WAARDE": "Terrein van hoge archeologische waarde", "Zichtbaarh": "nee", "Beschrijving": "Bewoningssporen"}, "geometry": {"type": "MultiPolygon", "coordinates": [[[[4.587, 51.8277], [4.587, 51.8277], [4.587, 51.8278], [4.5871, 51.8279], [4.5871, 51.828], [4.5872, 51.8281], [4.5873, 51.8282], [4.5873, 51.8283], [4.5864, 51.8286], [4.586, 51.828], [4.587, 51.8277]]]]}}, {"type": "Feature", "properties": {"MONUMENTNR": 6597, "Gemeente": "Zwijndrecht", "Plaats": "Kleine-Lindt", "Toponiem": "Polder Groote- en Kleine Lindt; Lindeweg", "Datering": "1) Romeinse tijd; 2) late Middeleeuwen", "WAARDE": "Terrein van hoge archeologische waarde", "Zichtbaarh": "nee", "Beschrijving": "1-2) Bewoningssporen"}, "geometry": {"type": "MultiPolygon", "coordinates": [[[[4.5809, 51.8269], [4.5815, 51.8277], [4.5805, 51.828], [4.5804, 51.8279], [4.5803, 51.8278], [4.58, 51.8276], [4.5798, 51.8274], [4.5795, 51.8272], [4.5809, 51.8269]]]]}}, {"type": "Feature", "properties": {"MONUMENTNR": 6585, "Gemeente": "Zwijndrecht", "Plaats": "Heerjansdam", "Toponiem": "Kijfhoek", "Datering": "Late Middeleeuwen", "WAARDE": "Terrein van hoge archeologische waarde", "Zichtbaarh": "nee", "Beschrijving": "Huisterp"}, "geometry": {"type": "MultiPolygon", "coordinates": [[[[4.5901, 51.8257], [4.5907, 51.8263], [4.5894, 51.8267], [4.588, 51.8272], [4.5881, 51.827], [4.5884, 51.8267], [4.5887, 51.8266], [4.589, 51.8264], [4.5892, 51.8262], [4.5894, 51.8261], [4.5898, 51.8259], [4.5901, 51.8257]]]]}}, {"type": "Feature", "properties": {"MONUMENTNR": 10697, "Gemeente": "Zwijndrecht", "Plaats": "Kijfhoek", "Toponiem": "Polder Groote- en Kleine Lindt", "Datering": "1) Midden Romeinse tijd; 2) Late Middeleeuwen A+B", "WAARDE": "Terrein van hoge archeologische waarde", "Zichtbaarh": "nee", "Beschrijving": "1-2) Bewoningssporen"}, "geometry": {"type": "MultiPolygon", "coordinates": [[[[4.5925, 51.8228], [4.5933, 51.8234], [4.5937, 51.8237], [4.5934, 51.8238], [4.5927, 51.824], [4.5922, 51.8241], [4.592, 51.8241], [4.5912, 51.8233], [4.5925, 51.8228]]]]}}, {"type": "Feature", "properties": {"MONUMENTNR": 10464, "Gemeente": "Zwijndrecht", "Plaats": "Kijfhoek", "Toponiem": "Kijfhoek; De Munnikendevel; Develzicht", "Datering": "Late Middeleeuwen A en B", "WAARDE": "Terrein van hoge archeologische waarde", "Zichtbaarh": "ja", "Beschrijving": "Mogelijk huisterpen"}, "geometry": {"type": "MultiPolygon", "coordinates": [[[[4.5967, 51.8224], [4.5968, 51.8224], [4.5969, 51.8225], [4.597, 51.8225], [4.5971, 51.8226], [4.5972, 51.8226], [4.5973, 51.8227], [4.5974, 51.8227], [4.5975, 51.8228], [4.5977, 51.8228], [4.5982, 51.8232], [4.5984, 51.8234], [4.5982, 51.8235], [4.598, 51.8236], [4.5979, 51.8236], [4.5978, 51.8236], [4.5977, 51.8236], [4.5976, 51.8236], [4.5974, 51.8236], [4.5972, 51.8236], [4.5969, 51.8229], [4.5967, 51.8224]]]]}}, {"type": "Feature", "properties": {"MONUMENTNR": 6459, "Gemeente": "Zwijndrecht", "Plaats": "Zwijndrecht", "Toponiem": "Develpad/Beethovenlaan; Oude Landsbrug", "Datering": "Late Middeleeuwen", "WAARDE": "Terrein van hoge archeologische waarde", "Zichtbaarh": "nee", "Beschrijving": "Twee huisterpen"}, "geometry": {"type": "MultiPolygon", "coordinates": [[[[4.6061, 51.8181], [4.6064, 51.8182], [4.6067, 51.8182], [4.6069, 51.8182], [4.607, 51.8182], [4.6074, 51.8182], [4.6078, 51.8187], [4.6071, 51.819], [4.6061, 51.8181]]]]}}, {"type": "Feature", "properties": {"MONUMENTNR": 6599, "Gemeente": "Zwijndrecht", "Plaats": "Kijfhoek", "Toponiem": "Kijfhoek", "Datering": "Late Middeleeuwen", "WAARDE": "Terrein van hoge archeologische waarde", "Zichtbaarh": "nee", "Beschrijving": "Bewoningssporen"}, "geometry": {"type": "MultiPolygon", "coordinates": [[[[4.5892, 51.8323], [4.5893, 51.833], [4.589, 51.833], [4.5888, 51.833], [4.5885, 51.8331], [4.5883, 51.8331], [4.5882, 51.8325], [4.5892, 51.8323]]]]}}, {"type": "Feature", "properties": {"MONUMENTNR": 6429, "Gemeente": "Zwijndrecht", "Plaats": "Kijfhoek", "Toponiem": "Kijfhoek", "Datering": "Late Middeleeuwen en Nieuwe Tijd", "WAARDE": "Terrein van hoge archeologische waarde", "Zichtbaarh": "ja", "Beschrijving": "Huiswerf"}, "geometry": {"type": "MultiPolygon", "coordinates": [[[[4.5893, 51.833], [4.5893, 51.8325], [4.5895, 51.8324], [4.5897, 51.8324], [4.5898, 51.8323], [4.59, 51.8323], [4.5901, 51.8323], [4.5905, 51.8328], [4.5904, 51.8328], [4.5902, 51.8329], [4.5898, 51.8329], [4.5893, 51.833]]]]}}, {"type": "Feature", "properties": {"MONUMENTNR": 6430, "Gemeente": "Zwijndrecht", "Plaats": "Kijfhoek", "Toponiem": "Kijfhoek", "Datering": "1) Romeinse tijd; 2) late Middeleeuwen", "WAARDE": "Terrein van hoge archeologische waarde", "Zichtbaarh": "ja", "Beschrijving": "1) Bewoningssporen; 2) huiswerf"}, "geometry": {"type": "MultiPolygon", "coordinates": [[[[4.5924, 51.831], [4.5932, 51.8316], [4.5929, 51.8317], [4.5928, 51.8317], [4.5926, 51.8318], [4.5924, 51.8319], [4.5923, 51.832], [4.5922, 51.8321], [4.5919, 51.8322], [4.5914, 51.8318], [4.5915, 51.8317], [4.5918, 51.8315], [4.5919, 51.8313], [4.5921, 51.8312], [4.5923, 51.8311], [4.5924, 51.831]]]]}}, {"type": "Feature", "properties": {"MONUMENTNR": 6431, "Gemeente": "Zwijndrecht", "Plaats": "Kijfhoek", "Toponiem": "Kijfhoek", "Datering": "Late Middeleeuwen en Nieuwe Tijd", "WAARDE": "Terrein van hoge archeologische waarde", "Zichtbaarh": "ja", "Beschrijving": "Huisterp"}, "geometry": {"type": "MultiPolygon", "coordinates": [[[[4.5949, 51.8295], [4.595, 51.8296], [4.5951, 51.8296], [4.5952, 51.8298], [4.5952, 51.8299], [4.5952, 51.8299], [4.5951, 51.83], [4.5949, 51.8301], [4.5947, 51.8302], [4.5946, 51.8304], [4.5946, 51.8305], [4.5944, 51.8306], [4.5943, 51.8307], [4.5942, 51.8308], [4.594, 51.831], [4.5932, 51.8305], [4.593, 51.8303], [4.5943, 51.83], [4.5941, 51.8297], [4.5949, 51.8295]]]]}}, {"type": "Feature", "properties": {"MONUMENTNR": 6460, "Gemeente": "Zwijndrecht", "Plaats": "Zwijndrecht", "Toponiem": "Develpad; Oudeland", "Datering": "Late Middeleeuwen", "WAARDE": "Terrein van hoge archeologische waarde", "Zichtbaarh": "nee", "Beschrijving": "Twee huisterpen"}, "geometry": {"type": "MultiPolygon", "coordinates": [[[[4.6088, 51.8183], [4.609, 51.8183], [4.6092, 51.8185], [4.6089, 51.8187], [4.6084, 51.8183], [4.6088, 51.8183]]]]}}, {"type": "Feature", "properties": {"MONUMENTNR": 6591, "Gemeente": "Zwijndrecht", "Plaats": "Heerjansdam", "Toponiem": "Landzicht", "Datering": "Late Middeleeuwen", "WAARDE": "Terrein van hoge archeologische waarde", "Zichtbaarh": "ja", "Beschrijving": "Kerkterrein"}, "geometry": {"type": "MultiPolygon", "coordinates": [[[[4.5705, 51.8412], [4.5706, 51.8412], [4.5706, 51.8412], [4.5707, 51.8412], [4.5708, 51.8416], [4.5708, 51.8416], [4.5707, 51.8417], [4.5706, 51.8417], [4.5706, 51.8417], [4.5705, 51.8417], [4.5706, 51.8418], [4.5706, 51.8418], [4.5706, 51.8419], [4.5706, 51.842], [4.5705, 51.842], [4.5705, 51.842], [4.5702, 51.8421], [4.5701, 51.8421], [4.5701, 51.842], [4.57, 51.8419], [4.5698, 51.8417], [4.5697, 51.8416], [4.5696, 51.8415], [4.5694, 51.8414], [4.5698, 51.8413], [4.5702, 51.8412], [4.5704, 51.8412], [4.5705, 51.8412]]]]}}, {"type": "Feature", "properties": {"MONUMENTNR": 6594, "Gemeente": "Ridderkerk", "Plaats": "Rijsoord", "Toponiem": "Polder Rijsoord en Strevelshoek; Langeweg, Waalweg", "Datering": "Late Middeleeuwen", "WAARDE": "Terrein van hoge archeologische waarde", "Zichtbaarh": "nee", "Beschrijving": "Resten van een waterkering"}, "geometry": {"type": "MultiPolygon", "coordinates": [[[[4.5753, 51.8464], [4.5753, 51.8469], [4.5742, 51.8471], [4.5742, 51.8466], [4.5753, 51.8464]]]]}}, {"type": "Feature", "properties": {"MONUMENTNR": 6590, "Gemeente": "Ridderkerk", "Plaats": "Rijsoord", "Toponiem": "Polder Rijsoord en Strevelshoek; Waalweg", "Datering": "1) Romeinse tijd; 2) Vroege Middeleeuwen, 9e/10e eeuw; 3) Late Middeleeuwen 11e-13e eeuw", "WAARDE": "Terrein van hoge archeologische waarde", "Zichtbaarh": "nee", "Beschrijving": "1) Bewoningssporen; 2) Verdronken dorp"}, "geometry": {"type": "MultiPolygon", "coordinates": [[[[4.5741, 51.8495], [4.5741, 51.8513], [4.5741, 51.8533], [4.5741, 51.8541], [4.5737, 51.8539], [4.5733, 51.8537], [4.5728, 51.8534], [4.5724, 51.853], [4.5722, 51.8527], [4.5723, 51.8523], [4.5725, 51.8513], [4.5726, 51.851], [4.5721, 51.8509], [4.5724, 51.8501], [4.5726, 51.8495], [4.5741, 51.8495]]]]}}, {"type": "Feature", "properties": {"MONUMENTNR": 10507, "Gemeente": "Ridderkerk", "Plaats": "Rijsoord", "Toponiem": "Polder Rijsoord en Strevelshoek; Waalweg", "Datering": "Late Middeleeuwen, 11e-13 eeuw", "WAARDE": "Terrein van hoge archeologische waarde", "Zichtbaarh": "nee", "Beschrijving": "Bewoningssporen"}, "geometry": {"type": "MultiPolygon", "coordinates": [[[[4.5851, 51.8524], [4.5846, 51.8526], [4.5843, 51.8527], [4.584, 51.8528], [4.5838, 51.8522], [4.5849, 51.8519], [4.5851, 51.8524]]]]}}, {"type": "Feature", "properties": {"MONUMENTNR": 6593, "Gemeente": "Ridderkerk", "Plaats": "Rijsoord", "Toponiem": "Polder Rijsoord en Strevelshoek; Waalweg", "Datering": "Late Middeleeuwen", "WAARDE": "Terrein van hoge archeologische waarde", "Zichtbaarh": "nee", "Beschrijving": "Bewoningssporen"}, "geometry": {"type": "MultiPolygon", "coordinates": [[[[4.5849, 51.8519], [4.5848, 51.8516], [4.5857, 51.8514], [4.5861, 51.8522], [4.5851, 51.8524], [4.5849, 51.8519]]]]}}, {"type": "Feature", "properties": {"MONUMENTNR": 6595, "Gemeente": "Ridderkerk", "Plaats": "Rijsoord", "Toponiem": "Polder Rijsoord en Strevelshoek; Waalweg, BOOR 21-22", "Datering": "Late Middeleeuwen", "WAARDE": "Terrein van hoge archeologische waarde", "Zichtbaarh": "nee", "Beschrijving": "Bewoningssporen"}, "geometry": {"type": "MultiPolygon", "coordinates": [[[[4.5883, 51.8507], [4.5888, 51.8516], [4.5886, 51.8516], [4.5882, 51.8517], [4.588, 51.8517], [4.5876, 51.8519], [4.5871, 51.851], [4.5883, 51.8507]]]]}}, {"type": "Feature", "properties": {"MONUMENTNR": 6428, "Gemeente": "Ridderkerk", "Plaats": "Rijsoord", "Toponiem": "Pruimendijk; De Noord", "Datering": "Late Middeleeuwen (11e-13e eeuw)", "WAARDE": "Terrein van hoge archeologische waarde", "Zichtbaarh": "nee", "Beschrijving": "Bewoningssporen"}, "geometry": {"type": "MultiPolygon", "coordinates": [[[[4.6105, 51.8507], [4.6107, 51.8512], [4.6099, 51.8513], [4.6098, 51.8508], [4.6105, 51.8507]]]]}}, {"type": "Feature", "properties": {"MONUMENTNR": 6456, "Gemeente": "Hendrik-Ido-Ambacht", "Plaats": "Hendrik-Ido-Ambacht", "Toponiem": "Bouquet", "Datering": "Late Middeleeuwen", "WAARDE": "Terrein van hoge archeologische waarde", "Zichtbaarh": "nee", "Beschrijving": "Resten van het versterkte huis Bouquet."}, "geometry": {"type": "MultiPolygon", "coordinates": [[[[4.631, 51.8496], [4.6314, 51.85], [4.6316, 51.8503], [4.6315, 51.8503], [4.6314, 51.8504], [4.6314, 51.8504], [4.6313, 51.8504], [4.6312, 51.8504], [4.6312, 51.8504], [4.631, 51.8504], [4.6297, 51.8508], [4.6296, 51.8506], [4.6294, 51.8503], [4.6293, 51.8501], [4.6292, 51.85], [4.6294, 51.85], [4.6297, 51.8499], [4.6299, 51.8499], [4.6302, 51.8498], [4.6305, 51.8498], [4.6306, 51.8497], [4.6308, 51.8497], [4.631, 51.8496]]]]}}, {"type": "Feature", "properties": {"MONUMENTNR": 6432, "Gemeente": "Hendrik-Ido-Ambacht", "Plaats": "Hendrik-Ido-Ambacht", "Toponiem": "Kerkstraat", "Datering": "Late Middeleeuwen", "WAARDE": "Terrein van hoge archeologische waarde", "Zichtbaarh": "ja", "Beschrijving": "Resten van de stenen kamer Waelnes"}, "geometry": {"type": "MultiPolygon", "coordinates": [[[[4.6377, 51.8492], [4.6381, 51.8495], [4.6381, 51.8495], [4.638, 51.8495], [4.6378, 51.8496], [4.6378, 51.8496], [4.6373, 51.8494], [4.6377, 51.8492]]]]}}, {"type": "Feature", "properties": {"MONUMENTNR": 10465, "Gemeente": "Alblasserdam", "Plaats": "Kortland", "Toponiem": "Polder Souburg; Kortland", "Datering": "1) Romeinse tijd; 2) Vroege en Late Middeleeuwen", "WAARDE": "Terrein van hoge archeologische waarde", "Zichtbaarh": "nee", "Beschrijving": "1-2) Bewoningssporen"}, "geometry": {"type": "MultiPolygon", "coordinates": [[[[4.6857, 51.8665], [4.686, 51.8671], [4.6859, 51.8671], [4.6857, 51.8671], [4.6854, 51.8672], [4.6853, 51.8672], [4.6851, 51.8673], [4.6848, 51.8673], [4.6846, 51.8673], [4.6845, 51.8673], [4.6843, 51.8673], [4.6841, 51.8673], [4.6839, 51.8674], [4.6837, 51.8674], [4.6835, 51.867], [4.6857, 51.8665]]]]}}, {"type": "Feature", "properties": {"MONUMENTNR": 6452, "Gemeente": "Molenwaard", "Plaats": "Oud-Alblas", "Toponiem": "Polder Noordzijde; Noordzijde/Heiweg", "Datering": "1) Mesolithicum en/of Neolithicum; 2) late Middeleeuwen", "WAARDE": "Terrein van hoge archeologische waarde", "Zichtbaarh": "nee", "Beschrijving": "1) Donk met bewoningssporen; 2) resten van een kerk"}, "geometry": {"type": "MultiPolygon", "coordinates": [[[[4.7079, 51.86], [4.7083, 51.8607], [4.7096, 51.8625], [4.7075, 51.863], [4.7071, 51.8625], [4.7055, 51.8603], [4.7054, 51.8602], [4.7054, 51.8601], [4.7055, 51.8601], [4.7055, 51.8601], [4.7056, 51.8601], [4.7057, 51.8601], [4.706, 51.8601], [4.7063, 51.8601], [4.7065, 51.8601], [4.7066, 51.8601], [4.7069, 51.8601], [4.7072, 51.8601], [4.7075, 51.8601], [4.7079, 51.86]]]]}}, {"type": "Feature", "properties": {"MONUMENTNR": 6449, "Gemeente": "Molenwaard", "Plaats": "Nieuw-Lekkerland", "Toponiem": "Polder Nieuw-Lekkerland; Tiendweg/Zijdeweg", "Datering": "Mesolithicum en/of Neolithicum", "WAARDE": "Terrein van hoge archeologische waarde", "Zichtbaarh": "nee", "Beschrijving": "Donk met bewoningssporen"}, "geometry": {"type": "MultiPolygon", "coordinates": [[[[4.7292, 51.8885], [4.7333, 51.8901], [4.7317, 51.8917], [4.7276, 51.8902], [4.7292, 51.8885]]]]}}, {"type": "Feature", "properties": {"MONUMENTNR": 6448, "Gemeente": "Molenwaard", "Plaats": "Nieuw-Lekkerland", "Toponiem": "Schoonenburgsche Heuvel", "Datering": "1) Neolithicum; 2) Late Middeleeuwen", "WAARDE": "Terrein van hoge archeologische waarde", "Zichtbaarh": "nee", "Beschrijving": "1) Bewoningssporen; 2) Resten van het Slot Schoonenburg"}, "geometry": {"type": "MultiPolygon", "coordinates": [[[[4.7237, 51.8856], [4.7248, 51.8861], [4.7262, 51.8867], [4.7261, 51.8867], [4.7261, 51.8868], [4.726, 51.8869], [4.7254, 51.8875], [4.7252, 51.8876], [4.7251, 51.8877], [4.725, 51.8878], [4.7249, 51.8878], [4.7249, 51.8879], [4.7249, 51.8879], [4.7248, 51.888], [4.7246, 51.8882], [4.7245, 51.8883], [4.7244, 51.8884], [4.7243, 51.8885], [4.7241, 51.8887], [4.7235, 51.8884], [4.7229, 51.8882], [4.7228, 51.8882], [4.7223, 51.8879], [4.7222, 51.8879], [4.7222, 51.8879], [4.7217, 51.8877], [4.7227, 51.8866], [4.7237, 51.8856]]]]}}, {"type": "Feature", "properties": {"MONUMENTNR": 6386, "Gemeente": "Molenwaard", "Plaats": "Streefkerk", "Toponiem": "Centrum; Kerklaan; Kerkstraat", "Datering": "Mesolithicum en/of Neolithicum", "WAARDE": "Terrein van hoge archeologische waarde", "Zichtbaarh": "nee", "Beschrijving": "Donk met bewoningssporen"}, "geometry": {"type": "MultiPolygon", "coordinates": [[[[4.7468, 51.8974], [4.7475, 51.8976], [4.749, 51.8983], [4.7484, 51.8988], [4.748, 51.8992], [4.7478, 51.8992], [4.7474, 51.8996], [4.747, 51.8999], [4.7469, 51.9001], [4.7468, 51.9002], [4.7465, 51.9004], [4.7464, 51.9005], [4.7465, 51.9006], [4.7459, 51.901], [4.7451, 51.9017], [4.7447, 51.9021], [4.7443, 51.902], [4.7441, 51.902], [4.744, 51.902], [4.7436, 51.902], [4.743, 51.902], [4.7428, 51.9019], [4.7424, 51.9019], [4.7418, 51.9018], [4.7416, 51.9018], [4.7413, 51.9017], [4.741, 51.9016], [4.7408, 51.9016], [4.7405, 51.9015], [4.7401, 51.9013], [4.7409, 51.9006], [4.7451, 51.8967], [4.7468, 51.8974]]]]}}, {"type": "Feature", "properties": {"MONUMENTNR": 10468, "Gemeente": "Krimpenerwaard", "Plaats": "Opperduit", "Toponiem": "Polder Den Hoek; Opperduit", "Datering": "Mesolithicum en/of Neolithicum", "WAARDE": "Terrein van hoge archeologische waarde", "Zichtbaarh": "nee", "Beschrijving": "Donk met bewoningssporen"}, "geometry": {"type": "MultiPolygon", "coordinates": [[[[4.7056, 51.8996], [4.7128, 51.8995], [4.7128, 51.8997], [4.7128, 51.8999], [4.7183, 51.8999], [4.7184, 51.901], [4.7165, 51.9011], [4.7165, 51.9015], [4.7078, 51.9015], [4.7078, 51.9014], [4.7078, 51.9013], [4.7079, 51.9012], [4.7078, 51.9011], [4.7078, 51.9008], [4.7078, 51.9007], [4.7067, 51.9007], [4.7067, 51.9003], [4.7067, 51.9002], [4.7059, 51.9002], [4.7058, 51.9002], [4.7057, 51.9002], [4.7057, 51.9001], [4.7056, 51.8996]]]]}}, {"type": "Feature", "properties": {"MONUMENTNR": 10479, "Gemeente": "Molenwaard", "Plaats": "Streefkerk", "Toponiem": "Polder Streefkerk; De Meerdonk", "Datering": "Mesolithicum en/of Neolithicum", "WAARDE": "Terrein van hoge archeologische waarde", "Zichtbaarh": "nee", "Beschrijving": "Donk met bewoningssporen"}, "geometry": {"type": "MultiPolygon", "coordinates": [[[[4.7456, 51.885], [4.7477, 51.8858], [4.7473, 51.8862], [4.7485, 51.8867], [4.7479, 51.8872], [4.7446, 51.886], [4.7456, 51.885]]]]}}, {"type": "Feature", "properties": {"MONUMENTNR": 10467, "Gemeente": "Krimpenerwaard", "Plaats": "Lekkerkerk", "Toponiem": "Polder Den Hoek; Lekkerkerk-Donk", "Datering": "Mesolithicum en/of Neolithicum", "WAARDE": "Terrein van hoge archeologische waarde", "Zichtbaarh": "nee", "Beschrijving": "Donk met bewoningssporen"}, "geometry": {"type": "MultiPolygon", "coordinates": [[[[4.7003, 51.8993], [4.7011, 51.8994], [4.7011, 51.8994], [4.7011, 51.8995], [4.7011, 51.8996], [4.7016, 51.8996], [4.7016, 51.8998], [4.7023, 51.8998], [4.7023, 51.8999], [4.7036, 51.8999], [4.7036, 51.9002], [4.7048, 51.9002], [4.7057, 51.9002], [4.7057, 51.9005], [4.7057, 51.9007], [4.7065, 51.9007], [4.7066, 51.9012], [4.7073, 51.9012], [4.7074, 51.9013], [4.7074, 51.9013], [4.7074, 51.9014], [4.7075, 51.902], [4.7078, 51.902], [4.7078, 51.9024], [4.7078, 51.9028], [4.7078, 51.903], [4.7079, 51.9034], [4.705, 51.9034], [4.705, 51.9039], [4.702, 51.9039], [4.7019, 51.9036], [4.7019, 51.9032], [4.7019, 51.9029], [4.7018, 51.9028], [4.7018, 51.9026], [4.7018, 51.9024], [4.7018, 51.9017], [4.7017, 51.9009], [4.7017, 51.9007], [4.7012, 51.9007], [4.7012, 51.9005], [4.7004, 51.9005], [4.7003, 51.9], [4.7, 51.9], [4.6997, 51.9], [4.6996, 51.8993], [4.7003, 51.8993]]]]}}, {"type": "Feature", "properties": {"MONUMENTNR": 10471, "Gemeente": "Krimpenerwaard", "Plaats": "Bergambacht", "Toponiem": "Centrum; Hoofdstraat; Huisstraat", "Datering": "1) Mesolithicum en/of Neolithicum; 2) Late Middeleeuwen", "WAARDE": "Terrein van hoge archeologische waarde", "Zichtbaarh": "nee", "Beschrijving": "1) Donk met bewoningssporen; 2) bewoningssporen"}, "geometry": {"type": "MultiPolygon", "coordinates": [[[[4.7846, 51.931], [4.7846, 51.931], [4.7845, 51.9313], [4.7844, 51.9319], [4.7845, 51.9325], [4.7846, 51.9328], [4.7846, 51.9331], [4.7846, 51.9346], [4.7838, 51.9346], [4.7829, 51.9346], [4.7821, 51.9347], [4.782, 51.9346], [4.782, 51.9346], [4.7815, 51.9346], [4.7815, 51.9345], [4.7815, 51.9344], [4.7815, 51.9342], [4.7816, 51.934], [4.7816, 51.9338], [4.7816, 51.9335], [4.7814, 51.933], [4.7813, 51.9328], [4.7812, 51.9327], [4.7812, 51.9323], [4.7812, 51.9321], [4.7812, 51.9317], [4.7812, 51.9309], [4.7812, 51.9305], [4.7818, 51.9305], [4.7831, 51.9306], [4.7838, 51.9308], [4.7843, 51.9309], [4.7846, 51.931]]], [[[4.7827, 51.9297], [4.7835, 51.9297], [4.7836, 51.9297], [4.7837, 51.9298], [4.7838, 51.9299], [4.7839, 51.9301], [4.7838, 51.9301], [4.7837, 51.9303], [4.7837, 51.9304], [4.7836, 51.9305], [4.7834, 51.9305], [4.783, 51.9305], [4.7825, 51.9304], [4.7822, 51.9304], [4.7823, 51.9303], [4.7823, 51.9301], [4.7824, 51.93], [4.7824, 51.9299], [4.7825, 51.9298], [4.7825, 51.9297], [4.7827, 51.9297], [4.7827, 51.9297]]]]}}, {"type": "Feature", "properties": {"MONUMENTNR": 10492, "Gemeente": "Molenwaard", "Plaats": "Groot-Ammers", "Toponiem": "Polder Streefkerk; Donk Van Pierhagen", "Datering": "Mesolithicum en/of Neolithicum", "WAARDE": "Terrein van hoge archeologische waarde", "Zichtbaarh": "nee", "Beschrijving": "Donk met bewoningssporen"}, "geometry": {"type": "MultiPolygon", "coordinates": [[[[4.8128, 51.9185], [4.8143, 51.9192], [4.8124, 51.9209], [4.8121, 51.9208], [4.8119, 51.9207], [4.8115, 51.9207], [4.8114, 51.9207], [4.8113, 51.9207], [4.8112, 51.9207], [4.8111, 51.9207], [4.811, 51.9207], [4.8109, 51.9207], [4.8108, 51.9207], [4.8107, 51.9207], [4.8106, 51.9207], [4.8105, 51.9207], [4.8104, 51.9208], [4.8103, 51.9208], [4.8101, 51.9208], [4.8101, 51.9208], [4.8101, 51.9208], [4.8103, 51.9206], [4.8104, 51.9205], [4.8112, 51.9198], [4.8128, 51.9185]]]]}}, {"type": "Feature", "properties": {"MONUMENTNR": 6390, "Gemeente": "Bergambacht", "Plaats": "Bergambacht", "Toponiem": "t Slot; s-Heer Aartsberg", "Datering": "1) Meso-/ Neolithicum; 2) 1250; 3) 1610", "WAARDE": "Terrein van hoge archeologische waarde", "Zichtbaarh": "ja", "Beschrijving": "1) donk met prehistorische bewoningssporen 2) resten van het kasteel 's-Heer Aartsberg; 3) resten van een landhuis"}, "geometry": {"type": "MultiPolygon", "coordinates": [[[[4.7827, 51.9297], [4.7835, 51.9297], [4.7836, 51.9297], [4.7837, 51.9298], [4.7838, 51.9299], [4.7839, 51.9301], [4.7838, 51.9301], [4.7837, 51.9303], [4.7837, 51.9304], [4.7836, 51.9305], [4.7834, 51.9305], [4.783, 51.9305], [4.7825, 51.9304], [4.7822, 51.9304], [4.7823, 51.9303], [4.7823, 51.9301], [4.7824, 51.93], [4.7824, 51.9299], [4.7825, 51.9298], [4.7825, 51.9297], [4.7827, 51.9297], [4.7827, 51.9297]]]]}}, {"type": "Feature", "properties": {"MONUMENTNR": 6572, "Gemeente": "Krimpenerwaard", "Plaats": "Schoonouwen", "Toponiem": "Schoonouwense Weg", "Datering": "Late Middeleeuwen en Nieuwe Tijd", "WAARDE": "Terrein van hoge archeologische waarde", "Zichtbaarh": "ja", "Beschrijving": "Huisterp"}, "geometry": {"type": "MultiPolygon", "coordinates": [[[[4.7857, 51.9619], [4.7864, 51.9619], [4.7864, 51.9621], [4.7864, 51.9624], [4.7864, 51.9625], [4.7863, 51.9625], [4.7862, 51.9625], [4.7862, 51.9625], [4.7861, 51.9625], [4.7861, 51.9625], [4.786, 51.9625], [4.7859, 51.9625], [4.7856, 51.9625], [4.7856, 51.9625], [4.7855, 51.9624], [4.7855, 51.962], [4.7856, 51.962], [4.7856, 51.962], [4.7855, 51.9619], [4.7855, 51.9619], [4.7857, 51.9619]]]]}}, {"type": "Feature", "properties": {"MONUMENTNR": 6571, "Gemeente": "Krimpenerwaard", "Plaats": "Schoonouwen", "Toponiem": "Schoonouwense Weg", "Datering": "Late Middeleeuwen en Nieuwe Tijd", "WAARDE": "Terrein van hoge archeologische waarde", "Zichtbaarh": "ja", "Beschrijving": "Huisterp"}, "geometry": {"type": "MultiPolygon", "coordinates": [[[[4.7836, 51.9614], [4.7841, 51.9614], [4.7841, 51.9615], [4.7841, 51.962], [4.7841, 51.9621], [4.7841, 51.9622], [4.784, 51.9623], [4.7839, 51.9622], [4.7838, 51.9622], [4.7837, 51.9622], [4.7836, 51.9622], [4.7836, 51.9621], [4.7836, 51.9614]]]]}}, {"type": "Feature", "properties": {"MONUMENTNR": 6570, "Gemeente": "Krimpenerwaard", "Plaats": "Schoonouwen", "Toponiem": "Schoonouwense Weg/Opweg", "Datering": "Late Middeleeuwen en Nieuwe Tijd", "WAARDE": "Terrein van hoge archeologische waarde", "Zichtbaarh": "ja", "Beschrijving": "Huisterp"}, "geometry": {"type": "MultiPolygon", "coordinates": [[[[4.7807, 51.9614], [4.7816, 51.9614], [4.7816, 51.9616], [4.7815, 51.9616], [4.7815, 51.9617], [4.7815, 51.9618], [4.7814, 51.9618], [4.7813, 51.9618], [4.7812, 51.9618], [4.7811, 51.9618], [4.781, 51.9618], [4.7809, 51.9617], [4.7808, 51.9617], [4.7807, 51.9616], [4.7807, 51.9615], [4.7807, 51.9614]]]]}}, {"type": "Feature", "properties": {"MONUMENTNR": 6569, "Gemeente": "Krimpenerwaard", "Plaats": "Schoonouwen", "Toponiem": "Schoonouwense Weg/Opweg", "Datering": "Late Middeleeuwen en Nieuwe Tijd", "WAARDE": "Terrein van hoge archeologische waarde", "Zichtbaarh": "ja", "Beschrijving": "Huisterp"}, "geometry": {"type": "MultiPolygon", "coordinates": [[[[4.7799, 51.9611], [4.7805, 51.9611], [4.7805, 51.9613], [4.7805, 51.9615], [4.7804, 51.9617], [4.7804, 51.9617], [4.7802, 51.9617], [4.78, 51.9616], [4.7799, 51.9616], [4.7798, 51.9616], [4.7798, 51.9615], [4.7799, 51.9611]]]]}}, {"type": "Feature", "properties": {"MONUMENTNR": 6568, "Gemeente": "Krimpenerwaard", "Plaats": "Schoonouwen", "Toponiem": "Schoonouwense Weg/Tentweg", "Datering": "Late Middeleeuwen en Nieuwe Tijd", "WAARDE": "Terrein van hoge archeologische waarde", "Zichtbaarh": "ja", "Beschrijving": "Huisterp"}, "geometry": {"type": "MultiPolygon", "coordinates": [[[[4.7782, 51.9611], [4.7787, 51.9611], [4.7789, 51.9611], [4.779, 51.9611], [4.779, 51.9611], [4.779, 51.9614], [4.7789, 51.9615], [4.7789, 51.9615], [4.7784, 51.9614], [4.7782, 51.9614], [4.7782, 51.9611]]]]}}, {"type": "Feature", "properties": {"MONUMENTNR": 6567, "Gemeente": "Krimpenerwaard", "Plaats": "Koolwijk", "Toponiem": "Koolwijkse Weg", "Datering": "Late Middeleeuwen en Nieuwe Tijd", "WAARDE": "Terrein van hoge archeologische waarde", "Zichtbaarh": "ja", "Beschrijving": "Huisterp"}, "geometry": {"type": "MultiPolygon", "coordinates": [[[[4.7745, 51.9601], [4.7752, 51.9601], [4.7752, 51.9607], [4.7752, 51.9608], [4.7752, 51.9608], [4.7751, 51.9608], [4.7749, 51.9608], [4.7747, 51.9607], [4.7745, 51.9607], [4.7745, 51.9606], [4.7745, 51.9605], [4.7745, 51.9601]]]]}}, {"type": "Feature", "properties": {"MONUMENTNR": 6566, "Gemeente": "Krimpenerwaard", "Plaats": "Koolwijk", "Toponiem": "Koolwijkse Weg", "Datering": "Late Middeleeuwen en Nieuwe Tijd", "WAARDE": "Terrein van hoge archeologische waarde", "Zichtbaarh": "ja", "Beschrijving": "Huisterp"}, "geometry": {"type": "MultiPolygon", "coordinates": [[[[4.7725, 51.9597], [4.7737, 51.9599], [4.7737, 51.9601], [4.7737, 51.9604], [4.7737, 51.9605], [4.7737, 51.9605], [4.7735, 51.9605], [4.7733, 51.9604], [4.7732, 51.9604], [4.7731, 51.9604], [4.7731, 51.9603], [4.773, 51.9604], [4.7729, 51.9603], [4.7727, 51.9603], [4.7726, 51.9602], [4.7725, 51.9601], [4.7725, 51.9597]]]]}}, {"type": "Feature", "properties": {"MONUMENTNR": 6565, "Gemeente": "Krimpenerwaard", "Plaats": "Koolwijk", "Toponiem": "Koolwijkse Weg", "Datering": "Late Middeleeuwen en Nieuwe Tijd", "WAARDE": "Terrein van hoge archeologische waarde", "Zichtbaarh": "ja", "Beschrijving": "Huisterp"}, "geometry": {"type": "MultiPolygon", "coordinates": [[[[4.7703, 51.959], [4.7708, 51.9591], [4.7707, 51.9598], [4.7704, 51.9598], [4.7703, 51.9597], [4.7703, 51.9597], [4.7702, 51.9596], [4.7702, 51.9595], [4.7703, 51.9592], [4.7703, 51.959]]]]}}, {"type": "Feature", "properties": {"MONUMENTNR": 6564, "Gemeente": "Krimpenerwaard", "Plaats": "Koolwijk", "Toponiem": "Koolwijkse Weg", "Datering": "Late Middeleeuwen en Nieuwe Tijd", "WAARDE": "Terrein van hoge archeologische waarde", "Zichtbaarh": "ja", "Beschrijving": "Huisterp"}, "geometry": {"type": "MultiPolygon", "coordinates": [[[[4.7661, 51.9581], [4.7665, 51.9581], [4.7665, 51.9588], [4.7663, 51.9588], [4.7661, 51.9587], [4.766, 51.9586], [4.766, 51.9586], [4.766, 51.9585], [4.766, 51.9585], [4.7661, 51.9585], [4.7661, 51.9584], [4.7661, 51.9581]]]]}}, {"type": "Feature", "properties": {"MONUMENTNR": 6563, "Gemeente": "Krimpenerwaard", "Plaats": "Koolwijk", "Toponiem": "Koolwijkse Weg", "Datering": "Late Middeleeuwen en Nieuwe Tijd", "WAARDE": "Terrein van hoge archeologische waarde", "Zichtbaarh": "ja", "Beschrijving": "Huisterp"}, "geometry": {"type": "MultiPolygon", "coordinates": [[[[4.7636, 51.9572], [4.7643, 51.9575], [4.7644, 51.9575], [4.7644, 51.9575], [4.7644, 51.9576], [4.7643, 51.9578], [4.7642, 51.958], [4.7642, 51.958], [4.7641, 51.958], [4.764, 51.958], [4.7637, 51.9579], [4.7636, 51.9578], [4.7635, 51.9577], [4.7635, 51.9576], [4.7635, 51.9576], [4.7635, 51.9575], [4.7636, 51.9575], [4.7636, 51.9574], [4.7636, 51.9572]]]]}}, {"type": "Feature", "properties": {"MONUMENTNR": 6562, "Gemeente": "Krimpenerwaard", "Plaats": "Koolwijk", "Toponiem": "Koolwijkse Weg", "Datering": "Late Middeleeuwen en Nieuwe Tijd", "WAARDE": "Terrein van hoge archeologische waarde", "Zichtbaarh": "ja", "Beschrijving": "Huisterp"}, "geometry": {"type": "MultiPolygon", "coordinates": [[[[4.7615, 51.9561], [4.7621, 51.9562], [4.7621, 51.9569], [4.7619, 51.9569], [4.7618, 51.9568], [4.7617, 51.9567], [4.7616, 51.9566], [4.7615, 51.9565], [4.7615, 51.9563], [4.7615, 51.9561]]]]}}, {"type": "Feature", "properties": {"MONUMENTNR": 6561, "Gemeente": "Krimpenerwaard", "Plaats": "Koolwijk", "Toponiem": "Koolwijkse Weg", "Datering": "Late Middeleeuwen en Nieuwe Tijd", "WAARDE": "Terrein van hoge archeologische waarde", "Zichtbaarh": "ja", "Beschrijving": "Huisterp"}, "geometry": {"type": "MultiPolygon", "coordinates": [[[[4.7598, 51.9552], [4.7598, 51.9553], [4.7599, 51.9554], [4.7599, 51.9554], [4.76, 51.9554], [4.76, 51.9554], [4.7599, 51.9556], [4.7599, 51.9557], [4.7598, 51.9559], [4.7597, 51.956], [4.7597, 51.956], [4.7596, 51.956], [4.7595, 51.956], [4.7594, 51.9559], [4.7592, 51.9559], [4.7591, 51.9558], [4.759, 51.9557], [4.759, 51.9557], [4.7592, 51.9553], [4.7598, 51.9552]]]]}}, {"type": "Feature", "properties": {"MONUMENTNR": 6560, "Gemeente": "Krimpenerwaard", "Plaats": "Koolwijk", "Toponiem": "Koolwijkse Weg", "Datering": "Late Middeleeuwen en Nieuwe Tijd. Bewoning aangevangen v¢¢r 1683.", "WAARDE": "Terrein van hoge archeologische waarde", "Zichtbaarh": "ja", "Beschrijving": "Huisterp"}, "geometry": {"type": "MultiPolygon", "coordinates": [[[[4.7572, 51.9543], [4.7572, 51.9546], [4.7573, 51.9547], [4.7574, 51.9548], [4.7574, 51.9548], [4.7574, 51.9549], [4.7574, 51.9551], [4.7574, 51.9551], [4.7573, 51.9551], [4.7572, 51.9551], [4.7571, 51.955], [4.757, 51.955], [4.7569, 51.955], [4.7568, 51.9549], [4.7568, 51.9549], [4.7567, 51.9548], [4.7566, 51.9548], [4.7566, 51.9543], [4.7572, 51.9543]]]]}}, {"type": "Feature", "properties": {"MONUMENTNR": 6573, "Gemeente": "Krimpenerwaard", "Plaats": "Schoonouwen", "Toponiem": "Schoonouwense Weg", "Datering": "Late Middeleeuwen en Nieuwe Tijd", "WAARDE": "Terrein van hoge archeologische waarde", "Zichtbaarh": "ja", "Beschrijving": "Huisterp"}, "geometry": {"type": "MultiPolygon", "coordinates": [[[[4.7896, 51.9622], [4.7899, 51.9622], [4.7902, 51.9623], [4.7902, 51.9623], [4.7902, 51.9624], [4.7902, 51.9624], [4.7902, 51.9627], [4.7902, 51.963], [4.7901, 51.963], [4.7901, 51.963], [4.79, 51.963], [4.7898, 51.963], [4.7896, 51.9629], [4.7895, 51.9629], [4.7895, 51.9626], [4.7895, 51.9625], [4.7895, 51.9623], [4.7896, 51.9622]]]]}}, {"type": "Feature", "properties": {"MONUMENTNR": 6575, "Gemeente": "Krimpenerwaard", "Plaats": "Schoonouwen", "Toponiem": "Schoonouwense Weg", "Datering": "Late Middeleeuwen en Nieuwe Tijd", "WAARDE": "Terrein van hoge archeologische waarde", "Zichtbaarh": "ja", "Beschrijving": "Huisterp"}, "geometry": {"type": "MultiPolygon", "coordinates": [[[[4.7947, 51.9632], [4.7955, 51.9632], [4.7955, 51.9635], [4.7954, 51.9636], [4.7954, 51.9637], [4.7954, 51.9637], [4.7954, 51.9639], [4.7953, 51.9639], [4.7953, 51.9639], [4.7952, 51.9639], [4.795, 51.9639], [4.7948, 51.9638], [4.7946, 51.9638], [4.7946, 51.9638], [4.7945, 51.9637], [4.7945, 51.9637], [4.7946, 51.9635], [4.7946, 51.9634], [4.7947, 51.9632]]]]}}, {"type": "Feature", "properties": {"MONUMENTNR": 6574, "Gemeente": "Krimpenerwaard", "Plaats": "Schoonouwen", "Toponiem": "Schoonouwense Weg", "Datering": "Late Middeleeuwen en Nieuwe Tijd", "WAARDE": "Terrein van hoge archeologische waarde", "Zichtbaarh": "ja", "Beschrijving": "Huisterp"}, "geometry": {"type": "MultiPolygon", "coordinates": [[[[4.7929, 51.9629], [4.7934, 51.9629], [4.7934, 51.963], [4.7935, 51.9631], [4.7935, 51.9632], [4.7934, 51.9635], [4.7934, 51.9635], [4.7933, 51.9635], [4.7933, 51.9635], [4.7932, 51.9635], [4.7932, 51.9635], [4.7932, 51.9635], [4.793, 51.9635], [4.7929, 51.9635], [4.7928, 51.9635], [4.7927, 51.9635], [4.7927, 51.9635], [4.7927, 51.9634], [4.7928, 51.9632], [4.7929, 51.9629]]]]}}, {"type": "Feature", "properties": {"MONUMENTNR": 4052, "Gemeente": "Teylingen", "Plaats": "Warmond", "Toponiem": "Hemmeerpolder; Hemmeer", "Datering": "Nieuwe Tijd", "WAARDE": "Terrein van hoge archeologische waarde", "Zichtbaarh": "ja", "Beschrijving": "Resten van het huis Hemmeer"}, "geometry": {"type": "MultiPolygon", "coordinates": [[[[4.5211, 52.2055], [4.5221, 52.2064], [4.5204, 52.2071], [4.5203, 52.2071], [4.5202, 52.2071], [4.5194, 52.2063], [4.5194, 52.2062], [4.5211, 52.2055]]]]}}, {"type": "Feature", "properties": {"MONUMENTNR": 4042, "Gemeente": "Lisse", "Plaats": "Lisse", "Toponiem": "Zemelpolder; Ru‹ne van Dever", "Datering": "IJzertijd tot Late Middeleeuwen", "WAARDE": "Terrein van hoge archeologische waarde", "Zichtbaarh": "ja", "Beschrijving": "Bewoningssporen; Resten van het kasteel Huis Dever"}, "geometry": {"type": "MultiPolygon", "coordinates": [[[[4.5484, 52.248], [4.5489, 52.2486], [4.5482, 52.2489], [4.5481, 52.2489], [4.5481, 52.249], [4.5476, 52.2495], [4.5463, 52.25], [4.5456, 52.2491], [4.5463, 52.2488], [4.547, 52.2486], [4.5471, 52.2486], [4.5475, 52.2484], [4.5477, 52.2483], [4.5479, 52.2482], [4.5484, 52.248]]]]}}, {"type": "Feature", "properties": {"MONUMENTNR": 7461, "Gemeente": "Noordwijkerhout", "Plaats": "Noordwijkerhout", "Toponiem": "Leeuwenhorst Congrescentrum", "Datering": "IJzertijd", "WAARDE": "Terrein van hoge archeologische waarde", "Zichtbaarh": "nee", "Beschrijving": "Bewoningssporen"}, "geometry": {"type": "MultiPolygon", "coordinates": [[[[4.4711, 52.251], [4.4716, 52.2514], [4.4726, 52.2522], [4.4727, 52.2522], [4.4728, 52.2522], [4.473, 52.2522], [4.4735, 52.2526], [4.4735, 52.2527], [4.4734, 52.2527], [4.4724, 52.2532], [4.4723, 52.2532], [4.4723, 52.2532], [4.4722, 52.2532], [4.4721, 52.2531], [4.4719, 52.253], [4.4717, 52.2529], [4.4715, 52.2528], [4.4712, 52.2527], [4.4709, 52.2526], [4.4708, 52.2526], [4.4702, 52.2524], [4.4701, 52.2524], [4.4695, 52.252], [4.4695, 52.252], [4.4696, 52.2519], [4.4702, 52.2516], [4.4707, 52.2513], [4.4708, 52.2513], [4.4709, 52.2512], [4.4709, 52.2512], [4.4709, 52.2511], [4.471, 52.2511], [4.4711, 52.251]]]]}}, {"type": "Feature", "properties": {"MONUMENTNR": 3024, "Gemeente": "Noordwijkerhout", "Plaats": "Noordwijkerhout", "Toponiem": "Noordzijderpolder; t Hoogtlaan", "Datering": "Late Middeleeuwen", "WAARDE": "Terrein van hoge archeologische waarde", "Zichtbaarh": "nee", "Beschrijving": "Kasteel/ hofstad"}, "geometry": {"type": "MultiPolygon", "coordinates": [[[[4.4938, 52.2727], [4.495, 52.2735], [4.4942, 52.2739], [4.493, 52.2731], [4.4938, 52.2727]]]]}}, {"type": "Feature", "properties": {"MONUMENTNR": 6794, "Gemeente": "Giessenlanden", "Plaats": "Arkel", "Toponiem": "Polder Rietveld; Drie Heulen.", "Datering": "Mesolithicum en/of Neolithicum", "WAARDE": "Terrein van hoge archeologische waarde", "Zichtbaarh": "ja", "Beschrijving": "Donk met bewoningssporen"}, "geometry": {"type": "MultiPolygon", "coordinates": [[[[5.0066, 51.8706], [5.0069, 51.8728], [5.0066, 51.8727], [5.0064, 51.8727], [5.0063, 51.8727], [5.0057, 51.8724], [5.0055, 51.8723], [5.0055, 51.8723], [5.0055, 51.8722], [5.0054, 51.8721], [5.0054, 51.8719], [5.0053, 51.8717], [5.0053, 51.8715], [5.0053, 51.8712], [5.0052, 51.8709], [5.0052, 51.8706], [5.0066, 51.8706]]]]}}, {"type": "Feature", "properties": {"MONUMENTNR": 10436, "Gemeente": "Giessenlanden", "Plaats": "Arkel", "Toponiem": "Klinkert of de Drie Heulen, Oostelijke Rietvelddonk", "Datering": "1) Mesolithicum en/of Neolithicum; 2) Bronstijd", "WAARDE": "Terrein van hoge archeologische waarde", "Zichtbaarh": "nee", "Beschrijving": "1) Donk met bewoningssporen; 2) nederzetting"}, "geometry": {"type": "MultiPolygon", "coordinates": [[[[5.0029, 51.8695], [5.003, 51.8693], [5.0031, 51.8692], [5.0031, 51.869], [5.0035, 51.8691], [5.004, 51.8693], [5.0043, 51.8694], [5.0044, 51.8699], [5.0046, 51.8708], [5.0046, 51.8709], [5.0046, 51.8711], [5.0046, 51.8713], [5.0047, 51.8715], [5.0047, 51.8719], [5.0047, 51.872], [5.0046, 51.872], [5.004, 51.8715], [5.0039, 51.8714], [5.0027, 51.8707], [5.0025, 51.8706], [5.0023, 51.8705], [5.0023, 51.8704], [5.0026, 51.87], [5.0028, 51.8696], [5.0029, 51.8695]]]]}}, {"type": "Feature", "properties": {"MONUMENTNR": 10441, "Gemeente": "Giessenlanden", "Plaats": "Arkel", "Toponiem": "Stationsweg; Molendijk; Zuidelijke Bult", "Datering": "Mesolithicum en/of Neolithicum", "WAARDE": "Terrein van hoge archeologische waarde", "Zichtbaarh": "nee", "Beschrijving": "Donk met bewoningssporen"}, "geometry": {"type": "MultiPolygon", "coordinates": [[[[4.994, 51.8684], [4.9945, 51.868], [4.995, 51.8677], [4.9951, 51.8677], [4.9951, 51.8677], [4.9952, 51.8677], [4.9953, 51.8677], [4.9955, 51.8678], [4.9956, 51.8679], [4.9957, 51.868], [4.9957, 51.868], [4.9958, 51.8681], [4.9959, 51.8683], [4.9959, 51.8683], [4.9959, 51.8684], [4.9959, 51.8685], [4.9959, 51.8686], [4.9958, 51.8686], [4.9957, 51.8687], [4.9954, 51.8687], [4.995, 51.8688], [4.995, 51.8688], [4.9948, 51.8689], [4.9948, 51.8689], [4.9947, 51.869], [4.9947, 51.869], [4.9946, 51.8691], [4.9946, 51.8691], [4.9945, 51.8693], [4.9945, 51.8693], [4.9944, 51.8695], [4.9943, 51.8696], [4.9943, 51.8696], [4.9943, 51.8698], [4.9943, 51.8699], [4.9944, 51.87], [4.9944, 51.8702], [4.9945, 51.8704], [4.9946, 51.8705], [4.9946, 51.8707], [4.9946, 51.8709], [4.9946, 51.871], [4.9946, 51.8711], [4.9946, 51.8711], [4.9945, 51.8712], [4.9945, 51.8713], [4.9943, 51.8715], [4.9941, 51.8716], [4.9939, 51.8718], [4.9937, 51.8719], [4.9936, 51.872], [4.993, 51.8718], [4.9927, 51.8716], [4.9923, 51.8715], [4.992, 51.8713], [4.9916, 51.8711], [4.9923, 51.8708], [4.9925, 51.8702], [4.9927, 51.8699], [4.9929, 51.8694], [4.9928, 51.8692], [4.9935, 51.8687], [4.994, 51.8684]]]]}}, {"type": "Feature", "properties": {"MONUMENTNR": 10445, "Gemeente": "Giessenlanden", "Plaats": "Hoogblokland", "Toponiem": "Dorpsweg; Beemdweg", "Datering": "Mesolithicum en/of Neolithicum", "WAARDE": "Terrein van hoge archeologische waarde", "Zichtbaarh": "nee", "Beschrijving": "Donk met bewoningssporen"}, "geometry": {"type": "MultiPolygon", "coordinates": [[[[4.9754, 51.8734], [4.976, 51.8743], [4.9764, 51.8749], [4.9764, 51.8749], [4.9764, 51.8749], [4.9755, 51.8752], [4.9735, 51.8758], [4.9732, 51.8759], [4.9694, 51.877], [4.968, 51.8775], [4.9671, 51.876], [4.9672, 51.876], [4.9673, 51.876], [4.9674, 51.8759], [4.9676, 51.8758], [4.9678, 51.8757], [4.968, 51.8756], [4.9683, 51.8755], [4.9686, 51.8753], [4.969, 51.8752], [4.9691, 51.8751], [4.9696, 51.8749], [4.9697, 51.8749], [4.9697, 51.8749], [4.97, 51.8747], [4.9702, 51.8746], [4.9704, 51.8745], [4.9705, 51.8744], [4.9707, 51.8746], [4.9711, 51.8744], [4.9715, 51.8742], [4.9716, 51.8741], [4.9722, 51.8739], [4.9723, 51.8739], [4.9725, 51.8738], [4.9727, 51.8738], [4.9728, 51.8738], [4.9733, 51.8737], [4.9735, 51.8737], [4.9738, 51.8737], [4.974, 51.8736], [4.9742, 51.8736], [4.9754, 51.8734]]]]}}, {"type": "Feature", "properties": {"MONUMENTNR": 10435, "Gemeente": "Giessenlanden", "Plaats": "Hoornaar", "Toponiem": "Dorpsweg; Doelensteeg", "Datering": "1) Mesolithicum en/of Neolithicum; 2) Late Middeleeuwen", "WAARDE": "Terrein van hoge archeologische waarde", "Zichtbaarh": "nee", "Beschrijving": "1) Donk met bewoningssporen; 2) nederzetting"}, "geometry": {"type": "MultiPolygon", "coordinates": [[[[4.9463, 51.8778], [4.9463, 51.8778], [4.9465, 51.8778], [4.9468, 51.8778], [4.947, 51.8779], [4.947, 51.8779], [4.9477, 51.878], [4.9482, 51.878], [4.9482, 51.8783], [4.9482, 51.8787], [4.9482, 51.8791], [4.9478, 51.8792], [4.9479, 51.8795], [4.948, 51.88], [4.9479, 51.8802], [4.9479, 51.8803], [4.9479, 51.8804], [4.9478, 51.8805], [4.9478, 51.8805], [4.948, 51.8806], [4.9481, 51.8807], [4.9482, 51.8808], [4.9483, 51.8808], [4.9482, 51.8808], [4.948, 51.8809], [4.9479, 51.881], [4.9478, 51.8811], [4.9477, 51.8811], [4.9477, 51.8812], [4.9477, 51.8812], [4.9475, 51.8814], [4.9474, 51.8815], [4.9472, 51.8816], [4.9469, 51.8818], [4.9464, 51.8815], [4.9462, 51.8813], [4.9461, 51.8813], [4.9461, 51.8813], [4.946, 51.8812], [4.946, 51.8812], [4.9459, 51.8812], [4.9459, 51.8812], [4.9458, 51.8812], [4.9458, 51.8812], [4.9458, 51.8812], [4.9458, 51.8812], [4.9458, 51.8813], [4.9457, 51.8813], [4.9457, 51.8814], [4.9456, 51.8813], [4.9455, 51.8813], [4.9454, 51.8812], [4.9453, 51.8811], [4.9453, 51.8811], [4.9452, 51.881], [4.9452, 51.8809], [4.9452, 51.8807], [4.9452, 51.8805], [4.9452, 51.8803], [4.9453, 51.8802], [4.9453, 51.8801], [4.9455, 51.8799], [4.9454, 51.8795], [4.9459, 51.8794], [4.9459, 51.8793], [4.9461, 51.8789], [4.9462, 51.8786], [4.9462, 51.8783], [4.9463, 51.8778]]]]}}, {"type": "Feature", "properties": {"MONUMENTNR": 10437, "Gemeente": "Giessenlanden", "Plaats": "Hoornaar", "Toponiem": "Dorpsweg, Lage Giessen, Hoge Giessen", "Datering": "Mesolithicum en/of Neolithicum", "WAARDE": "Terrein van hoge archeologische waarde", "Zichtbaarh": "nee", "Beschrijving": "Donk met bewoningssporen"}, "geometry": {"type": "MultiPolygon", "coordinates": [[[[4.9467, 51.8769], [4.9466, 51.8768], [4.9467, 51.8766], [4.9468, 51.8762], [4.9472, 51.8763], [4.9472, 51.8761], [4.9475, 51.8762], [4.9484, 51.8763], [4.9484, 51.8763], [4.9483, 51.8766], [4.9493, 51.8767], [4.9492, 51.8769], [4.9493, 51.877], [4.9496, 51.877], [4.9499, 51.8771], [4.9497, 51.8773], [4.95, 51.8774], [4.95, 51.8775], [4.9497, 51.8783], [4.9495, 51.8782], [4.9493, 51.8782], [4.9488, 51.878], [4.9486, 51.878], [4.9486, 51.878], [4.9485, 51.8779], [4.9482, 51.8779], [4.9479, 51.8779], [4.9474, 51.8778], [4.947, 51.8778], [4.9463, 51.8777], [4.9462, 51.8777], [4.9461, 51.8777], [4.9465, 51.8772], [4.9467, 51.8769]]]]}}, {"type": "Feature", "properties": {"MONUMENTNR": 10454, "Gemeente": "Giessenlanden", "Plaats": "Hoornaar", "Toponiem": "Kromme Giessen", "Datering": "1) Neolithicum; 2) Middeleeuwen", "WAARDE": "Terrein van hoge archeologische waarde", "Zichtbaarh": "nee", "Beschrijving": "1) Donk met bewoningssporen; 2) bewoningssporen"}, "geometry": {"type": "MultiPolygon", "coordinates": [[[[4.9425, 51.8772], [4.9428, 51.8782], [4.9448, 51.8779], [4.9448, 51.8779], [4.9449, 51.878], [4.9451, 51.878], [4.9451, 51.878], [4.9452, 51.878], [4.9453, 51.8787], [4.9453, 51.8787], [4.9453, 51.8787], [4.9451, 51.8787], [4.9452, 51.879], [4.945, 51.879], [4.9449, 51.879], [4.9418, 51.8795], [4.9412, 51.8796], [4.9408, 51.8784], [4.9405, 51.8785], [4.9401, 51.8777], [4.9407, 51.8776], [4.9407, 51.8774], [4.9408, 51.8774], [4.9408, 51.8773], [4.9407, 51.8771], [4.9408, 51.8771], [4.9409, 51.8772], [4.9409, 51.8772], [4.941, 51.8772], [4.941, 51.8772], [4.9411, 51.8772], [4.9413, 51.8772], [4.9414, 51.8771], [4.9415, 51.8771], [4.9417, 51.877], [4.9418, 51.877], [4.942, 51.8769], [4.9421, 51.8769], [4.9422, 51.8769], [4.9423, 51.877], [4.9424, 51.877], [4.9425, 51.8772]]]]}}, {"type": "Feature", "properties": {"MONUMENTNR": 10434, "Gemeente": "Giessenlanden", "Plaats": "Hoornaar", "Toponiem": "De Donk (zwembad)", "Datering": "Neolithicum, Bronstijd", "WAARDE": "Terrein van hoge archeologische waarde", "Zichtbaarh": "nee", "Beschrijving": "Donk met bewoningssporen"}, "geometry": {"type": "MultiPolygon", "coordinates": [[[[4.9379, 51.8817], [4.9391, 51.8826], [4.9372, 51.8829], [4.9376, 51.8836], [4.9361, 51.8838], [4.9354, 51.8839], [4.9352, 51.884], [4.9345, 51.8841], [4.9338, 51.8842], [4.9337, 51.8842], [4.9336, 51.8841], [4.9333, 51.884], [4.9329, 51.8828], [4.9353, 51.8825], [4.9354, 51.8824], [4.9352, 51.882], [4.9379, 51.8817]]]]}}, {"type": "Feature", "properties": {"MONUMENTNR": 10430, "Gemeente": "Giessenlanden", "Plaats": "Overslingeland", "Toponiem": "Polder Over-Slingeland, Smoutjesweg, Rechthoeksdonk", "Datering": "Mesolithicum en/of Neolithicum", "WAARDE": "Terrein van hoge archeologische waarde", "Zichtbaarh": "nee", "Beschrijving": "Donk met bewoningssporen"}, "geometry": {"type": "MultiPolygon", "coordinates": [[[[4.9193, 51.8842], [4.9198, 51.883], [4.9212, 51.8832], [4.9218, 51.8818], [4.9224, 51.8819], [4.9232, 51.8822], [4.9225, 51.8836], [4.9221, 51.8835], [4.9217, 51.8846], [4.9193, 51.8842]]]]}}, {"type": "Feature", "properties": {"MONUMENTNR": 6799, "Gemeente": "Giessenlanden", "Plaats": "Noordeloos", "Toponiem": "Polder Over-Slingeland; Klein Roozendaal", "Datering": "Midden en Late Bronstijd, mogelijk ook Laat Neolithicum en IJzertijd.", "WAARDE": "Terrein van hoge archeologische waarde", "Zichtbaarh": "nee", "Beschrijving": "Bewoningssporen"}, "geometry": {"type": "MultiPolygon", "coordinates": [[[[4.9209, 51.8945], [4.9211, 51.8939], [4.9229, 51.894], [4.9224, 51.8953], [4.9215, 51.8952], [4.9217, 51.8946], [4.9209, 51.8945]]]]}}, {"type": "Feature", "properties": {"MONUMENTNR": 6803, "Gemeente": "Giessenlanden", "Plaats": "Overslingeland", "Toponiem": "Overslingeland; Paalweg", "Datering": "Late middeleeuwen", "WAARDE": "Terrein van hoge archeologische waarde", "Zichtbaarh": "nee", "Beschrijving": "Resten van de kapel van Neder-Slingeland"}, "geometry": {"type": "MultiPolygon", "coordinates": [[[[4.9187, 51.872], [4.9191, 51.872], [4.9196, 51.8721], [4.92, 51.8722], [4.9205, 51.8723], [4.9202, 51.8729], [4.9201, 51.8728], [4.92, 51.8727], [4.9198, 51.8727], [4.9194, 51.8726], [4.9189, 51.8724], [4.9186, 51.8723], [4.9187, 51.872]]]]}}, {"type": "Feature", "properties": {"MONUMENTNR": 10502, "Gemeente": "Molenwaard", "Plaats": "Vuilendam", "Toponiem": "Polder Laag-Blokland; Haringweg", "Datering": "Mesolithicum en/of Neolithicum", "WAARDE": "Terrein van hoge archeologische waarde", "Zichtbaarh": "nee", "Beschrijving": "Donk met bewoningssporen"}, "geometry": {"type": "MultiPolygon", "coordinates": [[[[4.8499, 51.8925], [4.8515, 51.8932], [4.8505, 51.8941], [4.85, 51.8938], [4.8492, 51.8945], [4.8487, 51.8943], [4.8484, 51.8945], [4.8473, 51.894], [4.8481, 51.8933], [4.8487, 51.8935], [4.8499, 51.8925]]]]}}, {"type": "Feature", "properties": {"MONUMENTNR": 10501, "Gemeente": "Molenwaard", "Plaats": "Vuilendam", "Toponiem": "Polder Laag-Blokland", "Datering": "Mesolithicum en/of Neolithicum", "WAARDE": "Terrein van hoge archeologische waarde", "Zichtbaarh": "nee", "Beschrijving": "Donk met bewoningssporen"}, "geometry": {"type": "MultiPolygon", "coordinates": [[[[4.8528, 51.892], [4.8551, 51.893], [4.8543, 51.8936], [4.8537, 51.8934], [4.8531, 51.8939], [4.8514, 51.8933], [4.8528, 51.892]]]]}}, {"type": "Feature", "properties": {"MONUMENTNR": 6381, "Gemeente": "Molenwaard", "Plaats": "Ottoland", "Toponiem": "Polder Ottoland; Klokbekerweg", "Datering": "Neolithicum en vroege Bronstijd", "WAARDE": "Terrein van hoge archeologische waarde", "Zichtbaarh": "nee", "Beschrijving": "Bewoningssporen"}, "geometry": {"type": "MultiPolygon", "coordinates": [[[[4.8696, 51.8817], [4.8704, 51.8819], [4.8698, 51.8831], [4.8697, 51.8831], [4.8697, 51.883], [4.8694, 51.8828], [4.8692, 51.8826], [4.8696, 51.8817]]]]}}, {"type": "Feature", "properties": {"MONUMENTNR": 6383, "Gemeente": "Molenwaard", "Plaats": "Ottoland", "Toponiem": "Polder Ottoland; Klokbekerweg", "Datering": "Neolithicum, Bronstijd", "WAARDE": "Terrein van hoge archeologische waarde", "Zichtbaarh": "nee", "Beschrijving": "Bewoningssporen"}, "geometry": {"type": "MultiPolygon", "coordinates": [[[[4.8785, 51.8838], [4.8791, 51.8838], [4.8787, 51.8846], [4.8782, 51.8846], [4.8785, 51.8838]]]]}}, {"type": "Feature", "properties": {"MONUMENTNR": 6382, "Gemeente": "Molenwaard", "Plaats": "Vuilendam", "Toponiem": "Polder Laag-Blokland; De Put", "Datering": "1) Neolithicum; 2) Romeinse tijd", "WAARDE": "Terrein van hoge archeologische waarde", "Zichtbaarh": "nee", "Beschrijving": "Bewoningssporen"}, "geometry": {"type": "MultiPolygon", "coordinates": [[[[4.8634, 51.8778], [4.8639, 51.8782], [4.8636, 51.8789], [4.8629, 51.8788], [4.863, 51.8787], [4.8631, 51.8785], [4.8632, 51.8784], [4.8633, 51.8782], [4.8633, 51.8781], [4.8633, 51.878], [4.8633, 51.878], [4.8634, 51.8778]]]]}}, {"type": "Feature", "properties": {"MONUMENTNR": 10503, "Gemeente": "Molenwaard", "Plaats": "Molenaarsgraaf", "Toponiem": "Polder Molenaarsgraaf; Kweldamweg; Rommertsdonk", "Datering": "Mesolithicum en/of Neolithicum", "WAARDE": "Terrein van hoge archeologische waarde", "Zichtbaarh": "nee", "Beschrijving": "Donk met bewoningssporen"}, "geometry": {"type": "MultiPolygon", "coordinates": [[[[4.8139, 51.8603], [4.8183, 51.8613], [4.8182, 51.8614], [4.8193, 51.8617], [4.8192, 51.8619], [4.8222, 51.8627], [4.8217, 51.8636], [4.8217, 51.8636], [4.8215, 51.8635], [4.8213, 51.8635], [4.8211, 51.8634], [4.8206, 51.8633], [4.8205, 51.8633], [4.8204, 51.8633], [4.8202, 51.8632], [4.8199, 51.8632], [4.8198, 51.8631], [4.8195, 51.8631], [4.8195, 51.8631], [4.8193, 51.863], [4.8189, 51.8629], [4.8188, 51.8629], [4.8188, 51.8629], [4.8187, 51.8629], [4.8178, 51.8627], [4.8178, 51.8626], [4.8176, 51.8626], [4.8172, 51.8625], [4.8163, 51.8623], [4.8157, 51.8622], [4.8156, 51.8621], [4.8155, 51.8621], [4.8152, 51.862], [4.8144, 51.8619], [4.8142, 51.8618], [4.814, 51.8618], [4.8138, 51.8617], [4.8137, 51.8617], [4.8136, 51.8616], [4.8134, 51.8616], [4.8133, 51.8616], [4.8133, 51.8615], [4.8139, 51.8603]]]]}}, {"type": "Feature", "properties": {"MONUMENTNR": 6788, "Gemeente": "Giessenlanden", "Plaats": "Pinkeveer", "Toponiem": "Polder Giessen-Nieuwkerk; Doetse Weg", "Datering": "Late Middeleeuwen", "WAARDE": "Terrein van hoge archeologische waarde", "Zichtbaarh": "onbekend", "Beschrijving": "Huisterp"}, "geometry": {"type": "MultiPolygon", "coordinates": [[[[4.9024, 51.8658], [4.9026, 51.8659], [4.9028, 51.8661], [4.9023, 51.8663], [4.9023, 51.8665], [4.9022, 51.8665], [4.9018, 51.8667], [4.9017, 51.8666], [4.9016, 51.8664], [4.9016, 51.8663], [4.9016, 51.8662], [4.9017, 51.8661], [4.9018, 51.8661], [4.9018, 51.8661], [4.9019, 51.8661], [4.9019, 51.866], [4.9021, 51.8659], [4.9023, 51.8658], [4.9024, 51.8658]]]]}}, {"type": "Feature", "properties": {"MONUMENTNR": 6796, "Gemeente": "Giessenlanden", "Plaats": "Pinkeveer", "Toponiem": "Polder binnen de Kweldam; Peursumseweg", "Datering": "Late Middeleeuwen", "WAARDE": "Terrein van hoge archeologische waarde", "Zichtbaarh": "ja", "Beschrijving": "Huisterp"}, "geometry": {"type": "MultiPolygon", "coordinates": [[[[4.8985, 51.8657], [4.8986, 51.8658], [4.8987, 51.8659], [4.8988, 51.8659], [4.8985, 51.8665], [4.8978, 51.866], [4.8985, 51.8657]]]]}}, {"type": "Feature", "properties": {"MONUMENTNR": 6797, "Gemeente": "Giessenlanden", "Plaats": "Giessenburg", "Toponiem": "Peursumseweg", "Datering": "Late middeleeuwen", "WAARDE": "Terrein van hoge archeologische waarde", "Zichtbaarh": "onbekend", "Beschrijving": "Huisterp"}, "geometry": {"type": "MultiPolygon", "coordinates": [[[[4.9001, 51.8608], [4.9008, 51.861], [4.9011, 51.861], [4.9005, 51.862], [4.8996, 51.8619], [4.9, 51.861], [4.9001, 51.8608]]]]}}, {"type": "Feature", "properties": {"MONUMENTNR": 6789, "Gemeente": "Giessenlanden", "Plaats": "Giessenburg", "Toponiem": "Polder binnen de Kweldam; Peursumseweg", "Datering": "Late Middeleeuwen", "WAARDE": "Terrein van hoge archeologische waarde", "Zichtbaarh": "ja", "Beschrijving": "Huisterp"}, "geometry": {"type": "MultiPolygon", "coordinates": [[[[4.8947, 51.8555], [4.8949, 51.8556], [4.8951, 51.8556], [4.8948, 51.8562], [4.8945, 51.8568], [4.8945, 51.8569], [4.8944, 51.8568], [4.8944, 51.8568], [4.8942, 51.8565], [4.8947, 51.8555]]]]}}, {"type": "Feature", "properties": {"MONUMENTNR": 6787, "Gemeente": "Giessenlanden", "Plaats": "Giessenburg", "Toponiem": "Polder Binnentiendwegs; Bovenkerkseweg", "Datering": "Late Middeleeuwen", "WAARDE": "Terrein van hoge archeologische waarde", "Zichtbaarh": "onbekend", "Beschrijving": "Twee huisterpen"}, "geometry": {"type": "MultiPolygon", "coordinates": [[[[4.88, 51.8506], [4.8802, 51.8506], [4.8803, 51.8507], [4.8804, 51.8508], [4.8805, 51.8508], [4.8805, 51.851], [4.8806, 51.8512], [4.8807, 51.8514], [4.8808, 51.8515], [4.8807, 51.8516], [4.8805, 51.8515], [4.8803, 51.8514], [4.8801, 51.8512], [4.88, 51.8511], [4.8797, 51.851], [4.88, 51.8506]]]]}}, {"type": "Feature", "properties": {"MONUMENTNR": 6379, "Gemeente": "Giessenlanden", "Plaats": "Giessen-Oudekerk", "Toponiem": "Centrum; De Giessenburg", "Datering": "Late Middeleeuwen", "WAARDE": "Terrein van hoge archeologische waarde", "Zichtbaarh": "ja", "Beschrijving": "Resten van de begraven hofstad De Giessenburg"}, "geometry": {"type": "MultiPolygon", "coordinates": [[[[4.8674, 51.8428], [4.8678, 51.8429], [4.8681, 51.8431], [4.8682, 51.8432], [4.8683, 51.8433], [4.8685, 51.8435], [4.8686, 51.8436], [4.8686, 51.8437], [4.8685, 51.8437], [4.8684, 51.8437], [4.8682, 51.8437], [4.868, 51.8438], [4.8677, 51.8438], [4.8674, 51.8438], [4.8672, 51.8437], [4.867, 51.8436], [4.8669, 51.8435], [4.8669, 51.8434], [4.8669, 51.8433], [4.8671, 51.8431], [4.8673, 51.8429], [4.8674, 51.8428]]]]}}, {"type": "Feature", "properties": {"MONUMENTNR": 6380, "Gemeente": "Giessenlanden", "Plaats": "Giessenburg", "Toponiem": "Polder Binnentiendwegs; Bovenkerkseweg", "Datering": "Late Middeleeuwen", "WAARDE": "Terrein van hoge archeologische waarde", "Zichtbaarh": "ja", "Beschrijving": "Twee huisterpen"}, "geometry": {"type": "MultiPolygon", "coordinates": [[[[4.8787, 51.8508], [4.8788, 51.8508], [4.879, 51.8509], [4.8792, 51.8509], [4.8792, 51.8509], [4.8791, 51.8511], [4.8792, 51.8512], [4.8791, 51.8512], [4.8788, 51.8511], [4.8786, 51.8511], [4.8787, 51.8508]]]]}}, {"type": "Feature", "properties": {"MONUMENTNR": 10459, "Gemeente": "Giessenlanden", "Plaats": "Giessenburg", "Toponiem": "Landscheiding; Spoorweg", "Datering": "Vroege Middeleeuwen", "WAARDE": "Terrein van hoge archeologische waarde", "Zichtbaarh": "nee", "Beschrijving": "Bewoningssporen"}, "geometry": {"type": "MultiPolygon", "coordinates": [[[[4.8976, 51.8367], [4.8973, 51.8371], [4.8972, 51.837], [4.8972, 51.8369], [4.8971, 51.8368], [4.8969, 51.8367], [4.8967, 51.8366], [4.8966, 51.8366], [4.8965, 51.8365], [4.8976, 51.8367]]]]}}, {"type": "Feature", "properties": {"MONUMENTNR": 10491, "Gemeente": "Sliedrecht", "Plaats": "Sliedrecht", "Toponiem": "Polder Sliedrecht; Middelblok; Spoorlijn", "Datering": "Mesolithicum en/of Neolithicum", "WAARDE": "Terrein van hoge archeologische waarde", "Zichtbaarh": "nee", "Beschrijving": "Donk met bewoningssporen"}, "geometry": {"type": "MultiPolygon", "coordinates": [[[[4.7922, 51.8274], [4.7922, 51.8277], [4.7922, 51.8282], [4.7918, 51.8282], [4.792, 51.8293], [4.7872, 51.8297], [4.7867, 51.8279], [4.7896, 51.8276], [4.7897, 51.8277], [4.79, 51.8277], [4.7913, 51.8276], [4.7914, 51.8276], [4.7915, 51.8275], [4.7916, 51.8275], [4.7916, 51.8274], [4.7917, 51.8274], [4.7917, 51.8274], [4.7918, 51.8274], [4.7918, 51.8274], [4.7922, 51.8274]]]]}}, {"type": "Feature", "properties": {"MONUMENTNR": 10505, "Gemeente": "Hardinxveld-Giessendam", "Plaats": "Giessendam", "Toponiem": "Polderweg / Polder Binnentiendwegs; Tiendweg", "Datering": "Mesolithicum en/of Neolithicum", "WAARDE": "Terrein van hoge archeologische waarde", "Zichtbaarh": "nee", "Beschrijving": "Donk met bewoningssporen"}, "geometry": {"type": "MultiPolygon", "coordinates": [[[[4.8221, 51.8357], [4.8236, 51.8359], [4.8234, 51.8366], [4.8232, 51.8366], [4.8229, 51.8365], [4.8228, 51.8365], [4.8227, 51.8364], [4.8224, 51.8363], [4.8222, 51.8363], [4.8219, 51.8362], [4.8221, 51.8357]]]]}}, {"type": "Feature", "properties": {"MONUMENTNR": 10506, "Gemeente": "Hardinxveld-Giessendam", "Plaats": "Giessendam", "Toponiem": "Polder Binnentiendwegs; Giessendamse Tiendweg \"De Bruin\"", "Datering": "Mesolithicum en/of Neolithicum", "WAARDE": "Terrein van hoge archeologische waarde", "Zichtbaarh": "nee", "Beschrijving": "Donk met bewoningssporen"}, "geometry": {"type": "MultiPolygon", "coordinates": [[[[4.8055, 51.8304], [4.8055, 51.8303], [4.8055, 51.8302], [4.8055, 51.8302], [4.806, 51.8303], [4.8069, 51.8305], [4.8072, 51.8306], [4.8085, 51.831], [4.8095, 51.8314], [4.8098, 51.8316], [4.8101, 51.8317], [4.8103, 51.8318], [4.8107, 51.832], [4.8107, 51.8322], [4.8075, 51.8321], [4.8074, 51.832], [4.8069, 51.8319], [4.8067, 51.8318], [4.8064, 51.8317], [4.8059, 51.8317], [4.8057, 51.8317], [4.8053, 51.8316], [4.805, 51.8316], [4.805, 51.8315], [4.8055, 51.8304]]]]}}, {"type": "Feature", "properties": {"MONUMENTNR": 6457, "Gemeente": "Graafstroom", "Plaats": "Oud-Alblas", "Toponiem": "Polder Zuidzijde; Provinciale Weg", "Datering": "1) Meso-/ Neolithicum; 2) Late Middeleeuwen", "WAARDE": "Terrein van hoge archeologische waarde", "Zichtbaarh": "nee", "Beschrijving": "1-2) Bewoningssporen"}, "geometry": {"type": "MultiPolygon", "coordinates": [[[[4.7297, 51.8511], [4.729, 51.8511], [4.7293, 51.8497], [4.7294, 51.8495], [4.7285, 51.8493], [4.7288, 51.8483], [4.7321, 51.8489], [4.732, 51.8493], [4.733, 51.8494], [4.733, 51.8496], [4.7329, 51.8499], [4.7332, 51.8506], [4.7332, 51.8509], [4.7331, 51.8512], [4.733, 51.8513], [4.733, 51.8513], [4.733, 51.8515], [4.7331, 51.8516], [4.7331, 51.8517], [4.7331, 51.8517], [4.7331, 51.8518], [4.733, 51.8519], [4.7329, 51.852], [4.7329, 51.852], [4.7328, 51.852], [4.7295, 51.8518], [4.7297, 51.8511]]]]}}, {"type": "Feature", "properties": {"MONUMENTNR": 6443, "Gemeente": "Alblasserdam", "Plaats": "Alblasserdam", "Toponiem": "Hogendijk; Zuiveringsinstallatie", "Datering": "Romeinse tijd", "WAARDE": "Terrein van hoge archeologische waarde", "Zichtbaarh": "nee", "Beschrijving": "1) Bewoningssporen; 2) sporen van begraving"}, "geometry": {"type": "MultiPolygon", "coordinates": [[[[4.6761, 51.8479], [4.6765, 51.8484], [4.6762, 51.8486], [4.674, 51.8499], [4.6739, 51.8499], [4.6733, 51.8503], [4.6724, 51.8509], [4.6709, 51.8517], [4.671, 51.8518], [4.6699, 51.8524], [4.6685, 51.853], [4.6692, 51.8522], [4.6696, 51.8518], [4.6696, 51.8517], [4.6697, 51.8516], [4.6702, 51.851], [4.6709, 51.8506], [4.6717, 51.8501], [4.6729, 51.8494], [4.673, 51.8494], [4.6751, 51.8482], [4.6753, 51.8484], [4.6761, 51.8479]]]]}}, {"type": "Feature", "properties": {"MONUMENTNR": 4044, "Gemeente": "Noordwijk", "Plaats": "Noordwijk-Binnen", "Toponiem": "Centrum; Voorstraat; N.H. Kerk", "Datering": "Late Middeleeuwen B", "WAARDE": "Terrein van hoge archeologische waarde", "Zichtbaarh": "ja", "Beschrijving": "Kerk of klooster"}, "geometry": {"type": "MultiPolygon", "coordinates": [[[[4.4482, 52.2337], [4.4483, 52.2338], [4.4484, 52.2338], [4.4485, 52.2339], [4.4484, 52.2341], [4.4483, 52.2343], [4.4482, 52.2343], [4.4482, 52.2344], [4.4481, 52.2344], [4.4479, 52.2343], [4.4477, 52.2342], [4.4476, 52.2342], [4.4472, 52.234], [4.4474, 52.2339], [4.4475, 52.2338], [4.4479, 52.2337], [4.4482, 52.2337]]]]}}, {"type": "Feature", "properties": {"MONUMENTNR": 2979, "Gemeente": "Katwijk", "Plaats": "Katwijk aan den Rijn", "Toponiem": "Sandtlaan; t Sandt", "Datering": "Late Middeleeuwen", "WAARDE": "Terrein van hoge archeologische waarde", "Zichtbaarh": "nee", "Beschrijving": "Resten van het kasteel Huis 't Sant"}, "geometry": {"type": "MultiPolygon", "coordinates": [[[[4.4293, 52.1905], [4.4296, 52.1908], [4.4294, 52.1909], [4.4291, 52.191], [4.4288, 52.1911], [4.4286, 52.1911], [4.4286, 52.191], [4.4283, 52.1907], [4.4284, 52.1907], [4.4288, 52.1906], [4.429, 52.1906], [4.4292, 52.1905], [4.4293, 52.1905]]]]}}, {"type": "Feature", "properties": {"MONUMENTNR": 4047, "Gemeente": "Oegstgeest", "Plaats": "Oegstgeest", "Toponiem": "Het Groene Kerkje", "Datering": "1) IJzertijd, Romeinse tijd; 2) Vroege Middeleeuwen", "WAARDE": "Terrein van hoge archeologische waarde", "Zichtbaarh": "ja", "Beschrijving": "1) Bewoningssporen; 2) kerk/ klooster"}, "geometry": {"type": "MultiPolygon", "coordinates": [[[[4.4683, 52.1931], [4.469, 52.1934], [4.4695, 52.1937], [4.4695, 52.1937], [4.4695, 52.1939], [4.4693, 52.1941], [4.4692, 52.1943], [4.4688, 52.1948], [4.4681, 52.1946], [4.4673, 52.1943], [4.4671, 52.1942], [4.467, 52.1941], [4.4671, 52.1938], [4.4673, 52.1935], [4.4674, 52.1934], [4.468, 52.1935], [4.4681, 52.1935], [4.4681, 52.1935], [4.4683, 52.1931]]]]}}, {"type": "Feature", "properties": {"MONUMENTNR": 4050, "Gemeente": "Oegstgeest", "Plaats": "Oegstgeest", "Toponiem": "Oud-Poelgeest", "Datering": "Late Middeleeuwen\nTevens vondst Neolithicum!", "WAARDE": "Terrein van hoge archeologische waarde", "Zichtbaarh": "ja", "Beschrijving": "Resten van de hofstede Oud-Poelgeest"}, "geometry": {"type": "MultiPolygon", "coordinates": [[[[4.4851, 52.1787], [4.4853, 52.1788], [4.4854, 52.1789], [4.4856, 52.1791], [4.4857, 52.1792], [4.4857, 52.1793], [4.4857, 52.1793], [4.4858, 52.1794], [4.4858, 52.1796], [4.4857, 52.1797], [4.4856, 52.1798], [4.4853, 52.1798], [4.4851, 52.1799], [4.4849, 52.1799], [4.4848, 52.1799], [4.4847, 52.1798], [4.4845, 52.1799], [4.4842, 52.1799], [4.4842, 52.1798], [4.4842, 52.1797], [4.4843, 52.1797], [4.4844, 52.1796], [4.4844, 52.1795], [4.4844, 52.1795], [4.4844, 52.1794], [4.4844, 52.1793], [4.4844, 52.1792], [4.4844, 52.179], [4.4846, 52.1789], [4.4847, 52.1788], [4.4848, 52.1788], [4.4849, 52.1788], [4.485, 52.1788], [4.4851, 52.1787]]]]}}, {"type": "Feature", "properties": {"MONUMENTNR": 3177, "Gemeente": "Alphen aan den Rijn", "Plaats": "Groenendijk", "Toponiem": "Polder Groenendijk", "Datering": "Romeinse tijd", "WAARDE": "Terrein van hoge archeologische waarde", "Zichtbaarh": "nee", "Beschrijving": "Bewoningssporen"}, "geometry": {"type": "MultiPolygon", "coordinates": [[[[4.5608, 52.1291], [4.5612, 52.1299], [4.5604, 52.13], [4.5604, 52.1302], [4.5601, 52.1303], [4.5582, 52.1312], [4.5579, 52.1313], [4.5567, 52.1317], [4.5561, 52.1319], [4.5561, 52.1319], [4.5558, 52.1316], [4.5557, 52.1316], [4.5555, 52.1315], [4.5553, 52.1315], [4.5543, 52.1303], [4.5588, 52.1291], [4.5602, 52.1292], [4.5608, 52.1291]]]]}}, {"type": "Feature", "properties": {"MONUMENTNR": 8126, "Gemeente": "Alphen aan den Rijn", "Plaats": "Koudekerk aan den Rijn", "Toponiem": "Dorpsstraat; Groot Poelgeest", "Datering": "Late Middeleeuwen", "WAARDE": "Terrein van hoge archeologische waarde", "Zichtbaarh": "ja", "Beschrijving": "Resten van het kasteel Groot Poelgeest"}, "geometry": {"type": "MultiPolygon", "coordinates": [[[[4.5943, 52.1327], [4.5944, 52.1327], [4.5945, 52.1327], [4.5946, 52.1327], [4.5947, 52.1327], [4.5947, 52.1328], [4.5948, 52.1328], [4.5949, 52.1329], [4.5949, 52.1329], [4.595, 52.133], [4.595, 52.133], [4.595, 52.1331], [4.595, 52.1331], [4.5949, 52.1332], [4.5949, 52.1333], [4.5948, 52.1333], [4.5948, 52.1333], [4.5946, 52.1334], [4.5944, 52.1334], [4.5943, 52.1334], [4.5942, 52.1334], [4.5939, 52.1333], [4.5938, 52.1333], [4.5938, 52.1332], [4.5937, 52.1331], [4.5937, 52.1331], [4.5938, 52.1329], [4.5939, 52.1328], [4.594, 52.1327], [4.5942, 52.1327], [4.5943, 52.1327], [4.5943, 52.1327]]]]}}, {"type": "Feature", "properties": {"MONUMENTNR": 10709, "Gemeente": "Wassenaar", "Plaats": "Wassenaar", "Toponiem": "Ruijgelaanse- en Zonneveldspolder", "Datering": "Romeinse tijd", "WAARDE": "Terrein van hoge archeologische waarde", "Zichtbaarh": "nee", "Beschrijving": "Bewoningssporen"}, "geometry": {"type": "MultiPolygon", "coordinates": [[[[4.4228, 52.1597], [4.4237, 52.1601], [4.4231, 52.1604], [4.4224, 52.1601], [4.4228, 52.1597]]]]}}, {"type": "Feature", "properties": {"MONUMENTNR": 2981, "Gemeente": "Wassenaar", "Plaats": "Wassenaar", "Toponiem": "Deylerweg; Huis Ter Weer", "Datering": "1) Bronstijd en/of IJzertijd; 2) late Middeleeuwen en Nieuwe Tijd", "WAARDE": "Terrein van hoge archeologische waarde", "Zichtbaarh": "ja", "Beschrijving": "1) Bewoningssporen; 2) resten van het kasteel Huis Ter Weer"}, "geometry": {"type": "MultiPolygon", "coordinates": [[[[4.4156, 52.1466], [4.416, 52.1468], [4.4161, 52.1468], [4.4169, 52.1471], [4.4163, 52.1476], [4.4158, 52.1479], [4.4158, 52.1479], [4.415, 52.1484], [4.415, 52.1484], [4.4149, 52.1483], [4.4147, 52.1483], [4.4146, 52.1483], [4.4144, 52.1482], [4.4143, 52.1481], [4.4142, 52.148], [4.4141, 52.148], [4.4141, 52.1479], [4.414, 52.1479], [4.4138, 52.1479], [4.4137, 52.1478], [4.4136, 52.1478], [4.4145, 52.1472], [4.4145, 52.1472], [4.4146, 52.1472], [4.4146, 52.1472], [4.4147, 52.1471], [4.4148, 52.1471], [4.4151, 52.1469], [4.4156, 52.1466]]]]}}, {"type": "Feature", "properties": {"MONUMENTNR": 3194, "Gemeente": "Wassenaar", "Plaats": "Wassenaar", "Toponiem": "Zuydwijk", "Datering": "Midden-Ijzertijd; late Middeleeuwen-Nieuwe Tijd", "WAARDE": "Terrein van hoge archeologische waarde", "Zichtbaarh": "nee", "Beschrijving": "Bewoningssporen"}, "geometry": {"type": "MultiPolygon", "coordinates": [[[[4.4282, 52.1437], [4.4284, 52.1439], [4.4299, 52.1447], [4.4299, 52.1447], [4.43, 52.1447], [4.4299, 52.1448], [4.4293, 52.1453], [4.4286, 52.1458], [4.4284, 52.146], [4.4274, 52.1452], [4.4271, 52.145], [4.4269, 52.1448], [4.4269, 52.1447], [4.4279, 52.144], [4.4282, 52.1437]]]]}}, {"type": "Feature", "properties": {"MONUMENTNR": 3196, "Gemeente": "Wassenaar", "Plaats": "Wassenaar", "Toponiem": "Santhorst", "Datering": "Late Middeleeuwen", "WAARDE": "Terrein van hoge archeologische waarde", "Zichtbaarh": "nee", "Beschrijving": "Resten van de hofstede Santhorst"}, "geometry": {"type": "MultiPolygon", "coordinates": [[[[4.4291, 52.1359], [4.4294, 52.1361], [4.4294, 52.1362], [4.4295, 52.1362], [4.4295, 52.1363], [4.4296, 52.1363], [4.4299, 52.1365], [4.4281, 52.1371], [4.4281, 52.1371], [4.428, 52.1369], [4.428, 52.1368], [4.4275, 52.1368], [4.4274, 52.1368], [4.4273, 52.1369], [4.4272, 52.1369], [4.4272, 52.137], [4.4271, 52.137], [4.4269, 52.1367], [4.4269, 52.1366], [4.4269, 52.1363], [4.4275, 52.1363], [4.4276, 52.1362], [4.4277, 52.1362], [4.4282, 52.1362], [4.4291, 52.1359], [4.4291, 52.1359]]]]}}, {"type": "Feature", "properties": {"MONUMENTNR": 3180, "Gemeente": "Voorschoten", "Plaats": "Voorschoten", "Toponiem": "Leidseweg; Vredenhoef", "Datering": "Late Middeleeuwen", "WAARDE": "Terrein van hoge archeologische waarde", "Zichtbaarh": "nee", "Beschrijving": "Resten van de hofstede Vredenhoef"}, "geometry": {"type": "MultiPolygon", "coordinates": [[[[4.4637, 52.133], [4.4638, 52.1331], [4.4642, 52.1333], [4.4646, 52.1336], [4.4647, 52.1336], [4.4647, 52.1337], [4.4647, 52.1337], [4.4646, 52.1338], [4.4642, 52.1341], [4.4641, 52.1341], [4.4641, 52.1341], [4.464, 52.1341], [4.4635, 52.1339], [4.4631, 52.1337], [4.4627, 52.1336], [4.4637, 52.133]]]]}}, {"type": "Feature", "properties": {"MONUMENTNR": 3179, "Gemeente": "Voorschoten", "Plaats": "Voorschoten", "Toponiem": "Adegeest", "Datering": "Late Middeleeuwen", "WAARDE": "Terrein van hoge archeologische waarde", "Zichtbaarh": "nee", "Beschrijving": "Resten van de hofstede Adegeest"}, "geometry": {"type": "MultiPolygon", "coordinates": [[[[4.4491, 52.1309], [4.4497, 52.1313], [4.4502, 52.1316], [4.4512, 52.1323], [4.4512, 52.1323], [4.4512, 52.1324], [4.4512, 52.1324], [4.4498, 52.1333], [4.4483, 52.1325], [4.4476, 52.132], [4.4475, 52.132], [4.4475, 52.132], [4.4476, 52.1319], [4.4476, 52.1319], [4.4478, 52.1318], [4.4479, 52.1318], [4.4481, 52.1317], [4.4482, 52.1316], [4.4486, 52.1314], [4.4487, 52.1313], [4.4488, 52.1312], [4.4489, 52.1311], [4.4491, 52.1309]]]]}}, {"type": "Feature", "properties": {"MONUMENTNR": 3182, "Gemeente": "Leidschendam-Voorburg", "Plaats": "Voorburg", "Toponiem": "Middenburg", "Datering": "Late Middeleeuwen en Nieuwe Tijd", "WAARDE": "Terrein van hoge archeologische waarde", "Zichtbaarh": "ja", "Beschrijving": "Bewoningssporen"}, "geometry": {"type": "MultiPolygon", "coordinates": [[[[4.3592, 52.0633], [4.3596, 52.0634], [4.3597, 52.0635], [4.3598, 52.0636], [4.36, 52.0637], [4.3601, 52.0638], [4.3602, 52.0638], [4.3607, 52.0641], [4.36, 52.0645], [4.3588, 52.064], [4.3585, 52.0638], [4.3588, 52.0636], [4.3592, 52.0633]]]]}}, {"type": "Feature", "properties": {"MONUMENTNR": 3185, "Gemeente": "Leidschendam-Voorburg", "Plaats": "Voorburg", "Toponiem": "Centrum; Leeuwesteijn", "Datering": "Late Middeleeuwen en Nieuwe Tijd", "WAARDE": "Terrein van hoge archeologische waarde", "Zichtbaarh": "ja", "Beschrijving": "Resten van de hofstede Leeuwesteijn"}, "geometry": {"type": "MultiPolygon", "coordinates": [[[[4.3851, 52.077], [4.3861, 52.0775], [4.3856, 52.0779], [4.3846, 52.0774], [4.3851, 52.077]]]]}}, {"type": "Feature", "properties": {"MONUMENTNR": 3186, "Gemeente": "Leidschendam-Voorburg", "Plaats": "Voorburg", "Toponiem": "Centrum; Mgr. van Steelaan", "Datering": "Nieuwe Tijd", "WAARDE": "Terrein van hoge archeologische waarde", "Zichtbaarh": "nee", "Beschrijving": "Resten van de hofstede Kasteel 't Loo"}, "geometry": {"type": "MultiPolygon", "coordinates": [[[[4.3632, 52.0807], [4.3642, 52.0812], [4.3643, 52.0812], [4.3642, 52.0812], [4.3642, 52.0813], [4.3637, 52.0817], [4.3626, 52.0812], [4.3632, 52.0807]]]]}}, {"type": "Feature", "properties": {"MONUMENTNR": 3197, "Gemeente": "Wassenaar", "Plaats": "Wassenaar", "Toponiem": "Oud-Clingendaal; Pluimestein", "Datering": "1) midden-IJzertijd; 2) Romeinse tijd; 3) vroege Middeleeuwen", "WAARDE": "Terrein van hoge archeologische waarde", "Zichtbaarh": "nee", "Beschrijving": "1-3) Bewoningssporen"}, "geometry": {"type": "MultiPolygon", "coordinates": [[[[4.374, 52.1105], [4.3744, 52.1107], [4.3747, 52.1109], [4.3755, 52.1113], [4.3756, 52.1114], [4.3757, 52.1114], [4.3757, 52.1115], [4.3758, 52.1119], [4.3775, 52.1126], [4.378, 52.1128], [4.3767, 52.1133], [4.3752, 52.114], [4.3737, 52.1147], [4.3736, 52.1148], [4.3735, 52.1148], [4.3735, 52.1148], [4.3728, 52.1143], [4.3726, 52.1142], [4.372, 52.1138], [4.3718, 52.1137], [4.3715, 52.1135], [4.3713, 52.1134], [4.3711, 52.1132], [4.3711, 52.1129], [4.3713, 52.1125], [4.3713, 52.1124], [4.3714, 52.1124], [4.3714, 52.1123], [4.3717, 52.1121], [4.3728, 52.1114], [4.374, 52.1105]]]]}}, {"type": "Feature", "properties": {"MONUMENTNR": 10570, "Gemeente": "Wassenaar", "Plaats": "Wassenaar", "Toponiem": "Groenendaal", "Datering": "IJzertijd en Romeinse tijd", "WAARDE": "Terrein van hoge archeologische waarde", "Zichtbaarh": "nee", "Beschrijving": "Bewoningssporen"}, "geometry": {"type": "MultiPolygon", "coordinates": [[[[4.3296, 52.1085], [4.3327, 52.1097], [4.3324, 52.1099], [4.332, 52.1098], [4.3315, 52.1096], [4.3308, 52.1094], [4.3298, 52.1092], [4.3292, 52.109], [4.329, 52.109], [4.3296, 52.1085]]]]}}, {"type": "Feature", "properties": {"MONUMENTNR": 4060, "Gemeente": "Voorschoten", "Plaats": "Voorschoten", "Toponiem": "Duivenvoorde", "Datering": "1) Laat-Neolithicum; 2) late Middeleeuwen en Nieuwe Tijd", "WAARDE": "Terrein van hoge archeologische waarde", "Zichtbaarh": "ja", "Beschrijving": "1) Bewoningssporen; 2) resten van de begraven hofstad Duivenvoorde"}, "geometry": {"type": "MultiPolygon", "coordinates": [[[[4.4181, 52.1087], [4.4182, 52.1088], [4.4183, 52.1089], [4.4183, 52.109], [4.4188, 52.1095], [4.4205, 52.1111], [4.421, 52.1116], [4.4217, 52.1123], [4.4218, 52.1124], [4.4219, 52.1124], [4.4207, 52.1128], [4.4194, 52.1132], [4.419, 52.1134], [4.4189, 52.1135], [4.4186, 52.1136], [4.4176, 52.1138], [4.4171, 52.114], [4.4169, 52.1141], [4.4165, 52.1141], [4.4163, 52.114], [4.4161, 52.1138], [4.4158, 52.1136], [4.4156, 52.1134], [4.4153, 52.1133], [4.4152, 52.1132], [4.415, 52.1131], [4.4149, 52.113], [4.415, 52.113], [4.415, 52.1128], [4.4149, 52.1128], [4.4148, 52.1125], [4.4148, 52.1123], [4.4148, 52.1122], [4.4148, 52.1122], [4.4146, 52.112], [4.4143, 52.1117], [4.4143, 52.1116], [4.4142, 52.1115], [4.414, 52.1113], [4.4139, 52.1111], [4.4136, 52.1109], [4.4134, 52.1107], [4.4132, 52.1105], [4.4131, 52.1104], [4.4131, 52.1104], [4.4131, 52.1103], [4.4132, 52.1103], [4.4133, 52.1102], [4.4134, 52.1102], [4.4144, 52.1099], [4.4146, 52.1101], [4.4147, 52.1101], [4.4147, 52.1101], [4.4155, 52.1097], [4.4157, 52.1096], [4.4159, 52.1095], [4.416, 52.1094], [4.4162, 52.1094], [4.4164, 52.1093], [4.4166, 52.1092], [4.4166, 52.1092], [4.4167, 52.1092], [4.4169, 52.1091], [4.4171, 52.1091], [4.4173, 52.109], [4.4179, 52.1088], [4.418, 52.1087], [4.4181, 52.1087]]]]}}, {"type": "Feature", "properties": {"MONUMENTNR": 10679, "Gemeente": "Voorschoten", "Plaats": "Voorschoten", "Toponiem": "Horstlaan; Ter Horst", "Datering": "Late Middeleeuwen", "WAARDE": "Terrein van hoge archeologische waarde", "Zichtbaarh": "ja", "Beschrijving": "Resten van het kasteel Ter Horst"}, "geometry": {"type": "MultiPolygon", "coordinates": [[[[4.416, 52.1151], [4.4162, 52.1152], [4.4165, 52.1155], [4.4171, 52.116], [4.417, 52.1161], [4.417, 52.1161], [4.4152, 52.117], [4.4142, 52.1161], [4.414, 52.1158], [4.416, 52.1151]]]]}}, {"type": "Feature", "properties": {"MONUMENTNR": 4078, "Gemeente": "Westvoorne", "Plaats": "Oostvoorne", "Toponiem": "Mildenburg", "Datering": "Late Middeleeuwen", "WAARDE": "Terrein van hoge archeologische waarde", "Zichtbaarh": "ja", "Beschrijving": "Resten van een vuurbaak"}, "geometry": {"type": "MultiPolygon", "coordinates": [[[[4.0985, 51.9177], [4.0988, 51.9179], [4.0981, 51.9182], [4.0979, 51.918], [4.0985, 51.9177]]]]}}, {"type": "Feature", "properties": {"MONUMENTNR": 4076, "Gemeente": "Westvoorne", "Plaats": "Oostvoorne", "Toponiem": "Oostvoorne; De Burcht", "Datering": "Late Middeleeuwen", "WAARDE": "Terrein van hoge archeologische waarde", "Zichtbaarh": "ja", "Beschrijving": "Mottekasteel De Burcht"}, "geometry": {"type": "MultiPolygon", "coordinates": [[[[4.1036, 51.9161], [4.1036, 51.9161], [4.1038, 51.916], [4.1041, 51.916], [4.1043, 51.9161], [4.1045, 51.9161], [4.1047, 51.9162], [4.1048, 51.9164], [4.1048, 51.9164], [4.1049, 51.9164], [4.1048, 51.9165], [4.1047, 51.9165], [4.1047, 51.9165], [4.1046, 51.9165], [4.1045, 51.9167], [4.1043, 51.9168], [4.1042, 51.9169], [4.104, 51.9169], [4.1038, 51.9169], [4.1035, 51.9168], [4.1033, 51.9166], [4.1032, 51.9165], [4.1033, 51.9163], [4.1034, 51.9161], [4.1036, 51.9161]]]]}}, {"type": "Feature", "properties": {"MONUMENTNR": 8762, "Gemeente": "Westvoorne", "Plaats": "Oostvoorne", "Toponiem": "Oostvoorne; De Burcht", "Datering": "Late Middeleeuwen", "WAARDE": "Terrein van hoge archeologische waarde", "Zichtbaarh": "nee", "Beschrijving": "Voorburcht van het mottekasteel De Burcht"}, "geometry": {"type": "MultiPolygon", "coordinates": [[[[4.1042, 51.9169], [4.1041, 51.9171], [4.104, 51.9172], [4.1039, 51.9174], [4.1037, 51.9175], [4.1035, 51.9176], [4.1034, 51.9178], [4.1033, 51.9178], [4.1031, 51.9177], [4.103, 51.9176], [4.1029, 51.9175], [4.1027, 51.9174], [4.1025, 51.9172], [4.1024, 51.9171], [4.1022, 51.9169], [4.1021, 51.9168], [4.1022, 51.9167], [4.1024, 51.9162], [4.1027, 51.9159], [4.1036, 51.9161], [4.1034, 51.9161], [4.1033, 51.9163], [4.1032, 51.9165], [4.1033, 51.9166], [4.1035, 51.9168], [4.1038, 51.9169], [4.104, 51.9169], [4.1042, 51.9169]]]]}}, {"type": "Feature", "properties": {"MONUMENTNR": 4081, "Gemeente": "Vlaardingen", "Plaats": "Vlaardingen", "Toponiem": "Aalkeet-Binnenpolder", "Datering": "Late Middeleeuwen A-B", "WAARDE": "Terrein van hoge archeologische waarde", "Zichtbaarh": "ja", "Beschrijving": "Twee huisterpen"}, "geometry": {"type": "MultiPolygon", "coordinates": [[[[4.2859, 51.9138], [4.2869, 51.9145], [4.2861, 51.9149], [4.286, 51.9149], [4.2857, 51.9147], [4.2851, 51.9142], [4.2859, 51.9138]]]]}}, {"type": "Feature", "properties": {"MONUMENTNR": 10366, "Gemeente": "Vlaardingen", "Plaats": "Vlaardingen", "Toponiem": "Aalkeet-Binnenpolder", "Datering": "Late Middeleeuwen en Nieuwe Tijd", "WAARDE": "Terrein van hoge archeologische waarde", "Zichtbaarh": "nee", "Beschrijving": "Bewoningssporen"}, "geometry": {"type": "MultiPolygon", "coordinates": [[[[4.2916, 51.9102], [4.2925, 51.91], [4.2928, 51.9103], [4.2931, 51.9102], [4.2932, 51.9102], [4.2932, 51.9101], [4.2934, 51.9103], [4.2935, 51.9104], [4.2936, 51.9106], [4.294, 51.911], [4.2927, 51.9115], [4.2923, 51.9111], [4.2917, 51.9112], [4.2914, 51.9108], [4.2919, 51.9106], [4.2916, 51.9102]]]]}}, {"type": "Feature", "properties": {"MONUMENTNR": 4080, "Gemeente": "Vlaardingen", "Plaats": "Vlaardingen", "Toponiem": "Aalkeet-Binnenpolder", "Datering": "1) Romeins; 2) Late Middeleeuwen", "WAARDE": "Terrein van hoge archeologische waarde", "Zichtbaarh": "nee", "Beschrijving": "1) Bewoningssporen; 2) huisterp"}, "geometry": {"type": "MultiPolygon", "coordinates": [[[[4.2914, 51.9108], [4.2911, 51.9104], [4.2916, 51.9102], [4.2919, 51.9106], [4.2914, 51.9108]]]]}}, {"type": "Feature", "properties": {"MONUMENTNR": 10391, "Gemeente": "Vlaardingen", "Plaats": "Vlaardingen", "Toponiem": "Aalkeet-Buitenpolder; Schinkelshoek", "Datering": "1) Romeinse tijd; 2) late Middeleeuwen", "WAARDE": "Terrein van hoge archeologische waarde", "Zichtbaarh": "nee", "Beschrijving": "1) Bewoningssporen; 2) huisterp"}, "geometry": {"type": "MultiPolygon", "coordinates": [[[[4.3006, 51.9097], [4.3014, 51.9093], [4.3015, 51.9093], [4.3015, 51.9093], [4.3018, 51.9091], [4.3021, 51.909], [4.3023, 51.9089], [4.3025, 51.9088], [4.3027, 51.9087], [4.3028, 51.9087], [4.3038, 51.912], [4.3036, 51.912], [4.3035, 51.9121], [4.3033, 51.9121], [4.3031, 51.9122], [4.303, 51.9123], [4.3028, 51.9123], [4.3027, 51.9123], [4.3026, 51.9124], [4.3025, 51.9124], [4.3024, 51.9125], [4.302, 51.9126], [4.3016, 51.9127], [4.3016, 51.9127], [4.3015, 51.9127], [4.3015, 51.9126], [4.3011, 51.9119], [4.3011, 51.9118], [4.3011, 51.9117], [4.3011, 51.9116], [4.3012, 51.9115], [4.3012, 51.9114], [4.3012, 51.9114], [4.3012, 51.9113], [4.3011, 51.911], [4.301, 51.9108], [4.3009, 51.9105], [4.3006, 51.9097]]]]}}, {"type": "Feature", "properties": {"MONUMENTNR": 8796, "Gemeente": "Vlaardingen", "Plaats": "Vlaardingen", "Toponiem": "Aalkeet-Binnenpolder", "Datering": "Late Middeleeuwen", "WAARDE": "Terrein van hoge archeologische waarde", "Zichtbaarh": "ja", "Beschrijving": "Huisterp"}, "geometry": {"type": "MultiPolygon", "coordinates": [[[[4.2956, 51.9097], [4.2956, 51.9097], [4.2957, 51.9098], [4.2958, 51.9098], [4.296, 51.9102], [4.296, 51.9102], [4.2961, 51.9105], [4.2956, 51.9106], [4.2951, 51.9107], [4.2949, 51.9103], [4.2946, 51.91], [4.295, 51.9098], [4.2952, 51.9098], [4.2956, 51.9097]]]]}}, {"type": "Feature", "properties": {"MONUMENTNR": 10423, "Gemeente": "Vlaardingen", "Plaats": "Vlaardingen", "Toponiem": "Aalkeet-Binnenpolder; Zuidbuurt", "Datering": "Late Middeleeuwen", "WAARDE": "Terrein van hoge archeologische waarde", "Zichtbaarh": "ja", "Beschrijving": "Bewoningssporen"}, "geometry": {"type": "MultiPolygon", "coordinates": [[[[4.2986, 51.9094], [4.2989, 51.9099], [4.2978, 51.9102], [4.2966, 51.9104], [4.2963, 51.9098], [4.2974, 51.9096], [4.2984, 51.9094], [4.2986, 51.9094]]]]}}, {"type": "Feature", "properties": {"MONUMENTNR": 6464, "Gemeente": "Vlaardingen", "Plaats": "Vlaardingen", "Toponiem": "Aalkeet-Binnenpolder", "Datering": "1) IJzertijd; 2) Late Middeleeuwen 1150-1400", "WAARDE": "Terrein van hoge archeologische waarde", "Zichtbaarh": "ja", "Beschrijving": "1) IJzertijd vondstlaag; 2) Huisterp"}, "geometry": {"type": "MultiPolygon", "coordinates": [[[[4.2984, 51.9094], [4.298, 51.9087], [4.2995, 51.9084], [4.2997, 51.9084], [4.3004, 51.9083], [4.3007, 51.9089], [4.2986, 51.9094], [4.2984, 51.9094]]]]}}, {"type": "Feature", "properties": {"MONUMENTNR": 10388, "Gemeente": "Vlaardingen", "Plaats": "Vlaardingen", "Toponiem": "Aalkeet-Buitenpolder; Zuidbuurt, MD 16-19", "Datering": "Late Middeleeuwen en Nieuwe Tijd", "WAARDE": "Terrein van hoge archeologische waarde", "Zichtbaarh": "ja", "Beschrijving": "Huisterp"}, "geometry": {"type": "MultiPolygon", "coordinates": [[[[4.3042, 51.9074], [4.3043, 51.9082], [4.3033, 51.9084], [4.3029, 51.9075], [4.3042, 51.9074]]]]}}, {"type": "Feature", "properties": {"MONUMENTNR": 10389, "Gemeente": "Vlaardingen", "Plaats": "Vlaardingen", "Toponiem": "Aalkeet-Buitenpolder; Zuidbuurt, MD 16-86", "Datering": "Late Middeleeuwen", "WAARDE": "Terrein van hoge archeologische waarde", "Zichtbaarh": "ja", "Beschrijving": "Huisterp"}, "geometry": {"type": "MultiPolygon", "coordinates": [[[[4.306, 51.9081], [4.306, 51.9085], [4.3054, 51.9086], [4.3053, 51.9081], [4.3048, 51.9081], [4.3046, 51.9074], [4.306, 51.9073], [4.306, 51.9081]]]]}}, {"type": "Feature", "properties": {"MONUMENTNR": 10390, "Gemeente": "Vlaardingen", "Plaats": "Vlaardingen", "Toponiem": "Aalkeet-Buitenpolder; Zuidbuurt; MD 16-30", "Datering": "1) Romeins; 2) Late Middeleeuwen", "WAARDE": "Terrein van hoge archeologische waarde", "Zichtbaarh": "ja", "Beschrijving": "Bewoningssporen"}, "geometry": {"type": "MultiPolygon", "coordinates": [[[[4.306, 51.9073], [4.3072, 51.9071], [4.3072, 51.9081], [4.306, 51.9081], [4.306, 51.9073]]]]}}, {"type": "Feature", "properties": {"MONUMENTNR": 10394, "Gemeente": "Vlaardingen", "Plaats": "Vlaardingen", "Toponiem": "Prins Hendriklaan; Prins Bernhardlaan; Clattenburg", "Datering": "11-14e eeuw", "WAARDE": "Terrein van hoge archeologische waarde", "Zichtbaarh": "ja", "Beschrijving": "JKH: verhoogde woonplaats Clattenburg."}, "geometry": {"type": "MultiPolygon", "coordinates": [[[[4.3471, 51.9196], [4.3484, 51.9199], [4.348, 51.9208], [4.3467, 51.9205], [4.3471, 51.9196]]]]}}, {"type": "Feature", "properties": {"MONUMENTNR": 10396, "Gemeente": "Vlaardingen", "Plaats": "Vlaardingen", "Toponiem": "Centrum; Markt", "Datering": "1) Vroege Middeleeuwen B (525-725); 2) Middeleeuwen; 3) Middeleeuwen en Nieuwe tijd", "WAARDE": "Terrein van hoge archeologische waarde", "Zichtbaarh": "ja", "Beschrijving": "1) Nederzettingsterp; 2) 12de- eeuwse kerk en 3) grafveld 11de eeuw tot 18de eeuw"}, "geometry": {"type": "MultiPolygon", "coordinates": [[[[4.3424, 51.9096], [4.3419, 51.9091], [4.3414, 51.9086], [4.3414, 51.9084], [4.3413, 51.9082], [4.341, 51.9079], [4.341, 51.9076], [4.3411, 51.9073], [4.3412, 51.9071], [4.3415, 51.9071], [4.3418, 51.9072], [4.3421, 51.9072], [4.3425, 51.9073], [4.3432, 51.9075], [4.3437, 51.9076], [4.3442, 51.9077], [4.3445, 51.9078], [4.3443, 51.9082], [4.344, 51.9086], [4.3436, 51.9091], [4.3434, 51.9093], [4.3424, 51.9096]]]]}}, {"type": "Feature", "properties": {"MONUMENTNR": 4134, "Gemeente": "Midden-Delfland", "Plaats": "Maasland", "Toponiem": "Dijkpolder; Hoefwoning", "Datering": "Late Middeleeuwen", "WAARDE": "Terrein van hoge archeologische waarde", "Zichtbaarh": "nee", "Beschrijving": "Resten van de begraven hofstad Te Velde"}, "geometry": {"type": "MultiPolygon", "coordinates": [[[[4.2529, 51.9394], [4.2541, 51.9396], [4.2536, 51.9406], [4.2532, 51.9411], [4.2515, 51.9408], [4.2518, 51.9401], [4.2525, 51.9402], [4.2529, 51.9394]]]]}}, {"type": "Feature", "properties": {"MONUMENTNR": 4111, "Gemeente": "Midden-Delfland", "Plaats": "Maasland", "Toponiem": "Dijkpolder; Parallelweg", "Datering": "Late Middeleeuwen", "WAARDE": "Terrein van hoge archeologische waarde", "Zichtbaarh": "ja", "Beschrijving": "Huisterp"}, "geometry": {"type": "MultiPolygon", "coordinates": [[[[4.2537, 51.9376], [4.2555, 51.938], [4.2551, 51.9387], [4.2534, 51.9383], [4.2537, 51.9376]]]]}}, {"type": "Feature", "properties": {"MONUMENTNR": 4133, "Gemeente": "Midden-Delfland", "Plaats": "Maasland", "Toponiem": "Dijkpolder; Huis Ten Velde", "Datering": "Late Middeleeuwen", "WAARDE": "Terrein van hoge archeologische waarde", "Zichtbaarh": "onbekend", "Beschrijving": "Huisterp"}, "geometry": {"type": "MultiPolygon", "coordinates": [[[[4.2602, 51.9368], [4.2618, 51.9372], [4.2617, 51.9373], [4.2616, 51.9374], [4.2615, 51.9375], [4.2614, 51.9375], [4.2608, 51.9373], [4.2607, 51.9373], [4.2606, 51.9372], [4.2606, 51.9372], [4.2605, 51.9372], [4.2602, 51.9371], [4.2602, 51.937], [4.2601, 51.9369], [4.2601, 51.9369], [4.2602, 51.9368]]]]}}, {"type": "Feature", "properties": {"MONUMENTNR": 4138, "Gemeente": "Midden-Delfland", "Plaats": "Maasland", "Toponiem": "Groenoord", "Datering": "Late Middeleeuwen", "WAARDE": "Terrein van hoge archeologische waarde", "Zichtbaarh": "ja", "Beschrijving": "Resten van de begraven hofstad Huis De Hoeve"}, "geometry": {"type": "MultiPolygon", "coordinates": [[[[4.2529, 51.9438], [4.2525, 51.9449], [4.2503, 51.9446], [4.2505, 51.9444], [4.2508, 51.9437], [4.2509, 51.9437], [4.2513, 51.9437], [4.2515, 51.9437], [4.2516, 51.9437], [4.2518, 51.9437], [4.2521, 51.9437], [4.2529, 51.9438]]]]}}, {"type": "Feature", "properties": {"MONUMENTNR": 4112, "Gemeente": "Midden-Delfland", "Plaats": "Maasland", "Toponiem": "Dijkpolder; Westgaag; Groenoord", "Datering": "Late Middeleeuwen", "WAARDE": "Terrein van hoge archeologische waarde", "Zichtbaarh": "ja", "Beschrijving": "Huisterp"}, "geometry": {"type": "MultiPolygon", "coordinates": [[[[4.2529, 51.9438], [4.2533, 51.943], [4.2547, 51.9433], [4.2543, 51.9441], [4.2542, 51.9441], [4.2539, 51.944], [4.2538, 51.944], [4.2535, 51.9439], [4.2531, 51.9439], [4.2529, 51.9438]]]]}}, {"type": "Feature", "properties": {"MONUMENTNR": 4119, "Gemeente": "Westland", "Plaats": "De Lier", "Toponiem": "Oude Campsweg; Pastorieland", "Datering": "Romeinse tijd", "WAARDE": "Terrein van hoge archeologische waarde", "Zichtbaarh": "nee", "Beschrijving": "Bewoningssporen"}, "geometry": {"type": "MultiPolygon", "coordinates": [[[[4.2382, 51.9583], [4.2397, 51.9588], [4.2389, 51.9596], [4.2375, 51.9591], [4.2382, 51.9583]]]]}}, {"type": "Feature", "properties": {"MONUMENTNR": 4117, "Gemeente": "Westland", "Plaats": "Burgersdijk", "Toponiem": "Kralingerpolder; Burgerdijkse Weg", "Datering": "Late Middeleeuwen", "WAARDE": "Terrein van hoge archeologische waarde", "Zichtbaarh": "ja", "Beschrijving": "Huisterp"}, "geometry": {"type": "MultiPolygon", "coordinates": [[[[4.2645, 51.9688], [4.2653, 51.9691], [4.2645, 51.9698], [4.2644, 51.9697], [4.2643, 51.9696], [4.2641, 51.9695], [4.2639, 51.9694], [4.2645, 51.9688]]]]}}, {"type": "Feature", "properties": {"MONUMENTNR": 4116, "Gemeente": "Westland", "Plaats": "Burgersdijk", "Toponiem": "Kralingerpolder; Burgerdijkse Weg", "Datering": "Late Middeleeuwen", "WAARDE": "Terrein van hoge archeologische waarde", "Zichtbaarh": "ja", "Beschrijving": "Huisterp"}, "geometry": {"type": "MultiPolygon", "coordinates": [[[[4.2628, 51.9682], [4.2638, 51.9686], [4.2633, 51.9692], [4.2628, 51.969], [4.2622, 51.9688], [4.2628, 51.9682]]]]}}, {"type": "Feature", "properties": {"MONUMENTNR": 4124, "Gemeente": "Westland", "Plaats": "De Lier", "Toponiem": "Het Kraaiennest", "Datering": "Late Middeleeuwen", "WAARDE": "Terrein van hoge archeologische waarde", "Zichtbaarh": "nee", "Beschrijving": "Resten van de hofstede Diepenburg"}, "geometry": {"type": "MultiPolygon", "coordinates": [[[[4.2731, 51.9704], [4.2737, 51.9706], [4.2734, 51.9708], [4.2741, 51.9711], [4.2741, 51.9712], [4.2741, 51.9712], [4.2741, 51.9713], [4.2738, 51.9715], [4.2735, 51.9718], [4.2733, 51.9719], [4.2732, 51.972], [4.273, 51.972], [4.2729, 51.972], [4.2727, 51.9719], [4.2725, 51.9719], [4.2724, 51.9718], [4.2722, 51.9717], [4.2721, 51.9715], [4.2721, 51.9714], [4.2721, 51.9713], [4.2722, 51.9712], [4.2725, 51.9709], [4.2729, 51.9706], [4.2731, 51.9704]]]]}}, {"type": "Feature", "properties": {"MONUMENTNR": 4135, "Gemeente": "Westland", "Plaats": "De Lier", "Toponiem": "Oude Campsweg; Boekestein", "Datering": "Late Middeleeuwen", "WAARDE": "Terrein van hoge archeologische waarde", "Zichtbaarh": "nee", "Beschrijving": "Resten van de begraven hofstad Boekenstein"}, "geometry": {"type": "MultiPolygon", "coordinates": [[[[4.2525, 51.9648], [4.2528, 51.9648], [4.2529, 51.9649], [4.2533, 51.965], [4.2534, 51.9651], [4.2537, 51.9652], [4.2531, 51.9659], [4.253, 51.9659], [4.2529, 51.9658], [4.2527, 51.9658], [4.2524, 51.9657], [4.252, 51.9656], [4.2519, 51.9655], [4.2525, 51.9648]]]]}}, {"type": "Feature", "properties": {"MONUMENTNR": 4115, "Gemeente": "Westland", "Plaats": "De Lier", "Toponiem": "Oude Campsweg; Boekestein", "Datering": "Late Middeleeuwen", "WAARDE": "Terrein van hoge archeologische waarde", "Zichtbaarh": "ja", "Beschrijving": "Huisterp"}, "geometry": {"type": "MultiPolygon", "coordinates": [[[[4.2514, 51.9638], [4.2522, 51.9641], [4.2514, 51.965], [4.2506, 51.9647], [4.2514, 51.9638]]]]}}, {"type": "Feature", "properties": {"MONUMENTNR": 4140, "Gemeente": "Westland", "Plaats": "De Lier", "Toponiem": "Kralingerpolder", "Datering": "IJzertijd en Romeinse tijd", "WAARDE": "Terrein van hoge archeologische waarde", "Zichtbaarh": "nee", "Beschrijving": "Bewoningssporen"}, "geometry": {"type": "MultiPolygon", "coordinates": [[[[4.2582, 51.9592], [4.26, 51.9599], [4.2589, 51.9611], [4.257, 51.9605], [4.2582, 51.9592]]]]}}, {"type": "Feature", "properties": {"MONUMENTNR": 4120, "Gemeente": "Midden-Delfland", "Plaats": "Maasland", "Toponiem": "Kralingerpolder", "Datering": "Late Middeleeuwen", "WAARDE": "Terrein van hoge archeologische waarde", "Zichtbaarh": "nee", "Beschrijving": "Bewoningssporen"}, "geometry": {"type": "MultiPolygon", "coordinates": [[[[4.2752, 51.9616], [4.276, 51.9619], [4.2752, 51.9626], [4.2744, 51.9622], [4.2752, 51.9616]]]]}}, {"type": "Feature", "properties": {"MONUMENTNR": 4139, "Gemeente": "Midden-Delfland", "Plaats": "Maasland", "Toponiem": "Kralingerpolder", "Datering": "Romeinse tijd", "WAARDE": "Terrein van hoge archeologische waarde", "Zichtbaarh": "nee", "Beschrijving": "Bewoningssporen"}, "geometry": {"type": "MultiPolygon", "coordinates": [[[[4.2826, 51.9585], [4.2834, 51.9587], [4.2837, 51.9588], [4.2824, 51.9599], [4.2814, 51.9595], [4.2826, 51.9585]]]]}}, {"type": "Feature", "properties": {"MONUMENTNR": 4121, "Gemeente": "Westland", "Plaats": "De Lier", "Toponiem": "Kanaalweg", "Datering": "Late Middeleeuwen", "WAARDE": "Terrein van hoge archeologische waarde", "Zichtbaarh": "ja", "Beschrijving": "Resten van de begraven hofstad Uterlier"}, "geometry": {"type": "MultiPolygon", "coordinates": [[[[4.252, 51.9856], [4.2533, 51.9863], [4.2521, 51.9871], [4.2509, 51.9864], [4.252, 51.9856]]]]}}, {"type": "Feature", "properties": {"MONUMENTNR": 4141, "Gemeente": "Midden-Delfland", "Plaats": "'t Woudt", "Toponiem": "Hofzicht", "Datering": "1) Late Middeleeuwen; 2) Nieuwe Tijd", "WAARDE": "Terrein van hoge archeologische waarde", "Zichtbaarh": "nee", "Beschrijving": "1) Bewoningssporen; 2) resten van het huis Hofzicht"}, "geometry": {"type": "MultiPolygon", "coordinates": [[[[4.2602, 51.9897], [4.2613, 51.9903], [4.2604, 51.991], [4.2602, 51.9909], [4.2598, 51.9912], [4.2593, 51.9909], [4.2588, 51.9906], [4.2602, 51.9897]]]]}}, {"type": "Feature", "properties": {"MONUMENTNR": 4142, "Gemeente": "Midden-Delfland", "Plaats": "'t Woudt", "Toponiem": "Groeneveld", "Datering": "1) late Middeleeuwen; 2) late Middeleeuwen en Nieuwe Tijd", "WAARDE": "Terrein van hoge archeologische waarde", "Zichtbaarh": "nee", "Beschrijving": "1) resten van het kasteel Groeneveld; 2) resten van een hofstede"}, "geometry": {"type": "MultiPolygon", "coordinates": [[[[4.2774, 51.9949], [4.2781, 51.9949], [4.2775, 51.9954], [4.2777, 51.9955], [4.2769, 51.9961], [4.2764, 51.9959], [4.2774, 51.9949]]]]}}, {"type": "Feature", "properties": {"MONUMENTNR": 4129, "Gemeente": "Midden-Delfland", "Plaats": "'t Woudt", "Toponiem": "Woudse Polder", "Datering": "Middeleeuwen en Nieuwe tijd", "WAARDE": "Terrein van hoge archeologische waarde", "Zichtbaarh": "ja", "Beschrijving": "Huisterp"}, "geometry": {"type": "MultiPolygon", "coordinates": [[[[4.2889, 51.9998], [4.2904, 52.0002], [4.2901, 52.0006], [4.29, 52.0007], [4.2899, 52.0009], [4.2898, 52.001], [4.2882, 52.0005], [4.2883, 52.0004], [4.2885, 52.0002], [4.2886, 52.0001], [4.2887, 52.0001], [4.2887, 52], [4.2889, 51.9998]]]]}}, {"type": "Feature", "properties": {"MONUMENTNR": 4127, "Gemeente": "Midden-Delfland", "Plaats": "'t Woudt", "Toponiem": "Woudse Polder", "Datering": "Late Middeleeuwen A", "WAARDE": "Terrein van hoge archeologische waarde", "Zichtbaarh": "ja", "Beschrijving": "Huisterp"}, "geometry": {"type": "MultiPolygon", "coordinates": [[[[4.2884, 52.0039], [4.2892, 52.0041], [4.2889, 52.0046], [4.288, 52.0044], [4.2884, 52.0039]]]]}}, {"type": "Feature", "properties": {"MONUMENTNR": 4110, "Gemeente": "Midden-Delfland", "Plaats": "Maasland", "Toponiem": "Dijkpolder", "Datering": "Late Middeleeuwen", "WAARDE": "Terrein van hoge archeologische waarde", "Zichtbaarh": "ja", "Beschrijving": "Huisterp met akkers"}, "geometry": {"type": "MultiPolygon", "coordinates": [[[[4.2613, 51.9294], [4.2617, 51.9289], [4.262, 51.9284], [4.2629, 51.9286], [4.2633, 51.928], [4.2636, 51.9281], [4.2644, 51.9283], [4.2641, 51.9289], [4.2638, 51.9294], [4.2629, 51.9292], [4.2625, 51.9297], [4.2613, 51.9294]]]]}}, {"type": "Feature", "properties": {"MONUMENTNR": 8793, "Gemeente": "Midden-Delfland", "Plaats": "Maasland", "Toponiem": "Dijkpolder", "Datering": "Late Middeleeuwen", "WAARDE": "Terrein van hoge archeologische waarde", "Zichtbaarh": "ja", "Beschrijving": "Huisterp"}, "geometry": {"type": "MultiPolygon", "coordinates": [[[[4.2625, 51.9297], [4.2625, 51.9299], [4.2622, 51.9304], [4.2607, 51.93], [4.2608, 51.9297], [4.261, 51.9297], [4.261, 51.9296], [4.2611, 51.9296], [4.2613, 51.9294], [4.2625, 51.9297]]]]}}, {"type": "Feature", "properties": {"MONUMENTNR": 10692, "Gemeente": "Westland", "Plaats": "Naaldwijk", "Toponiem": "Lage Woerd", "Datering": "Late Middeleeuwen", "WAARDE": "Terrein van hoge archeologische waarde", "Zichtbaarh": "nee", "Beschrijving": "Resten van de hofstede De Lage Woerd"}, "geometry": {"type": "MultiPolygon", "coordinates": [[[[4.2036, 51.9964], [4.2041, 51.9967], [4.2041, 51.9967], [4.2034, 51.9973], [4.2034, 51.9974], [4.2028, 51.9971], [4.2028, 51.9971], [4.2036, 51.9964]]]]}}, {"type": "Feature", "properties": {"MONUMENTNR": 10688, "Gemeente": "Westland", "Plaats": "Poeldijk", "Toponiem": "Dijkpolder; Laan Boerham", "Datering": "1) Romeinse tijd; 2) late Middeleeuwen", "WAARDE": "Terrein van hoge archeologische waarde", "Zichtbaarh": "nee", "Beschrijving": "1) Bewoningssporen; 2) resten van de hofstede Arkelstein"}, "geometry": {"type": "MultiPolygon", "coordinates": [[[[4.2331, 52.0229], [4.2342, 52.0235], [4.2338, 52.0238], [4.2332, 52.0236], [4.2326, 52.0233], [4.2331, 52.0229]]]]}}, {"type": "Feature", "properties": {"MONUMENTNR": 10693, "Gemeente": "Westland", "Plaats": "Wateringen", "Toponiem": "Wippolder; Poeldijkseweg", "Datering": "Late Middeleeuwen", "WAARDE": "Terrein van hoge archeologische waarde", "Zichtbaarh": "nee", "Beschrijving": "Resten van de begraven hofstad Het Oude Hof van Wateringen"}, "geometry": {"type": "MultiPolygon", "coordinates": [[[[4.2601, 52.0278], [4.2594, 52.0288], [4.2593, 52.0287], [4.2581, 52.028], [4.2589, 52.0279], [4.259, 52.0279], [4.2601, 52.0278]]]]}}, {"type": "Feature", "properties": {"MONUMENTNR": 4150, "Gemeente": "Alphen aan den Rijn", "Plaats": "Koudekerk aan den Rijn", "Toponiem": "Hofstedelaan; Den Toll", "Datering": "Late Middeleeuwen en Nieuwe Tijd", "WAARDE": "Terrein van hoge archeologische waarde", "Zichtbaarh": "nee", "Beschrijving": "Resten van het kasteel Huis Den Toll"}, "geometry": {"type": "MultiPolygon", "coordinates": [[[[4.6042, 52.137], [4.6053, 52.1372], [4.6051, 52.1375], [4.605, 52.1378], [4.604, 52.1377], [4.6039, 52.1377], [4.6038, 52.1376], [4.6038, 52.1376], [4.6038, 52.1375], [4.6038, 52.1374], [4.6039, 52.1373], [4.604, 52.1373], [4.6041, 52.1371], [4.6041, 52.137], [4.6042, 52.137]]]]}}, {"type": "Feature", "properties": {"MONUMENTNR": 6387, "Gemeente": "Zwijndrecht", "Plaats": "Zwijndrecht", "Toponiem": "Molenvliet", "Datering": "Late Middeleeuwen en Nieuwe Tijd", "WAARDE": "Terrein van hoge archeologische waarde", "Zichtbaarh": "ja", "Beschrijving": "Resten van een molen"}, "geometry": {"type": "MultiPolygon", "coordinates": [[[[4.6165, 51.8232], [4.6161, 51.8234], [4.6161, 51.8233], [4.616, 51.8232], [4.616, 51.8232], [4.616, 51.8231], [4.6161, 51.8231], [4.6161, 51.8231], [4.6162, 51.8231], [4.6163, 51.8231], [4.6163, 51.8231], [4.6165, 51.8232]]]]}}, {"type": "Feature", "properties": {"MONUMENTNR": 6388, "Gemeente": "Zwijndrecht", "Plaats": "Zwijndrecht", "Toponiem": "Develpad/Mozartlaan", "Datering": "Late Middeleeuwen", "WAARDE": "Terrein van hoge archeologische waarde", "Zichtbaarh": "nee", "Beschrijving": "Huisterp"}, "geometry": {"type": "MultiPolygon", "coordinates": [[[[4.6143, 51.8175], [4.6147, 51.818], [4.6144, 51.818], [4.614, 51.8181], [4.614, 51.8181], [4.614, 51.8181], [4.6138, 51.8177], [4.6138, 51.8176], [4.6143, 51.8175]]]]}}, {"type": "Feature", "properties": {"MONUMENTNR": 6392, "Gemeente": "Bodegraven-Reeuwijk", "Plaats": "Oukoop", "Toponiem": "Wiltenburg", "Datering": "Late Middeleeuwen, Nieuwe Tijd", "WAARDE": "Terrein van hoge archeologische waarde", "Zichtbaarh": "ja", "Beschrijving": "Resten van het kasteel Wiltenburg"}, "geometry": {"type": "MultiPolygon", "coordinates": [[[[4.7759, 52.0296], [4.7761, 52.0296], [4.7762, 52.0296], [4.7762, 52.0296], [4.7763, 52.0297], [4.7765, 52.0297], [4.7766, 52.0297], [4.7767, 52.0297], [4.7768, 52.0298], [4.7769, 52.0299], [4.777, 52.0299], [4.7772, 52.0301], [4.7773, 52.0302], [4.7773, 52.0303], [4.7773, 52.0304], [4.7772, 52.0306], [4.7771, 52.0306], [4.7769, 52.0308], [4.7767, 52.0308], [4.7765, 52.0309], [4.7763, 52.0309], [4.776, 52.0309], [4.7757, 52.0308], [4.7755, 52.0307], [4.7753, 52.0306], [4.7751, 52.0304], [4.775, 52.0302], [4.775, 52.0301], [4.7751, 52.03], [4.7753, 52.0298], [4.7754, 52.0297], [4.7755, 52.0297], [4.7755, 52.0297], [4.7757, 52.0297], [4.7757, 52.0297], [4.7758, 52.0296], [4.7758, 52.0296], [4.7759, 52.0296], [4.7759, 52.0296]]]]}}, {"type": "Feature", "properties": {"MONUMENTNR": 6393, "Gemeente": "Krimpenerwaard", "Plaats": "Stein", "Toponiem": "Polder Stein, 't Klooster", "Datering": "Late Middeleeuwen", "WAARDE": "Terrein van hoge archeologische waarde", "Zichtbaarh": "ja", "Beschrijving": "Resten van het klooster Emmaus"}, "geometry": {"type": "MultiPolygon", "coordinates": [[[[4.7642, 52.0026], [4.7643, 52.0026], [4.7643, 52.0026], [4.7645, 52.0026], [4.7648, 52.0027], [4.7651, 52.0027], [4.7652, 52.0027], [4.7654, 52.0028], [4.7658, 52.0028], [4.766, 52.0028], [4.7661, 52.0029], [4.7662, 52.0029], [4.7663, 52.003], [4.7662, 52.003], [4.7661, 52.0032], [4.7657, 52.0039], [4.7652, 52.0048], [4.7648, 52.0054], [4.7626, 52.0049], [4.764, 52.0026], [4.7642, 52.0026]]]]}}, {"type": "Feature", "properties": {"MONUMENTNR": 6395, "Gemeente": "Molenwaard", "Plaats": "Langerak", "Toponiem": "Kasteellaan", "Datering": "13e tot eind 18e eeuw.", "WAARDE": "Terrein van hoge archeologische waarde", "Zichtbaarh": "ja", "Beschrijving": "Resten van het kasteel Langerak"}, "geometry": {"type": "MultiPolygon", "coordinates": [[[[4.878, 51.9341], [4.8783, 51.9342], [4.8784, 51.9342], [4.8784, 51.9342], [4.8785, 51.9342], [4.8785, 51.9343], [4.8784, 51.9345], [4.8783, 51.9347], [4.8783, 51.9348], [4.8782, 51.9348], [4.8782, 51.9349], [4.8781, 51.9352], [4.8781, 51.9352], [4.878, 51.9352], [4.8773, 51.935], [4.8773, 51.935], [4.8772, 51.935], [4.8772, 51.9349], [4.8775, 51.9344], [4.8775, 51.9344], [4.8775, 51.9344], [4.8776, 51.9343], [4.8776, 51.9343], [4.8777, 51.9343], [4.8778, 51.9342], [4.8779, 51.9341], [4.8779, 51.9341], [4.878, 51.9341]]]]}}, {"type": "Feature", "properties": {"MONUMENTNR": 6527, "Gemeente": "Krimpenerwaard", "Plaats": "Bovenkerk", "Toponiem": "Bovenkerkseweg", "Datering": "Late Middeleeuwen en Nieuwe Tijd", "WAARDE": "Terrein van hoge archeologische waarde", "Zichtbaarh": "ja", "Beschrijving": "Huisterp"}, "geometry": {"type": "MultiPolygon", "coordinates": [[[[4.7834, 51.9742], [4.7841, 51.9743], [4.784, 51.9744], [4.7839, 51.9745], [4.7838, 51.9746], [4.7836, 51.9749], [4.7835, 51.975], [4.7828, 51.9746], [4.7834, 51.9742]]]]}}, {"type": "Feature", "properties": {"MONUMENTNR": 6528, "Gemeente": "Krimpenerwaard", "Plaats": "Stolwijk", "Toponiem": "Bovenkerkseweg", "Datering": "Late Middeleeuwen en Nieuwe Tijd", "WAARDE": "Terrein van hoge archeologische waarde", "Zichtbaarh": "ja", "Beschrijving": "Huisterp"}, "geometry": {"type": "MultiPolygon", "coordinates": [[[[4.7828, 51.9746], [4.7825, 51.9749], [4.7817, 51.9744], [4.7817, 51.9744], [4.7819, 51.974], [4.7824, 51.9741], [4.7826, 51.9741], [4.7834, 51.9742], [4.7828, 51.9746]]]]}}, {"type": "Feature", "properties": {"MONUMENTNR": 6530, "Gemeente": "Krimpenerwaard", "Plaats": "Stolwijk", "Toponiem": "Bovenkerkseweg", "Datering": "Late Middeleeuwen en Nieuwe Tijd", "WAARDE": "Terrein van hoge archeologische waarde", "Zichtbaarh": "ja", "Beschrijving": "Huisterp"}, "geometry": {"type": "MultiPolygon", "coordinates": [[[[4.7797, 51.974], [4.7797, 51.9741], [4.7799, 51.974], [4.7799, 51.9739], [4.7801, 51.9737], [4.7805, 51.9738], [4.7809, 51.9738], [4.7812, 51.9739], [4.7805, 51.9743], [4.7802, 51.9745], [4.7795, 51.9742], [4.7797, 51.974]]]]}}, {"type": "Feature", "properties": {"MONUMENTNR": 6526, "Gemeente": "Krimpenerwaard", "Plaats": "Bovenkerk", "Toponiem": "Bovenkerkseweg", "Datering": "Late Middeleeuwen en Nieuwe Tijd", "WAARDE": "Terrein van hoge archeologische waarde", "Zichtbaarh": "ja", "Beschrijving": "Huisterp"}, "geometry": {"type": "MultiPolygon", "coordinates": [[[[4.784, 51.9735], [4.7846, 51.9736], [4.7843, 51.9741], [4.784, 51.9741], [4.7837, 51.9741], [4.7839, 51.9738], [4.784, 51.9735]]]]}}, {"type": "Feature", "properties": {"MONUMENTNR": 6531, "Gemeente": "Krimpenerwaard", "Plaats": "Stolwijk", "Toponiem": "Bovenkerkseweg", "Datering": "Late Middeleeuwen en Nieuwe Tijd", "WAARDE": "Terrein van hoge archeologische waarde", "Zichtbaarh": "ja", "Beschrijving": "Huisterp"}, "geometry": {"type": "MultiPolygon", "coordinates": [[[[4.7797, 51.974], [4.7793, 51.974], [4.7789, 51.9739], [4.7791, 51.9738], [4.7791, 51.9737], [4.7792, 51.9737], [4.7793, 51.9736], [4.7793, 51.9735], [4.78, 51.9737], [4.7798, 51.9739], [4.7798, 51.974], [4.7797, 51.974]]]]}}, {"type": "Feature", "properties": {"MONUMENTNR": 6532, "Gemeente": "Krimpenerwaard", "Plaats": "Stolwijk", "Toponiem": "Bovenkerkseweg", "Datering": "Late Middeleeuwen en Nieuwe Tijd", "WAARDE": "Terrein van hoge archeologische waarde", "Zichtbaarh": "ja", "Beschrijving": "Huisterp"}, "geometry": {"type": "MultiPolygon", "coordinates": [[[[4.7779, 51.9733], [4.778, 51.9733], [4.7781, 51.9734], [4.7782, 51.9734], [4.7784, 51.9734], [4.7782, 51.9737], [4.7782, 51.9737], [4.7781, 51.9738], [4.7778, 51.9739], [4.7777, 51.9739], [4.7777, 51.9739], [4.7775, 51.9738], [4.7774, 51.9737], [4.7775, 51.9737], [4.7776, 51.9736], [4.7778, 51.9734], [4.7778, 51.9734], [4.7779, 51.9733]]]]}}, {"type": "Feature", "properties": {"MONUMENTNR": 6529, "Gemeente": "Krimpenerwaard", "Plaats": "Stolwijk", "Toponiem": "Bovenkerkseweg", "Datering": "Late Middeleeuwen en Nieuwe Tijd", "WAARDE": "Terrein van hoge archeologische waarde", "Zichtbaarh": "ja", "Beschrijving": "Huisterp"}, "geometry": {"type": "MultiPolygon", "coordinates": [[[[4.7809, 51.9727], [4.781, 51.9728], [4.7812, 51.9728], [4.7814, 51.9728], [4.7814, 51.9729], [4.7815, 51.9729], [4.7815, 51.9731], [4.7813, 51.9734], [4.7811, 51.9736], [4.7808, 51.9736], [4.7806, 51.9736], [4.7804, 51.9735], [4.7803, 51.9735], [4.7805, 51.9733], [4.7805, 51.9733], [4.7805, 51.9731], [4.7806, 51.973], [4.7807, 51.9729], [4.7808, 51.9727], [4.7809, 51.9727]]]]}}, {"type": "Feature", "properties": {"MONUMENTNR": 6533, "Gemeente": "Krimpenerwaard", "Plaats": "Stolwijk", "Toponiem": "Bovenkerkseweg", "Datering": "Late Middeleeuwen en Nieuwe Tijd", "WAARDE": "Terrein van hoge archeologische waarde", "Zichtbaarh": "ja", "Beschrijving": "Huisterp"}, "geometry": {"type": "MultiPolygon", "coordinates": [[[[4.7771, 51.9723], [4.7774, 51.9724], [4.7776, 51.9725], [4.7778, 51.9725], [4.7778, 51.9726], [4.7778, 51.9726], [4.7775, 51.9731], [4.7772, 51.973], [4.7769, 51.973], [4.7767, 51.973], [4.7771, 51.9723]]]]}}, {"type": "Feature", "properties": {"MONUMENTNR": 6534, "Gemeente": "Krimpenerwaard", "Plaats": "Stolwijk", "Toponiem": "Bovenkerkseweg", "Datering": "Late Middeleeuwen en Nieuwe Tijd", "WAARDE": "Terrein van hoge archeologische waarde", "Zichtbaarh": "ja", "Beschrijving": "Huisterp"}, "geometry": {"type": "MultiPolygon", "coordinates": [[[[4.7757, 51.9724], [4.7763, 51.9725], [4.7762, 51.9729], [4.7755, 51.9728], [4.7755, 51.9728], [4.7754, 51.9727], [4.7757, 51.9724]]]]}}, {"type": "Feature", "properties": {"MONUMENTNR": 10353, "Gemeente": "Krimpenerwaard", "Plaats": "Stolwijk", "Toponiem": "Bovenkerkseweg", "Datering": "Late Middeleeuwen en Nieuwe Tijd", "WAARDE": "Terrein van hoge archeologische waarde", "Zichtbaarh": "ja", "Beschrijving": "Huisterp"}, "geometry": {"type": "MultiPolygon", "coordinates": [[[[4.7726, 51.972], [4.7733, 51.9721], [4.7731, 51.9724], [4.773, 51.9725], [4.773, 51.9725], [4.7729, 51.9725], [4.7724, 51.9724], [4.7726, 51.972]]]]}}, {"type": "Feature", "properties": {"MONUMENTNR": 6538, "Gemeente": "Krimpenerwaard", "Plaats": "Stolwijk", "Toponiem": "Benedenkerkseweg", "Datering": "Late Middeleeuwen en Nieuwe Tijd. Bewoning aangevangen v¢¢r 1683.", "WAARDE": "Terrein van hoge archeologische waarde", "Zichtbaarh": "ja", "Beschrijving": "Huisterp"}, "geometry": {"type": "MultiPolygon", "coordinates": [[[[4.7642, 51.9713], [4.7646, 51.9713], [4.7643, 51.9716], [4.7641, 51.9718], [4.7639, 51.9719], [4.7637, 51.972], [4.7634, 51.9718], [4.7636, 51.9716], [4.7642, 51.9713]]]]}}, {"type": "Feature", "properties": {"MONUMENTNR": 6535, "Gemeente": "Krimpenerwaard", "Plaats": "Stolwijk", "Toponiem": "Benedenkerkseweg", "Datering": "Late Middeleeuwen en Nieuwe Tijd. Bewoning aangevangen v¢¢r 1683.", "WAARDE": "Terrein van hoge archeologische waarde", "Zichtbaarh": "ja", "Beschrijving": "Huisterp"}, "geometry": {"type": "MultiPolygon", "coordinates": [[[[4.767, 51.971], [4.7676, 51.9711], [4.7674, 51.9715], [4.7668, 51.9714], [4.7668, 51.9713], [4.767, 51.971]]]]}}, {"type": "Feature", "properties": {"MONUMENTNR": 6539, "Gemeente": "Krimpenerwaard", "Plaats": "Stolwijk", "Toponiem": "Benedenkerkseweg", "Datering": "Late Middeleeuwen en Nieuwe Tijd. Bewoning aangevangen v¢¢r 1683.", "WAARDE": "Terrein van hoge archeologische waarde", "Zichtbaarh": "ja", "Beschrijving": "Huisterp"}, "geometry": {"type": "MultiPolygon", "coordinates": [[[[4.7626, 51.9709], [4.7629, 51.971], [4.7633, 51.9711], [4.7629, 51.9713], [4.7628, 51.9714], [4.7627, 51.9714], [4.7627, 51.9714], [4.7627, 51.9713], [4.7626, 51.9713], [4.7626, 51.9713], [4.7625, 51.9713], [4.7623, 51.9715], [4.7623, 51.9715], [4.7622, 51.9715], [4.7621, 51.9714], [4.7621, 51.9714], [4.7621, 51.9714], [4.7622, 51.9713], [4.7623, 51.9712], [4.7623, 51.9711], [4.7626, 51.9709]]]]}}, {"type": "Feature", "properties": {"MONUMENTNR": 6536, "Gemeente": "Krimpenerwaard", "Plaats": "Stolwijk", "Toponiem": "Benedenkerkseweg", "Datering": "Late Middeleeuwen en Nieuwe Tijd. Bewoning aangevangen v¢¢r 1683.", "WAARDE": "Terrein van hoge archeologische waarde", "Zichtbaarh": "ja", "Beschrijving": "Huisterp"}, "geometry": {"type": "MultiPolygon", "coordinates": [[[[4.7661, 51.9709], [4.7669, 51.9711], [4.7667, 51.9714], [4.7666, 51.9714], [4.7666, 51.9714], [4.7662, 51.9713], [4.766, 51.9713], [4.7658, 51.9713], [4.766, 51.9711], [4.766, 51.971], [4.7661, 51.971], [4.7661, 51.9709]]]]}}, {"type": "Feature", "properties": {"MONUMENTNR": 6537, "Gemeente": "Krimpenerwaard", "Plaats": "Stolwijk", "Toponiem": "Benedenkerkseweg", "Datering": "Late Middeleeuwen en Nieuwe Tijd. Bewoning aangevangen v¢¢r 1683.", "WAARDE": "Terrein van hoge archeologische waarde", "Zichtbaarh": "ja", "Beschrijving": "Huisterp"}, "geometry": {"type": "MultiPolygon", "coordinates": [[[[4.7648, 51.9704], [4.7649, 51.9704], [4.7651, 51.9705], [4.7653, 51.9706], [4.7653, 51.9707], [4.7653, 51.9708], [4.765, 51.9712], [4.7649, 51.9712], [4.7647, 51.9711], [4.7646, 51.9711], [4.7644, 51.9711], [4.7647, 51.9705], [4.7648, 51.9704], [4.7648, 51.9704]]]]}}, {"type": "Feature", "properties": {"MONUMENTNR": 6541, "Gemeente": "Krimpenerwaard", "Plaats": "Benedenkerk", "Toponiem": "Benedenkerkseweg", "Datering": "Late Middeleeuwen en Nieuwe Tijd. Bewoning aangevangen v¢¢r 1683.", "WAARDE": "Terrein van hoge archeologische waarde", "Zichtbaarh": "ja", "Beschrijving": "Huisterp"}, "geometry": {"type": "MultiPolygon", "coordinates": [[[[4.7592, 51.9699], [4.7596, 51.9701], [4.7598, 51.9702], [4.7599, 51.9702], [4.7592, 51.9707], [4.7587, 51.9704], [4.7587, 51.9704], [4.7587, 51.9704], [4.7588, 51.9703], [4.7592, 51.9699]]]]}}, {"type": "Feature", "properties": {"MONUMENTNR": 6398, "Gemeente": "Krimpenerwaard", "Plaats": "Stolwijk", "Toponiem": "Benedenkerkseweg", "Datering": "Late Middeleeuwen en Nieuwe Tijd. Bewoning aangevangen v¢¢r 1683.", "WAARDE": "Terrein van hoge archeologische waarde", "Zichtbaarh": "nee", "Beschrijving": "Bewoningssporen"}, "geometry": {"type": "MultiPolygon", "coordinates": [[[[4.7611, 51.97], [4.7617, 51.9701], [4.7615, 51.9704], [4.7612, 51.9703], [4.7611, 51.9703], [4.7609, 51.9703], [4.7611, 51.97]]]]}}, {"type": "Feature", "properties": {"MONUMENTNR": 6540, "Gemeente": "Krimpenerwaard", "Plaats": "Benedenkerk", "Toponiem": "Benedenkerkseweg", "Datering": "Late Middeleeuwen en Nieuwe Tijd. Bewoning aangevangen v¢¢r 1683.", "WAARDE": "Terrein van hoge archeologische waarde", "Zichtbaarh": "ja", "Beschrijving": "Huisterp"}, "geometry": {"type": "MultiPolygon", "coordinates": [[[[4.7599, 51.9694], [4.7605, 51.9695], [4.7604, 51.9697], [4.7604, 51.9698], [4.7602, 51.9701], [4.7601, 51.97], [4.7598, 51.9699], [4.7596, 51.9698], [4.7599, 51.9694]]]]}}, {"type": "Feature", "properties": {"MONUMENTNR": 6542, "Gemeente": "Krimpenerwaard", "Plaats": "Benedenkerk", "Toponiem": "Benedenkerkseweg", "Datering": "Late Middeleeuwen en Nieuwe Tijd. Bewoning aangevangen v¢¢r 1683.", "WAARDE": "Terrein van hoge archeologische waarde", "Zichtbaarh": "ja", "Beschrijving": "Huisterp"}, "geometry": {"type": "MultiPolygon", "coordinates": [[[[4.7579, 51.9693], [4.7582, 51.9694], [4.758, 51.9696], [4.7579, 51.9697], [4.7579, 51.9698], [4.7579, 51.9699], [4.7574, 51.9696], [4.7579, 51.9693]]]]}}, {"type": "Feature", "properties": {"MONUMENTNR": 6544, "Gemeente": "Krimpenerwaard", "Plaats": "Benedenkerk", "Toponiem": "Benedenkerkseweg", "Datering": "Late Middeleeuwen en Nieuwe Tijd. Bewoning aangevangen v¢¢r 1683.", "WAARDE": "Terrein van hoge archeologische waarde", "Zichtbaarh": "ja", "Beschrijving": "Huisterp"}, "geometry": {"type": "MultiPolygon", "coordinates": [[[[4.7558, 51.9684], [4.7564, 51.9686], [4.7568, 51.9688], [4.7566, 51.9691], [4.7563, 51.9693], [4.7563, 51.9693], [4.7563, 51.9694], [4.7553, 51.9687], [4.7558, 51.9684]]]]}}, {"type": "Feature", "properties": {"MONUMENTNR": 6543, "Gemeente": "Krimpenerwaard", "Plaats": "Benedenkerk", "Toponiem": "Benedenkerkseweg", "Datering": "Late Middeleeuwen en Nieuwe Tijd. Bewoning aangevangen v¢¢r 1683.", "WAARDE": "Terrein van hoge archeologische waarde", "Zichtbaarh": "ja", "Beschrijving": "Huisterp"}, "geometry": {"type": "MultiPolygon", "coordinates": [[[[4.7576, 51.9683], [4.7583, 51.9684], [4.7579, 51.9691], [4.7575, 51.9689], [4.7573, 51.9688], [4.7576, 51.9683]]]]}}, {"type": "Feature", "properties": {"MONUMENTNR": 6546, "Gemeente": "Krimpenerwaard", "Plaats": "Benedenkerk", "Toponiem": "Benedenheulseweg", "Datering": "Late Middeleeuwen en Nieuwe Tijd. Bewoning aangevangen v¢¢r 1683.", "WAARDE": "Terrein van hoge archeologische waarde", "Zichtbaarh": "ja", "Beschrijving": "Huisterp"}, "geometry": {"type": "MultiPolygon", "coordinates": [[[[4.7521, 51.9667], [4.7527, 51.967], [4.7521, 51.9674], [4.7515, 51.9671], [4.7521, 51.9667]]]]}}, {"type": "Feature", "properties": {"MONUMENTNR": 6545, "Gemeente": "Krimpenerwaard", "Plaats": "Benedenkerk", "Toponiem": "Benedenheulseweg", "Datering": "Late Middeleeuwen en Nieuwe Tijd. Bewoning aangevangen v¢¢r 1683.", "WAARDE": "Terrein van hoge archeologische waarde", "Zichtbaarh": "ja", "Beschrijving": "Huisterp"}, "geometry": {"type": "MultiPolygon", "coordinates": [[[[4.753, 51.9665], [4.7534, 51.9667], [4.7533, 51.967], [4.7528, 51.9668], [4.753, 51.9665]]]]}}, {"type": "Feature", "properties": {"MONUMENTNR": 6547, "Gemeente": "Krimpenerwaard", "Plaats": "Benedenkerk", "Toponiem": "Benedenheulseweg", "Datering": "Late Middeleeuwen en Nieuwe Tijd. Bewoning aangevangen v¢¢r 1683.", "WAARDE": "Terrein van hoge archeologische waarde", "Zichtbaarh": "ja", "Beschrijving": "Huisterp"}, "geometry": {"type": "MultiPolygon", "coordinates": [[[[4.7519, 51.9658], [4.7526, 51.9659], [4.7521, 51.9664], [4.7517, 51.9663], [4.7519, 51.966], [4.7519, 51.9658]]]]}}, {"type": "Feature", "properties": {"MONUMENTNR": 6548, "Gemeente": "Krimpenerwaard", "Plaats": "Benedenkerk", "Toponiem": "Benedenheulseweg", "Datering": "Late Middeleeuwen en Nieuwe Tijd. Bewoning aangevangen v¢¢r 1683.", "WAARDE": "Terrein van hoge archeologische waarde", "Zichtbaarh": "ja", "Beschrijving": "Huisterp"}, "geometry": {"type": "MultiPolygon", "coordinates": [[[[4.7505, 51.9652], [4.7509, 51.9654], [4.7509, 51.9655], [4.7508, 51.9655], [4.7507, 51.9657], [4.7507, 51.9658], [4.7502, 51.9655], [4.7502, 51.9654], [4.7503, 51.9654], [4.7504, 51.9653], [4.7505, 51.9652], [4.7505, 51.9652]]]]}}, {"type": "Feature", "properties": {"MONUMENTNR": 6549, "Gemeente": "Krimpenerwaard", "Plaats": "Benedenkerk", "Toponiem": "Benedenheulseweg", "Datering": "Late Middeleeuwen en Nieuwe Tijd. Bewoning aangevangen v¢¢r 1683.", "WAARDE": "Terrein van hoge archeologische waarde", "Zichtbaarh": "ja", "Beschrijving": "Huisterp"}, "geometry": {"type": "MultiPolygon", "coordinates": [[[[4.7484, 51.9641], [4.7492, 51.9643], [4.7493, 51.9644], [4.7493, 51.9644], [4.7493, 51.9644], [4.7491, 51.9649], [4.749, 51.9649], [4.7489, 51.9649], [4.7487, 51.9648], [4.7486, 51.9648], [4.7481, 51.9646], [4.7484, 51.9641]]]]}}, {"type": "Feature", "properties": {"MONUMENTNR": 6552, "Gemeente": "Krimpenerwaard", "Plaats": "Benedenkerk", "Toponiem": "Benedenheulseweg", "Datering": "Late Middeleeuwen en Nieuwe Tijd. Bewoning aangevangen v¢¢r 1683.", "WAARDE": "Terrein van hoge archeologische waarde", "Zichtbaarh": "ja", "Beschrijving": "Huisterp"}, "geometry": {"type": "MultiPolygon", "coordinates": [[[[4.7435, 51.9628], [4.7438, 51.963], [4.7439, 51.963], [4.7444, 51.9632], [4.7435, 51.9638], [4.7431, 51.9635], [4.7428, 51.9633], [4.7435, 51.9628]]]]}}, {"type": "Feature", "properties": {"MONUMENTNR": 6550, "Gemeente": "Krimpenerwaard", "Plaats": "Benedenkerk", "Toponiem": "Benedenheulseweg", "Datering": "Late Middeleeuwen en Nieuwe Tijd. Bewoning aangevangen v¢¢r 1683.", "WAARDE": "Terrein van hoge archeologische waarde", "Zichtbaarh": "ja", "Beschrijving": "Huisterp"}, "geometry": {"type": "MultiPolygon", "coordinates": [[[[4.7464, 51.9632], [4.7467, 51.9634], [4.7465, 51.9638], [4.7461, 51.9637], [4.7464, 51.9632]]]]}}, {"type": "Feature", "properties": {"MONUMENTNR": 6551, "Gemeente": "Krimpenerwaard", "Plaats": "Benedenkerk", "Toponiem": "Benedenheulseweg", "Datering": "Late Middeleeuwen en Nieuwe Tijd. Bewoning aangevangen v¢¢r 1683.", "WAARDE": "Terrein van hoge archeologische waarde", "Zichtbaarh": "ja", "Beschrijving": "Huisterp"}, "geometry": {"type": "MultiPolygon", "coordinates": [[[[4.7452, 51.9623], [4.7458, 51.9626], [4.7458, 51.9627], [4.7457, 51.9627], [4.7457, 51.963], [4.7456, 51.9633], [4.7456, 51.9634], [4.7452, 51.9633], [4.7448, 51.9632], [4.7451, 51.9628], [4.7452, 51.9627], [4.7452, 51.9626], [4.7452, 51.9625], [4.7452, 51.9623]]]]}}, {"type": "Feature", "properties": {"MONUMENTNR": 6553, "Gemeente": "Krimpenerwaard", "Plaats": "Benedenheul", "Toponiem": "Benedenheulseweg", "Datering": "Late Middeleeuwen en Nieuwe Tijd. Bewoning aangevangen v¢¢r 1683.", "WAARDE": "Terrein van hoge archeologische waarde", "Zichtbaarh": "ja", "Beschrijving": "Huisterp"}, "geometry": {"type": "MultiPolygon", "coordinates": [[[[4.7418, 51.9622], [4.742, 51.9622], [4.7423, 51.9623], [4.742, 51.9626], [4.7417, 51.9628], [4.7415, 51.963], [4.741, 51.9627], [4.7414, 51.9625], [4.7418, 51.9622]]]]}}, {"type": "Feature", "properties": {"MONUMENTNR": 6518, "Gemeente": "Krimpenerwaard", "Plaats": "Bovenkerk", "Toponiem": "Bovenkerkseweg", "Datering": "Late Middeleeuwen en Nieuwe Tijd", "WAARDE": "Terrein van hoge archeologische waarde", "Zichtbaarh": "ja", "Beschrijving": "Huisterp"}, "geometry": {"type": "MultiPolygon", "coordinates": [[[[4.7943, 51.9757], [4.7946, 51.9757], [4.7951, 51.9757], [4.7953, 51.9757], [4.7956, 51.9758], [4.7954, 51.9759], [4.7951, 51.9761], [4.795, 51.9762], [4.7944, 51.976], [4.7944, 51.976], [4.7943, 51.976], [4.7942, 51.976], [4.7942, 51.976], [4.7942, 51.9759], [4.7942, 51.9758], [4.7943, 51.9758], [4.7943, 51.9757], [4.7943, 51.9757], [4.7943, 51.9757]]]]}}, {"type": "Feature", "properties": {"MONUMENTNR": 6516, "Gemeente": "Krimpenerwaard", "Plaats": "Bovenkerk", "Toponiem": "Bovenkerkseweg/Bergvliet", "Datering": "Late Middeleeuwen en Nieuwe Tijd", "WAARDE": "Terrein van hoge archeologische waarde", "Zichtbaarh": "ja", "Beschrijving": "Huisterp"}, "geometry": {"type": "MultiPolygon", "coordinates": [[[[4.7995, 51.9755], [4.8003, 51.9758], [4.8, 51.9762], [4.7999, 51.9761], [4.7998, 51.9761], [4.7997, 51.976], [4.7994, 51.9759], [4.7993, 51.9759], [4.7993, 51.9759], [4.7993, 51.9758], [4.7994, 51.9757], [4.7995, 51.9756], [4.7995, 51.9755]]]]}}, {"type": "Feature", "properties": {"MONUMENTNR": 6521, "Gemeente": "Krimpenerwaard", "Plaats": "Bovenkerk", "Toponiem": "Bovenkerkseweg", "Datering": "Late Middeleeuwen en Nieuwe Tijd", "WAARDE": "Terrein van hoge archeologische waarde", "Zichtbaarh": "ja", "Beschrijving": "Huisterp"}, "geometry": {"type": "MultiPolygon", "coordinates": [[[[4.7908, 51.9753], [4.7912, 51.9754], [4.7916, 51.9754], [4.7908, 51.976], [4.7903, 51.9757], [4.7908, 51.9753]]]]}}, {"type": "Feature", "properties": {"MONUMENTNR": 6517, "Gemeente": "Krimpenerwaard", "Plaats": "Bovenkerk", "Toponiem": "Bovenkerkseweg", "Datering": "Late Middeleeuwen en Nieuwe Tijd", "WAARDE": "Terrein van hoge archeologische waarde", "Zichtbaarh": "ja", "Beschrijving": "Huisterp"}, "geometry": {"type": "MultiPolygon", "coordinates": [[[[4.7971, 51.9751], [4.798, 51.9752], [4.798, 51.9752], [4.7979, 51.9754], [4.7978, 51.9757], [4.7975, 51.9757], [4.7972, 51.9757], [4.7968, 51.9756], [4.7971, 51.9751]]]]}}, {"type": "Feature", "properties": {"MONUMENTNR": 6519, "Gemeente": "Krimpenerwaard", "Plaats": "Bovenkerk", "Toponiem": "Bovenkerkseweg", "Datering": "Late Middeleeuwen en Nieuwe Tijd", "WAARDE": "Terrein van hoge archeologische waarde", "Zichtbaarh": "ja", "Beschrijving": "Huisterp"}, "geometry": {"type": "MultiPolygon", "coordinates": [[[[4.7944, 51.9748], [4.7951, 51.9749], [4.7948, 51.9755], [4.7946, 51.9755], [4.7943, 51.9754], [4.794, 51.9754], [4.7944, 51.9748]]]]}}, {"type": "Feature", "properties": {"MONUMENTNR": 6524, "Gemeente": "Krimpenerwaard", "Plaats": "Bovenkerk", "Toponiem": "Bovenkerkseweg", "Datering": "Late Middeleeuwen en Nieuwe Tijd", "WAARDE": "Terrein van hoge archeologische waarde", "Zichtbaarh": "ja", "Beschrijving": "Huisterp"}, "geometry": {"type": "MultiPolygon", "coordinates": [[[[4.7868, 51.9747], [4.787, 51.9748], [4.7873, 51.9748], [4.787, 51.9753], [4.7869, 51.9753], [4.7869, 51.9753], [4.7868, 51.9753], [4.7863, 51.9751], [4.7868, 51.9747]]]]}}, {"type": "Feature", "properties": {"MONUMENTNR": 6520, "Gemeente": "Krimpenerwaard", "Plaats": "Bovenkerk", "Toponiem": "Bovenkerkseweg", "Datering": "Late Middeleeuwen en Nieuwe Tijd", "WAARDE": "Terrein van hoge archeologische waarde", "Zichtbaarh": "ja", "Beschrijving": "Huisterp"}, "geometry": {"type": "MultiPolygon", "coordinates": [[[[4.7915, 51.9747], [4.7922, 51.9749], [4.7921, 51.9752], [4.7917, 51.9752], [4.7913, 51.9752], [4.7914, 51.975], [4.7915, 51.9747]]]]}}, {"type": "Feature", "properties": {"MONUMENTNR": 6522, "Gemeente": "Krimpenerwaard", "Plaats": "Bovenkerk", "Toponiem": "Bovenkerkseweg", "Datering": "Late Middeleeuwen en Nieuwe Tijd", "WAARDE": "Terrein van hoge archeologische waarde", "Zichtbaarh": "ja", "Beschrijving": "Huisterp"}, "geometry": {"type": "MultiPolygon", "coordinates": [[[[4.7907, 51.9745], [4.7909, 51.9746], [4.7911, 51.9746], [4.7908, 51.9751], [4.7906, 51.9751], [4.7904, 51.975], [4.7907, 51.9745]]]]}}, {"type": "Feature", "properties": {"MONUMENTNR": 6523, "Gemeente": "Krimpenerwaard", "Plaats": "Bovenkerk", "Toponiem": "Bovenkerkseweg", "Datering": "Late Middeleeuwen en Nieuwe Tijd", "WAARDE": "Terrein van hoge archeologische waarde", "Zichtbaarh": "ja", "Beschrijving": "Huisterp"}, "geometry": {"type": "MultiPolygon", "coordinates": [[[[4.7891, 51.9744], [4.7896, 51.9745], [4.7896, 51.9746], [4.7895, 51.9747], [4.7894, 51.9748], [4.7894, 51.9749], [4.7892, 51.9749], [4.789, 51.9748], [4.7888, 51.9748], [4.7891, 51.9744]]]]}}, {"type": "Feature", "properties": {"MONUMENTNR": 6525, "Gemeente": "Krimpenerwaard", "Plaats": "Bovenkerk", "Toponiem": "Bovenkerkseweg", "Datering": "Late Middeleeuwen en Nieuwe Tijd", "WAARDE": "Terrein van hoge archeologische waarde", "Zichtbaarh": "ja", "Beschrijving": "Huisterp"}, "geometry": {"type": "MultiPolygon", "coordinates": [[[[4.7858, 51.9739], [4.7864, 51.974], [4.7862, 51.9744], [4.7861, 51.9744], [4.786, 51.9744], [4.7858, 51.9744], [4.7854, 51.9743], [4.7855, 51.9742], [4.7856, 51.9741], [4.7858, 51.9739]]]]}}, {"type": "Feature", "properties": {"MONUMENTNR": 6503, "Gemeente": "Krimpenerwaard", "Plaats": "Vlist", "Toponiem": "Westvlisterdijk", "Datering": "Late Middeleeuwen en Nieuwe Tijd. Bewoning aangevangen v¢¢r 1683.", "WAARDE": "Terrein van hoge archeologische waarde", "Zichtbaarh": "ja", "Beschrijving": "Huisterp"}, "geometry": {"type": "MultiPolygon", "coordinates": [[[[4.7979, 51.9901], [4.798, 51.9902], [4.798, 51.9903], [4.7981, 51.9903], [4.7983, 51.9904], [4.7983, 51.9904], [4.7982, 51.9906], [4.798, 51.9907], [4.7979, 51.9908], [4.7978, 51.9909], [4.7977, 51.9909], [4.7972, 51.9905], [4.7972, 51.9905], [4.7979, 51.9901]]]]}}, {"type": "Feature", "properties": {"MONUMENTNR": 6426, "Gemeente": "Krimpenerwaard", "Plaats": "Vlist", "Toponiem": "Westvlisterdijk", "Datering": "Late Middeleeuwen en Nieuwe Tijd. Bewoning aangevangen v¢¢r 1683.", "WAARDE": "Terrein van hoge archeologische waarde", "Zichtbaarh": "ja", "Beschrijving": "Huisterp"}, "geometry": {"type": "MultiPolygon", "coordinates": [[[[4.7992, 51.9894], [4.8, 51.9903], [4.7999, 51.9903], [4.7996, 51.9903], [4.7995, 51.9902], [4.7993, 51.9902], [4.7992, 51.9902], [4.7985, 51.9897], [4.7992, 51.9894]]]]}}, {"type": "Feature", "properties": {"MONUMENTNR": 6425, "Gemeente": "Krimpenerwaard", "Plaats": "Vlist", "Toponiem": "Westvlisterdijk", "Datering": "Late Middeleeuwen en Nieuwe Tijd. Bewoning aangevangen v¢¢r 1683.", "WAARDE": "Terrein van hoge archeologische waarde", "Zichtbaarh": "ja", "Beschrijving": "Huisterp"}, "geometry": {"type": "MultiPolygon", "coordinates": [[[[4.8031, 51.9887], [4.8033, 51.9888], [4.8033, 51.9888], [4.8038, 51.9891], [4.8038, 51.9892], [4.804, 51.9893], [4.8038, 51.9894], [4.8036, 51.9895], [4.8033, 51.9896], [4.8029, 51.9896], [4.8028, 51.9897], [4.8025, 51.9897], [4.8019, 51.9893], [4.8031, 51.9887]]]]}}, {"type": "Feature", "properties": {"MONUMENTNR": 6424, "Gemeente": "Krimpenerwaard", "Plaats": "Vlist", "Toponiem": "Westvlisterdijk", "Datering": "Late Middeleeuwen en Nieuwe Tijd. Bewoning aangevangen v¢¢r 1683.", "WAARDE": "Terrein van hoge archeologische waarde", "Zichtbaarh": "ja", "Beschrijving": "Huisterp"}, "geometry": {"type": "MultiPolygon", "coordinates": [[[[4.8062, 51.9876], [4.8065, 51.9879], [4.8069, 51.9881], [4.8069, 51.9882], [4.8066, 51.9882], [4.8064, 51.9882], [4.8062, 51.9883], [4.8057, 51.9879], [4.8062, 51.9876]]]]}}, {"type": "Feature", "properties": {"MONUMENTNR": 6422, "Gemeente": "Krimpenerwaard", "Plaats": "Vlist", "Toponiem": "Oostvlisterdijk", "Datering": "Late Middeleeuwen en Nieuwe Tijd", "WAARDE": "Terrein van hoge archeologische waarde", "Zichtbaarh": "ja", "Beschrijving": "Huisterp"}, "geometry": {"type": "MultiPolygon", "coordinates": [[[[4.8101, 51.9874], [4.8109, 51.9875], [4.8109, 51.9875], [4.8108, 51.9876], [4.8105, 51.9878], [4.8104, 51.9878], [4.8103, 51.9879], [4.8102, 51.9879], [4.8096, 51.9877], [4.8098, 51.9876], [4.81, 51.9874], [4.8101, 51.9874]]]]}}, {"type": "Feature", "properties": {"MONUMENTNR": 6423, "Gemeente": "Krimpenerwaard", "Plaats": "Vlist", "Toponiem": "Westvlisterdijk", "Datering": "Late Middeleeuwen en Nieuwe Tijd. Bewoning aangevangen v¢¢r 1683.", "WAARDE": "Terrein van hoge archeologische waarde", "Zichtbaarh": "ja", "Beschrijving": "Huisterp"}, "geometry": {"type": "MultiPolygon", "coordinates": [[[[4.8091, 51.9868], [4.8094, 51.987], [4.8093, 51.987], [4.8096, 51.9872], [4.8094, 51.9873], [4.8092, 51.9874], [4.8091, 51.9876], [4.8089, 51.9877], [4.8083, 51.9873], [4.8091, 51.9868]]]]}}, {"type": "Feature", "properties": {"MONUMENTNR": 6420, "Gemeente": "Krimpenerwaard", "Plaats": "Vlist", "Toponiem": "Oostvlisterdijk", "Datering": "Late Middeleeuwen en Nieuwe Tijd", "WAARDE": "Terrein van hoge archeologische waarde", "Zichtbaarh": "ja", "Beschrijving": "Huisterp"}, "geometry": {"type": "MultiPolygon", "coordinates": [[[[4.8124, 51.9859], [4.813, 51.986], [4.8129, 51.9861], [4.8129, 51.9861], [4.8128, 51.9862], [4.8127, 51.9862], [4.8125, 51.9863], [4.8125, 51.9863], [4.8125, 51.9864], [4.8125, 51.9864], [4.8125, 51.9865], [4.8124, 51.9865], [4.8117, 51.9864], [4.812, 51.9862], [4.8122, 51.9861], [4.8124, 51.9859]]]]}}, {"type": "Feature", "properties": {"MONUMENTNR": 6421, "Gemeente": "Krimpenerwaard", "Plaats": "Vlist", "Toponiem": "Westvlisterdijk", "Datering": "Late Middeleeuwen en Nieuwe Tijd. Bewoning aangevangen v¢¢r 1683.", "WAARDE": "Terrein van hoge archeologische waarde", "Zichtbaarh": "ja", "Beschrijving": "Huisterp"}, "geometry": {"type": "MultiPolygon", "coordinates": [[[[4.8117, 51.9855], [4.812, 51.9857], [4.8118, 51.9858], [4.8117, 51.9859], [4.8115, 51.986], [4.8114, 51.9862], [4.8112, 51.9863], [4.8109, 51.986], [4.8108, 51.986], [4.8117, 51.9855]]]]}}, {"type": "Feature", "properties": {"MONUMENTNR": 6419, "Gemeente": "Krimpenerwaard", "Plaats": "Vlist", "Toponiem": "Oostvlisterdijk", "Datering": "Late Middeleeuwen en Nieuwe Tijd", "WAARDE": "Terrein van hoge archeologische waarde", "Zichtbaarh": "ja", "Beschrijving": "Huisterp"}, "geometry": {"type": "MultiPolygon", "coordinates": [[[[4.8132, 51.9851], [4.8138, 51.9852], [4.8138, 51.9853], [4.8138, 51.9853], [4.8138, 51.9854], [4.8138, 51.9854], [4.8137, 51.9855], [4.8136, 51.9855], [4.8136, 51.9856], [4.8134, 51.9856], [4.8133, 51.9857], [4.8127, 51.9856], [4.8128, 51.9855], [4.813, 51.9854], [4.8131, 51.9852], [4.8132, 51.9851]]]]}}, {"type": "Feature", "properties": {"MONUMENTNR": 6418, "Gemeente": "Krimpenerwaard", "Plaats": "Vlist", "Toponiem": "Oostvlisterdijk", "Datering": "Late Middeleeuwen en Nieuwe Tijd", "WAARDE": "Terrein van hoge archeologische waarde", "Zichtbaarh": "ja", "Beschrijving": "Huisterp"}, "geometry": {"type": "MultiPolygon", "coordinates": [[[[4.8138, 51.9841], [4.8146, 51.9842], [4.8141, 51.9846], [4.8139, 51.9846], [4.8134, 51.9845], [4.8136, 51.9844], [4.8137, 51.9843], [4.8137, 51.9842], [4.8138, 51.9841]]]]}}, {"type": "Feature", "properties": {"MONUMENTNR": 6417, "Gemeente": "Krimpenerwaard", "Plaats": "Vlist", "Toponiem": "Westvlisterdijk", "Datering": "Late Middeleeuwen en Nieuwe Tijd. Bewoning aangevangen v¢¢r 1683.", "WAARDE": "Terrein van hoge archeologische waarde", "Zichtbaarh": "ja", "Beschrijving": "Huisterp"}, "geometry": {"type": "MultiPolygon", "coordinates": [[[[4.8133, 51.9834], [4.8136, 51.9836], [4.8135, 51.9837], [4.8134, 51.9839], [4.8132, 51.9841], [4.8131, 51.9843], [4.813, 51.9845], [4.8123, 51.984], [4.8133, 51.9834]]]]}}, {"type": "Feature", "properties": {"MONUMENTNR": 6416, "Gemeente": "Krimpenerwaard", "Plaats": "Vlist", "Toponiem": "Oostvlisterdijk", "Datering": "Late Middeleeuwen en Nieuwe Tijd", "WAARDE": "Terrein van hoge archeologische waarde", "Zichtbaarh": "ja", "Beschrijving": "Huisterp"}, "geometry": {"type": "MultiPolygon", "coordinates": [[[[4.8145, 51.9834], [4.8151, 51.9836], [4.8147, 51.9839], [4.8144, 51.9839], [4.8141, 51.9838], [4.8145, 51.9834]]]]}}, {"type": "Feature", "properties": {"MONUMENTNR": 10347, "Gemeente": "Krimpenerwaard", "Plaats": "Vlist", "Toponiem": "Westvlisterdijk", "Datering": "Late Middeleeuwen en Nieuwe Tijd. Bewoning aangevangen v¢¢r 1683.", "WAARDE": "Terrein van hoge archeologische waarde", "Zichtbaarh": "ja", "Beschrijving": "Huisterp"}, "geometry": {"type": "MultiPolygon", "coordinates": [[[[4.8141, 51.9825], [4.8142, 51.9826], [4.8143, 51.9827], [4.8143, 51.9827], [4.8143, 51.9828], [4.8143, 51.9829], [4.8142, 51.983], [4.814, 51.9833], [4.8133, 51.9829], [4.8141, 51.9825]]]]}}, {"type": "Feature", "properties": {"MONUMENTNR": 6414, "Gemeente": "Krimpenerwaard", "Plaats": "Vlist", "Toponiem": "Oostvlisterdijk", "Datering": "Late Middeleeuwen en Nieuwe Tijd", "WAARDE": "Terrein van hoge archeologische waarde", "Zichtbaarh": "ja", "Beschrijving": "Huisterp"}, "geometry": {"type": "MultiPolygon", "coordinates": [[[[4.8149, 51.9826], [4.8155, 51.9827], [4.8153, 51.9832], [4.8148, 51.9831], [4.8148, 51.983], [4.8148, 51.983], [4.8148, 51.9829], [4.8148, 51.9828], [4.8148, 51.9827], [4.8149, 51.9826]]]]}}, {"type": "Feature", "properties": {"MONUMENTNR": 6413, "Gemeente": "Krimpenerwaard", "Plaats": "Vlist", "Toponiem": "Westvlisterdijk", "Datering": "Late Middeleeuwen en Nieuwe Tijd. Bewoning aangevangen v¢¢r 1683.", "WAARDE": "Terrein van hoge archeologische waarde", "Zichtbaarh": "ja", "Beschrijving": "Huisterp"}, "geometry": {"type": "MultiPolygon", "coordinates": [[[[4.8149, 51.9803], [4.8153, 51.9806], [4.8153, 51.9807], [4.8153, 51.9808], [4.8152, 51.9809], [4.8152, 51.981], [4.8151, 51.9811], [4.815, 51.9813], [4.8142, 51.9807], [4.8149, 51.9803]]]]}}, {"type": "Feature", "properties": {"MONUMENTNR": 6412, "Gemeente": "Krimpenerwaard", "Plaats": "Vlist", "Toponiem": "Oostvlisterdijk", "Datering": "Late Middeleeuwen en Nieuwe Tijd", "WAARDE": "Terrein van hoge archeologische waarde", "Zichtbaarh": "ja", "Beschrijving": "Huisterp"}, "geometry": {"type": "MultiPolygon", "coordinates": [[[[4.8163, 51.9798], [4.8169, 51.9799], [4.8168, 51.98], [4.8166, 51.9801], [4.8165, 51.9802], [4.8162, 51.9803], [4.8161, 51.9804], [4.816, 51.9804], [4.816, 51.9804], [4.8159, 51.9804], [4.8159, 51.9804], [4.8158, 51.9804], [4.8158, 51.9804], [4.8158, 51.9803], [4.8158, 51.9802], [4.8159, 51.9801], [4.8159, 51.98], [4.8161, 51.98], [4.8163, 51.9798]]]]}}, {"type": "Feature", "properties": {"MONUMENTNR": 10346, "Gemeente": "Krimpenerwaard", "Plaats": "Vlist", "Toponiem": "Westvlisterdijk", "Datering": "Late Middeleeuwen en Nieuwe Tijd. Bewoning aangevangen v¢¢r 1683.", "WAARDE": "Terrein van hoge archeologische waarde", "Zichtbaarh": "ja", "Beschrijving": "Huisterp"}, "geometry": {"type": "MultiPolygon", "coordinates": [[[[4.8161, 51.9789], [4.8161, 51.9789], [4.8161, 51.9789], [4.8162, 51.9789], [4.8162, 51.9789], [4.8167, 51.9793], [4.8164, 51.9794], [4.8162, 51.9795], [4.8159, 51.9797], [4.8157, 51.9798], [4.8157, 51.9798], [4.8151, 51.9794], [4.8161, 51.9789]]]]}}, {"type": "Feature", "properties": {"MONUMENTNR": 6410, "Gemeente": "Krimpenerwaard", "Plaats": "Vlist", "Toponiem": "Westvlisterdijk", "Datering": "Late Middeleeuwen en Nieuwe Tijd. Bewoning aangevangen v¢¢r 1683.", "WAARDE": "Terrein van hoge archeologische waarde", "Zichtbaarh": "ja", "Beschrijving": "Huisterp"}, "geometry": {"type": "MultiPolygon", "coordinates": [[[[4.8188, 51.9784], [4.8194, 51.9789], [4.8193, 51.9789], [4.819, 51.9791], [4.8189, 51.9791], [4.8185, 51.9788], [4.8184, 51.9787], [4.8183, 51.9786], [4.8188, 51.9784]]]]}}, {"type": "Feature", "properties": {"MONUMENTNR": 6409, "Gemeente": "Krimpenerwaard", "Plaats": "Vlist", "Toponiem": "Oostvlisterdijk; De Vlist", "Datering": "Late Middeleeuwen en Nieuwe Tijd", "WAARDE": "Terrein van hoge archeologische waarde", "Zichtbaarh": "ja", "Beschrijving": "Huisterp"}, "geometry": {"type": "MultiPolygon", "coordinates": [[[[4.8209, 51.9784], [4.8219, 51.9786], [4.8219, 51.9786], [4.8219, 51.9786], [4.8218, 51.9788], [4.8217, 51.9788], [4.8217, 51.9789], [4.8215, 51.979], [4.8207, 51.9788], [4.8208, 51.9788], [4.8208, 51.9787], [4.8209, 51.9786], [4.8209, 51.9785], [4.8209, 51.9784], [4.8209, 51.9784]]]]}}, {"type": "Feature", "properties": {"MONUMENTNR": 6407, "Gemeente": "Krimpenerwaard", "Plaats": "Vlist", "Toponiem": "Oostvlisterdijk", "Datering": "Late Middeleeuwen en Nieuwe Tijd", "WAARDE": "Terrein van hoge archeologische waarde", "Zichtbaarh": "ja", "Beschrijving": "Huisterp"}, "geometry": {"type": "MultiPolygon", "coordinates": [[[[4.8221, 51.9768], [4.8225, 51.9769], [4.8224, 51.9774], [4.8221, 51.9774], [4.8219, 51.9773], [4.822, 51.9773], [4.822, 51.9772], [4.8221, 51.9771], [4.8221, 51.977], [4.8221, 51.9768]]]]}}, {"type": "Feature", "properties": {"MONUMENTNR": 6406, "Gemeente": "Krimpenerwaard", "Plaats": "Vlist", "Toponiem": "Oostvlisterdijk", "Datering": "Late Middeleeuwen en Nieuwe Tijd", "WAARDE": "Terrein van hoge archeologische waarde", "Zichtbaarh": "ja", "Beschrijving": "Huisterp"}, "geometry": {"type": "MultiPolygon", "coordinates": [[[[4.8224, 51.976], [4.8229, 51.9761], [4.8227, 51.9767], [4.8221, 51.9766], [4.8221, 51.9766], [4.8221, 51.9764], [4.8222, 51.9763], [4.8223, 51.9761], [4.8224, 51.976]]]]}}, {"type": "Feature", "properties": {"MONUMENTNR": 6405, "Gemeente": "Krimpenerwaard", "Plaats": "Vlist", "Toponiem": "Oostvlisterdijk; Het Wapen van Vlist", "Datering": "Late Middeleeuwen", "WAARDE": "Terrein van hoge archeologische waarde", "Zichtbaarh": "ja", "Beschrijving": "Huisterp"}, "geometry": {"type": "MultiPolygon", "coordinates": [[[[4.823, 51.9741], [4.8231, 51.9741], [4.8232, 51.9742], [4.8238, 51.9743], [4.8236, 51.9748], [4.8228, 51.9747], [4.8228, 51.9746], [4.8229, 51.9745], [4.8229, 51.9744], [4.8229, 51.9743], [4.8229, 51.9742], [4.823, 51.9741]]]]}}, {"type": "Feature", "properties": {"MONUMENTNR": 6404, "Gemeente": "Krimpenerwaard", "Plaats": "Vlist", "Toponiem": "Westvlisterdijk/Visserkade", "Datering": "Late Middeleeuwen en Nieuwe Tijd", "WAARDE": "Terrein van hoge archeologische waarde", "Zichtbaarh": "ja", "Beschrijving": "Huisterp"}, "geometry": {"type": "MultiPolygon", "coordinates": [[[[4.8221, 51.9732], [4.8223, 51.9733], [4.8225, 51.9734], [4.8227, 51.9735], [4.8228, 51.9735], [4.8228, 51.9736], [4.8227, 51.9737], [4.8227, 51.9738], [4.8227, 51.9739], [4.8224, 51.9737], [4.8224, 51.9737], [4.8223, 51.9736], [4.8222, 51.9735], [4.822, 51.9734], [4.822, 51.9733], [4.8221, 51.9732]]]]}}, {"type": "Feature", "properties": {"MONUMENTNR": 6403, "Gemeente": "Krimpenerwaard", "Plaats": "Vlist", "Toponiem": "Oostvlisterdijk", "Datering": "Late Middeleeuwen en Nieuwe Tijd", "WAARDE": "Terrein van hoge archeologische waarde", "Zichtbaarh": "ja", "Beschrijving": "Huisterp"}, "geometry": {"type": "MultiPolygon", "coordinates": [[[[4.8247, 51.973], [4.8251, 51.973], [4.8251, 51.9731], [4.8251, 51.9731], [4.825, 51.9734], [4.8247, 51.9734], [4.8236, 51.9732], [4.8237, 51.9732], [4.8238, 51.9731], [4.824, 51.9731], [4.8243, 51.9731], [4.8245, 51.973], [4.8247, 51.973]]]]}}, {"type": "Feature", "properties": {"MONUMENTNR": 6402, "Gemeente": "Krimpenerwaard", "Plaats": "Vlist", "Toponiem": "Oostvlisterdijk; Schansbrug", "Datering": "Late Middeleeuwen en Nieuwe Tijd", "WAARDE": "Terrein van hoge archeologische waarde", "Zichtbaarh": "ja", "Beschrijving": "Huisterp"}, "geometry": {"type": "MultiPolygon", "coordinates": [[[[4.8261, 51.9724], [4.8266, 51.9725], [4.827, 51.9726], [4.8271, 51.9726], [4.8268, 51.9729], [4.8267, 51.9728], [4.8261, 51.9728], [4.8259, 51.9727], [4.8258, 51.9727], [4.8256, 51.9726], [4.8256, 51.9726], [4.8258, 51.9725], [4.8259, 51.9725], [4.8261, 51.9724]]]]}}, {"type": "Feature", "properties": {"MONUMENTNR": 6401, "Gemeente": "Krimpenerwaard", "Plaats": "Vlist", "Toponiem": "Koeneschans / Schansbrug", "Datering": "16e-19e eeuw.", "WAARDE": "Terrein van hoge archeologische waarde", "Zichtbaarh": "ja", "Beschrijving": "Resten van een schans"}, "geometry": {"type": "MultiPolygon", "coordinates": [[[[4.8266, 51.9716], [4.8268, 51.9716], [4.8269, 51.9717], [4.827, 51.9717], [4.8271, 51.9718], [4.827, 51.9719], [4.8269, 51.9719], [4.8266, 51.9719], [4.8265, 51.972], [4.8264, 51.9719], [4.8263, 51.9719], [4.8262, 51.9718], [4.8263, 51.9717], [4.8264, 51.9716], [4.8265, 51.9716], [4.8266, 51.9716]]]]}}, {"type": "Feature", "properties": {"MONUMENTNR": 6400, "Gemeente": "Krimpenerwaard", "Plaats": "Bonrepas", "Toponiem": "Bonrepas; Rust Roest", "Datering": "Late Middeleeuwen en Nieuwe Tijd", "WAARDE": "Terrein van hoge archeologische waarde", "Zichtbaarh": "ja", "Beschrijving": "Huisterp"}, "geometry": {"type": "MultiPolygon", "coordinates": [[[[4.8307, 51.969], [4.831, 51.9692], [4.8308, 51.9693], [4.8306, 51.9695], [4.8305, 51.9695], [4.8302, 51.9693], [4.8303, 51.9692], [4.8304, 51.9691], [4.8306, 51.969], [4.8307, 51.969]]]]}}, {"type": "Feature", "properties": {"MONUMENTNR": 6399, "Gemeente": "Krimpenerwaard", "Plaats": "Bonrepas", "Toponiem": "Bonrepas; Eerste Wetering", "Datering": "Late Middeleeuwen en Nieuwe Tijd", "WAARDE": "Terrein van hoge archeologische waarde", "Zichtbaarh": "ja", "Beschrijving": "Huisterp"}, "geometry": {"type": "MultiPolygon", "coordinates": [[[[4.8375, 51.9674], [4.8382, 51.9675], [4.8381, 51.9676], [4.838, 51.9676], [4.8379, 51.9677], [4.8378, 51.9678], [4.8377, 51.9678], [4.8376, 51.9679], [4.8375, 51.9679], [4.8374, 51.9679], [4.8368, 51.9678], [4.837, 51.9677], [4.8372, 51.9676], [4.8373, 51.9675], [4.8375, 51.9674]]]]}}, {"type": "Feature", "properties": {"MONUMENTNR": 6579, "Gemeente": "Krimpenerwaard", "Plaats": "Schoonouwen", "Toponiem": "Schoonouwense Weg", "Datering": "Late Middeleeuwen en Nieuwe Tijd", "WAARDE": "Terrein van hoge archeologische waarde", "Zichtbaarh": "ja", "Beschrijving": "Huisterp"}, "geometry": {"type": "MultiPolygon", "coordinates": [[[[4.808, 51.963], [4.8086, 51.9631], [4.809, 51.9631], [4.809, 51.9631], [4.809, 51.9631], [4.809, 51.9632], [4.809, 51.9634], [4.8089, 51.9636], [4.8088, 51.9636], [4.8087, 51.9636], [4.8086, 51.9636], [4.8085, 51.9636], [4.8084, 51.9636], [4.8081, 51.9636], [4.808, 51.9635], [4.808, 51.963]]]]}}, {"type": "Feature", "properties": {"MONUMENTNR": 6578, "Gemeente": "Krimpenerwaard", "Plaats": "Schoonouwen", "Toponiem": "Schoonouwense Weg/Bergweg", "Datering": "Late Middeleeuwen en Nieuwe Tijd", "WAARDE": "Terrein van hoge archeologische waarde", "Zichtbaarh": "ja", "Beschrijving": "Huisterp"}, "geometry": {"type": "MultiPolygon", "coordinates": [[[[4.8075, 51.9622], [4.8082, 51.9623], [4.8082, 51.9628], [4.8081, 51.9629], [4.8081, 51.9629], [4.8077, 51.9629], [4.8076, 51.9629], [4.8075, 51.9629], [4.8074, 51.9628], [4.8074, 51.9627], [4.8075, 51.9622]]]]}}, {"type": "Feature", "properties": {"MONUMENTNR": 6441, "Gemeente": "Krimpenerwaard", "Plaats": "Lekkerkerk", "Toponiem": "Polder Schuwagt; C.G. Roosweg", "Datering": "Late Middeleeuwen (1000-1300)", "WAARDE": "Terrein van hoge archeologische waarde", "Zichtbaarh": "onbekend", "Beschrijving": "Huisterp"}, "geometry": {"type": "MultiPolygon", "coordinates": [[[[4.6786, 51.92], [4.6787, 51.9206], [4.6781, 51.9206], [4.678, 51.92], [4.6786, 51.92]]]]}}, {"type": "Feature", "properties": {"MONUMENTNR": 10462, "Gemeente": "Krimpenerwaard", "Plaats": "Lekkerkerk", "Toponiem": "Polder Schuwagt; C.G. Roosweg", "Datering": "Late Middeleeuwen (1000-1300)", "WAARDE": "Terrein van hoge archeologische waarde", "Zichtbaarh": "ja", "Beschrijving": "Huisterp"}, "geometry": {"type": "MultiPolygon", "coordinates": [[[[4.6766, 51.9191], [4.6769, 51.9191], [4.677, 51.9195], [4.6767, 51.9195], [4.6766, 51.9191]]]]}}, {"type": "Feature", "properties": {"MONUMENTNR": 6439, "Gemeente": "Krimpenerwaard", "Plaats": "Lekkerkerk", "Toponiem": "Polder Schuwagt; C.G. Roosweg", "Datering": "Late Middeleeuwen (1000-1300)", "WAARDE": "Terrein van hoge archeologische waarde", "Zichtbaarh": "ja", "Beschrijving": "Huisterp"}, "geometry": {"type": "MultiPolygon", "coordinates": [[[[4.6731, 51.9166], [4.6732, 51.9171], [4.6727, 51.9172], [4.6727, 51.9166], [4.6731, 51.9166]]]]}}, {"type": "Feature", "properties": {"MONUMENTNR": 6437, "Gemeente": "Krimpenerwaard", "Plaats": "Lekkerkerk", "Toponiem": "Polder Schuwagt; C.G. Roosweg", "Datering": "Late Middeleeuwen (1000-1300)", "WAARDE": "Terrein van hoge archeologische waarde", "Zichtbaarh": "ja", "Beschrijving": "Huisterp"}, "geometry": {"type": "MultiPolygon", "coordinates": [[[[4.6631, 51.9147], [4.6632, 51.9153], [4.6622, 51.9154], [4.6621, 51.9147], [4.6631, 51.9147]]]]}}, {"type": "Feature", "properties": {"MONUMENTNR": 6436, "Gemeente": "Krimpenerwaard", "Plaats": "Lekkerkerk", "Toponiem": "Polder Schuwagt; C.G. Roosweg", "Datering": "Late Middeleeuwen (1000-1300)", "WAARDE": "Terrein van hoge archeologische waarde", "Zichtbaarh": "ja", "Beschrijving": "Huisterp"}, "geometry": {"type": "MultiPolygon", "coordinates": [[[[4.6541, 51.9142], [4.6542, 51.915], [4.6539, 51.9149], [4.6536, 51.9149], [4.6535, 51.9148], [4.6534, 51.9143], [4.6541, 51.9142]]]]}}, {"type": "Feature", "properties": {"MONUMENTNR": 6442, "Gemeente": "Krimpenerwaard", "Plaats": "Lekkerkerk", "Toponiem": "Polder Den Hoek; C.G. Roosweg/Boezemweg", "Datering": "1000-1300", "WAARDE": "Terrein van hoge archeologische waarde", "Zichtbaarh": "ja", "Beschrijving": "Twee huisterpen"}, "geometry": {"type": "MultiPolygon", "coordinates": [[[[4.6918, 51.9212], [4.6919, 51.9223], [4.6915, 51.9223], [4.6914, 51.9212], [4.6918, 51.9212]]]]}}, {"type": "Feature", "properties": {"MONUMENTNR": 6481, "Gemeente": "Krimpenerwaard", "Plaats": "Lekkerkerk", "Toponiem": "Polder den Hoek; Loetbos", "Datering": "1000-1300", "WAARDE": "Terrein van hoge archeologische waarde", "Zichtbaarh": "ja", "Beschrijving": "Huisterp"}, "geometry": {"type": "MultiPolygon", "coordinates": [[[[4.7048, 51.9284], [4.7049, 51.9289], [4.7043, 51.9289], [4.7043, 51.9285], [4.7048, 51.9284]]]]}}, {"type": "Feature", "properties": {"MONUMENTNR": 6480, "Gemeente": "Krimpenerwaard", "Plaats": "Lekkerkerk", "Toponiem": "Polder den Hoek; Loetbos", "Datering": "1000-1300", "WAARDE": "Terrein van hoge archeologische waarde", "Zichtbaarh": "ja", "Beschrijving": "Huisterp"}, "geometry": {"type": "MultiPolygon", "coordinates": [[[[4.7035, 51.9275], [4.7036, 51.9287], [4.7031, 51.9287], [4.7031, 51.9275], [4.7035, 51.9275]]]]}}, {"type": "Feature", "properties": {"MONUMENTNR": 6482, "Gemeente": "Krimpenerwaard", "Plaats": "Lekkerkerk", "Toponiem": "Polder den Hoek; Loetbos", "Datering": "Late Middeleeuwen", "WAARDE": "Terrein van hoge archeologische waarde", "Zichtbaarh": "ja", "Beschrijving": "Huisterp"}, "geometry": {"type": "MultiPolygon", "coordinates": [[[[4.7063, 51.9289], [4.7063, 51.9293], [4.7057, 51.9293], [4.7056, 51.9289], [4.7063, 51.9289]]]]}}, {"type": "Feature", "properties": {"MONUMENTNR": 6483, "Gemeente": "Krimpenerwaard", "Plaats": "Lekkerkerk", "Toponiem": "Polder den Hoek; C.G. Roosweg", "Datering": "1000-1300", "WAARDE": "Terrein van hoge archeologische waarde", "Zichtbaarh": "ja", "Beschrijving": "Huisterp"}, "geometry": {"type": "MultiPolygon", "coordinates": [[[[4.717, 51.9257], [4.717, 51.9262], [4.7164, 51.9262], [4.7164, 51.9257], [4.717, 51.9257]]]]}}, {"type": "Feature", "properties": {"MONUMENTNR": 6450, "Gemeente": "Ridderkerk", "Plaats": "Ridderkerk", "Toponiem": "Slikkerveer; Ringdijk; Huis te Woude", "Datering": "Late Middeleeuwen", "WAARDE": "Terrein van hoge archeologische waarde", "Zichtbaarh": "ja", "Beschrijving": "Resten van de begraven hofstad Huis Te Woude"}, "geometry": {"type": "MultiPolygon", "coordinates": [[[[4.6093, 51.8796], [4.6096, 51.8796], [4.6099, 51.8796], [4.6102, 51.8797], [4.6104, 51.8797], [4.6106, 51.8798], [4.6107, 51.8798], [4.6102, 51.8803], [4.6101, 51.8802], [4.6099, 51.8802], [4.6097, 51.8802], [4.6094, 51.8802], [4.6094, 51.8801], [4.6094, 51.8799], [4.6094, 51.8798], [4.6093, 51.8797], [4.6093, 51.8796]]]]}}, {"type": "Feature", "properties": {"MONUMENTNR": 6476, "Gemeente": "Krimpenerwaard", "Plaats": "Lage Weg", "Toponiem": "Polder de Nesse; Schaapjeszijde", "Datering": "1000-1300", "WAARDE": "Terrein van hoge archeologische waarde", "Zichtbaarh": "ja", "Beschrijving": "Huisterp"}, "geometry": {"type": "MultiPolygon", "coordinates": [[[[4.6694, 51.9622], [4.6697, 51.9623], [4.6691, 51.9627], [4.6688, 51.9625], [4.6694, 51.9622]]]]}}, {"type": "Feature", "properties": {"MONUMENTNR": 6477, "Gemeente": "Krimpenerwaard", "Plaats": "Achterbroek", "Toponiem": "Ouderkerkse Landscheiding", "Datering": "1200-1500", "WAARDE": "Terrein van hoge archeologische waarde", "Zichtbaarh": "ja", "Beschrijving": "Huisterp"}, "geometry": {"type": "MultiPolygon", "coordinates": [[[[4.6807, 51.9558], [4.681, 51.956], [4.6801, 51.9565], [4.6798, 51.9563], [4.6807, 51.9558]]]]}}, {"type": "Feature", "properties": {"MONUMENTNR": 6478, "Gemeente": "Krimpenerwaard", "Plaats": "Berkenwoude", "Toponiem": "Ouderkerkse Landscheiding", "Datering": "1000-1500", "WAARDE": "Terrein van hoge archeologische waarde", "Zichtbaarh": "ja", "Beschrijving": "Huisterp"}, "geometry": {"type": "MultiPolygon", "coordinates": [[[[4.6814, 51.9491], [4.6818, 51.9494], [4.681, 51.9498], [4.6806, 51.9495], [4.6814, 51.9491]]]]}}, {"type": "Feature", "properties": {"MONUMENTNR": 6479, "Gemeente": "Krimpenerwaard", "Plaats": "Berkenwoude", "Toponiem": "Ouderkerkse Landscheiding", "Datering": "1000-1500", "WAARDE": "Terrein van hoge archeologische waarde", "Zichtbaarh": "ja", "Beschrijving": "Huisterp"}, "geometry": {"type": "MultiPolygon", "coordinates": [[[[4.6807, 51.9475], [4.6809, 51.9476], [4.6802, 51.9481], [4.6799, 51.9479], [4.6807, 51.9475]]]]}}, {"type": "Feature", "properties": {"MONUMENTNR": 6496, "Gemeente": "Krimpenerwaard", "Plaats": "Benedenheul", "Toponiem": "Benedenheulseweg", "Datering": "Late Middeleeuwen en Nieuwe Tijd. Bewoning aangevangen v¢¢r 1683.", "WAARDE": "Terrein van hoge archeologische waarde", "Zichtbaarh": "ja", "Beschrijving": "Huisterp"}, "geometry": {"type": "MultiPolygon", "coordinates": [[[[4.7323, 51.9579], [4.733, 51.9583], [4.7326, 51.9586], [4.7318, 51.9582], [4.7323, 51.9579]]]]}}, {"type": "Feature", "properties": {"MONUMENTNR": 6498, "Gemeente": "Krimpenerwaard", "Plaats": "Benedenheul", "Toponiem": "Benedenheulseweg", "Datering": "Late Middeleeuwen en Nieuwe Tijd. Bewoning aangevangen v¢¢r 1683.", "WAARDE": "Terrein van hoge archeologische waarde", "Zichtbaarh": "ja", "Beschrijving": "Huisterp"}, "geometry": {"type": "MultiPolygon", "coordinates": [[[[4.7311, 51.9574], [4.7312, 51.9575], [4.7313, 51.9576], [4.7314, 51.9575], [4.7317, 51.9576], [4.7315, 51.9578], [4.7311, 51.958], [4.731, 51.958], [4.7308, 51.9579], [4.7307, 51.9579], [4.7306, 51.9578], [4.7308, 51.9576], [4.731, 51.9574], [4.7311, 51.9574]]]]}}, {"type": "Feature", "properties": {"MONUMENTNR": 6497, "Gemeente": "Krimpenerwaard", "Plaats": "Benedenheul", "Toponiem": "Benedenheulseweg", "Datering": "Late Middeleeuwen en Nieuwe Tijd. Bewoning aangevangen v¢¢r 1683.", "WAARDE": "Terrein van hoge archeologische waarde", "Zichtbaarh": "ja", "Beschrijving": "Huisterp"}, "geometry": {"type": "MultiPolygon", "coordinates": [[[[4.7325, 51.9574], [4.7329, 51.9576], [4.7326, 51.9578], [4.7323, 51.9577], [4.7325, 51.9574]]]]}}, {"type": "Feature", "properties": {"MONUMENTNR": 6499, "Gemeente": "Krimpenerwaard", "Plaats": "Benedenheul", "Toponiem": "Benedenheulseweg", "Datering": "Late Middeleeuwen en Nieuwe Tijd. Bewoning aangevangen v¢¢r 1683.", "WAARDE": "Terrein van hoge archeologische waarde", "Zichtbaarh": "ja", "Beschrijving": "Huisterp"}, "geometry": {"type": "MultiPolygon", "coordinates": [[[[4.7303, 51.957], [4.7308, 51.9573], [4.7307, 51.9575], [4.7306, 51.9575], [4.7305, 51.9576], [4.7305, 51.9577], [4.7304, 51.9578], [4.7297, 51.9575], [4.7298, 51.9574], [4.7298, 51.9573], [4.7299, 51.9572], [4.7301, 51.9571], [4.7303, 51.957]]]]}}, {"type": "Feature", "properties": {"MONUMENTNR": 6500, "Gemeente": "Krimpenerwaard", "Plaats": "Benedenheul", "Toponiem": "Benedenheulseweg", "Datering": "Late Middeleeuwen en Nieuwe Tijd. Bewoning aangevangen v¢¢r 1683.", "WAARDE": "Terrein van hoge archeologische waarde", "Zichtbaarh": "ja", "Beschrijving": "Huisterp"}, "geometry": {"type": "MultiPolygon", "coordinates": [[[[4.7281, 51.9561], [4.7286, 51.9563], [4.7279, 51.9568], [4.7278, 51.9569], [4.7277, 51.9569], [4.7277, 51.9568], [4.7277, 51.9568], [4.7276, 51.9567], [4.7274, 51.9566], [4.7281, 51.9561]]]]}}, {"type": "Feature", "properties": {"MONUMENTNR": 6501, "Gemeente": "Krimpenerwaard", "Plaats": "Benedenheul", "Toponiem": "Benedenheulseweg", "Datering": "Late Middeleeuwen en Nieuwe Tijd. Bewoning aangevangen v¢¢r 1683.", "WAARDE": "Terrein van hoge archeologische waarde", "Zichtbaarh": "ja", "Beschrijving": "Huisterp"}, "geometry": {"type": "MultiPolygon", "coordinates": [[[[4.725, 51.9548], [4.7256, 51.955], [4.7249, 51.9555], [4.7244, 51.9551], [4.725, 51.9548]]]]}}, {"type": "Feature", "properties": {"MONUMENTNR": 6502, "Gemeente": "Krimpenerwaard", "Plaats": "Benedenheul", "Toponiem": "Benedenheulseweg", "Datering": "Late Middeleeuwen en Nieuwe Tijd. Bewoning aangevangen v¢¢r 1683.", "WAARDE": "Terrein van hoge archeologische waarde", "Zichtbaarh": "ja", "Beschrijving": "Huisterp"}, "geometry": {"type": "MultiPolygon", "coordinates": [[[[4.7233, 51.954], [4.7239, 51.9543], [4.7236, 51.9545], [4.7236, 51.9546], [4.7232, 51.9547], [4.7227, 51.9544], [4.7233, 51.954]]]]}}, {"type": "Feature", "properties": {"MONUMENTNR": 6555, "Gemeente": "Krimpenerwaard", "Plaats": "Benedenheul", "Toponiem": "Benedenheulseweg", "Datering": "Late Middeleeuwen en Nieuwe Tijd", "WAARDE": "Terrein van hoge archeologische waarde", "Zichtbaarh": "ja", "Beschrijving": "Huisterp"}, "geometry": {"type": "MultiPolygon", "coordinates": [[[[4.7367, 51.959], [4.7371, 51.9591], [4.7374, 51.9592], [4.7377, 51.9593], [4.7375, 51.9596], [4.7374, 51.9599], [4.7373, 51.9599], [4.7372, 51.9599], [4.7371, 51.9598], [4.7371, 51.9598], [4.7371, 51.9598], [4.7371, 51.9598], [4.737, 51.9598], [4.7369, 51.9597], [4.7368, 51.9597], [4.7367, 51.9596], [4.7365, 51.9595], [4.7365, 51.9595], [4.7364, 51.9595], [4.7367, 51.959], [4.7367, 51.959]]]]}}, {"type": "Feature", "properties": {"MONUMENTNR": 6557, "Gemeente": "Krimpenerwaard", "Plaats": "Benedenheul", "Toponiem": "Benedenheulseweg", "Datering": "Late Middeleeuwen en Nieuwe Tijd", "WAARDE": "Terrein van hoge archeologische waarde", "Zichtbaarh": "ja", "Beschrijving": "Huisterp"}, "geometry": {"type": "MultiPolygon", "coordinates": [[[[4.7356, 51.9594], [4.736, 51.9595], [4.7355, 51.9599], [4.7354, 51.9599], [4.7354, 51.9599], [4.735, 51.9597], [4.7352, 51.9596], [4.7353, 51.9596], [4.7356, 51.9594]]]]}}, {"type": "Feature", "properties": {"MONUMENTNR": 6558, "Gemeente": "Krimpenerwaard", "Plaats": "Benedenheul", "Toponiem": "Benedenheulseweg", "Datering": "Late Middeleeuwen en Nieuwe Tijd", "WAARDE": "Terrein van hoge archeologische waarde", "Zichtbaarh": "ja", "Beschrijving": "Huisterp"}, "geometry": {"type": "MultiPolygon", "coordinates": [[[[4.7343, 51.9588], [4.7344, 51.9588], [4.7351, 51.9591], [4.7351, 51.9591], [4.7346, 51.9594], [4.7341, 51.9591], [4.734, 51.959], [4.734, 51.959], [4.7341, 51.959], [4.7342, 51.9588], [4.7343, 51.9588]]]]}}, {"type": "Feature", "properties": {"MONUMENTNR": 6559, "Gemeente": "Krimpenerwaard", "Plaats": "Benedenheul", "Toponiem": "Benedenheulseweg", "Datering": "Late Middeleeuwen en Nieuwe Tijd", "WAARDE": "Terrein van hoge archeologische waarde", "Zichtbaarh": "ja", "Beschrijving": "Huisterp"}, "geometry": {"type": "MultiPolygon", "coordinates": [[[[4.7332, 51.9584], [4.7334, 51.9584], [4.7334, 51.9584], [4.7335, 51.9584], [4.7339, 51.9586], [4.7335, 51.959], [4.7329, 51.9586], [4.7332, 51.9584]]]]}}, {"type": "Feature", "properties": {"MONUMENTNR": 6510, "Gemeente": "Krimpenerwaard", "Plaats": "Het Beijersche", "Toponiem": "Beijerscheweg", "Datering": "Late Middeleeuwen en Nieuwe Tijd. Bewoning aangevangen v¢¢r 1683.", "WAARDE": "Terrein van hoge archeologische waarde", "Zichtbaarh": "ja", "Beschrijving": "Huisterp"}, "geometry": {"type": "MultiPolygon", "coordinates": [[[[4.744, 51.9892], [4.7442, 51.9893], [4.7445, 51.9894], [4.7446, 51.9894], [4.7449, 51.9895], [4.7454, 51.9896], [4.7444, 51.99], [4.744, 51.9897], [4.7436, 51.9899], [4.7433, 51.9896], [4.744, 51.9892]]]]}}, {"type": "Feature", "properties": {"MONUMENTNR": 6509, "Gemeente": "Krimpenerwaard", "Plaats": "Het Beijersche", "Toponiem": "Beijerscheweg", "Datering": "Late Middeleeuwen en Nieuwe Tijd. Bewoning aangevangen v¢¢r 1683.", "WAARDE": "Terrein van hoge archeologische waarde", "Zichtbaarh": "ja", "Beschrijving": "Huisterp"}, "geometry": {"type": "MultiPolygon", "coordinates": [[[[4.7447, 51.9884], [4.7452, 51.9885], [4.7453, 51.9884], [4.7453, 51.9884], [4.7454, 51.9884], [4.7456, 51.9885], [4.7451, 51.9893], [4.7445, 51.9891], [4.7447, 51.9888], [4.7447, 51.9887], [4.7446, 51.9887], [4.7445, 51.9886], [4.7447, 51.9884]]]]}}, {"type": "Feature", "properties": {"MONUMENTNR": 6512, "Gemeente": "Krimpenerwaard", "Plaats": "Het Beijersche", "Toponiem": "Beijerscheweg", "Datering": "Late Middeleeuwen en Nieuwe Tijd. Bewoning aangevangen v¢¢r 1683.", "WAARDE": "Terrein van hoge archeologische waarde", "Zichtbaarh": "ja", "Beschrijving": "Huisterp"}, "geometry": {"type": "MultiPolygon", "coordinates": [[[[4.737, 51.9863], [4.7374, 51.9864], [4.7379, 51.9864], [4.7378, 51.9867], [4.7378, 51.9868], [4.7378, 51.9868], [4.7378, 51.9869], [4.7378, 51.9869], [4.7376, 51.9871], [4.7376, 51.9871], [4.7376, 51.9872], [4.7376, 51.9873], [4.7373, 51.9871], [4.7371, 51.9871], [4.737, 51.9871], [4.7368, 51.987], [4.7368, 51.9869], [4.7369, 51.9867], [4.737, 51.9865], [4.737, 51.9863], [4.737, 51.9863]]]]}}, {"type": "Feature", "properties": {"MONUMENTNR": 6513, "Gemeente": "Krimpenerwaard", "Plaats": "Het Beijersche", "Toponiem": "Beijerscheweg", "Datering": "Late Middeleeuwen en Nieuwe Tijd. Bewoning aangevangen v¢¢r 1683.", "WAARDE": "Terrein van hoge archeologische waarde", "Zichtbaarh": "ja", "Beschrijving": "Huisterp"}, "geometry": {"type": "MultiPolygon", "coordinates": [[[[4.7345, 51.9859], [4.7348, 51.9861], [4.7345, 51.9863], [4.7343, 51.9863], [4.734, 51.9865], [4.7337, 51.9863], [4.7338, 51.9862], [4.7339, 51.9861], [4.734, 51.9861], [4.7341, 51.986], [4.7342, 51.986], [4.7343, 51.986], [4.7345, 51.9859]]]]}}, {"type": "Feature", "properties": {"MONUMENTNR": 6514, "Gemeente": "Krimpenerwaard", "Plaats": "Het Beijersche", "Toponiem": "Beijerscheweg; Bouwlust", "Datering": "Late Middeleeuwen en Nieuwe Tijd. Bewoning aangevangen v¢¢r 1683.", "WAARDE": "Terrein van hoge archeologische waarde", "Zichtbaarh": "ja", "Beschrijving": "Huisterp"}, "geometry": {"type": "MultiPolygon", "coordinates": [[[[4.734, 51.9847], [4.7352, 51.9854], [4.7355, 51.9855], [4.7352, 51.986], [4.7347, 51.9858], [4.7346, 51.9857], [4.7342, 51.9855], [4.734, 51.9854], [4.7337, 51.9853], [4.734, 51.9847]]]]}}, {"type": "Feature", "properties": {"MONUMENTNR": 6515, "Gemeente": "Krimpenerwaard", "Plaats": "Het Beijersche", "Toponiem": "Beijerscheweg", "Datering": "Late Middeleeuwen en Nieuwe Tijd. Bewoning aangevangen v¢¢r 1683.", "WAARDE": "Terrein van hoge archeologische waarde", "Zichtbaarh": "ja", "Beschrijving": "Huisterp"}, "geometry": {"type": "MultiPolygon", "coordinates": [[[[4.7331, 51.9852], [4.7333, 51.9853], [4.7337, 51.9855], [4.7328, 51.9859], [4.7324, 51.9855], [4.7325, 51.9855], [4.7328, 51.9853], [4.7331, 51.9852]]]]}}, {"type": "Feature", "properties": {"MONUMENTNR": 6511, "Gemeente": "Krimpenerwaard", "Plaats": "Goudseweg", "Toponiem": "Goudseweg", "Datering": "Late Middeleeuwen en Nieuwe Tijd.", "WAARDE": "Terrein van hoge archeologische waarde", "Zichtbaarh": "ja", "Beschrijving": "Huisterp"}, "geometry": {"type": "MultiPolygon", "coordinates": [[[[4.7551, 51.9838], [4.7558, 51.9839], [4.7557, 51.9843], [4.7554, 51.9843], [4.7551, 51.9842], [4.7547, 51.9842], [4.7547, 51.9841], [4.7547, 51.984], [4.7549, 51.9839], [4.7551, 51.9838]]]]}}, {"type": "Feature", "properties": {"MONUMENTNR": 6487, "Gemeente": "Krimpenerwaard", "Plaats": "Het Beijersche", "Toponiem": "Beijerscheweg", "Datering": "Late Middeleeuwen en Nieuwe Tijd. Bewoning aangevangen v¢¢r 1683.", "WAARDE": "Terrein van hoge archeologische waarde", "Zichtbaarh": "ja", "Beschrijving": "Huisterp"}, "geometry": {"type": "MultiPolygon", "coordinates": [[[[4.7301, 51.9827], [4.731, 51.9832], [4.7308, 51.9836], [4.7298, 51.9831], [4.7299, 51.983], [4.7299, 51.9829], [4.73, 51.9829], [4.73, 51.9828], [4.7301, 51.9827]]]]}}, {"type": "Feature", "properties": {"MONUMENTNR": 6488, "Gemeente": "Krimpenerwaard", "Plaats": "Het Beijersche", "Toponiem": "Beijerscheweg", "Datering": "Late Middeleeuwen en Nieuwe Tijd. Bewoning aangevangen v¢¢r 1683.", "WAARDE": "Terrein van hoge archeologische waarde", "Zichtbaarh": "ja", "Beschrijving": "Huisterp"}, "geometry": {"type": "MultiPolygon", "coordinates": [[[[4.7293, 51.9821], [4.7296, 51.9822], [4.7299, 51.9823], [4.73, 51.9823], [4.73, 51.9824], [4.7299, 51.9824], [4.7298, 51.9827], [4.7296, 51.9829], [4.7289, 51.9825], [4.7293, 51.9821]]]]}}, {"type": "Feature", "properties": {"MONUMENTNR": 6490, "Gemeente": "Krimpenerwaard", "Plaats": "Het Beijersche", "Toponiem": "Beijerscheweg", "Datering": "Late Middeleeuwen en Nieuwe Tijd. Bewoning aangevangen v¢¢r 1683.", "WAARDE": "Terrein van hoge archeologische waarde", "Zichtbaarh": "ja", "Beschrijving": "Huisterp"}, "geometry": {"type": "MultiPolygon", "coordinates": [[[[4.7276, 51.9822], [4.7278, 51.9823], [4.728, 51.9824], [4.7282, 51.9825], [4.7284, 51.9826], [4.7285, 51.9826], [4.7279, 51.9829], [4.7272, 51.9824], [4.7276, 51.9822]]]]}}, {"type": "Feature", "properties": {"MONUMENTNR": 6491, "Gemeente": "Krimpenerwaard", "Plaats": "Het Beijersche", "Toponiem": "Beijerscheweg", "Datering": "Late Middeleeuwen en Nieuwe Tijd. Bewoning aangevangen v¢¢r 1683.", "WAARDE": "Terrein van hoge archeologische waarde", "Zichtbaarh": "ja", "Beschrijving": "Huisterp"}, "geometry": {"type": "MultiPolygon", "coordinates": [[[[4.7268, 51.9817], [4.7274, 51.982], [4.7267, 51.9823], [4.7263, 51.9819], [4.7268, 51.9817]]]]}}, {"type": "Feature", "properties": {"MONUMENTNR": 6489, "Gemeente": "Krimpenerwaard", "Plaats": "Het Beijersche", "Toponiem": "Beijerscheweg", "Datering": "Late Middeleeuwen en Nieuwe Tijd. Bewoning aangevangen v¢¢r 1683.", "WAARDE": "Terrein van hoge archeologische waarde", "Zichtbaarh": "ja", "Beschrijving": "Huisterp"}, "geometry": {"type": "MultiPolygon", "coordinates": [[[[4.7278, 51.9814], [4.7286, 51.9818], [4.7286, 51.9818], [4.7286, 51.9819], [4.7286, 51.982], [4.7285, 51.9821], [4.7285, 51.9822], [4.7284, 51.9823], [4.7276, 51.9818], [4.7278, 51.9814]]]]}}, {"type": "Feature", "properties": {"MONUMENTNR": 6492, "Gemeente": "Krimpenerwaard", "Plaats": "Het Beijersche", "Toponiem": "Beijerscheweg", "Datering": "Late Middeleeuwen en Nieuwe Tijd. Bewoning aangevangen v¢¢r 1683.", "WAARDE": "Terrein van hoge archeologische waarde", "Zichtbaarh": "ja", "Beschrijving": "Huisterp"}, "geometry": {"type": "MultiPolygon", "coordinates": [[[[4.7267, 51.9806], [4.7271, 51.9807], [4.7272, 51.9807], [4.7272, 51.9808], [4.7272, 51.9809], [4.7271, 51.9811], [4.7269, 51.9812], [4.7267, 51.9813], [4.7263, 51.9811], [4.7265, 51.9809], [4.7265, 51.9808], [4.7266, 51.9807], [4.7267, 51.9806]]]]}}, {"type": "Feature", "properties": {"MONUMENTNR": 6494, "Gemeente": "Krimpenerwaard", "Plaats": "Het Beijersche", "Toponiem": "Beijerscheweg", "Datering": "Late Middeleeuwen en Nieuwe Tijd. Bewoning aangevangen v¢¢r 1683.", "WAARDE": "Terrein van hoge archeologische waarde", "Zichtbaarh": "ja", "Beschrijving": "Huisterp"}, "geometry": {"type": "MultiPolygon", "coordinates": [[[[4.7243, 51.9802], [4.7245, 51.9803], [4.7248, 51.9805], [4.7247, 51.9805], [4.7245, 51.9806], [4.7244, 51.9807], [4.7242, 51.9807], [4.7241, 51.9808], [4.7239, 51.9808], [4.7236, 51.9806], [4.7238, 51.9804], [4.7241, 51.9803], [4.7243, 51.9802]]]]}}, {"type": "Feature", "properties": {"MONUMENTNR": 6493, "Gemeente": "Krimpenerwaard", "Plaats": "Het Beijersche", "Toponiem": "Beijerscheweg", "Datering": "Late Middeleeuwen en Nieuwe Tijd. Bewoning aangevangen v¢¢r 1683.", "WAARDE": "Terrein van hoge archeologische waarde", "Zichtbaarh": "ja", "Beschrijving": "Huisterp"}, "geometry": {"type": "MultiPolygon", "coordinates": [[[[4.7249, 51.9796], [4.7252, 51.9797], [4.7255, 51.9797], [4.7252, 51.9803], [4.7252, 51.9805], [4.7249, 51.9803], [4.7247, 51.9802], [4.7247, 51.9799], [4.7247, 51.9798], [4.7249, 51.9796]]]]}}, {"type": "Feature", "properties": {"MONUMENTNR": 6495, "Gemeente": "Krimpenerwaard", "Plaats": "Het Beijersche", "Toponiem": "Bosweg", "Datering": "Late Middeleeuwen en Nieuwe Tijd. Bewoning aangevangen v¢¢r 1683.", "WAARDE": "Terrein van hoge archeologische waarde", "Zichtbaarh": "ja", "Beschrijving": "Huisterp"}, "geometry": {"type": "MultiPolygon", "coordinates": [[[[4.7198, 51.9769], [4.7205, 51.977], [4.7202, 51.9776], [4.7198, 51.9774], [4.7195, 51.9773], [4.7198, 51.9769]]]]}}, {"type": "Feature", "properties": {"MONUMENTNR": 6508, "Gemeente": "Krimpenerwaard", "Plaats": "Beneden-Haastrecht", "Toponiem": "Provinciale Weg West", "Datering": "Late Middeleeuwen en Nieuwe Tijd. Bewoning aangevangen v¢¢r 1683.", "WAARDE": "Terrein van hoge archeologische waarde", "Zichtbaarh": "ja", "Beschrijving": "Huisterp"}, "geometry": {"type": "MultiPolygon", "coordinates": [[[[4.7421, 52.0025], [4.7417, 52.0033], [4.7415, 52.0034], [4.7413, 52.0034], [4.7411, 52.0035], [4.7409, 52.0036], [4.7413, 52.0026], [4.7421, 52.0025]]]]}}, {"type": "Feature", "properties": {"MONUMENTNR": 6507, "Gemeente": "Krimpenerwaard", "Plaats": "Beneden-Haastrecht", "Toponiem": "Provinciale Weg West", "Datering": "Late Middeleeuwen en Nieuwe Tijd", "WAARDE": "Terrein van hoge archeologische waarde", "Zichtbaarh": "ja", "Beschrijving": "Huisterp"}, "geometry": {"type": "MultiPolygon", "coordinates": [[[[4.747, 52.0014], [4.7476, 52.0015], [4.7472, 52.0022], [4.7469, 52.0023], [4.7466, 52.0023], [4.7464, 52.0024], [4.747, 52.0014]]]]}}, {"type": "Feature", "properties": {"MONUMENTNR": 6506, "Gemeente": "Krimpenerwaard", "Plaats": "Beneden-Haastrecht", "Toponiem": "Provinciale Weg West", "Datering": "Late Middeleeuwen en Nieuwe Tijd. Bewoning aangevangen v¢¢r 1683.", "WAARDE": "Terrein van hoge archeologische waarde", "Zichtbaarh": "ja", "Beschrijving": "Huisterp"}, "geometry": {"type": "MultiPolygon", "coordinates": [[[[4.7489, 52.0015], [4.7502, 52.0018], [4.7499, 52.0022], [4.7497, 52.0022], [4.7493, 52.0022], [4.749, 52.0022], [4.7488, 52.0022], [4.7486, 52.0022], [4.7489, 52.0015]]]]}}, {"type": "Feature", "properties": {"MONUMENTNR": 6505, "Gemeente": "Krimpenerwaard", "Plaats": "Beneden-Haastrecht", "Toponiem": "Provinciale Weg West", "Datering": "Late Middeleeuwen en Nieuwe Tijd. Bewoning aangevangen v¢¢r 1683.", "WAARDE": "Terrein van hoge archeologische waarde", "Zichtbaarh": "ja", "Beschrijving": "Huisterp"}, "geometry": {"type": "MultiPolygon", "coordinates": [[[[4.7587, 51.9994], [4.7604, 51.9998], [4.7598, 52.0008], [4.7594, 52.0008], [4.7589, 52.0008], [4.7585, 52.0008], [4.7579, 52.0008], [4.7581, 52.0003], [4.7581, 52.0003], [4.7587, 51.9994]]]]}}, {"type": "Feature", "properties": {"MONUMENTNR": 6504, "Gemeente": "Krimpenerwaard", "Plaats": "Haastrecht", "Toponiem": "Provinciale Weg West; Het Paradijs", "Datering": "Late Middeleeuwen en Nieuwe Tijd. Bewoning aangevangen v¢¢r 1683.", "WAARDE": "Terrein van hoge archeologische waarde", "Zichtbaarh": "ja", "Beschrijving": "Huisterp"}, "geometry": {"type": "MultiPolygon", "coordinates": [[[[4.7655, 52], [4.7668, 52.0002], [4.7667, 52.0003], [4.7666, 52.0004], [4.7666, 52.0005], [4.7666, 52.0006], [4.7666, 52.0007], [4.7661, 52.0007], [4.766, 52.0007], [4.7659, 52.0007], [4.7654, 52.0008], [4.765, 52.0008], [4.7646, 52.0008], [4.765, 52.0003], [4.7651, 52.0003], [4.7652, 52.0003], [4.7653, 52.0003], [4.7654, 52.0002], [4.7654, 52.0001], [4.7655, 52]]]]}}, {"type": "Feature", "properties": {"MONUMENTNR": 6554, "Gemeente": "Krimpenerwaard", "Plaats": "Benedenheul", "Toponiem": "Benedenheulseweg", "Datering": "Late Middeleeuwen en Nieuwe Tijd. Bewoning aangevangen v¢¢r 1683.", "WAARDE": "Terrein van hoge archeologische waarde", "Zichtbaarh": "ja", "Beschrijving": "Huisterp"}, "geometry": {"type": "MultiPolygon", "coordinates": [[[[4.742, 51.9613], [4.7424, 51.9615], [4.7424, 51.9616], [4.7424, 51.9616], [4.7422, 51.962], [4.7422, 51.9621], [4.7421, 51.962], [4.7418, 51.9619], [4.7417, 51.9619], [4.7417, 51.9618], [4.742, 51.9613]]]]}}, {"type": "Feature", "properties": {"MONUMENTNR": 6586, "Gemeente": "Albrandswaard", "Plaats": "Rhoon", "Toponiem": "Polder het Buitenland van Rhoon; Reestein", "Datering": "Late Middeleeuwen", "WAARDE": "Terrein van hoge archeologische waarde", "Zichtbaarh": "ja", "Beschrijving": "Huisterp"}, "geometry": {"type": "MultiPolygon", "coordinates": [[[[4.4783, 51.8509], [4.4784, 51.8507], [4.479, 51.8504], [4.479, 51.8504], [4.4795, 51.8503], [4.4795, 51.8503], [4.4796, 51.8503], [4.4797, 51.8505], [4.4798, 51.8505], [4.4799, 51.8507], [4.4785, 51.8513], [4.4783, 51.8509]]]]}}, {"type": "Feature", "properties": {"MONUMENTNR": 6588, "Gemeente": "Barendrecht", "Plaats": "Carnisse", "Toponiem": "Carnisseweg", "Datering": "Late Middeleeuwen", "WAARDE": "Terrein van hoge archeologische waarde", "Zichtbaarh": "nee", "Beschrijving": "Bewoningssporen"}, "geometry": {"type": "MultiPolygon", "coordinates": [[[[4.5115, 51.863], [4.5116, 51.8637], [4.511, 51.8637], [4.5109, 51.863], [4.5115, 51.863]]]]}}, {"type": "Feature", "properties": {"MONUMENTNR": 6800, "Gemeente": "Molenwaard", "Plaats": "Ottoland", "Toponiem": "Polder Ottoland; B-Lange Zijde", "Datering": "Late Middeleeuwen", "WAARDE": "Terrein van hoge archeologische waarde", "Zichtbaarh": "ja", "Beschrijving": "Huisterp"}, "geometry": {"type": "MultiPolygon", "coordinates": [[[[4.8844, 51.8955], [4.8851, 51.8956], [4.8849, 51.896], [4.8842, 51.8959], [4.8844, 51.8955]]]]}}, {"type": "Feature", "properties": {"MONUMENTNR": 8258, "Gemeente": "Westvoorne", "Plaats": "Kruiningergors", "Toponiem": "Heindijk; Steenenbaak", "Datering": "Nieuwe Tijd", "WAARDE": "Terrein van hoge archeologische waarde", "Zichtbaarh": "ja", "Beschrijving": "Vuurbaak"}, "geometry": {"type": "MultiPolygon", "coordinates": [[[[4.1405, 51.9275], [4.1408, 51.9276], [4.1409, 51.9277], [4.1408, 51.9278], [4.1406, 51.9279], [4.1404, 51.9279], [4.1403, 51.9277], [4.1404, 51.9276], [4.1405, 51.9275]]]]}}, {"type": "Feature", "properties": {"MONUMENTNR": 9377, "Gemeente": "Bodegraven-Reeuwijk", "Plaats": "Bodegraven", "Toponiem": "Noordzijderpolder; Veldzicht", "Datering": "Late Middeleeuwen", "WAARDE": "Terrein van hoge archeologische waarde", "Zichtbaarh": "nee", "Beschrijving": "Kasteel Veldzicht"}, "geometry": {"type": "MultiPolygon", "coordinates": [[[[4.753, 52.1006], [4.7532, 52.1006], [4.7534, 52.1007], [4.7535, 52.1007], [4.7537, 52.1008], [4.7538, 52.1009], [4.7538, 52.1009], [4.7539, 52.1008], [4.7539, 52.1008], [4.7541, 52.1007], [4.7542, 52.1007], [4.7543, 52.1007], [4.7541, 52.1009], [4.7539, 52.101], [4.7539, 52.1011], [4.7538, 52.1012], [4.7537, 52.1013], [4.7535, 52.1014], [4.7532, 52.1016], [4.7529, 52.1017], [4.7528, 52.1016], [4.7526, 52.1015], [4.7521, 52.1013], [4.7522, 52.1013], [4.7522, 52.1012], [4.7524, 52.1011], [4.7525, 52.1011], [4.7525, 52.101], [4.7526, 52.1009], [4.7526, 52.1009], [4.7526, 52.1008], [4.7527, 52.1007], [4.7528, 52.1006], [4.753, 52.1006]]]]}}, {"type": "Feature", "properties": {"MONUMENTNR": 9391, "Gemeente": "Pijnacker-Nootdorp", "Plaats": "Oude Leede", "Toponiem": "Droogmaking in de Zuidpolder Delfgauw", "Datering": "Late Middeleeuwen", "WAARDE": "Terrein van hoge archeologische waarde", "Zichtbaarh": "nee", "Beschrijving": "Resten van de hofstede Ruyven"}, "geometry": {"type": "MultiPolygon", "coordinates": [[[[4.4241, 51.9969], [4.4249, 51.997], [4.425, 51.997], [4.4251, 51.997], [4.4252, 51.997], [4.4256, 51.997], [4.4256, 51.9971], [4.426, 51.9972], [4.426, 51.9972], [4.4261, 51.9973], [4.426, 51.9975], [4.4255, 51.9974], [4.424, 51.9971], [4.4241, 51.9969]]]]}}, {"type": "Feature", "properties": {"MONUMENTNR": 9402, "Gemeente": "Delft", "Plaats": "Delft", "Toponiem": "Zuidpolder Van Delfgauw; De Klok", "Datering": "Vroeg en Midden Romeinse tijd", "WAARDE": "Terrein van hoge archeologische waarde", "Zichtbaarh": "nee", "Beschrijving": "Bewoningssporen"}, "geometry": {"type": "MultiPolygon", "coordinates": [[[[4.3933, 51.978], [4.3965, 51.9785], [4.3963, 51.9788], [4.3958, 51.98], [4.3955, 51.9806], [4.3953, 51.9809], [4.3953, 51.981], [4.3938, 51.9808], [4.3931, 51.9817], [4.3901, 51.9812], [4.3905, 51.9803], [4.3898, 51.9802], [4.3907, 51.978], [4.393, 51.9783], [4.3933, 51.978]]]]}}, {"type": "Feature", "properties": {"MONUMENTNR": 9421, "Gemeente": "Schiedam", "Plaats": "Schiedam", "Toponiem": "Polder Noord-Kethel; Landlust-Oost", "Datering": "Late Middeleeuwen A & B", "WAARDE": "Terrein van hoge archeologische waarde", "Zichtbaarh": "ja", "Beschrijving": "Twee huisterpen"}, "geometry": {"type": "MultiPolygon", "coordinates": [[[[4.3711, 51.954], [4.3714, 51.9541], [4.3715, 51.9542], [4.3717, 51.9542], [4.3719, 51.9543], [4.3721, 51.9544], [4.3722, 51.9545], [4.3716, 51.955], [4.3726, 51.9555], [4.3716, 51.9563], [4.3701, 51.9556], [4.3711, 51.9548], [4.3706, 51.9546], [4.3711, 51.954]]]]}}, {"type": "Feature", "properties": {"MONUMENTNR": 9422, "Gemeente": "Schiedam", "Plaats": "Schiedam", "Toponiem": "Polder Noord-Kethel; Harreweg", "Datering": "Late Middeleeuwen", "WAARDE": "Terrein van hoge archeologische waarde", "Zichtbaarh": "ja", "Beschrijving": "Drie huisterpen, drie huiserven"}, "geometry": {"type": "MultiPolygon", "coordinates": [[[[4.3728, 51.9487], [4.3757, 51.9501], [4.372, 51.9535], [4.3703, 51.9528], [4.3708, 51.952], [4.3711, 51.9515], [4.3714, 51.951], [4.3716, 51.9505], [4.3722, 51.9497], [4.3723, 51.9495], [4.3725, 51.9493], [4.3727, 51.9489], [4.3728, 51.9487]]]]}}, {"type": "Feature", "properties": {"MONUMENTNR": 9460, "Gemeente": "Vlaardingen", "Plaats": "Vlaardingen", "Toponiem": "Holierhoekse Polder", "Datering": "Late Middeleeuwen en Nieuwe Tijd", "WAARDE": "Terrein van hoge archeologische waarde", "Zichtbaarh": "nee", "Beschrijving": "Huisterp"}, "geometry": {"type": "MultiPolygon", "coordinates": [[[[4.3511, 51.951], [4.3508, 51.9511], [4.3504, 51.9498], [4.352, 51.9497], [4.3521, 51.9498], [4.3511, 51.951]]]]}}, {"type": "Feature", "properties": {"MONUMENTNR": 9427, "Gemeente": "Vlaardingen", "Plaats": "Vlaardingen", "Toponiem": "Holierhoekse Polder", "Datering": "Late Middeleeuwen", "WAARDE": "Terrein van hoge archeologische waarde", "Zichtbaarh": "ja", "Beschrijving": "Huisterp"}, "geometry": {"type": "MultiPolygon", "coordinates": [[[[4.3492, 51.9494], [4.35, 51.9496], [4.3494, 51.9503], [4.3486, 51.9501], [4.3492, 51.9494]]]]}}, {"type": "Feature", "properties": {"MONUMENTNR": 9426, "Gemeente": "Vlaardingen", "Plaats": "Vlaardingen", "Toponiem": "Holierhoekse Polder", "Datering": "Late Middeleeuwen", "WAARDE": "Terrein van hoge archeologische waarde", "Zichtbaarh": "ja", "Beschrijving": "Huisterp"}, "geometry": {"type": "MultiPolygon", "coordinates": [[[[4.3382, 51.946], [4.3389, 51.9465], [4.3379, 51.9471], [4.3371, 51.9466], [4.3382, 51.946]]]]}}, {"type": "Feature", "properties": {"MONUMENTNR": 9425, "Gemeente": "Vlaardingen", "Plaats": "Vlaardingen", "Toponiem": "Holierhoekse Polder", "Datering": "Late Middeleeuwen", "WAARDE": "Terrein van hoge archeologische waarde", "Zichtbaarh": "ja", "Beschrijving": "Huisterp"}, "geometry": {"type": "MultiPolygon", "coordinates": [[[[4.3282, 51.9423], [4.3286, 51.9428], [4.328, 51.943], [4.3278, 51.943], [4.3277, 51.943], [4.3276, 51.943], [4.3275, 51.943], [4.3273, 51.9429], [4.3273, 51.9428], [4.3271, 51.9427], [4.3282, 51.9423]]]]}}, {"type": "Feature", "properties": {"MONUMENTNR": 9483, "Gemeente": "Vlaardingen", "Plaats": "Vlaardingen", "Toponiem": "Holierhoekse Polder, Zonnehoeve", "Datering": "Late Middeleeuwen", "WAARDE": "Terrein van hoge archeologische waarde", "Zichtbaarh": "nee", "Beschrijving": "Resten van een hofstede"}, "geometry": {"type": "MultiPolygon", "coordinates": [[[[4.3263, 51.9411], [4.3277, 51.9412], [4.3276, 51.9422], [4.326, 51.9422], [4.326, 51.9412], [4.3263, 51.9411]]]]}}, {"type": "Feature", "properties": {"MONUMENTNR": 10539, "Gemeente": "Goeree-Overflakkee", "Plaats": "Ooltgensplaat", "Toponiem": "Fort Prins Frederik; Gors Ooltgensplaat", "Datering": "1) Middeleeuwen (1250-1425); 2) Nieuwe Tijd (1575-tot ?)", "WAARDE": "Terrein van hoge archeologische waarde", "Zichtbaarh": "nee", "Beschrijving": "1) Verdronken dorp 2) Schans"}, "geometry": {"type": "MultiPolygon", "coordinates": [[[[4.3654, 51.6783], [4.3668, 51.6818], [4.3651, 51.682], [4.3637, 51.6785], [4.3654, 51.6783]]]]}}, {"type": "Feature", "properties": {"MONUMENTNR": 10712, "Gemeente": "Delft", "Plaats": "Delft", "Toponiem": "Delftsche Schie; Scheepmakerij", "Datering": "Late Middeleeuwen", "WAARDE": "Terrein van hoge archeologische waarde", "Zichtbaarh": "nee", "Beschrijving": "Stadskern"}, "geometry": {"type": "MultiPolygon", "coordinates": [[[[4.3619, 52.0046], [4.3628, 52.0048], [4.3622, 52.0057], [4.3614, 52.0054], [4.3614, 52.0053], [4.3615, 52.0053], [4.3615, 52.0052], [4.3616, 52.0052], [4.3619, 52.0046]]]]}}, {"type": "Feature", "properties": {"MONUMENTNR": 16133, "Gemeente": "Ridderkerk", "Plaats": "Rijsoord", "Toponiem": "Strevelshoek", "Datering": "Late Middeleeuwen A-B", "WAARDE": "Terrein van hoge archeologische waarde", "Zichtbaarh": "nee", "Beschrijving": "Bewoningssporen"}, "geometry": {"type": "MultiPolygon", "coordinates": [[[[4.5759, 51.8546], [4.5759, 51.8541], [4.5759, 51.8537], [4.5766, 51.8537], [4.5768, 51.8546], [4.5759, 51.8546]]]]}}, {"type": "Feature", "properties": {"MONUMENTNR": 16141, "Gemeente": "Ridderkerk", "Plaats": "Rijsoord", "Toponiem": "Strevelshoek", "Datering": "1) Romeinse tijd; 2) Late Middeleeuwen", "WAARDE": "Terrein van hoge archeologische waarde", "Zichtbaarh": "nee", "Beschrijving": "1) Bewoningssporen; 2) Nederzetting"}, "geometry": {"type": "MultiPolygon", "coordinates": [[[[4.5768, 51.8546], [4.5766, 51.8537], [4.5779, 51.8536], [4.578, 51.8545], [4.5776, 51.8545], [4.577, 51.8546], [4.5768, 51.8546]]]]}}, {"type": "Feature", "properties": {"MONUMENTNR": 6582, "Gemeente": "Ridderkerk", "Plaats": "Rijsoord", "Toponiem": "Polder Rijsoord en Strevelshoek; Waalweg", "Datering": "1) Romeinse tijd tot vroege Middeleeuwen, 2) Late Middeleeuwen", "WAARDE": "Terrein van hoge archeologische waarde", "Zichtbaarh": "nee", "Beschrijving": "1) Bewoningssporen; 2) verdronken dorp"}, "geometry": {"type": "MultiPolygon", "coordinates": [[[[4.5742, 51.8533], [4.5758, 51.8533], [4.5759, 51.8538], [4.5759, 51.854], [4.5759, 51.8541], [4.5759, 51.8542], [4.5759, 51.8544], [4.5759, 51.8546], [4.5758, 51.8546], [4.5756, 51.8546], [4.5754, 51.8546], [4.5752, 51.8546], [4.575, 51.8545], [4.5747, 51.8545], [4.5744, 51.8544], [4.5742, 51.8543], [4.5742, 51.8543], [4.5742, 51.8543], [4.5742, 51.8533]]]]}}, {"type": "Feature", "properties": {"MONUMENTNR": 16197, "Gemeente": "Binnenmaas", "Plaats": "'s-Gravendeel", "Toponiem": "Maasdamse Weg", "Datering": "1) Romeins; 2-3) Late Middeleeuwen", "WAARDE": "Terrein van hoge archeologische waarde", "Zichtbaarh": "nee", "Beschrijving": "1) Crematie; 2) Woonplaats; 3) Kanaal"}, "geometry": {"type": "MultiPolygon", "coordinates": [[[[4.5902, 51.7801], [4.5903, 51.7768], [4.5952, 51.7764], [4.5952, 51.7799], [4.5902, 51.7801]]]]}}, {"type": "Feature", "properties": {"MONUMENTNR": 16213, "Gemeente": "Barendrecht", "Plaats": "Barendrecht", "Toponiem": "Ziedewijdse Kade", "Datering": "Late Middeleeuwen B", "WAARDE": "Terrein van hoge archeologische waarde", "Zichtbaarh": "nee", "Beschrijving": "Nederzetting voor 1373: Oost Barendrecht"}, "geometry": {"type": "MultiPolygon", "coordinates": [[[[4.5533, 51.8354], [4.5534, 51.8354], [4.5531, 51.8363], [4.5517, 51.8361], [4.5519, 51.8352], [4.5529, 51.8352], [4.5533, 51.8354]]]]}}, {"type": "Feature", "properties": {"MONUMENTNR": 16138, "Gemeente": "Barendrecht", "Plaats": "Barendrecht", "Toponiem": "Zuidpolder", "Datering": "1) Vroege IJzertijd; Midden IJzertijd; 2) Romeinse tijd", "WAARDE": "Terrein van hoge archeologische waarde", "Zichtbaarh": "nee", "Beschrijving": "1-2) Nederzetting"}, "geometry": {"type": "MultiPolygon", "coordinates": [[[[4.5055, 51.8434], [4.507, 51.8435], [4.507, 51.8439], [4.5055, 51.8438], [4.5055, 51.8434]]]]}}, {"type": "Feature", "properties": {"MONUMENTNR": 16151, "Gemeente": "Korendijk", "Plaats": "Zuidzijde", "Toponiem": "Zuidzijdsedijk; Watering", "Datering": "Late Middeleeuwen", "WAARDE": "Terrein van hoge archeologische waarde", "Zichtbaarh": "nee", "Beschrijving": "Terp onder dijk"}, "geometry": {"type": "MultiPolygon", "coordinates": [[[[4.3584, 51.7824], [4.3584, 51.7819], [4.3593, 51.7819], [4.3593, 51.7824], [4.3584, 51.7824]]]]}}, {"type": "Feature", "properties": {"MONUMENTNR": 16152, "Gemeente": "Korendijk", "Plaats": "Zuidzijde", "Toponiem": "Dromkreek", "Datering": "Late Middeleeuwen", "WAARDE": "Terrein van hoge archeologische waarde", "Zichtbaarh": "nee", "Beschrijving": "Terp of dijk"}, "geometry": {"type": "MultiPolygon", "coordinates": [[[[4.3557, 51.7869], [4.3557, 51.7864], [4.3566, 51.7864], [4.3566, 51.787], [4.3557, 51.7869]]]]}}, {"type": "Feature", "properties": {"MONUMENTNR": 16196, "Gemeente": "Binnenmaas", "Plaats": "Mijnsheerenland", "Toponiem": "Negentien Morgen Vliet", "Datering": "Romeinse tijd", "WAARDE": "Terrein van hoge archeologische waarde", "Zichtbaarh": "nee", "Beschrijving": "Onbekend"}, "geometry": {"type": "MultiPolygon", "coordinates": [[[[4.4659, 51.7964], [4.4659, 51.7955], [4.4673, 51.7955], [4.4673, 51.7964], [4.4659, 51.7964]]]]}}, {"type": "Feature", "properties": {"MONUMENTNR": 4144, "Gemeente": "Midden-Delfland", "Plaats": "'t Woudt", "Toponiem": "Groeneveldse Polder; t Groeneveld", "Datering": "1) Romeinse tijd;2) late Middeleeuwen", "WAARDE": "Terrein van hoge archeologische waarde", "Zichtbaarh": "nee", "Beschrijving": "1-2) Bewoningssporen"}, "geometry": {"type": "MultiPolygon", "coordinates": [[[[4.2816, 51.9909], [4.2833, 51.9913], [4.2834, 51.9913], [4.2833, 51.9915], [4.2832, 51.9916], [4.2832, 51.9917], [4.2831, 51.9918], [4.2831, 51.9919], [4.2829, 51.992], [4.2827, 51.9922], [4.2826, 51.9924], [4.2824, 51.9924], [4.2824, 51.9924], [4.282, 51.9924], [4.281, 51.9924], [4.2808, 51.9924], [4.2807, 51.9924], [4.2806, 51.9924], [4.2816, 51.9909]]]]}}, {"type": "Feature", "properties": {"MONUMENTNR": 4146, "Gemeente": "Midden-Delfland", "Plaats": "'t Woudt", "Toponiem": "Woudse Polder", "Datering": "Late Middeleeuwen", "WAARDE": "Terrein van hoge archeologische waarde", "Zichtbaarh": "onbekend", "Beschrijving": "Huisterp"}, "geometry": {"type": "MultiPolygon", "coordinates": [[[[4.2847, 51.9985], [4.2838, 51.9982], [4.2842, 51.9978], [4.2843, 51.9977], [4.2843, 51.9977], [4.2851, 51.998], [4.2849, 51.9983], [4.2847, 51.9985]]]]}}, {"type": "Feature", "properties": {"MONUMENTNR": 4147, "Gemeente": "Midden-Delfland", "Plaats": "'t Woudt", "Toponiem": "Woudse Polder", "Datering": "Late Middeleeuwen A", "WAARDE": "Terrein van hoge archeologische waarde", "Zichtbaarh": "onbekend", "Beschrijving": "Huisterp"}, "geometry": {"type": "MultiPolygon", "coordinates": [[[[4.2853, 51.9991], [4.2844, 51.9989], [4.2847, 51.9985], [4.2849, 51.9983], [4.2859, 51.9986], [4.2857, 51.9988], [4.2856, 51.9989], [4.2855, 51.999], [4.2854, 51.999], [4.2854, 51.9991], [4.2853, 51.9991]]]]}}, {"type": "Feature", "properties": {"MONUMENTNR": 4148, "Gemeente": "Midden-Delfland", "Plaats": "'t Woudt", "Toponiem": "Woudse Polder", "Datering": "Late Middeleeuwen A", "WAARDE": "Terrein van hoge archeologische waarde", "Zichtbaarh": "onbekend", "Beschrijving": "Huisterp"}, "geometry": {"type": "MultiPolygon", "coordinates": [[[[4.2855, 51.999], [4.2862, 51.9992], [4.2859, 51.9996], [4.2858, 51.9996], [4.2858, 51.9997], [4.2858, 51.9996], [4.285, 51.9994], [4.2851, 51.9994], [4.2852, 51.9993], [4.2853, 51.9991], [4.2854, 51.9991], [4.2854, 51.999], [4.2855, 51.999]]]]}}, {"type": "Feature", "properties": {"MONUMENTNR": 9408, "Gemeente": "Midden-Delfland", "Plaats": "Den Hoorn", "Toponiem": "Woudse Polder; Bouwlust", "Datering": "Late Middeleeuwen", "WAARDE": "Terrein van hoge archeologische waarde", "Zichtbaarh": "ja", "Beschrijving": "Huisterp"}, "geometry": {"type": "MultiPolygon", "coordinates": [[[[4.3041, 51.999], [4.3045, 51.9991], [4.3046, 51.9991], [4.3047, 51.9992], [4.3049, 51.9992], [4.305, 51.9993], [4.305, 51.9993], [4.3049, 51.9995], [4.3048, 51.9996], [4.3046, 51.9997], [4.3037, 51.9993], [4.3041, 51.999]]]]}}, {"type": "Feature", "properties": {"MONUMENTNR": 9405, "Gemeente": "Midden-Delfland", "Plaats": "Den Hoorn", "Toponiem": "Woudse Polder", "Datering": "Late Middeleeuwen", "WAARDE": "Terrein van hoge archeologische waarde", "Zichtbaarh": "nee", "Beschrijving": "Huisterp"}, "geometry": {"type": "MultiPolygon", "coordinates": [[[[4.3088, 52.0059], [4.309, 52.006], [4.3091, 52.0062], [4.3091, 52.0065], [4.3092, 52.0067], [4.3087, 52.0066], [4.3085, 52.0065], [4.3083, 52.0062], [4.3082, 52.0062], [4.3084, 52.0061], [4.3085, 52.006], [4.3086, 52.006], [4.3087, 52.006], [4.3087, 52.006], [4.3088, 52.006], [4.3088, 52.0059]]]]}}, {"type": "Feature", "properties": {"MONUMENTNR": 9399, "Gemeente": "Midden-Delfland", "Plaats": "Maasland", "Toponiem": "Duifpolder; Kwakelweg", "Datering": "3e eeuw voor Chr.", "WAARDE": "Terrein van hoge archeologische waarde", "Zichtbaarh": "nee", "Beschrijving": "Bewoningssporen"}, "geometry": {"type": "MultiPolygon", "coordinates": [[[[4.2973, 51.9467], [4.2981, 51.9469], [4.2978, 51.9474], [4.297, 51.9472], [4.2973, 51.9467]]]]}}, {"type": "Feature", "properties": {"MONUMENTNR": 9397, "Gemeente": "Midden-Delfland", "Plaats": "Gaag", "Toponiem": "Oostgaag", "Datering": "Late Middeleeuwen en Nieuwe Tijd A", "WAARDE": "Terrein van hoge archeologische waarde", "Zichtbaarh": "nee", "Beschrijving": "Huisterp"}, "geometry": {"type": "MultiPolygon", "coordinates": [[[[4.3031, 51.9659], [4.3033, 51.9661], [4.3034, 51.9663], [4.3034, 51.9663], [4.3035, 51.9665], [4.3036, 51.967], [4.3034, 51.9672], [4.3033, 51.9673], [4.303, 51.9675], [4.303, 51.9675], [4.3029, 51.9674], [4.3017, 51.9669], [4.303, 51.966], [4.3031, 51.9659]]]]}}, {"type": "Feature", "properties": {"MONUMENTNR": 9396, "Gemeente": "Midden-Delfland", "Plaats": "Schipluiden", "Toponiem": "Willemsoordse Weg", "Datering": "Late Middeleeuwen", "WAARDE": "Terrein van hoge archeologische waarde", "Zichtbaarh": "onbekend", "Beschrijving": "Huisterp"}, "geometry": {"type": "MultiPolygon", "coordinates": [[[[4.3245, 51.9467], [4.3248, 51.9467], [4.3254, 51.9468], [4.3256, 51.9469], [4.3256, 51.9469], [4.3256, 51.947], [4.3254, 51.9474], [4.3253, 51.9475], [4.3253, 51.9475], [4.3252, 51.9476], [4.3251, 51.9476], [4.325, 51.9477], [4.3249, 51.9478], [4.3249, 51.9478], [4.3247, 51.9477], [4.3246, 51.9477], [4.3245, 51.9477], [4.3244, 51.9476], [4.3243, 51.9476], [4.3243, 51.9476], [4.3242, 51.9474], [4.3242, 51.9474], [4.3242, 51.9473], [4.3242, 51.9473], [4.3241, 51.9472], [4.3241, 51.9472], [4.3241, 51.947], [4.3242, 51.9468], [4.3243, 51.9467], [4.3245, 51.9467]]]]}}, {"type": "Feature", "properties": {"MONUMENTNR": 9394, "Gemeente": "Midden-Delfland", "Plaats": "Schipluiden", "Toponiem": "Oostgaag", "Datering": "Late Middeleeuwen", "WAARDE": "Terrein van hoge archeologische waarde", "Zichtbaarh": "nee", "Beschrijving": "Huisterp"}, "geometry": {"type": "MultiPolygon", "coordinates": [[[[4.304, 51.9689], [4.3042, 51.9696], [4.3043, 51.9699], [4.3043, 51.97], [4.3044, 51.97], [4.3044, 51.9701], [4.3045, 51.9701], [4.3046, 51.9701], [4.3053, 51.9703], [4.3048, 51.9706], [4.3046, 51.9708], [4.3039, 51.9705], [4.3037, 51.9704], [4.3036, 51.9705], [4.3035, 51.9706], [4.3031, 51.9704], [4.303, 51.9704], [4.3029, 51.9703], [4.3029, 51.9703], [4.3029, 51.9703], [4.3028, 51.9702], [4.3027, 51.9702], [4.3026, 51.9701], [4.3029, 51.97], [4.3029, 51.9699], [4.303, 51.9699], [4.303, 51.9698], [4.3029, 51.9698], [4.3025, 51.9696], [4.3026, 51.9695], [4.3029, 51.9692], [4.303, 51.9692], [4.3031, 51.9692], [4.3033, 51.9692], [4.3034, 51.9691], [4.3035, 51.9691], [4.3036, 51.969], [4.304, 51.9689]]]]}}, {"type": "Feature", "properties": {"MONUMENTNR": 9393, "Gemeente": "Midden-Delfland", "Plaats": "Gaag", "Toponiem": "Oostgaag", "Datering": "Late Middeleeuwen", "WAARDE": "Terrein van hoge archeologische waarde", "Zichtbaarh": "nee", "Beschrijving": "Huisterp"}, "geometry": {"type": "MultiPolygon", "coordinates": [[[[4.3014, 51.9649], [4.302, 51.9652], [4.3012, 51.9657], [4.3007, 51.9655], [4.3014, 51.9649]]]]}}, {"type": "Feature", "properties": {"MONUMENTNR": 9392, "Gemeente": "Midden-Delfland", "Plaats": "Gaag", "Toponiem": "Oostgaag", "Datering": "Late Middeleeuwen", "WAARDE": "Terrein van hoge archeologische waarde", "Zichtbaarh": "nee", "Beschrijving": "Huisterp"}, "geometry": {"type": "MultiPolygon", "coordinates": [[[[4.3003, 51.9629], [4.3008, 51.9631], [4.3009, 51.9631], [4.301, 51.963], [4.3016, 51.9633], [4.3007, 51.9641], [4.2996, 51.9635], [4.2996, 51.9635], [4.2996, 51.9635], [4.2997, 51.9634], [4.2998, 51.9632], [4.2999, 51.9631], [4.3, 51.963], [4.3001, 51.963], [4.3001, 51.963], [4.3002, 51.9629], [4.3003, 51.9629]]]]}}, {"type": "Feature", "properties": {"MONUMENTNR": 9423, "Gemeente": "Midden-Delfland", "Plaats": "Schipluiden", "Toponiem": "Zouteveense Polder; Vockestaert", "Datering": "Late Middeleeuwen", "WAARDE": "Terrein van hoge archeologische waarde", "Zichtbaarh": "onbekend", "Beschrijving": "Huisterp"}, "geometry": {"type": "MultiPolygon", "coordinates": [[[[4.3443, 51.9663], [4.3457, 51.9666], [4.3454, 51.967], [4.3441, 51.9668], [4.3443, 51.9663]]]]}}, {"type": "Feature", "properties": {"MONUMENTNR": 9424, "Gemeente": "Midden-Delfland", "Plaats": "Schipluiden", "Toponiem": "Zouteveense Polder; Vockestaert", "Datering": "Late Middeleeuwen en Nieuwe Tijd", "WAARDE": "Terrein van hoge archeologische waarde", "Zichtbaarh": "onbekend", "Beschrijving": "Bewoningssporen"}, "geometry": {"type": "MultiPolygon", "coordinates": [[[[4.3486, 51.959], [4.3494, 51.9593], [4.3491, 51.9597], [4.3491, 51.9597], [4.349, 51.9598], [4.349, 51.9598], [4.3482, 51.9596], [4.3483, 51.9595], [4.3485, 51.9592], [4.3486, 51.959]]]]}}, {"type": "Feature", "properties": {"MONUMENTNR": 9428, "Gemeente": "Midden-Delfland", "Plaats": "Maasland", "Toponiem": "Duifpolder; Noordvliet", "Datering": "Late IJzertijd", "WAARDE": "Terrein van hoge archeologische waarde", "Zichtbaarh": "nee", "Beschrijving": "Bewoningssporen"}, "geometry": {"type": "MultiPolygon", "coordinates": [[[[4.3101, 51.9447], [4.3119, 51.9453], [4.3116, 51.9456], [4.3114, 51.9457], [4.3113, 51.9458], [4.3099, 51.9454], [4.3097, 51.9453], [4.3101, 51.9447]]]]}}, {"type": "Feature", "properties": {"MONUMENTNR": 9429, "Gemeente": "Midden-Delfland", "Plaats": "Maasland", "Toponiem": "Duifpolder", "Datering": "Late Middeleeuwen en Nieuwe Tijd", "WAARDE": "Terrein van hoge archeologische waarde", "Zichtbaarh": "nee", "Beschrijving": "Huisterp"}, "geometry": {"type": "MultiPolygon", "coordinates": [[[[4.3166, 51.9485], [4.317, 51.9486], [4.317, 51.9488], [4.3169, 51.9491], [4.3166, 51.9491], [4.3163, 51.949], [4.3161, 51.9489], [4.316, 51.9489], [4.3163, 51.9485], [4.3165, 51.9485], [4.3166, 51.9485]]]]}}, {"type": "Feature", "properties": {"MONUMENTNR": 9430, "Gemeente": "Midden-Delfland", "Plaats": "Maasland", "Toponiem": "Duifpolder", "Datering": "Late IJzertijd", "WAARDE": "Terrein van hoge archeologische waarde", "Zichtbaarh": "nee", "Beschrijving": "Bewoningssporen"}, "geometry": {"type": "MultiPolygon", "coordinates": [[[[4.3019, 51.9449], [4.3029, 51.9452], [4.3026, 51.9462], [4.3015, 51.9459], [4.3019, 51.9449]]]]}}, {"type": "Feature", "properties": {"MONUMENTNR": 9431, "Gemeente": "Midden-Delfland", "Plaats": "Maasland", "Toponiem": "Duifpolder; Noordvliet", "Datering": "Late IJzertijd", "WAARDE": "Terrein van hoge archeologische waarde", "Zichtbaarh": "nee", "Beschrijving": "Bewoningssporen"}, "geometry": {"type": "MultiPolygon", "coordinates": [[[[4.3142, 51.946], [4.3151, 51.9463], [4.3146, 51.9468], [4.3136, 51.9465], [4.3142, 51.946]]]]}}, {"type": "Feature", "properties": {"MONUMENTNR": 9432, "Gemeente": "Midden-Delfland", "Plaats": "Maasland", "Toponiem": "Duifpolder", "Datering": "Late IJzertijd", "WAARDE": "Terrein van hoge archeologische waarde", "Zichtbaarh": "nee", "Beschrijving": "Bewoningssporen"}, "geometry": {"type": "MultiPolygon", "coordinates": [[[[4.304, 51.9435], [4.3049, 51.9438], [4.3045, 51.9443], [4.3036, 51.9441], [4.304, 51.9435]]]]}}, {"type": "Feature", "properties": {"MONUMENTNR": 9433, "Gemeente": "Midden-Delfland", "Plaats": "Maasland", "Toponiem": "Duifpolder; Kwakelweg", "Datering": "IJzertijd", "WAARDE": "Terrein van hoge archeologische waarde", "Zichtbaarh": "nee", "Beschrijving": "Bewoningssporen"}, "geometry": {"type": "MultiPolygon", "coordinates": [[[[4.299, 51.941], [4.3005, 51.9415], [4.3002, 51.9418], [4.2987, 51.9413], [4.299, 51.941]]]]}}, {"type": "Feature", "properties": {"MONUMENTNR": 9435, "Gemeente": "Midden-Delfland", "Plaats": "Maasland", "Toponiem": "Vlietlanden; Noordvliet/Middelvliet", "Datering": "Late Middeleeuwen", "WAARDE": "Terrein van hoge archeologische waarde", "Zichtbaarh": "nee", "Beschrijving": "Bewoningssporen"}, "geometry": {"type": "MultiPolygon", "coordinates": [[[[4.3184, 51.9455], [4.3185, 51.9455], [4.3187, 51.9456], [4.3187, 51.9456], [4.3188, 51.9457], [4.319, 51.9457], [4.3191, 51.9458], [4.3193, 51.9458], [4.3194, 51.9459], [4.3194, 51.946], [4.3191, 51.9463], [4.3189, 51.9462], [4.3188, 51.9462], [4.3187, 51.9461], [4.3186, 51.9461], [4.3186, 51.9461], [4.3185, 51.946], [4.3185, 51.946], [4.3184, 51.946], [4.3184, 51.946], [4.3184, 51.9459], [4.3183, 51.9459], [4.3183, 51.9459], [4.3182, 51.9459], [4.3182, 51.9458], [4.3182, 51.9458], [4.3182, 51.9457], [4.3184, 51.9455]]]]}}, {"type": "Feature", "properties": {"MONUMENTNR": 9436, "Gemeente": "Midden-Delfland", "Plaats": "Maasland", "Toponiem": "Vlietlanden; Middelvliet", "Datering": "Late Middeleeuwen en Nieuwe Tijd", "WAARDE": "Terrein van hoge archeologische waarde", "Zichtbaarh": "nee", "Beschrijving": "Bewoningssporen"}, "geometry": {"type": "MultiPolygon", "coordinates": [[[[4.3155, 51.9426], [4.3168, 51.9435], [4.3161, 51.9441], [4.316, 51.9441], [4.3158, 51.944], [4.3158, 51.944], [4.3156, 51.9439], [4.3156, 51.9439], [4.3154, 51.9439], [4.3153, 51.9438], [4.3149, 51.9437], [4.3147, 51.9436], [4.3147, 51.9436], [4.3147, 51.9435], [4.3146, 51.9435], [4.3145, 51.9435], [4.3144, 51.9435], [4.3155, 51.9426]]]]}}, {"type": "Feature", "properties": {"MONUMENTNR": 9437, "Gemeente": "Midden-Delfland", "Plaats": "Maasland", "Toponiem": "Vlietlanden; Boonervliet", "Datering": "Late Middeleeuwen en Nieuwe Tijd", "WAARDE": "Terrein van hoge archeologische waarde", "Zichtbaarh": "nee", "Beschrijving": "Bewoningssporen"}, "geometry": {"type": "MultiPolygon", "coordinates": [[[[4.3108, 51.9387], [4.3109, 51.9388], [4.311, 51.9388], [4.311, 51.9389], [4.3114, 51.939], [4.3114, 51.9391], [4.3113, 51.9391], [4.3113, 51.9392], [4.3113, 51.9392], [4.3113, 51.9392], [4.3111, 51.9393], [4.3109, 51.9394], [4.3103, 51.9392], [4.3108, 51.9387]]]]}}, {"type": "Feature", "properties": {"MONUMENTNR": 9475, "Gemeente": "Pijnacker-Nootdorp", "Plaats": "Oude Leede", "Toponiem": "Berkelsche Zweth", "Datering": "Late Middeleeuwen en Nieuwe Tijd", "WAARDE": "Terrein van hoge archeologische waarde", "Zichtbaarh": "ja", "Beschrijving": "Huisterp"}, "geometry": {"type": "MultiPolygon", "coordinates": [[[[4.4178, 51.9726], [4.4181, 51.9727], [4.4186, 51.973], [4.4191, 51.9731], [4.4195, 51.9733], [4.419, 51.9739], [4.4174, 51.9732], [4.4178, 51.9726]]]]}}, {"type": "Feature", "properties": {"MONUMENTNR": 9444, "Gemeente": "Midden-Delfland", "Plaats": "Maasland", "Toponiem": "Aalkeet-Buitenpolder", "Datering": "Late IJzertijd", "WAARDE": "Terrein van hoge archeologische waarde", "Zichtbaarh": "nee", "Beschrijving": "Bewoningssporen"}, "geometry": {"type": "MultiPolygon", "coordinates": [[[[4.3049, 51.9335], [4.3056, 51.9339], [4.3057, 51.9339], [4.3058, 51.934], [4.3058, 51.934], [4.3055, 51.9341], [4.3054, 51.9342], [4.3052, 51.9343], [4.3044, 51.9339], [4.3049, 51.9335]]]]}}, {"type": "Feature", "properties": {"MONUMENTNR": 9443, "Gemeente": "Midden-Delfland", "Plaats": "Maasland", "Toponiem": "Aalkeet-Buitenpolder", "Datering": "(Vroege en Midden IJzertijd), Late IJzertijd", "WAARDE": "Terrein van hoge archeologische waarde", "Zichtbaarh": "ja", "Beschrijving": "Bewoningssporen"}, "geometry": {"type": "MultiPolygon", "coordinates": [[[[4.2999, 51.9286], [4.3031, 51.9305], [4.3015, 51.9317], [4.2982, 51.9299], [4.2999, 51.9286]]]]}}, {"type": "Feature", "properties": {"MONUMENTNR": 3191, "Gemeente": "Wassenaar", "Plaats": "Wassenaar", "Toponiem": "Schouwweg", "Datering": "1) midden-IJzertijd en late IJzertijd; 2) vroege Middeleeuwen; 3) late Middeleeuwen", "WAARDE": "Terrein van hoge archeologische waarde", "Zichtbaarh": "nee", "Beschrijving": "1-2) Bewoningssporen; 3) akker"}, "geometry": {"type": "MultiPolygon", "coordinates": [[[[4.3651, 52.1227], [4.3659, 52.1222], [4.3657, 52.1221], [4.3665, 52.1217], [4.3673, 52.1213], [4.3696, 52.1226], [4.3693, 52.1228], [4.3692, 52.1233], [4.3677, 52.1241], [4.3669, 52.1237], [4.3659, 52.1231], [4.3651, 52.1227]]]]}}, {"type": "Feature", "properties": {"MONUMENTNR": 16214, "Gemeente": "Hellevoetsluis", "Plaats": "Nieuwenhoorn", "Toponiem": "Bonseweg", "Datering": "Late Middeleeuwen", "WAARDE": "Terrein van hoge archeologische waarde", "Zichtbaarh": "nee", "Beschrijving": "Begraafplaats"}, "geometry": {"type": "MultiPolygon", "coordinates": [[[[4.1566, 51.8475], [4.157, 51.8469], [4.1576, 51.8471], [4.1572, 51.8477], [4.1566, 51.8475]]]]}}, {"type": "Feature", "properties": {"MONUMENTNR": 4045, "Gemeente": "Teylingen", "Plaats": "Warmond", "Toponiem": "Polder Boterhuis", "Datering": "Nieuwe Tijd", "WAARDE": "Terrein van hoge archeologische waarde", "Zichtbaarh": "ja", "Beschrijving": "Resten van het huis Tengnagel"}, "geometry": {"type": "MultiPolygon", "coordinates": [[[[4.527, 52.1865], [4.5272, 52.1864], [4.5274, 52.1863], [4.5275, 52.1862], [4.5277, 52.1861], [4.5278, 52.186], [4.528, 52.1861], [4.5279, 52.1862], [4.5285, 52.1866], [4.5283, 52.1867], [4.5285, 52.1869], [4.5283, 52.187], [4.5279, 52.1869], [4.5279, 52.1869], [4.5278, 52.187], [4.527, 52.1865]]]]}}, {"type": "Feature", "properties": {"MONUMENTNR": 4049, "Gemeente": "Oegstgeest", "Plaats": "Oegstgeest", "Toponiem": "Endegeest", "Datering": "Late Middeleeuwen", "WAARDE": "Terrein van hoge archeologische waarde", "Zichtbaarh": "ja", "Beschrijving": "Resten van het kasteel Endegeest"}, "geometry": {"type": "MultiPolygon", "coordinates": [[[[4.463, 52.1718], [4.4633, 52.1718], [4.4634, 52.1718], [4.4637, 52.1718], [4.464, 52.1719], [4.4642, 52.1719], [4.4644, 52.1719], [4.4644, 52.1719], [4.4646, 52.1719], [4.4648, 52.1719], [4.465, 52.1719], [4.4651, 52.1719], [4.4653, 52.172], [4.4653, 52.1721], [4.4654, 52.1722], [4.4654, 52.1723], [4.4654, 52.1724], [4.4655, 52.1724], [4.4655, 52.1725], [4.4655, 52.1726], [4.4655, 52.1728], [4.4654, 52.1729], [4.4653, 52.173], [4.4653, 52.1732], [4.4651, 52.1733], [4.465, 52.1733], [4.4647, 52.1734], [4.4645, 52.1734], [4.4642, 52.1734], [4.4641, 52.1734], [4.4639, 52.1733], [4.4637, 52.1733], [4.4635, 52.1733], [4.4633, 52.1733], [4.4629, 52.1732], [4.4628, 52.1731], [4.4627, 52.1731], [4.4625, 52.1729], [4.4625, 52.1725], [4.4625, 52.1723], [4.4625, 52.1721], [4.4625, 52.172], [4.4626, 52.1719], [4.4627, 52.1719], [4.463, 52.1718]]]]}}, {"type": "Feature", "properties": {"MONUMENTNR": 4051, "Gemeente": "Leiderdorp", "Plaats": "Leiderdorp", "Toponiem": "Zijlkwartier; Zijldijk", "Datering": "Late Middeleeuwen", "WAARDE": "Terrein van hoge archeologische waarde", "Zichtbaarh": "nee", "Beschrijving": "Resten van het kasteel De Zijlhof"}, "geometry": {"type": "MultiPolygon", "coordinates": [[[[4.5189, 52.1622], [4.5195, 52.163], [4.5205, 52.1642], [4.521, 52.165], [4.521, 52.165], [4.5205, 52.1653], [4.5202, 52.1656], [4.5177, 52.1663], [4.5174, 52.1664], [4.5164, 52.1652], [4.5163, 52.165], [4.516, 52.1647], [4.5158, 52.1644], [4.5156, 52.1639], [4.5155, 52.1637], [4.5155, 52.1634], [4.516, 52.1633], [4.5163, 52.1632], [4.5172, 52.1629], [4.5181, 52.1625], [4.5189, 52.1622]]]]}}, {"type": "Feature", "properties": {"MONUMENTNR": 9434, "Gemeente": "Midden-Delfland", "Plaats": "Schipluiden", "Toponiem": "Zouteveense Polder; Vlaardingse Schouw", "Datering": "IJzertijd", "WAARDE": "Terrein van hoge archeologische waarde", "Zichtbaarh": "onbekend", "Beschrijving": "Bewoningssporen"}, "geometry": {"type": "MultiPolygon", "coordinates": [[[[4.3252, 51.9484], [4.3259, 51.9486], [4.3256, 51.9491], [4.3249, 51.949], [4.3252, 51.9484]]]]}}, {"type": "Feature", "properties": {"MONUMENTNR": 4152, "Gemeente": "Alphen aan den Rijn", "Plaats": "Zwammerdam", "Toponiem": "Polder Steekt", "Datering": "Romeinse tijd", "WAARDE": "Terrein van hoge archeologische waarde", "Zichtbaarh": "nee", "Beschrijving": "Weg"}, "geometry": {"type": "MultiPolygon", "coordinates": [[[[4.7004, 52.1112], [4.7007, 52.1119], [4.6991, 52.1121], [4.6988, 52.1115], [4.7004, 52.1112]]]]}}, {"type": "Feature", "properties": {"MONUMENTNR": 10685, "Gemeente": "Alphen aan den Rijn", "Plaats": "Zwammerdam", "Toponiem": "Polder Steekt; Hooge Burch", "Datering": "1) Romeinse tijd; 2) Late Middeleeuwen", "WAARDE": "Terrein van hoge archeologische waarde", "Zichtbaarh": "nee", "Beschrijving": "1) Resten van vicus; 2) gracht"}, "geometry": {"type": "MultiPolygon", "coordinates": [[[[4.7133, 52.1052], [4.7138, 52.1055], [4.7143, 52.1058], [4.714, 52.106], [4.7138, 52.106], [4.7137, 52.106], [4.7135, 52.106], [4.7132, 52.1062], [4.7131, 52.1063], [4.7131, 52.1064], [4.7132, 52.1065], [4.7134, 52.1065], [4.7135, 52.1066], [4.7135, 52.1067], [4.7133, 52.1068], [4.7133, 52.107], [4.7133, 52.1072], [4.7125, 52.1074], [4.7122, 52.1071], [4.712, 52.1071], [4.7117, 52.1072], [4.7116, 52.1074], [4.7109, 52.1077], [4.7108, 52.1078], [4.7108, 52.1079], [4.7107, 52.108], [4.7106, 52.1086], [4.7105, 52.1087], [4.7102, 52.1092], [4.7102, 52.1093], [4.7095, 52.1096], [4.7083, 52.1085], [4.7067, 52.1067], [4.7101, 52.1059], [4.7133, 52.1052]]]]}}, {"type": "Feature", "properties": {"MONUMENTNR": 6394, "Gemeente": "Krimpenerwaard", "Plaats": "Zevender", "Toponiem": "Lopikerweg", "Datering": "Late Middeleeuwen", "WAARDE": "Terrein van hoge archeologische waarde", "Zichtbaarh": "ja", "Beschrijving": "Resten hofstede Zevender"}, "geometry": {"type": "MultiPolygon", "coordinates": [[[[4.8702, 51.9547], [4.8699, 51.9547], [4.8695, 51.9547], [4.8689, 51.9546], [4.8682, 51.9545], [4.8675, 51.9543], [4.8672, 51.9542], [4.8667, 51.9539], [4.8664, 51.9535], [4.8668, 51.9535], [4.8676, 51.9535], [4.8682, 51.9536], [4.8687, 51.9536], [4.8691, 51.9537], [4.8693, 51.9538], [4.8695, 51.954], [4.8699, 51.9544], [4.8702, 51.9547]]]]}}, {"type": "Feature", "properties": {"MONUMENTNR": 6397, "Gemeente": "Krimpenerwaard", "Plaats": "Vlist", "Toponiem": "Westvlisterdijk", "Datering": "Late Middeleeuwen", "WAARDE": "Terrein van hoge archeologische waarde", "Zichtbaarh": "ja", "Beschrijving": "Huisterp"}, "geometry": {"type": "MultiPolygon", "coordinates": [[[[4.8199, 51.9778], [4.8203, 51.9779], [4.8203, 51.978], [4.8203, 51.978], [4.8202, 51.9782], [4.8201, 51.9784], [4.82, 51.9785], [4.82, 51.9785], [4.8198, 51.9786], [4.8192, 51.9782], [4.8197, 51.9779], [4.8199, 51.9778]]]]}}, {"type": "Feature", "properties": {"MONUMENTNR": 6408, "Gemeente": "Krimpenerwaard", "Plaats": "Vlist", "Toponiem": "Westvlisterdijk", "Datering": "Late Middeleeuwen en Nieuwe Tijd", "WAARDE": "Terrein van hoge archeologische waarde", "Zichtbaarh": "ja", "Beschrijving": "Huisterp"}, "geometry": {"type": "MultiPolygon", "coordinates": [[[[4.8211, 51.9768], [4.8212, 51.9768], [4.8215, 51.977], [4.8215, 51.977], [4.8215, 51.9771], [4.8215, 51.9771], [4.8214, 51.9772], [4.8214, 51.9772], [4.8213, 51.9773], [4.8206, 51.977], [4.8211, 51.9768]]]]}}, {"type": "Feature", "properties": {"MONUMENTNR": 6576, "Gemeente": "Krimpenerwaard", "Plaats": "Schoonouwen", "Toponiem": "Schoonouwense Weg", "Datering": "Late Middeleeuwen en Nieuwe Tijd", "WAARDE": "Terrein van hoge archeologische waarde", "Zichtbaarh": "ja", "Beschrijving": "Huisterp"}, "geometry": {"type": "MultiPolygon", "coordinates": [[[[4.8047, 51.9633], [4.805, 51.9633], [4.8051, 51.9634], [4.8051, 51.9634], [4.8051, 51.9637], [4.805, 51.9639], [4.8039, 51.9638], [4.8039, 51.9637], [4.804, 51.9635], [4.804, 51.9634], [4.8041, 51.9633], [4.8041, 51.9633], [4.8041, 51.9633], [4.8043, 51.9633], [4.8047, 51.9633]]]]}}, {"type": "Feature", "properties": {"MONUMENTNR": 6577, "Gemeente": "Krimpenerwaard", "Plaats": "Schoonouwen", "Toponiem": "Schoonouwense Weg", "Datering": "Late Middeleeuwen en Nieuwe Tijd", "WAARDE": "Terrein van hoge archeologische waarde", "Zichtbaarh": "ja", "Beschrijving": "Huisterp"}, "geometry": {"type": "MultiPolygon", "coordinates": [[[[4.8059, 51.9637], [4.8059, 51.9637], [4.8062, 51.9637], [4.8065, 51.9638], [4.8066, 51.9638], [4.8069, 51.9638], [4.8069, 51.9642], [4.8068, 51.9645], [4.8057, 51.9644], [4.8057, 51.9642], [4.8058, 51.9637], [4.8059, 51.9637]]]]}}, {"type": "Feature", "properties": {"MONUMENTNR": 10472, "Gemeente": "Krimpenerwaard", "Plaats": "Bergambacht", "Toponiem": "Provinciale Weg", "Datering": "1) Mesolithicum en/of Neolithicum; 2) Middeleeuwen", "WAARDE": "Terrein van hoge archeologische waarde", "Zichtbaarh": "nee", "Beschrijving": "1) Donk met bewoningssporen; 2) bewoningssporen"}, "geometry": {"type": "MultiPolygon", "coordinates": [[[[4.7834, 51.9275], [4.7835, 51.9287], [4.7835, 51.9289], [4.7836, 51.929], [4.7836, 51.9293], [4.7834, 51.9294], [4.7833, 51.9296], [4.7824, 51.9296], [4.7822, 51.9304], [4.7813, 51.9304], [4.7811, 51.9288], [4.7804, 51.9288], [4.7806, 51.9282], [4.7809, 51.9275], [4.7834, 51.9275]]]]}}, {"type": "Feature", "properties": {"MONUMENTNR": 6486, "Gemeente": "Krimpenerwaard", "Plaats": "Ouderkerk aan den IJssel", "Toponiem": "Centrum; Dorpsstraat", "Datering": "Late Middeleeuwen", "WAARDE": "Terrein van hoge archeologische waarde", "Zichtbaarh": "ja", "Beschrijving": "Kerk"}, "geometry": {"type": "MultiPolygon", "coordinates": [[[[4.6348, 51.9359], [4.6344, 51.9357], [4.6345, 51.9354], [4.635, 51.9355], [4.6351, 51.9355], [4.6351, 51.9356], [4.6351, 51.9356], [4.6351, 51.9357], [4.6348, 51.9359]]]]}}, {"type": "Feature", "properties": {"MONUMENTNR": 4054, "Gemeente": "Wassenaar", "Plaats": "Wassenaar", "Toponiem": "Vlakte van Waalsdorp", "Datering": "1) Late Bronstijd; 2) late IJzertijd en Romeinse tijd; 3) late Middeleeuwen", "WAARDE": "Terrein van hoge archeologische waarde", "Zichtbaarh": "nee", "Beschrijving": "1-3) Bewoningssporen"}, "geometry": {"type": "MultiPolygon", "coordinates": [[[[4.3288, 52.1091], [4.3291, 52.1092], [4.331, 52.1096], [4.3317, 52.1098], [4.3321, 52.11], [4.3326, 52.1102], [4.3348, 52.1111], [4.3362, 52.1117], [4.3364, 52.1118], [4.3366, 52.1121], [4.3369, 52.1123], [4.3371, 52.1127], [4.3374, 52.1132], [4.3374, 52.1136], [4.3375, 52.1139], [4.3376, 52.1142], [4.3363, 52.1149], [4.3359, 52.1151], [4.3358, 52.1152], [4.3359, 52.1154], [4.336, 52.1157], [4.3359, 52.1159], [4.3359, 52.116], [4.3341, 52.1169], [4.3318, 52.1155], [4.3302, 52.1144], [4.3288, 52.1136], [4.3278, 52.1131], [4.329, 52.1122], [4.3289, 52.112], [4.3285, 52.1118], [4.3277, 52.1113], [4.3274, 52.111], [4.3285, 52.1101], [4.328, 52.1097], [4.3288, 52.1091]]]]}}, {"type": "Feature", "properties": {"MONUMENTNR": 4130, "Gemeente": "Midden-Delfland", "Plaats": "'t Woudt", "Toponiem": "Woudse Polder", "Datering": "Romeinse tijd", "WAARDE": "Terrein van hoge archeologische waarde", "Zichtbaarh": "nee", "Beschrijving": "Bewoningssporen"}, "geometry": {"type": "MultiPolygon", "coordinates": [[[[4.2891, 51.9929], [4.2898, 51.9932], [4.2899, 51.9933], [4.29, 51.9934], [4.2901, 51.9935], [4.2902, 51.9935], [4.2892, 51.9938], [4.2885, 51.9936], [4.2888, 51.9933], [4.2891, 51.9929]]]]}}, {"type": "Feature", "properties": {"MONUMENTNR": 10521, "Gemeente": "Westland", "Plaats": "Wateringen", "Toponiem": "Bovendijk", "Datering": "Neolithicum", "WAARDE": "Terrein van hoge archeologische waarde", "Zichtbaarh": "nee", "Beschrijving": "Bewoningssporen"}, "geometry": {"type": "MultiPolygon", "coordinates": [[[[4.2698, 52.0176], [4.2706, 52.0181], [4.269, 52.0189], [4.2682, 52.0184], [4.2698, 52.0176]]]]}}, {"type": "Feature", "properties": {"MONUMENTNR": 9487, "Gemeente": "Lansingerland", "Plaats": "Bergschenhoek", "Toponiem": "Boterdorpsche Polder; Schiebroekse Weg", "Datering": "Onbekend", "WAARDE": "Terrein van hoge archeologische waarde", "Zichtbaarh": "nee", "Beschrijving": "Bewoningssporen"}, "geometry": {"type": "MultiPolygon", "coordinates": [[[[4.4902, 51.9762], [4.4907, 51.9766], [4.49, 51.977], [4.4895, 51.9766], [4.4902, 51.9762]]]]}}, {"type": "Feature", "properties": {"MONUMENTNR": 4079, "Gemeente": "Vlaardingen", "Plaats": "Vlaardingen", "Toponiem": "Aalkeet-Binnenpolder", "Datering": "1) Romeinse tijd (mogelijk ook IJzertijd); 2) Late Middeleeuwen", "WAARDE": "Terrein van hoge archeologische waarde", "Zichtbaarh": "nee", "Beschrijving": "1) Bewoningssporen; 2) Drie huisterpen"}, "geometry": {"type": "MultiPolygon", "coordinates": [[[[4.2936, 51.9105], [4.2936, 51.9104], [4.2935, 51.9103], [4.2934, 51.9103], [4.2933, 51.9101], [4.2932, 51.9101], [4.2929, 51.9102], [4.2923, 51.9095], [4.2941, 51.909], [4.2947, 51.9099], [4.2946, 51.91], [4.2947, 51.91], [4.2936, 51.9105]]]]}}, {"type": "Feature", "properties": {"MONUMENTNR": 9452, "Gemeente": "Vlaardingen", "Plaats": "Vlaardingen", "Toponiem": "Prinses Beatrixlaan; Regentesselaan; Joffer Aechtenwoning", "Datering": "Middeleeuwen", "WAARDE": "Terrein van hoge archeologische waarde", "Zichtbaarh": "nee", "Beschrijving": "Resten van een mottekasteel"}, "geometry": {"type": "MultiPolygon", "coordinates": [[[[4.3382, 51.9309], [4.3392, 51.9294], [4.3407, 51.9298], [4.3398, 51.9313], [4.3382, 51.9309]]]]}}, {"type": "Feature", "properties": {"MONUMENTNR": 10400, "Gemeente": "Vlaardingen", "Plaats": "Vlaardingen", "Toponiem": "Schepenstraat; Hogewerf", "Datering": "1) IJzertijd en Romeinse tijd; 2) late Middeleeuwen", "WAARDE": "Terrein van hoge archeologische waarde", "Zichtbaarh": "nee", "Beschrijving": "1) Bewoningssporen; 2) resten van een hofstede"}, "geometry": {"type": "MultiPolygon", "coordinates": [[[[4.3392, 51.9106], [4.3401, 51.9118], [4.3389, 51.9121], [4.3379, 51.911], [4.3392, 51.9106]]]]}}, {"type": "Feature", "properties": {"MONUMENTNR": 10428, "Gemeente": "Vlaardingen", "Plaats": "Vlaardingen", "Toponiem": "Spoorsingel; 2e van Leyden Gaelstraat; Trompstraat", "Datering": "Neolithicum", "WAARDE": "Terrein van hoge archeologische waarde", "Zichtbaarh": "nee", "Beschrijving": "Donk met bewoningssporen"}, "geometry": {"type": "MultiPolygon", "coordinates": [[[[4.3575, 51.907], [4.3579, 51.908], [4.3573, 51.9084], [4.3566, 51.9086], [4.3562, 51.9085], [4.356, 51.9084], [4.3555, 51.9081], [4.3554, 51.908], [4.355, 51.9078], [4.3547, 51.9077], [4.3546, 51.9076], [4.3547, 51.9075], [4.3551, 51.9071], [4.3555, 51.9067], [4.3553, 51.9066], [4.3547, 51.9063], [4.3553, 51.9058], [4.3563, 51.9063], [4.3565, 51.9063], [4.3564, 51.9064], [4.3567, 51.9064], [4.3566, 51.9065], [4.3567, 51.9065], [4.3567, 51.9065], [4.3571, 51.9067], [4.3574, 51.9068], [4.3575, 51.907]]]]}}, {"type": "Feature", "properties": {"MONUMENTNR": 10678, "Gemeente": "Leiderdorp", "Plaats": "Leiderdorp", "Toponiem": "Hoogmadeseweg; Samsonveld", "Datering": "Vroege Middeleeuwen", "WAARDE": "Terrein van hoge archeologische waarde", "Zichtbaarh": "nee", "Beschrijving": "Bewoningssporen; sporen van metaalbewerking"}, "geometry": {"type": "MultiPolygon", "coordinates": [[[[4.5285, 52.1514], [4.5286, 52.1516], [4.5303, 52.1523], [4.5304, 52.1523], [4.5307, 52.1525], [4.5308, 52.1525], [4.5314, 52.1528], [4.5317, 52.153], [4.5313, 52.1534], [4.5311, 52.1533], [4.5306, 52.1539], [4.5304, 52.1538], [4.5302, 52.1538], [4.5301, 52.1538], [4.53, 52.1538], [4.5299, 52.1538], [4.5298, 52.1538], [4.5298, 52.1539], [4.5296, 52.154], [4.5294, 52.1539], [4.5298, 52.1535], [4.5297, 52.1535], [4.5292, 52.1532], [4.529, 52.1532], [4.5289, 52.1532], [4.5287, 52.1531], [4.5285, 52.1531], [4.5284, 52.153], [4.5282, 52.1529], [4.5278, 52.1527], [4.5279, 52.1527], [4.5273, 52.1524], [4.5285, 52.1514]]]]}}, {"type": "Feature", "properties": {"MONUMENTNR": 6385, "Gemeente": "Molenwaard", "Plaats": "De Donk", "Toponiem": "Donkse Weg", "Datering": "1) Mesolithicum en/of Neolithicum; 2) late Middeleeuwen", "WAARDE": "Terrein van hoge archeologische waarde", "Zichtbaarh": "ja", "Beschrijving": "1) Donk met bewoningssporen; 2) resten van een klooster"}, "geometry": {"type": "MultiPolygon", "coordinates": [[[[4.7882, 51.8949], [4.7877, 51.8946], [4.7865, 51.8943], [4.7849, 51.894], [4.786, 51.8928], [4.7858, 51.8927], [4.7879, 51.8908], [4.7911, 51.8921], [4.7882, 51.8949]]]]}}, {"type": "Feature", "properties": {"MONUMENTNR": 10504, "Gemeente": "Giessenlanden", "Plaats": "Giessen-Oudekerk", "Toponiem": "Polder Binnentiendwegs", "Datering": "Mesolithicum en/of Neolithicum", "WAARDE": "Terrein van hoge archeologische waarde", "Zichtbaarh": "nee", "Beschrijving": "Donk met bewoningssporen"}, "geometry": {"type": "MultiPolygon", "coordinates": [[[[4.8585, 51.8387], [4.861, 51.8392], [4.8606, 51.8401], [4.858, 51.8395], [4.8585, 51.8387]]]]}}, {"type": "Feature", "properties": {"MONUMENTNR": 6774, "Gemeente": "Binnenmaas", "Plaats": "Mijnsheerenland", "Toponiem": "Romeinse Weg/Hoflaan", "Datering": "Romeinse tijd", "WAARDE": "Terrein van hoge archeologische waarde", "Zichtbaarh": "nee", "Beschrijving": "Bewoningssporen"}, "geometry": {"type": "MultiPolygon", "coordinates": [[[[4.4996, 51.7962], [4.498, 51.7938], [4.5024, 51.7929], [4.5037, 51.7953], [4.4996, 51.7962]]]]}}, {"type": "Feature", "properties": {"MONUMENTNR": 4108, "Gemeente": "Goeree-Overflakkee", "Plaats": "Ouddorp", "Toponiem": "Polder Oudeland; Den Hofdijk", "Datering": "1) Vroege Middeleeuwen; 2) late Middeleeuwen, Nieuwe tijd", "WAARDE": "Terrein van hoge archeologische waarde", "Zichtbaarh": "nee", "Beschrijving": "1) Resten van een schip; 2) resten van de hofstede \"Het Hof van de Heren van Voorne\""}, "geometry": {"type": "MultiPolygon", "coordinates": [[[[3.9427, 51.8116], [3.944, 51.8119], [3.945, 51.8122], [3.9452, 51.8123], [3.9437, 51.8144], [3.9428, 51.8142], [3.9428, 51.8141], [3.9424, 51.8141], [3.9417, 51.8139], [3.9416, 51.8138], [3.9414, 51.8138], [3.9412, 51.8137], [3.942, 51.8126], [3.9427, 51.8116]]]]}}, {"type": "Feature", "properties": {"MONUMENTNR": 10510, "Gemeente": "Ridderkerk", "Plaats": "Bolnes", "Toponiem": "Rotterdamseweg/Rijnsingel", "Datering": "1) Mesolithicum en/of Neolithicum; 2) late Middeleeuwen A", "WAARDE": "Terrein van hoge archeologische waarde", "Zichtbaarh": "nee", "Beschrijving": "1) Donk met bewoningssporen; 2) bewoningssporen"}, "geometry": {"type": "MultiPolygon", "coordinates": [[[[4.5822, 51.8864], [4.5813, 51.8867], [4.5812, 51.8867], [4.5779, 51.8869], [4.5773, 51.8851], [4.5814, 51.8846], [4.5822, 51.8864]]]]}}, {"type": "Feature", "properties": {"MONUMENTNR": 9395, "Gemeente": "Midden-Delfland", "Plaats": "Abtswoude", "Toponiem": "Lage Abtswoudsche Polder", "Datering": "Late Middeleeuwen", "WAARDE": "Terrein van hoge archeologische waarde", "Zichtbaarh": "ja", "Beschrijving": "Huisterp"}, "geometry": {"type": "MultiPolygon", "coordinates": [[[[4.3556, 51.9704], [4.3575, 51.9707], [4.3573, 51.9711], [4.3554, 51.9708], [4.3556, 51.9704]]]]}}, {"type": "Feature", "properties": {"MONUMENTNR": 9412, "Gemeente": "Midden-Delfland", "Plaats": "Schipluiden", "Toponiem": "Klaas Engelbrechtspolder; Willemburg", "Datering": "Late Middeleeuwen", "WAARDE": "Terrein van hoge archeologische waarde", "Zichtbaarh": "nee", "Beschrijving": "Resten van het mottekasteel Hodenpijl"}, "geometry": {"type": "MultiPolygon", "coordinates": [[[[4.3128, 51.9818], [4.3131, 51.9819], [4.3136, 51.982], [4.3139, 51.982], [4.3147, 51.9821], [4.3147, 51.9822], [4.3148, 51.9822], [4.3147, 51.9827], [4.3146, 51.9828], [4.3146, 51.9828], [4.3146, 51.9829], [4.3145, 51.9829], [4.3136, 51.9827], [4.3132, 51.9827], [4.313, 51.9826], [4.3125, 51.9825], [4.3125, 51.9824], [4.3128, 51.9818]]]]}}, {"type": "Feature", "properties": {"MONUMENTNR": 9477, "Gemeente": "Pijnacker-Nootdorp", "Plaats": "Oude Leede", "Toponiem": "Ackerdijksche Plassen", "Datering": "Late Middeleeuwen", "WAARDE": "Terrein van hoge archeologische waarde", "Zichtbaarh": "ja", "Beschrijving": "Bewoningssporen"}, "geometry": {"type": "MultiPolygon", "coordinates": [[[[4.4103, 51.9759], [4.4109, 51.9761], [4.4106, 51.9765], [4.4104, 51.9764], [4.4103, 51.9763], [4.4102, 51.9762], [4.41, 51.9761], [4.4103, 51.9759]]]]}}, {"type": "Feature", "properties": {"MONUMENTNR": 10314, "Gemeente": "Westvoorne", "Plaats": "Rockanje", "Toponiem": "Pancrasgorse Dijk", "Datering": "Midden-IJzertijd", "WAARDE": "Terrein van hoge archeologische waarde", "Zichtbaarh": "nee", "Beschrijving": "Bewoningssporen"}, "geometry": {"type": "MultiPolygon", "coordinates": [[[[4.1066, 51.8665], [4.1082, 51.8666], [4.1082, 51.8666], [4.1087, 51.8666], [4.1092, 51.8668], [4.1098, 51.867], [4.11, 51.867], [4.1101, 51.8671], [4.1105, 51.8676], [4.1105, 51.8677], [4.1105, 51.8677], [4.1096, 51.8679], [4.1072, 51.8684], [4.1067, 51.8675], [4.1066, 51.8665]]]]}}, {"type": "Feature", "properties": {"MONUMENTNR": 10695, "Gemeente": "Midden-Delfland", "Plaats": "Schipluiden", "Toponiem": "Dorppolder", "Datering": "Romeinse tijd", "WAARDE": "Terrein van hoge archeologische waarde", "Zichtbaarh": "nee", "Beschrijving": "Bewoningssporen"}, "geometry": {"type": "MultiPolygon", "coordinates": [[[[4.3007, 51.9733], [4.3015, 51.9736], [4.3009, 51.974], [4.3002, 51.9737], [4.3007, 51.9733]]]]}}, {"type": "Feature", "properties": {"MONUMENTNR": 10696, "Gemeente": "Midden-Delfland", "Plaats": "Schipluiden", "Toponiem": "Kenenburgweg; Kenenburg", "Datering": "Late Middeleeuwen", "WAARDE": "Terrein van hoge archeologische waarde", "Zichtbaarh": "nee", "Beschrijving": "Resten van het kasteel Kenenburg"}, "geometry": {"type": "MultiPolygon", "coordinates": [[[[4.3176, 51.9754], [4.3191, 51.9758], [4.3185, 51.9767], [4.3182, 51.9773], [4.318, 51.9778], [4.3175, 51.9774], [4.3172, 51.9772], [4.3167, 51.9769], [4.3168, 51.9768], [4.3172, 51.9761], [4.3176, 51.9754]]]]}}, {"type": "Feature", "properties": {"MONUMENTNR": 3025, "Gemeente": "Noordwijkerhout", "Plaats": "Noordwijkerhout", "Toponiem": "Centrum; Dorpsstraat; N.H. Kerk", "Datering": "Late Middeleeuwen en Nieuwe Tijd", "WAARDE": "Terrein van hoge archeologische waarde", "Zichtbaarh": "ja", "Beschrijving": "Kerkterrein"}, "geometry": {"type": "MultiPolygon", "coordinates": [[[[4.4934, 52.2622], [4.4935, 52.2623], [4.4936, 52.2624], [4.4936, 52.2625], [4.4936, 52.2627], [4.4935, 52.2628], [4.4932, 52.2629], [4.4927, 52.2626], [4.4924, 52.2624], [4.493, 52.2623], [4.4934, 52.2622]]]]}}, {"type": "Feature", "properties": {"MONUMENTNR": 9384, "Gemeente": "Alphen aan den Rijn", "Plaats": "Hazerswoude-Dorp", "Toponiem": "Westeinde", "Datering": "Late Middeleeuwen en Nieuwe Tijd", "WAARDE": "Terrein van hoge archeologische waarde", "Zichtbaarh": "ja", "Beschrijving": "Nederzetting (dorp)"}, "geometry": {"type": "MultiPolygon", "coordinates": [[[[4.5574, 52.0943], [4.5577, 52.0943], [4.558, 52.0944], [4.5582, 52.0944], [4.5586, 52.0945], [4.5595, 52.0945], [4.5623, 52.0947], [4.5637, 52.0948], [4.5672, 52.0956], [4.5699, 52.0957], [4.5707, 52.0957], [4.572, 52.0959], [4.574, 52.0959], [4.5741, 52.097], [4.5739, 52.0975], [4.5719, 52.0975], [4.5699, 52.0977], [4.5674, 52.0975], [4.5668, 52.0974], [4.5652, 52.0972], [4.5627, 52.0968], [4.5623, 52.0968], [4.5594, 52.0964], [4.5572, 52.0957], [4.5573, 52.0951], [4.5573, 52.095], [4.5573, 52.0948], [4.5571, 52.0943], [4.5573, 52.0943], [4.5574, 52.0943]]]]}}, {"type": "Feature", "properties": {"MONUMENTNR": 15349, "Gemeente": "Oegstgeest", "Plaats": "Oegstgeest", "Toponiem": "Lange Voort; Irispark; De Ouden Hof", "Datering": "1) Romeinse tijd; 2) Late Middeleeuwen", "WAARDE": "Terrein van hoge archeologische waarde", "Zichtbaarh": "nee", "Beschrijving": "1) Bewoningssporen; 2) Kasteel Den Ouden Hof"}, "geometry": {"type": "MultiPolygon", "coordinates": [[[[4.472, 52.1869], [4.4719, 52.1869], [4.4718, 52.1869], [4.4717, 52.1869], [4.4716, 52.1868], [4.4716, 52.1868], [4.4715, 52.1868], [4.4714, 52.1867], [4.4713, 52.1867], [4.4713, 52.1866], [4.4712, 52.1865], [4.4712, 52.1865], [4.4712, 52.1864], [4.4712, 52.1863], [4.4712, 52.1863], [4.4712, 52.1862], [4.4712, 52.1861], [4.4713, 52.186], [4.4713, 52.1859], [4.4714, 52.1859], [4.4714, 52.1859], [4.4715, 52.1858], [4.4716, 52.1858], [4.4717, 52.1857], [4.4718, 52.1857], [4.4719, 52.1857], [4.472, 52.1857], [4.4722, 52.1857], [4.4723, 52.1857], [4.4724, 52.1857], [4.4725, 52.1857], [4.4726, 52.1857], [4.4727, 52.1858], [4.4728, 52.1858], [4.4729, 52.1858], [4.473, 52.1859], [4.473, 52.1859], [4.4731, 52.186], [4.4731, 52.186], [4.4731, 52.1861], [4.4732, 52.1862], [4.4732, 52.1862], [4.4732, 52.1863], [4.4732, 52.1864], [4.4731, 52.1865], [4.4731, 52.1866], [4.473, 52.1867], [4.4728, 52.1868], [4.4727, 52.1868], [4.4726, 52.1869], [4.4724, 52.1869], [4.4723, 52.1869], [4.4721, 52.1869], [4.472, 52.1869]]]]}}, {"type": "Feature", "properties": {"MONUMENTNR": 15743, "Gemeente": "Giessenlanden", "Plaats": "Giessenburg", "Toponiem": "Giessen Nieuwkerk", "Datering": "Late Middeleeuwen en Nieuwe Tijd", "WAARDE": "Terrein van hoge archeologische waarde", "Zichtbaarh": "nee", "Beschrijving": "Huisterp"}, "geometry": {"type": "MultiPolygon", "coordinates": [[[[4.8862, 51.8525], [4.8863, 51.8523], [4.8864, 51.852], [4.8872, 51.8521], [4.8884, 51.8522], [4.889, 51.8523], [4.889, 51.8526], [4.8888, 51.8528], [4.8886, 51.8529], [4.8885, 51.8529], [4.8884, 51.8528], [4.8883, 51.8528], [4.8882, 51.8528], [4.8881, 51.8528], [4.888, 51.8528], [4.8879, 51.8527], [4.8878, 51.8527], [4.8876, 51.8527], [4.8875, 51.8527], [4.8874, 51.8527], [4.8873, 51.8527], [4.8872, 51.8527], [4.887, 51.8526], [4.8866, 51.8526], [4.8864, 51.8526], [4.8862, 51.8525]]]]}}, {"type": "Feature", "properties": {"MONUMENTNR": 15933, "Gemeente": "Molenwaard", "Plaats": "Oud-Alblas", "Toponiem": "Polder Zuidzijde; Ambachtstraat", "Datering": "Romeinse tijd", "WAARDE": "Terrein van hoge archeologische waarde", "Zichtbaarh": "nee", "Beschrijving": "Bewoningssporen"}, "geometry": {"type": "MultiPolygon", "coordinates": [[[[4.6874, 51.8526], [4.6881, 51.8526], [4.688, 51.8534], [4.688, 51.8535], [4.6871, 51.8534], [4.6874, 51.8526], [4.6874, 51.8526]]]]}}, {"type": "Feature", "properties": {"MONUMENTNR": 16104, "Gemeente": "Katwijk", "Plaats": "Rijnsburg", "Toponiem": "Galglaan", "Datering": "Late Middeleeuwen, Nieuwe Tijd", "WAARDE": "Terrein van hoge archeologische waarde", "Zichtbaarh": "nee", "Beschrijving": "Pannenoven"}, "geometry": {"type": "MultiPolygon", "coordinates": [[[[4.4518, 52.2055], [4.4509, 52.2051], [4.4515, 52.2047], [4.452, 52.2049], [4.4519, 52.2051], [4.4521, 52.2052], [4.4518, 52.2055]]]]}}, {"type": "Feature", "properties": {"MONUMENTNR": 3074, "Gemeente": "Katwijk", "Plaats": "Rijnsburg", "Toponiem": "Centrum; Abdijlaan", "Datering": "1) vroege Middeleeuwen; 2) late Middeleeuwen", "WAARDE": "Terrein van hoge archeologische waarde", "Zichtbaarh": "ja", "Beschrijving": "1) Bewoningssporen; 2) resten van een abdij met begravingen"}, "geometry": {"type": "MultiPolygon", "coordinates": [[[[4.4427, 52.1897], [4.4426, 52.1901], [4.4426, 52.1901], [4.4426, 52.1902], [4.4423, 52.1902], [4.442, 52.1901], [4.4419, 52.1902], [4.4415, 52.1901], [4.4415, 52.1897], [4.4415, 52.1897], [4.4415, 52.1897], [4.4415, 52.1892], [4.4417, 52.1893], [4.4419, 52.1893], [4.4424, 52.1893], [4.4426, 52.1893], [4.443, 52.1893], [4.4434, 52.1892], [4.4439, 52.1891], [4.444, 52.1891], [4.4442, 52.1891], [4.4443, 52.1891], [4.4441, 52.1897], [4.4439, 52.1897], [4.4438, 52.1898], [4.4427, 52.1897]]]]}}, {"type": "Feature", "properties": {"MONUMENTNR": 2979, "Gemeente": "Katwijk", "Plaats": "Katwijk aan den Rijn", "Toponiem": "Sandtlaan; t Sandt", "Datering": "Late Middeleeuwen", "WAARDE": "Terrein van hoge archeologische waarde", "Zichtbaarh": "nee", "Beschrijving": "Resten van het kasteel Huis 't Sant"}, "geometry": {"type": "MultiPolygon", "coordinates": [[[[4.4293, 52.1905], [4.4296, 52.1908], [4.4294, 52.1909], [4.4291, 52.191], [4.4288, 52.1911], [4.4286, 52.1911], [4.4286, 52.191], [4.4283, 52.1907], [4.4284, 52.1907], [4.4288, 52.1906], [4.429, 52.1906], [4.4292, 52.1905], [4.4293, 52.1905]]]]}}, {"type": "Feature", "properties": {"MONUMENTNR": 2968, "Gemeente": "Katwijk", "Plaats": "Valkenburg", "Toponiem": "Marktveld; Veldzicht; Achterweg", "Datering": "1) Romeinse tijd; 2) late Middeleeuwen", "WAARDE": "Terrein van hoge archeologische waarde", "Zichtbaarh": "nee", "Beschrijving": "1) Grafveld; weg; waterwerken; nederzetting 2) resten van de hofstede \"Van der Speckewoning\""}, "geometry": {"type": "MultiPolygon", "coordinates": [[[[4.4304, 52.1782], [4.431, 52.1775], [4.432, 52.177], [4.4324, 52.1771], [4.4331, 52.1773], [4.433, 52.1776], [4.433, 52.1778], [4.4329, 52.1781], [4.4323, 52.1783], [4.4317, 52.1785], [4.4313, 52.1786], [4.4303, 52.1785], [4.4302, 52.1785], [4.4304, 52.1782]]]]}}, {"type": "Feature", "properties": {"MONUMENTNR": 2972, "Gemeente": "Katwijk", "Plaats": "Valkenburg", "Toponiem": "Marktveld, 10 Meilaan; Achterweg", "Datering": "Romeinse tijd", "WAARDE": "Terrein van hoge archeologische waarde", "Zichtbaarh": "nee", "Beschrijving": "Nederzetting; grafveld; weg/wegennetwerk"}, "geometry": {"type": "MultiPolygon", "coordinates": [[[[4.4341, 52.1761], [4.4353, 52.1755], [4.4372, 52.1762], [4.437, 52.1765], [4.4372, 52.1766], [4.4369, 52.1768], [4.4368, 52.1768], [4.4367, 52.1769], [4.4363, 52.1767], [4.436, 52.177], [4.4359, 52.1769], [4.4356, 52.1773], [4.4339, 52.1769], [4.434, 52.1764], [4.4341, 52.1761]]]]}}, {"type": "Feature", "properties": {"MONUMENTNR": 2970, "Gemeente": "Katwijk", "Plaats": "Valkenburg", "Toponiem": "Zonneveldslaan; Zonneveldt", "Datering": "Late Middeleeuwen", "WAARDE": "Terrein van hoge archeologische waarde", "Zichtbaarh": "nee", "Beschrijving": "Resten van de hofstede Zonneveldt"}, "geometry": {"type": "MultiPolygon", "coordinates": [[[[4.4325, 52.1681], [4.432, 52.1677], [4.4319, 52.1676], [4.432, 52.1676], [4.432, 52.1675], [4.4321, 52.1675], [4.4322, 52.1674], [4.4323, 52.1674], [4.4324, 52.1674], [4.4337, 52.1679], [4.4337, 52.1679], [4.4337, 52.1679], [4.4337, 52.168], [4.4335, 52.168], [4.4331, 52.1682], [4.433, 52.1682], [4.4328, 52.1682], [4.4327, 52.1681], [4.4325, 52.1681]]]]}}, {"type": "Feature", "properties": {"MONUMENTNR": 3072, "Gemeente": "Katwijk", "Plaats": "Valkenburg", "Toponiem": "De Woerd; Voorschoterweg", "Datering": "Vroege Middeleeuwen", "WAARDE": "Terrein van hoge archeologische waarde", "Zichtbaarh": "nee", "Beschrijving": "Bewoningssporen"}, "geometry": {"type": "MultiPolygon", "coordinates": [[[[4.4391, 52.1733], [4.4439, 52.1701], [4.4439, 52.1704], [4.4439, 52.1709], [4.4436, 52.1713], [4.4433, 52.1716], [4.4426, 52.1723], [4.4423, 52.1726], [4.4415, 52.1733], [4.4408, 52.1738], [4.4391, 52.1733]]]]}}, {"type": "Feature", "properties": {"MONUMENTNR": 3071, "Gemeente": "Katwijk", "Plaats": "Valkenburg", "Toponiem": "De Woerd", "Datering": "Romeinse tijd", "WAARDE": "Terrein van hoge archeologische waarde", "Zichtbaarh": "nee", "Beschrijving": "Bewoningssporen"}, "geometry": {"type": "MultiPolygon", "coordinates": [[[[4.4393, 52.1689], [4.4396, 52.1686], [4.4398, 52.1687], [4.4399, 52.1686], [4.44, 52.1684], [4.4429, 52.1689], [4.4428, 52.169], [4.4426, 52.1691], [4.4425, 52.1692], [4.4423, 52.1693], [4.4422, 52.1694], [4.4421, 52.1694], [4.442, 52.1694], [4.4419, 52.1694], [4.4417, 52.1694], [4.4415, 52.1694], [4.4412, 52.1693], [4.4411, 52.1693], [4.4408, 52.1692], [4.4405, 52.1692], [4.4402, 52.1691], [4.4399, 52.169], [4.4396, 52.169], [4.4393, 52.1689]]]]}}, {"type": "Feature", "properties": {"MONUMENTNR": 10706, "Gemeente": "Katwijk", "Plaats": "Valkenburg", "Toponiem": "Ommedijksche Polder; Molen De Peijzer", "Datering": "Late IJzertijd, Romeinse tijd", "WAARDE": "Terrein van hoge archeologische waarde", "Zichtbaarh": "nee", "Beschrijving": "Bewoningssporen"}, "geometry": {"type": "MultiPolygon", "coordinates": [[[[4.4318, 52.1588], [4.4314, 52.1591], [4.4312, 52.1593], [4.4312, 52.1593], [4.43, 52.1587], [4.43, 52.1587], [4.4311, 52.1585], [4.4311, 52.1585], [4.4318, 52.1588]]]]}}, {"type": "Feature", "properties": {"MONUMENTNR": 10707, "Gemeente": "Katwijk", "Plaats": "Valkenburg", "Toponiem": "Ommedijksche Polder", "Datering": "Late IJzertijd", "WAARDE": "Terrein van hoge archeologische waarde", "Zichtbaarh": "nee", "Beschrijving": "Bewoningssporen"}, "geometry": {"type": "MultiPolygon", "coordinates": [[[[4.436, 52.1571], [4.4361, 52.1571], [4.4356, 52.1576], [4.4356, 52.1576], [4.4347, 52.1573], [4.4349, 52.1572], [4.4352, 52.1571], [4.4357, 52.157], [4.436, 52.1571]]]]}}, {"type": "Feature", "properties": {"MONUMENTNR": 10708, "Gemeente": "Katwijk", "Plaats": "Valkenburg", "Toponiem": "Ommedijksche Polder", "Datering": "Late IJzertijd", "WAARDE": "Terrein van hoge archeologische waarde", "Zichtbaarh": "nee", "Beschrijving": "Bewoningssporen"}, "geometry": {"type": "MultiPolygon", "coordinates": [[[[4.4341, 52.158], [4.4341, 52.158], [4.4336, 52.1583], [4.4336, 52.1583], [4.4328, 52.1579], [4.4328, 52.1579], [4.4336, 52.1577], [4.4336, 52.1577], [4.4341, 52.158]]]]}}, {"type": "Feature", "properties": {"MONUMENTNR": 10677, "Gemeente": "Katwijk", "Plaats": "Valkenburg", "Toponiem": "Centrum", "Datering": "1-4) Romeinse tijd", "WAARDE": "Terrein van hoge archeologische waarde", "Zichtbaarh": "nee", "Beschrijving": "1) Resten van het castellum Praetoria Agrippinae; 2) resten van een weg; 3) resten van een vicus; 4) resten van een grafveld"}, "geometry": {"type": "MultiPolygon", "coordinates": [[[[4.4324, 52.181], [4.4327, 52.1811], [4.4327, 52.1811], [4.4327, 52.1811], [4.4326, 52.1811], [4.4326, 52.1812], [4.4325, 52.1812], [4.4324, 52.1813], [4.4324, 52.1813], [4.4318, 52.1811], [4.4314, 52.1809], [4.4313, 52.1808], [4.4313, 52.1808], [4.4311, 52.1807], [4.4311, 52.1807], [4.4308, 52.1806], [4.43, 52.1804], [4.43, 52.1804], [4.4299, 52.1803], [4.4299, 52.1803], [4.4301, 52.1802], [4.4302, 52.1801], [4.4306, 52.1797], [4.431, 52.1794], [4.4312, 52.1793], [4.4315, 52.1792], [4.4322, 52.1789], [4.4324, 52.1788], [4.4324, 52.1788], [4.4324, 52.1788], [4.4331, 52.1784], [4.4338, 52.178], [4.434, 52.1779], [4.434, 52.1779], [4.4344, 52.178], [4.4346, 52.1781], [4.4356, 52.1783], [4.4358, 52.1783], [4.4358, 52.1783], [4.4358, 52.1783], [4.4359, 52.1784], [4.4359, 52.1784], [4.4359, 52.1784], [4.4358, 52.1785], [4.4358, 52.1786], [4.4358, 52.1788], [4.4357, 52.1789], [4.4357, 52.179], [4.4357, 52.179], [4.4355, 52.1792], [4.4353, 52.1795], [4.4352, 52.1796], [4.4352, 52.1796], [4.4351, 52.1797], [4.435, 52.1799], [4.4348, 52.18], [4.4348, 52.18], [4.4347, 52.1801], [4.4346, 52.1801], [4.4345, 52.1803], [4.4341, 52.1804], [4.434, 52.1805], [4.4337, 52.1805], [4.4337, 52.1805], [4.4337, 52.1805], [4.4337, 52.1805], [4.4332, 52.1803], [4.4331, 52.1804], [4.4331, 52.1805], [4.4329, 52.1804], [4.4327, 52.1808], [4.4325, 52.1807], [4.4324, 52.181]], [[4.4337, 52.1803], [4.4337, 52.1804], [4.4338, 52.1804], [4.4339, 52.1803], [4.4339, 52.1802], [4.4339, 52.1802], [4.434, 52.1802], [4.434, 52.1802], [4.434, 52.1802], [4.4339, 52.1801], [4.434, 52.1801], [4.4341, 52.1801], [4.4342, 52.18], [4.4341, 52.18], [4.434, 52.1799], [4.4339, 52.1799], [4.4336, 52.1798], [4.4336, 52.1798], [4.4336, 52.1798], [4.4336, 52.1798], [4.4336, 52.1798], [4.4336, 52.1797], [4.4335, 52.1798], [4.4335, 52.1798], [4.4335, 52.1798], [4.4335, 52.1799], [4.4334, 52.18], [4.4333, 52.1801], [4.4332, 52.1802], [4.4333, 52.1802], [4.4335, 52.18], [4.4339, 52.1801], [4.4337, 52.1803]], [[4.4325, 52.1798], [4.4325, 52.1798], [4.4325, 52.1798], [4.4325, 52.1799], [4.4325, 52.1799], [4.4325, 52.1799], [4.4325, 52.18], [4.4325, 52.18], [4.4325, 52.18], [4.4325, 52.18], [4.4326, 52.18], [4.4326, 52.18], [4.4328, 52.1801], [4.4329, 52.1799], [4.4327, 52.1799], [4.4328, 52.1799], [4.4326, 52.1799], [4.4325, 52.1798]], [[4.4333, 52.1794], [4.4333, 52.1795], [4.4333, 52.1795], [4.4333, 52.1795], [4.4336, 52.1796], [4.4336, 52.1796], [4.4337, 52.1794], [4.4337, 52.1794], [4.4334, 52.1793], [4.4333, 52.1794]], [[4.4334, 52.1797], [4.433, 52.1796], [4.433, 52.1796], [4.433, 52.1798], [4.4333, 52.1798], [4.4334, 52.1797]], [[4.4324, 52.1804], [4.4326, 52.1804], [4.4326, 52.1803], [4.4325, 52.1803], [4.4324, 52.1804]]], [[[4.433, 52.1808], [4.4332, 52.1808], [4.4331, 52.1809], [4.4331, 52.1809], [4.4329, 52.1808], [4.4331, 52.1805], [4.4334, 52.1806], [4.4335, 52.1807], [4.4334, 52.1807], [4.4331, 52.1806], [4.433, 52.1808]]]]}}, {"type": "Feature", "properties": {"MONUMENTNR": 2969, "Gemeente": "Katwijk", "Plaats": "Valkenburg", "Toponiem": "De Woerd; Achterweg", "Datering": "1) Romeinse tijd en vroege Middeleeuwen; 2) late Middeleeuwen", "WAARDE": "Terrein van hoge archeologische waarde", "Zichtbaarh": "nee", "Beschrijving": "1) nederzetting; 2) resten van de hofstede Torenvliet"}, "geometry": {"type": "MultiPolygon", "coordinates": [[[[4.4372, 52.1728], [4.4371, 52.1728], [4.4371, 52.1728], [4.4369, 52.1727], [4.4368, 52.1727], [4.4366, 52.1727], [4.4365, 52.1727], [4.4365, 52.1727], [4.4364, 52.1727], [4.4364, 52.1727], [4.4363, 52.1727], [4.4363, 52.1727], [4.4363, 52.1726], [4.4363, 52.1724], [4.4363, 52.1724], [4.4362, 52.1724], [4.4361, 52.1723], [4.4358, 52.172], [4.4358, 52.172], [4.4354, 52.1718], [4.4354, 52.1718], [4.4354, 52.1717], [4.4354, 52.1717], [4.4354, 52.1717], [4.4354, 52.1716], [4.4355, 52.1713], [4.4356, 52.1711], [4.4359, 52.1702], [4.4359, 52.1702], [4.436, 52.1702], [4.436, 52.1702], [4.4364, 52.1704], [4.4366, 52.1705], [4.4366, 52.1705], [4.4366, 52.1705], [4.4367, 52.1705], [4.4368, 52.1706], [4.4368, 52.1706], [4.4374, 52.1708], [4.4377, 52.1708], [4.4378, 52.1709], [4.4378, 52.1709], [4.4378, 52.1708], [4.4378, 52.1708], [4.4379, 52.1708], [4.4379, 52.1708], [4.4379, 52.1708], [4.438, 52.1709], [4.438, 52.1709], [4.438, 52.1709], [4.4381, 52.171], [4.4381, 52.171], [4.4382, 52.1711], [4.4382, 52.1712], [4.4382, 52.1712], [4.4382, 52.1714], [4.4382, 52.1714], [4.4382, 52.1715], [4.4381, 52.1716], [4.4381, 52.1717], [4.4381, 52.1717], [4.4381, 52.1717], [4.4381, 52.1717], [4.4381, 52.1717], [4.438, 52.1716], [4.438, 52.1717], [4.4377, 52.172], [4.4378, 52.172], [4.4382, 52.1721], [4.4381, 52.1723], [4.4377, 52.1721], [4.4373, 52.1726], [4.4372, 52.1728]]]]}}, {"type": "Feature", "properties": {"MONUMENTNR": 3070, "Gemeente": "Katwijk", "Plaats": "Valkenburg", "Toponiem": "De Woerd", "Datering": "Romeinse tijd en vroege Middeleeuwen", "WAARDE": "Terrein van hoge archeologische waarde", "Zichtbaarh": "nee", "Beschrijving": "Bewoningssporen"}, "geometry": {"type": "MultiPolygon", "coordinates": [[[[4.4405, 52.1706], [4.4413, 52.1708], [4.4393, 52.1721], [4.4381, 52.1717], [4.4381, 52.1717], [4.4381, 52.1717], [4.4381, 52.1717], [4.4382, 52.1715], [4.4386, 52.171], [4.4392, 52.1703], [4.4392, 52.1703], [4.4393, 52.1702], [4.4393, 52.1702], [4.4405, 52.1706]]]]}}, {"type": "Feature", "properties": {"MONUMENTNR": 9403, "Gemeente": "Rotterdam", "Plaats": "Rotterdam-Overschie", "Toponiem": "Polder Noord-Kethel", "Datering": "Romeinse tijd", "WAARDE": "Terrein van hoge archeologische waarde", "Zichtbaarh": "nee", "Beschrijving": "Off-site sporen"}, "geometry": {"type": "MultiPolygon", "coordinates": [[[[4.3948, 51.9515], [4.3977, 51.9525], [4.3992, 51.9546], [4.3993, 51.9547], [4.3993, 51.9547], [4.398, 51.9543], [4.3962, 51.9537], [4.3962, 51.9536], [4.396, 51.9533], [4.396, 51.9533], [4.3959, 51.9531], [4.3959, 51.953], [4.3958, 51.953], [4.3956, 51.9528], [4.3954, 51.9526], [4.3953, 51.9526], [4.3951, 51.9525], [4.3949, 51.9524], [4.3949, 51.9524], [4.3948, 51.9523], [4.3948, 51.9523], [4.3947, 51.9522], [4.3947, 51.9521], [4.3947, 51.952], [4.3946, 51.9517], [4.3945, 51.9515], [4.3945, 51.9514], [4.3945, 51.9514], [4.3948, 51.9515]]]]}}, {"type": "Feature", "properties": {"MONUMENTNR": 16121, "Gemeente": "Rotterdam", "Plaats": "Rotterdam-Overschie", "Toponiem": "Noord-Kethelpolder, Kandelaarweg (noord)", "Datering": "Romeinse tijd", "WAARDE": "Terrein van hoge archeologische waarde", "Zichtbaarh": "nee", "Beschrijving": "Nederzetting"}, "geometry": {"type": "MultiPolygon", "coordinates": [[[[4.3921, 51.9552], [4.3921, 51.9552], [4.3913, 51.9549], [4.3914, 51.9549], [4.392, 51.9546], [4.3929, 51.9542], [4.3955, 51.9529], [4.3956, 51.953], [4.3957, 51.9531], [4.3957, 51.9532], [4.3957, 51.9532], [4.3958, 51.9534], [4.3958, 51.9535], [4.3959, 51.9536], [4.396, 51.9536], [4.3961, 51.9537], [4.3962, 51.954], [4.3964, 51.9545], [4.3964, 51.9545], [4.395, 51.9542], [4.3949, 51.9542], [4.3921, 51.9552]]]]}}, {"type": "Feature", "properties": {"MONUMENTNR": 16116, "Gemeente": "Rotterdam", "Plaats": "Rotterdam-Overschie", "Toponiem": "Noord-Kethelpolder, Kandelaarweg; Poldervaart zuidwest", "Datering": "Romeinse tijd", "WAARDE": "Terrein van hoge archeologische waarde", "Zichtbaarh": "nee", "Beschrijving": "Grafveld/-heuvel"}, "geometry": {"type": "MultiPolygon", "coordinates": [[[[4.3932, 51.9493], [4.3934, 51.9494], [4.3928, 51.9499], [4.3927, 51.9499], [4.3926, 51.9498], [4.3924, 51.9498], [4.3921, 51.9497], [4.3917, 51.9494], [4.3914, 51.9492], [4.3916, 51.949], [4.3918, 51.9488], [4.3932, 51.9493]]]]}}, {"type": "Feature", "properties": {"MONUMENTNR": 16115, "Gemeente": "Rotterdam", "Plaats": "Rotterdam-Overschie", "Toponiem": "Noord-Kethelpolder, Kandelaarweg", "Datering": "Romeinse tijd", "WAARDE": "Terrein van hoge archeologische waarde", "Zichtbaarh": "nee", "Beschrijving": "Nederzetting"}, "geometry": {"type": "MultiPolygon", "coordinates": [[[[4.3915, 51.9495], [4.3916, 51.9495], [4.3918, 51.9497], [4.3919, 51.9497], [4.392, 51.9498], [4.3921, 51.9498], [4.3921, 51.9498], [4.3926, 51.95], [4.3926, 51.95], [4.3927, 51.9501], [4.3922, 51.9506], [4.3921, 51.9506], [4.3907, 51.9501], [4.3907, 51.9501], [4.391, 51.9497], [4.3912, 51.9494], [4.3915, 51.9495]]]]}}, {"type": "Feature", "properties": {"MONUMENTNR": 16117, "Gemeente": "Rotterdam", "Plaats": "Rotterdam-Overschie", "Toponiem": "Noord-Kethelpolder, Kandelaarweg, spoor", "Datering": "Romeinse tijd", "WAARDE": "Terrein van hoge archeologische waarde", "Zichtbaarh": "nee", "Beschrijving": "Nederzetting"}, "geometry": {"type": "MultiPolygon", "coordinates": [[[[4.3891, 51.9487], [4.3893, 51.9487], [4.3888, 51.9493], [4.3887, 51.9494], [4.3887, 51.9494], [4.3881, 51.9492], [4.3876, 51.949], [4.3875, 51.9489], [4.3875, 51.9489], [4.3879, 51.9483], [4.3879, 51.9482], [4.3891, 51.9487]]]]}}, {"type": "Feature", "properties": {"MONUMENTNR": 9420, "Gemeente": "Rotterdam", "Plaats": "Rotterdam-Overschie", "Toponiem": "Polder Noord-Kethel, Spoor", "Datering": "Late Middeleeuwen en Nieuwe Tijd", "WAARDE": "Terrein van hoge archeologische waarde", "Zichtbaarh": "ja", "Beschrijving": "Huisterp"}, "geometry": {"type": "MultiPolygon", "coordinates": [[[[4.3843, 51.9572], [4.3844, 51.9573], [4.384, 51.958], [4.3838, 51.958], [4.3837, 51.958], [4.383, 51.9578], [4.3828, 51.9578], [4.3832, 51.957], [4.3843, 51.9572]]]]}}, {"type": "Feature", "properties": {"MONUMENTNR": 16120, "Gemeente": "Rotterdam", "Plaats": "Rotterdam-Overschie", "Toponiem": "Breevaartstraat; Bornissehaven", "Datering": "Middeleeuwen", "WAARDE": "Terrein van hoge archeologische waarde", "Zichtbaarh": "nee", "Beschrijving": "Kasteel Ter Spangen"}, "geometry": {"type": "MultiPolygon", "coordinates": [[[[4.4274, 51.9272], [4.4275, 51.9272], [4.427, 51.9275], [4.4267, 51.928], [4.4267, 51.928], [4.4267, 51.928], [4.426, 51.9286], [4.4232, 51.9275], [4.4239, 51.9269], [4.4239, 51.9269], [4.4239, 51.9269], [4.4246, 51.9264], [4.4246, 51.9264], [4.4246, 51.9264], [4.4249, 51.9261], [4.4274, 51.9272]]]]}}, {"type": "Feature", "properties": {"MONUMENTNR": 16118, "Gemeente": "Rotterdam", "Plaats": "Rotterdam-Overschie", "Toponiem": "Spaanse Polder; Keenstraat; Industrieweg", "Datering": "Late Middeleeuwen, Nieuwe Tijd", "WAARDE": "Terrein van hoge archeologische waarde", "Zichtbaarh": "nee", "Beschrijving": "Resten kasteel Starrenburg"}, "geometry": {"type": "MultiPolygon", "coordinates": [[[[4.417, 51.9273], [4.4191, 51.9281], [4.4203, 51.9286], [4.4203, 51.9286], [4.4183, 51.9303], [4.4182, 51.9303], [4.4151, 51.9291], [4.4149, 51.929], [4.417, 51.9273], [4.417, 51.9273]]]]}}, {"type": "Feature", "properties": {"MONUMENTNR": 9446, "Gemeente": "Rotterdam", "Plaats": "Rotterdam", "Toponiem": "Delftweg; Rodenrijs", "Datering": "Late Middeleeuwen", "WAARDE": "Terrein van hoge archeologische waarde", "Zichtbaarh": "nee", "Beschrijving": "Resten van de hofstede Rodenrijs"}, "geometry": {"type": "MultiPolygon", "coordinates": [[[[4.4131, 51.9509], [4.4131, 51.9509], [4.4123, 51.9516], [4.4122, 51.9517], [4.4122, 51.9517], [4.4122, 51.9517], [4.4122, 51.9517], [4.4096, 51.9506], [4.4113, 51.9495], [4.4113, 51.9495], [4.4113, 51.9495], [4.4114, 51.9495], [4.4116, 51.9494], [4.4118, 51.9492], [4.4121, 51.9491], [4.4122, 51.9491], [4.4122, 51.9491], [4.4123, 51.9491], [4.4123, 51.9491], [4.4124, 51.9491], [4.4124, 51.9491], [4.4125, 51.9491], [4.4125, 51.9491], [4.4126, 51.949], [4.4126, 51.949], [4.4126, 51.949], [4.4128, 51.9491], [4.413, 51.9492], [4.4133, 51.9493], [4.4135, 51.9494], [4.4136, 51.9494], [4.4137, 51.9495], [4.4138, 51.9495], [4.4138, 51.9495], [4.4141, 51.9496], [4.4142, 51.9497], [4.4144, 51.9498], [4.4145, 51.9498], [4.4144, 51.9498], [4.4143, 51.95], [4.4142, 51.9501], [4.4142, 51.9501], [4.4142, 51.9502], [4.4142, 51.9502], [4.4142, 51.9503], [4.4142, 51.9504], [4.4142, 51.9504], [4.4142, 51.9504], [4.4142, 51.9506], [4.4143, 51.9508], [4.4144, 51.9509], [4.4144, 51.951], [4.4144, 51.9511], [4.4144, 51.9512], [4.4144, 51.9513], [4.4144, 51.9514], [4.4131, 51.9508], [4.4131, 51.9509]]]]}}, {"type": "Feature", "properties": {"MONUMENTNR": 16119, "Gemeente": "Rotterdam", "Plaats": "Rotterdam-Overschie", "Toponiem": "Schiewijk; Julianastraat", "Datering": "Late Middeleeuwen (zeker vanaf 1151)", "WAARDE": "Terrein van hoge archeologische waarde", "Zichtbaarh": "nee", "Beschrijving": "Resten mottekasteel Rodenrijs"}, "geometry": {"type": "MultiPolygon", "coordinates": [[[[4.4238, 51.9418], [4.4252, 51.9423], [4.4252, 51.9423], [4.4254, 51.9424], [4.4243, 51.9434], [4.424, 51.9434], [4.424, 51.9434], [4.4227, 51.9428], [4.4228, 51.9428], [4.4231, 51.9424], [4.4232, 51.9424], [4.4233, 51.9422], [4.4234, 51.9422], [4.4235, 51.9422], [4.4235, 51.9421], [4.4236, 51.942], [4.4236, 51.9419], [4.4237, 51.9418], [4.4237, 51.9418], [4.4237, 51.9417], [4.4238, 51.9418]]]]}}, {"type": "Feature", "properties": {"MONUMENTNR": 16123, "Gemeente": "Rotterdam", "Plaats": "Rotterdam-Noord", "Toponiem": "Station Hofplein; Katshoek; Hofdijk", "Datering": "Late Middeleeuwen", "WAARDE": "Terrein van hoge archeologische waarde", "Zichtbaarh": "nee", "Beschrijving": "Resten kasteel Weena"}, "geometry": {"type": "MultiPolygon", "coordinates": [[[[4.4801, 51.9268], [4.4801, 51.9268], [4.48, 51.9269], [4.4799, 51.927], [4.4799, 51.927], [4.4799, 51.927], [4.4799, 51.9271], [4.4797, 51.9273], [4.4797, 51.9273], [4.4786, 51.927], [4.4787, 51.9269], [4.4787, 51.9268], [4.4787, 51.9267], [4.4786, 51.9265], [4.4786, 51.9264], [4.4786, 51.9264], [4.4787, 51.9264], [4.4787, 51.9262], [4.4788, 51.9262], [4.4789, 51.9262], [4.4791, 51.9261], [4.4793, 51.9261], [4.4795, 51.9261], [4.4796, 51.926], [4.4796, 51.9262], [4.4797, 51.9264], [4.4797, 51.9265], [4.4798, 51.9265], [4.4798, 51.9265], [4.4801, 51.9268]]]]}}, {"type": "Feature", "properties": {"MONUMENTNR": 16134, "Gemeente": "Rotterdam", "Plaats": "Rotterdam-Delfshaven", "Toponiem": "Aelbrechtskolk, De Oude Sluis", "Datering": "1389", "WAARDE": "Terrein van hoge archeologische waarde", "Zichtbaarh": "nee", "Beschrijving": "Sluizencomplex"}, "geometry": {"type": "MultiPolygon", "coordinates": [[[[4.4489, 51.9094], [4.4489, 51.9094], [4.449, 51.9095], [4.4491, 51.9095], [4.4491, 51.9095], [4.4491, 51.9095], [4.449, 51.9096], [4.449, 51.9096], [4.4489, 51.9096], [4.4489, 51.9096], [4.4489, 51.9096], [4.4489, 51.9096], [4.4489, 51.9096], [4.4487, 51.9096], [4.4487, 51.9096], [4.4487, 51.9096], [4.4487, 51.9095], [4.4487, 51.9095], [4.4488, 51.9095], [4.4488, 51.9095], [4.4489, 51.9095], [4.4489, 51.9094], [4.4489, 51.9094], [4.4489, 51.9094], [4.4489, 51.9094]]]]}}, {"type": "Feature", "properties": {"MONUMENTNR": 10509, "Gemeente": "Rotterdam", "Plaats": "Rotterdam-Centrum", "Toponiem": "Hoogstraat", "Datering": "Late Middeleeuwen en Nieuwe tijd", "WAARDE": "Terrein van hoge archeologische waarde", "Zichtbaarh": "nee", "Beschrijving": "Resten van een sluis"}, "geometry": {"type": "MultiPolygon", "coordinates": [[[[4.4871, 51.9213], [4.4869, 51.9213], [4.4869, 51.9213], [4.4868, 51.9213], [4.4854, 51.921], [4.4854, 51.921], [4.4854, 51.921], [4.4855, 51.9207], [4.4869, 51.9209], [4.4874, 51.921], [4.4872, 51.9212], [4.4871, 51.9213]]], [[[4.4885, 51.9215], [4.4882, 51.9214], [4.4881, 51.9214], [4.4878, 51.9213], [4.4877, 51.9214], [4.4875, 51.9214], [4.488, 51.9211], [4.4884, 51.9211], [4.4884, 51.9212], [4.4887, 51.9213], [4.4885, 51.9215]]]]}}, {"type": "Feature", "properties": {"MONUMENTNR": 15907, "Gemeente": "Rotterdam", "Plaats": "Rotterdam-Hillegersberg", "Toponiem": "Hilleniussingel, Kerkstraat, Bergsedorpsstraat", "Datering": "1) Meso- en of Neolithicum; 2) Romeinse tijd; 3) Late Middeleeuwen tot Nieuwe Tijd A", "WAARDE": "Terrein van hoge archeologische waarde", "Zichtbaarh": "ja", "Beschrijving": "1) Donk met bewoningsporen; 2) bewoningssporen; 3) kerk met kerkhof; woontoren op motte"}, "geometry": {"type": "MultiPolygon", "coordinates": [[[[4.4934, 51.9567], [4.4934, 51.9568], [4.4934, 51.9568], [4.4933, 51.9568], [4.4932, 51.9568], [4.4931, 51.9568], [4.493, 51.9567], [4.4929, 51.9567], [4.4929, 51.9567], [4.4928, 51.9566], [4.4928, 51.9566], [4.4928, 51.9565], [4.4928, 51.9565], [4.4928, 51.9565], [4.4928, 51.9565], [4.4928, 51.9564], [4.4928, 51.9564], [4.4928, 51.9564], [4.4928, 51.9564], [4.4927, 51.9563], [4.4929, 51.9563], [4.4929, 51.9563], [4.493, 51.9562], [4.4932, 51.9562], [4.4932, 51.9562], [4.4933, 51.9562], [4.4936, 51.9564], [4.4937, 51.9564], [4.4937, 51.9565], [4.4937, 51.9568], [4.4937, 51.9568], [4.4937, 51.9567], [4.4935, 51.9567], [4.4935, 51.9567], [4.4934, 51.9567]]]]}}, {"type": "Feature", "properties": {"MONUMENTNR": 15907, "Gemeente": "Rotterdam", "Plaats": "Rotterdam-Hillegersberg", "Toponiem": "Hilleniussingel, Kerkstraat, Bergsedorpsstraat", "Datering": "1) Meso- en of Neolithicum; 2) Romeinse tijd; 3) Late Middeleeuwen tot Nieuwe Tijd A", "WAARDE": "Terrein van hoge archeologische waarde", "Zichtbaarh": "ja", "Beschrijving": "1) Donk met bewoningsporen; 2) bewoningssporen; 3) kerk met kerkhof; woontoren op motte"}, "geometry": {"type": "MultiPolygon", "coordinates": [[[[4.4939, 51.9562], [4.4937, 51.9563], [4.4937, 51.9564], [4.4937, 51.9564], [4.4937, 51.9564], [4.4936, 51.9564], [4.4933, 51.9562], [4.4932, 51.9562], [4.4932, 51.9562], [4.493, 51.9562], [4.4929, 51.9563], [4.4927, 51.9563], [4.4926, 51.9562], [4.4926, 51.9561], [4.4926, 51.9561], [4.4926, 51.9561], [4.4926, 51.956], [4.4926, 51.9559], [4.4926, 51.9559], [4.4926, 51.9558], [4.4926, 51.9558], [4.4926, 51.9557], [4.4927, 51.9557], [4.4927, 51.9556], [4.4928, 51.9556], [4.493, 51.9555], [4.4935, 51.9557], [4.4935, 51.9557], [4.4937, 51.9556], [4.4939, 51.9558], [4.4937, 51.9559], [4.4938, 51.9559], [4.4938, 51.956], [4.4938, 51.956], [4.4938, 51.956], [4.4939, 51.956], [4.4939, 51.9561], [4.4939, 51.9561], [4.4939, 51.9561], [4.4939, 51.9562]]]]}}, {"type": "Feature", "properties": {"MONUMENTNR": 15907, "Gemeente": "Rotterdam", "Plaats": "Rotterdam-Hillegersberg", "Toponiem": "Hilleniussingel, Kerkstraat, Bergsedorpsstraat", "Datering": "1) Meso- en of Neolithicum; 2) Romeinse tijd; 3) Late Middeleeuwen tot Nieuwe Tijd A", "WAARDE": "Terrein van hoge archeologische waarde", "Zichtbaarh": "ja", "Beschrijving": "1) Donk met bewoningsporen; 2) bewoningssporen; 3) kerk met kerkhof; woontoren op motte"}, "geometry": {"type": "MultiPolygon", "coordinates": [[[[4.4938, 51.9575], [4.4937, 51.9576], [4.4936, 51.9576], [4.4936, 51.9577], [4.4935, 51.9577], [4.4932, 51.9576], [4.4932, 51.9576], [4.4934, 51.9575], [4.4936, 51.9574], [4.4937, 51.9574], [4.4937, 51.9574], [4.4938, 51.9573], [4.494, 51.9572], [4.494, 51.9572], [4.4943, 51.9572], [4.4943, 51.9571], [4.4945, 51.9571], [4.4945, 51.9571], [4.4945, 51.9572], [4.4945, 51.9573], [4.4945, 51.9574], [4.4943, 51.9575], [4.4939, 51.9576], [4.4939, 51.9575], [4.4939, 51.9575], [4.4938, 51.9575]]]]}}, {"type": "Feature", "properties": {"MONUMENTNR": 16202, "Gemeente": "Rotterdam", "Plaats": "Rotterdam-Prins Alexander", "Toponiem": "Begraafplaats Oud-Kralingen", "Datering": "Late Middeleeuwen (vanaf 13e eeuw)", "WAARDE": "Terrein van hoge archeologische waarde", "Zichtbaarh": "ja", "Beschrijving": "Voormalige kerk en omgeving Oud-Kralingen"}, "geometry": {"type": "MultiPolygon", "coordinates": [[[[4.5465, 51.9347], [4.548, 51.9349], [4.5481, 51.9349], [4.5477, 51.9358], [4.5459, 51.9355], [4.5463, 51.9346], [4.5465, 51.9347]]]]}}, {"type": "Feature", "properties": {"MONUMENTNR": 16137, "Gemeente": "Rotterdam", "Plaats": "Rotterdam-IJsselmonde", "Toponiem": "Beverwaard; Groeninx van Zoelenlaan", "Datering": "Mesolithicum en/of Neolithicum", "WAARDE": "Terrein van hoge archeologische waarde", "Zichtbaarh": "nee", "Beschrijving": "Prehistorische kampementen op een donk"}, "geometry": {"type": "MultiPolygon", "coordinates": [[[[4.5649, 51.8878], [4.5649, 51.8879], [4.5647, 51.8879], [4.5645, 51.888], [4.5645, 51.888], [4.5645, 51.888], [4.5645, 51.8881], [4.5644, 51.8883], [4.5643, 51.8883], [4.5636, 51.8883], [4.5636, 51.8882], [4.5637, 51.8878], [4.5638, 51.8876], [4.5636, 51.8876], [4.5636, 51.8876], [4.5637, 51.8874], [4.5642, 51.8863], [4.5648, 51.8855], [4.5649, 51.8854], [4.565, 51.8855], [4.5658, 51.8857], [4.5671, 51.886], [4.5671, 51.886], [4.567, 51.8865], [4.5669, 51.8867], [4.5669, 51.8867], [4.5671, 51.8868], [4.5671, 51.8868], [4.567, 51.887], [4.5671, 51.887], [4.5672, 51.8871], [4.5672, 51.8871], [4.5672, 51.8872], [4.5671, 51.8876], [4.5661, 51.888], [4.566, 51.888], [4.566, 51.888], [4.5651, 51.8879], [4.5649, 51.8878], [4.5649, 51.8878]]]]}}, {"type": "Feature", "properties": {"MONUMENTNR": 10511, "Gemeente": "Rotterdam", "Plaats": "Rotterdam", "Toponiem": "Reijeroord; Zevenbergse Dijkje", "Datering": "Late Middeleeuwen", "WAARDE": "Terrein van hoge archeologische waarde", "Zichtbaarh": "nee", "Beschrijving": "Bewoningssporen"}, "geometry": {"type": "MultiPolygon", "coordinates": [[[[4.5611, 51.8784], [4.5616, 51.8785], [4.5616, 51.8785], [4.5616, 51.8786], [4.5617, 51.8786], [4.5618, 51.8787], [4.5615, 51.879], [4.5615, 51.879], [4.5612, 51.8789], [4.5613, 51.8788], [4.5608, 51.8786], [4.5609, 51.8785], [4.561, 51.8783], [4.5611, 51.8784]]]]}}, {"type": "Feature", "properties": {"MONUMENTNR": 4032, "Gemeente": "Den Haag", "Plaats": "Scheveningen", "Toponiem": "Statenkwartier; Frankenslag", "Datering": "1) late IJzertijd; 2) Romeinse tijd; 3) vroege Middeleeuwen", "WAARDE": "Terrein van hoge archeologische waarde", "Zichtbaarh": "nee", "Beschrijving": "1) Akkercomplex; 2) wegdorp, tempel en wachtpost; 3) nederzetting"}, "geometry": {"type": "MultiPolygon", "coordinates": [[[[4.2818, 52.0994], [4.2813, 52.0998], [4.2811, 52.0999], [4.2801, 52.0995], [4.2796, 52.0992], [4.2793, 52.0994], [4.2793, 52.0994], [4.2792, 52.0992], [4.2792, 52.0991], [4.2789, 52.0991], [4.2788, 52.0991], [4.2788, 52.0991], [4.2787, 52.0988], [4.2787, 52.0986], [4.2787, 52.0985], [4.2786, 52.0985], [4.2786, 52.0985], [4.2785, 52.0985], [4.2784, 52.0984], [4.2786, 52.0983], [4.2785, 52.0982], [4.2788, 52.098], [4.2789, 52.0979], [4.2789, 52.0979], [4.2791, 52.0977], [4.2791, 52.0977], [4.2795, 52.0974], [4.2797, 52.0973], [4.2801, 52.0972], [4.2801, 52.0972], [4.2803, 52.097], [4.2804, 52.0969], [4.2803, 52.0969], [4.2802, 52.0968], [4.2804, 52.0966], [4.2804, 52.0966], [4.2807, 52.0965], [4.2807, 52.0965], [4.2808, 52.0964], [4.281, 52.0962], [4.2811, 52.0962], [4.2813, 52.0961], [4.2813, 52.0961], [4.2814, 52.096], [4.2816, 52.096], [4.282, 52.0963], [4.2822, 52.0964], [4.2823, 52.0964], [4.2825, 52.0965], [4.2826, 52.0966], [4.2827, 52.0966], [4.2827, 52.0965], [4.2829, 52.0964], [4.283, 52.0963], [4.2831, 52.0962], [4.2833, 52.0961], [4.2833, 52.0961], [4.2834, 52.096], [4.2835, 52.096], [4.2837, 52.0961], [4.2843, 52.0964], [4.2843, 52.0964], [4.2844, 52.0963], [4.2845, 52.0962], [4.2853, 52.0965], [4.2852, 52.0966], [4.2851, 52.0967], [4.2854, 52.0968], [4.2856, 52.0976], [4.2855, 52.0976], [4.2855, 52.0977], [4.2853, 52.0978], [4.2851, 52.0979], [4.285, 52.0981], [4.2847, 52.0983], [4.2849, 52.0983], [4.2855, 52.0985], [4.2853, 52.0987], [4.2854, 52.0987], [4.2852, 52.099], [4.2852, 52.099], [4.2851, 52.0991], [4.2844, 52.099], [4.2844, 52.099], [4.2843, 52.0992], [4.284, 52.0992], [4.2838, 52.0992], [4.2838, 52.0992], [4.2837, 52.0992], [4.2836, 52.0992], [4.2835, 52.0992], [4.2835, 52.0993], [4.2834, 52.0993], [4.2833, 52.0993], [4.2832, 52.0993], [4.2831, 52.0993], [4.283, 52.0993], [4.2829, 52.0993], [4.2829, 52.0993], [4.2829, 52.0993], [4.2828, 52.0993], [4.2822, 52.099], [4.2821, 52.0991], [4.2818, 52.0994]]]]}}, {"type": "Feature", "properties": {"MONUMENTNR": 4033, "Gemeente": "Den Haag", "Plaats": "Den Haag", "Toponiem": "Ockenburg", "Datering": "1) late IJzertijd; 2) Romeinse tijd; 3) vroege Middeleeuwen", "WAARDE": "Terrein van hoge archeologische waarde", "Zichtbaarh": "nee", "Beschrijving": "1) Bewoningssporen; 2) wegdorp; 3) nederzettingen"}, "geometry": {"type": "MultiPolygon", "coordinates": [[[[4.2093, 52.0536], [4.2092, 52.0537], [4.2118, 52.0545], [4.211, 52.0563], [4.2118, 52.0565], [4.2115, 52.0569], [4.2109, 52.0576], [4.2102, 52.0579], [4.2095, 52.0575], [4.2066, 52.0565], [4.208, 52.055], [4.2089, 52.054], [4.2089, 52.054], [4.2085, 52.0539], [4.2083, 52.0537], [4.2082, 52.0536], [4.2081, 52.0536], [4.208, 52.0535], [4.2079, 52.0535], [4.2078, 52.0534], [4.2078, 52.0533], [4.2078, 52.0533], [4.2079, 52.0533], [4.208, 52.0532], [4.2081, 52.0532], [4.2081, 52.0532], [4.2082, 52.0532], [4.2082, 52.0532], [4.2082, 52.0532], [4.2083, 52.0532], [4.2083, 52.0531], [4.2084, 52.0531], [4.2085, 52.053], [4.2086, 52.053], [4.2087, 52.0529], [4.2088, 52.0529], [4.2089, 52.0528], [4.209, 52.0527], [4.2091, 52.0526], [4.2091, 52.0526], [4.2091, 52.0525], [4.2091, 52.0524], [4.2091, 52.0524], [4.2091, 52.0523], [4.2091, 52.0522], [4.2092, 52.0521], [4.2092, 52.052], [4.2091, 52.0519], [4.209, 52.0519], [4.2104, 52.0523], [4.2104, 52.0523], [4.2102, 52.0525], [4.2093, 52.0536]]]]}}, {"type": "Feature", "properties": {"MONUMENTNR": 4061, "Gemeente": "Den Haag", "Plaats": "Den Haag", "Toponiem": "Centrum; De Binckhorst", "Datering": "Late Middeleeuwen", "WAARDE": "Terrein van hoge archeologische waarde", "Zichtbaarh": "nee", "Beschrijving": "Resten van de hofstede De Binckhorst"}, "geometry": {"type": "MultiPolygon", "coordinates": [[[[4.3371, 52.0672], [4.3369, 52.0671], [4.3372, 52.0667], [4.3372, 52.0667], [4.3372, 52.0668], [4.3372, 52.0668], [4.3372, 52.0668], [4.3372, 52.0668], [4.3372, 52.0668], [4.3372, 52.0668], [4.3372, 52.0668], [4.3373, 52.0668], [4.3373, 52.0668], [4.3373, 52.0668], [4.3373, 52.0668], [4.3377, 52.0669], [4.3376, 52.0671], [4.3375, 52.0673], [4.3371, 52.0672]]]]}}, {"type": "Feature", "properties": {"MONUMENTNR": 4066, "Gemeente": "Den Haag", "Plaats": "Den Haag", "Toponiem": "Centrum; Binnenhof", "Datering": "Late Middeleeuwen en Nieuwe Tijd", "WAARDE": "Terrein van hoge archeologische waarde", "Zichtbaarh": "ja", "Beschrijving": "Resten van het grafelijk hof en het regeringscentrum"}, "geometry": {"type": "MultiPolygon", "coordinates": [[[[4.3125, 52.0797], [4.3125, 52.0797], [4.3125, 52.0797], [4.3124, 52.0797], [4.312, 52.0795], [4.312, 52.0795], [4.312, 52.0795], [4.3119, 52.0795], [4.3119, 52.0795], [4.3119, 52.0794], [4.312, 52.0794], [4.312, 52.0793], [4.312, 52.0793], [4.312, 52.0793], [4.3121, 52.0792], [4.3121, 52.0792], [4.3122, 52.0792], [4.3122, 52.0792], [4.3122, 52.0791], [4.3122, 52.0791], [4.3122, 52.0791], [4.3123, 52.0791], [4.3124, 52.0791], [4.3127, 52.0792], [4.3127, 52.0792], [4.3128, 52.0793], [4.3129, 52.0792], [4.3131, 52.0793], [4.3131, 52.0793], [4.3131, 52.0793], [4.3132, 52.0793], [4.3132, 52.0793], [4.3132, 52.0793], [4.3132, 52.0793], [4.3132, 52.0793], [4.3133, 52.0793], [4.3134, 52.0793], [4.3134, 52.0793], [4.3134, 52.0794], [4.3137, 52.0795], [4.3137, 52.0795], [4.3138, 52.0795], [4.3139, 52.0795], [4.3139, 52.0795], [4.3139, 52.0796], [4.3139, 52.0796], [4.3143, 52.0797], [4.3143, 52.0797], [4.3141, 52.0799], [4.3142, 52.0799], [4.3141, 52.08], [4.3142, 52.08], [4.3141, 52.08], [4.3141, 52.08], [4.3141, 52.08], [4.3141, 52.08], [4.3141, 52.08], [4.3141, 52.08], [4.3141, 52.08], [4.3141, 52.08], [4.3141, 52.08], [4.3141, 52.08], [4.3141, 52.08], [4.3141, 52.08], [4.3141, 52.08], [4.3141, 52.08], [4.3141, 52.08], [4.3141, 52.08], [4.3141, 52.08], [4.3141, 52.0801], [4.314, 52.0801], [4.314, 52.0801], [4.314, 52.0801], [4.314, 52.0801], [4.314, 52.0801], [4.314, 52.0801], [4.3139, 52.0801], [4.3137, 52.08], [4.3137, 52.08], [4.3137, 52.08], [4.3137, 52.08], [4.3136, 52.08], [4.3136, 52.08], [4.3136, 52.08], [4.3136, 52.08], [4.3134, 52.0799], [4.3134, 52.0799], [4.3133, 52.0799], [4.3133, 52.0799], [4.3131, 52.0799], [4.3131, 52.0799], [4.3131, 52.0799], [4.3131, 52.0799], [4.3131, 52.0799], [4.3131, 52.0799], [4.3129, 52.0798], [4.3128, 52.0798], [4.3125, 52.0797], [4.3125, 52.0797]]]]}}, {"type": "Feature", "properties": {"MONUMENTNR": 16185, "Gemeente": "Den Haag", "Plaats": "Den Haag", "Toponiem": "Gavi-Kavel", "Datering": "Laat-Neolithicum, IJzertijd", "WAARDE": "Terrein van hoge archeologische waarde", "Zichtbaarh": "nee", "Beschrijving": "Strandwal met vondstmateriaal"}, "geometry": {"type": "MultiPolygon", "coordinates": [[[[4.3816, 52.0569], [4.3821, 52.0573], [4.3821, 52.0573], [4.3822, 52.0574], [4.3825, 52.0575], [4.3827, 52.0575], [4.383, 52.0578], [4.3828, 52.0579], [4.3823, 52.0581], [4.3819, 52.0583], [4.3801, 52.0589], [4.38, 52.0589], [4.3799, 52.0588], [4.3798, 52.0587], [4.3796, 52.0585], [4.3796, 52.0583], [4.3795, 52.0582], [4.3795, 52.0579], [4.3796, 52.0576], [4.3799, 52.057], [4.3804, 52.0565], [4.3809, 52.0561], [4.3816, 52.0569]]]]}}, {"type": "Feature", "properties": {"MONUMENTNR": 9380, "Gemeente": "Bodegraven-Reeuwijk", "Plaats": "Zuidzijde", "Toponiem": "Laageind; Schans", "Datering": "Nieuwe Tijd", "WAARDE": "Terrein van hoge archeologische waarde", "Zichtbaarh": "ja", "Beschrijving": "Resten van de Wierickeschans"}, "geometry": {"type": "MultiPolygon", "coordinates": [[[[4.7828, 52.0796], [4.7829, 52.0796], [4.783, 52.0796], [4.7843, 52.0803], [4.7844, 52.0804], [4.7845, 52.0804], [4.7846, 52.0804], [4.7847, 52.0805], [4.7852, 52.0805], [4.7861, 52.0806], [4.7864, 52.0806], [4.7866, 52.0807], [4.7868, 52.0809], [4.7869, 52.081], [4.7869, 52.0812], [4.7869, 52.0814], [4.7866, 52.0816], [4.7864, 52.0817], [4.7863, 52.0818], [4.7862, 52.082], [4.7861, 52.0829], [4.786, 52.0835], [4.7859, 52.0836], [4.7858, 52.0836], [4.7853, 52.0836], [4.7851, 52.0835], [4.7849, 52.0835], [4.7837, 52.0832], [4.7827, 52.0828], [4.7825, 52.0827], [4.7812, 52.0826], [4.7807, 52.0825], [4.7805, 52.0824], [4.7801, 52.0822], [4.7801, 52.0821], [4.7804, 52.0817], [4.7811, 52.0813], [4.7813, 52.0811], [4.7814, 52.0811], [4.7814, 52.081], [4.7817, 52.0801], [4.7817, 52.08], [4.7818, 52.0799], [4.7819, 52.0798], [4.7821, 52.0797], [4.7822, 52.0796], [4.7824, 52.0796], [4.7828, 52.0796]]]]}}, {"type": "Feature", "properties": {"MONUMENTNR": 10378, "Gemeente": "Brielle", "Plaats": "Vierpolders", "Toponiem": "Polder Oude-Gote; Prinsenweg/Middelweg", "Datering": "Romeinse tijd", "WAARDE": "Terrein van hoge archeologische waarde", "Zichtbaarh": "nee", "Beschrijving": "Bewoningssporen"}, "geometry": {"type": "MultiPolygon", "coordinates": [[[[4.1652, 51.873], [4.1666, 51.8739], [4.1705, 51.8766], [4.171, 51.8769], [4.1713, 51.8771], [4.1716, 51.8772], [4.1718, 51.8772], [4.1723, 51.8773], [4.1728, 51.8774], [4.173, 51.8775], [4.1731, 51.8776], [4.1732, 51.8776], [4.1733, 51.8778], [4.1752, 51.8799], [4.172, 51.881], [4.1675, 51.8825], [4.1669, 51.8819], [4.1656, 51.8805], [4.166, 51.8804], [4.1646, 51.8796], [4.1643, 51.8797], [4.1636, 51.8791], [4.163, 51.8785], [4.1617, 51.8774], [4.1623, 51.8772], [4.1592, 51.8755], [4.1618, 51.8738], [4.1623, 51.8741], [4.1625, 51.874], [4.1652, 51.873]]]]}}, {"type": "Feature", "properties": {"MONUMENTNR": 10694, "Gemeente": "Delft", "Plaats": "Delft", "Toponiem": "W.H. van Leeuwenlaan", "Datering": "Late Middeleeuwen", "WAARDE": "Terrein van hoge archeologische waarde", "Zichtbaarh": "nee", "Beschrijving": "Resten van de begraven hofstad Altena"}, "geometry": {"type": "MultiPolygon", "coordinates": [[[[4.3388, 52.0166], [4.3381, 52.0163], [4.338, 52.0165], [4.3378, 52.0164], [4.3378, 52.0164], [4.3378, 52.0164], [4.3377, 52.0164], [4.3377, 52.0164], [4.337, 52.0161], [4.3367, 52.016], [4.3367, 52.016], [4.3373, 52.0154], [4.3377, 52.0155], [4.3384, 52.0158], [4.3392, 52.0161], [4.3393, 52.0161], [4.3393, 52.0161], [4.3388, 52.0166]]]]}}, {"type": "Feature", "properties": {"MONUMENTNR": 10711, "Gemeente": "Delft", "Plaats": "Delft", "Toponiem": "Aletta Jacobsstraat", "Datering": "Late Middeleeuwen en Nieuwe Tijd", "WAARDE": "Terrein van hoge archeologische waarde", "Zichtbaarh": "nee", "Beschrijving": "Resten van het Kartuizerklooster"}, "geometry": {"type": "MultiPolygon", "coordinates": [[[[4.345, 52.0032], [4.3448, 52.0033], [4.3433, 52.0027], [4.3431, 52.0028], [4.3422, 52.0025], [4.3433, 52.0012], [4.3459, 52.0024], [4.3457, 52.0025], [4.345, 52.0032]]]]}}, {"type": "Feature", "properties": {"MONUMENTNR": 10713, "Gemeente": "Delft", "Plaats": "Delft", "Toponiem": "Delftsche Schie; Rotterdamse Weg", "Datering": "Late Middeleeuwen", "WAARDE": "Terrein van hoge archeologische waarde", "Zichtbaarh": "nee", "Beschrijving": "Resten van het klooster Koningsveld"}, "geometry": {"type": "MultiPolygon", "coordinates": [[[[4.3653, 52.0033], [4.365, 52.0036], [4.3649, 52.0038], [4.3648, 52.0039], [4.3647, 52.0041], [4.3645, 52.0042], [4.3644, 52.0043], [4.3644, 52.0044], [4.3643, 52.0044], [4.3643, 52.0043], [4.3642, 52.0043], [4.3641, 52.0043], [4.3639, 52.0042], [4.3636, 52.0041], [4.3631, 52.004], [4.3623, 52.0038], [4.3623, 52.0038], [4.3625, 52.0034], [4.3627, 52.0031], [4.3629, 52.0031], [4.363, 52.0029], [4.3633, 52.0025], [4.3636, 52.0021], [4.3636, 52.0021], [4.3639, 52.0018], [4.3657, 52.0023], [4.3662, 52.0024], [4.3659, 52.0026], [4.3653, 52.0033]]]]}}, {"type": "Feature", "properties": {"MONUMENTNR": 6427, "Gemeente": "Dordrecht", "Plaats": "Dordrecht", "Toponiem": "Huis Te Merwede", "Datering": "Vroegste fase laatste kwart 13e eeuw.", "WAARDE": "Terrein van hoge archeologische waarde", "Zichtbaarh": "ja", "Beschrijving": "Resten van het kasteel Huis Te Merwede"}, "geometry": {"type": "MultiPolygon", "coordinates": [[[[4.7119, 51.8217], [4.7118, 51.8218], [4.7117, 51.8218], [4.7117, 51.8219], [4.7116, 51.8219], [4.7117, 51.8219], [4.7117, 51.822], [4.7116, 51.822], [4.7116, 51.822], [4.7116, 51.8219], [4.7116, 51.8219], [4.7116, 51.8219], [4.7115, 51.8218], [4.7115, 51.8218], [4.7113, 51.8215], [4.7114, 51.8214], [4.7114, 51.8214], [4.7114, 51.8214], [4.7114, 51.8214], [4.7115, 51.8214], [4.7115, 51.8214], [4.7114, 51.8212], [4.7114, 51.8212], [4.7113, 51.8211], [4.7113, 51.821], [4.7113, 51.821], [4.7113, 51.821], [4.7112, 51.8209], [4.7111, 51.8208], [4.711, 51.8207], [4.711, 51.8207], [4.711, 51.8207], [4.711, 51.8207], [4.7109, 51.8205], [4.7108, 51.8202], [4.7108, 51.8201], [4.7108, 51.8201], [4.7108, 51.8201], [4.7108, 51.8201], [4.7108, 51.82], [4.7108, 51.82], [4.7109, 51.82], [4.7109, 51.82], [4.7112, 51.82], [4.7115, 51.82], [4.712, 51.82], [4.7123, 51.82], [4.7125, 51.82], [4.7125, 51.82], [4.7125, 51.82], [4.7126, 51.82], [4.7126, 51.82], [4.7126, 51.8204], [4.7131, 51.8206], [4.7131, 51.8206], [4.7132, 51.8206], [4.7133, 51.8207], [4.7133, 51.8207], [4.7132, 51.8208], [4.7137, 51.821], [4.7137, 51.821], [4.7137, 51.821], [4.7138, 51.821], [4.7138, 51.8211], [4.7138, 51.8211], [4.7138, 51.8211], [4.7138, 51.8211], [4.7138, 51.8211], [4.7137, 51.8211], [4.7137, 51.8211], [4.7136, 51.8212], [4.7133, 51.8214], [4.7132, 51.8215], [4.7131, 51.8215], [4.7131, 51.8216], [4.713, 51.8216], [4.713, 51.8216], [4.713, 51.8216], [4.713, 51.8216], [4.713, 51.8216], [4.713, 51.8216], [4.713, 51.8215], [4.7129, 51.8215], [4.7129, 51.8215], [4.7129, 51.8215], [4.7129, 51.8215], [4.7129, 51.8215], [4.7129, 51.8215], [4.7129, 51.8216], [4.7128, 51.8216], [4.7127, 51.8216], [4.7126, 51.8217], [4.7125, 51.8217], [4.7124, 51.8218], [4.7123, 51.8218], [4.7122, 51.8218], [4.7121, 51.8219], [4.7121, 51.8219], [4.712, 51.8219], [4.712, 51.8219], [4.712, 51.8219], [4.7119, 51.8219], [4.7119, 51.8219], [4.7119, 51.8219], [4.712, 51.8218], [4.712, 51.8218], [4.712, 51.8218], [4.712, 51.8217], [4.712, 51.8217], [4.712, 51.8217], [4.7119, 51.8217]]]]}}, {"type": "Feature", "properties": {"MONUMENTNR": 16206, "Gemeente": "Dordrecht", "Plaats": "Dordrecht", "Toponiem": "Merwedeoever; Beneden Merwede", "Datering": "Late Middeleeuwen", "WAARDE": "Terrein van hoge archeologische waarde", "Zichtbaarh": "nee", "Beschrijving": "(Graan)schuur"}, "geometry": {"type": "MultiPolygon", "coordinates": [[[[4.7177, 51.8216], [4.7177, 51.8216], [4.7176, 51.8224], [4.7154, 51.8224], [4.7154, 51.8224], [4.7155, 51.8216], [4.7177, 51.8216]]]]}}, {"type": "Feature", "properties": {"MONUMENTNR": 10701, "Gemeente": "Dordrecht", "Plaats": "Dordrecht", "Toponiem": "De Ruigten Bezuiden de Perenboom", "Datering": "Late Middeleeuwen", "WAARDE": "Terrein van hoge archeologische waarde", "Zichtbaarh": "nee", "Beschrijving": "Resten van het verdronken dorp Houweninghen"}, "geometry": {"type": "MultiPolygon", "coordinates": [[[[4.823, 51.8179], [4.823, 51.8179], [4.823, 51.8179], [4.8229, 51.8179], [4.8229, 51.8179], [4.8228, 51.8179], [4.8227, 51.8179], [4.8227, 51.8178], [4.8226, 51.8178], [4.8225, 51.8178], [4.8223, 51.8177], [4.8222, 51.8177], [4.8218, 51.8177], [4.8216, 51.8177], [4.8212, 51.8177], [4.8207, 51.8176], [4.8205, 51.8176], [4.8203, 51.8176], [4.82, 51.8176], [4.8199, 51.8176], [4.8197, 51.8176], [4.8196, 51.8176], [4.8195, 51.8176], [4.8193, 51.8175], [4.8192, 51.8175], [4.8184, 51.8174], [4.8181, 51.8174], [4.8179, 51.8174], [4.8178, 51.8173], [4.8177, 51.8173], [4.8176, 51.8173], [4.8176, 51.8173], [4.8175, 51.8173], [4.8172, 51.8172], [4.817, 51.8171], [4.8168, 51.817], [4.8166, 51.817], [4.8164, 51.8169], [4.8164, 51.8168], [4.8164, 51.8168], [4.8164, 51.8168], [4.8164, 51.8168], [4.8164, 51.8168], [4.8164, 51.8168], [4.8164, 51.8168], [4.8164, 51.8167], [4.8165, 51.8166], [4.8165, 51.8166], [4.8165, 51.8166], [4.8165, 51.8166], [4.8165, 51.8166], [4.8165, 51.8167], [4.8166, 51.8166], [4.8166, 51.8166], [4.8166, 51.8166], [4.8166, 51.8166], [4.8166, 51.8165], [4.8166, 51.8165], [4.8166, 51.8165], [4.8167, 51.8164], [4.8167, 51.8164], [4.8167, 51.8163], [4.8167, 51.8163], [4.8167, 51.8163], [4.8167, 51.8162], [4.8168, 51.8162], [4.8173, 51.8153], [4.8174, 51.8151], [4.8174, 51.8151], [4.8175, 51.8148], [4.8174, 51.8146], [4.8175, 51.8145], [4.8175, 51.8143], [4.8174, 51.8137], [4.8174, 51.8136], [4.8174, 51.8136], [4.8316, 51.8137], [4.8318, 51.8139], [4.8319, 51.814], [4.832, 51.8141], [4.8321, 51.8142], [4.8321, 51.8143], [4.8322, 51.8144], [4.8322, 51.8144], [4.8322, 51.8145], [4.8323, 51.8146], [4.8323, 51.8147], [4.8324, 51.8147], [4.8325, 51.8149], [4.8326, 51.8152], [4.8329, 51.8158], [4.8331, 51.8163], [4.8332, 51.8165], [4.8332, 51.8165], [4.8332, 51.8166], [4.8332, 51.8166], [4.8331, 51.8166], [4.8331, 51.8167], [4.833, 51.8167], [4.8329, 51.8167], [4.8327, 51.8168], [4.8325, 51.8168], [4.8323, 51.8168], [4.8321, 51.8169], [4.8316, 51.8169], [4.8312, 51.817], [4.831, 51.817], [4.8308, 51.8171], [4.8304, 51.8171], [4.83, 51.8172], [4.8298, 51.8172], [4.8297, 51.8172], [4.8296, 51.8172], [4.8295, 51.8173], [4.8294, 51.8173], [4.8292, 51.8173], [4.8289, 51.8173], [4.8288, 51.8173], [4.8286, 51.8174], [4.8283, 51.8174], [4.828, 51.8174], [4.8279, 51.8174], [4.8277, 51.8174], [4.8276, 51.8174], [4.8275, 51.8175], [4.8274, 51.8175], [4.8272, 51.8175], [4.8271, 51.8175], [4.8269, 51.8175], [4.8265, 51.8175], [4.826, 51.8176], [4.8259, 51.8176], [4.8258, 51.8176], [4.8257, 51.8176], [4.8257, 51.8176], [4.8256, 51.8176], [4.8255, 51.8176], [4.8252, 51.8176], [4.8249, 51.8177], [4.8245, 51.8177], [4.8244, 51.8177], [4.8243, 51.8177], [4.8241, 51.8177], [4.8239, 51.8178], [4.8238, 51.8178], [4.8237, 51.8178], [4.8237, 51.8178], [4.8236, 51.8179], [4.8236, 51.8179], [4.823, 51.8179]]]]}}, {"type": "Feature", "properties": {"MONUMENTNR": 16174, "Gemeente": "Dordrecht", "Plaats": "Dordrecht", "Toponiem": "Dubbelsteynlaan, voormalig M.O.K.veld", "Datering": "Late Middeleeuwen", "WAARDE": "Terrein van hoge archeologische waarde", "Zichtbaarh": "nee", "Beschrijving": "Verdronken dorp Cruyskerk/Erkentrudenkerke en mogelijk resten bijbehorende begraafplaats"}, "geometry": {"type": "MultiPolygon", "coordinates": [[[[4.7014, 51.7925], [4.7014, 51.7925], [4.7013, 51.7926], [4.7013, 51.7926], [4.7013, 51.7926], [4.7012, 51.7927], [4.7012, 51.7928], [4.7012, 51.7928], [4.7012, 51.7929], [4.7012, 51.7929], [4.7012, 51.7929], [4.7012, 51.793], [4.7012, 51.7931], [4.7012, 51.7931], [4.7013, 51.7932], [4.7013, 51.7932], [4.7014, 51.7933], [4.7014, 51.7933], [4.7015, 51.7934], [4.7016, 51.7934], [4.7015, 51.7934], [4.7013, 51.7935], [4.6999, 51.7936], [4.6995, 51.7936], [4.6993, 51.7931], [4.6993, 51.7926], [4.7015, 51.7924], [4.7014, 51.7925]]]]}}, {"type": "Feature", "properties": {"MONUMENTNR": 16175, "Gemeente": "Dordrecht", "Plaats": "Dordrecht", "Toponiem": "Alloijzen- of Bovenpolder; Zuiderdijk", "Datering": "Late Middeleeuwen, Nieuwe Tijd (15e-17e eeuw)", "WAARDE": "Terrein van hoge archeologische waarde", "Zichtbaarh": "ja", "Beschrijving": "Buitenplaats Groot Raij; fundering"}, "geometry": {"type": "MultiPolygon", "coordinates": [[[[4.7047, 51.7793], [4.7057, 51.7796], [4.7057, 51.7796], [4.7057, 51.7796], [4.7057, 51.7797], [4.7057, 51.7797], [4.7057, 51.7798], [4.7057, 51.78], [4.7057, 51.78], [4.7057, 51.7802], [4.7057, 51.7804], [4.7057, 51.7804], [4.7057, 51.7805], [4.7054, 51.7804], [4.7046, 51.7804], [4.7045, 51.7793], [4.7047, 51.7793]]]]}}, {"type": "Feature", "properties": {"MONUMENTNR": 16210, "Gemeente": "Dordrecht", "Plaats": "Dordrecht", "Toponiem": "Sportboulevard", "Datering": "Late Middeleeuwen", "WAARDE": "Terrein van hoge archeologische waarde", "Zichtbaarh": "nee", "Beschrijving": "Mogelijk verdronken dorp (Wolbrandskerke?)"}, "geometry": {"type": "MultiPolygon", "coordinates": [[[[4.6788, 51.7918], [4.6788, 51.7923], [4.6786, 51.7923], [4.6777, 51.7923], [4.6777, 51.792], [4.6777, 51.7918], [4.6788, 51.7918]]]]}}, {"type": "Feature", "properties": {"MONUMENTNR": 6793, "Gemeente": "Giessenlanden", "Plaats": "Arkel", "Toponiem": "Vrouwenhuiswaard; Haarweg; Onderweg", "Datering": "1) IJzertijd; 2) Romeinse tijd; 3) late Middeleeuwen", "WAARDE": "Terrein van hoge archeologische waarde", "Zichtbaarh": "nee", "Beschrijving": "1-2) Bewoningssporen; 3) resten van een kasteel"}, "geometry": {"type": "MultiPolygon", "coordinates": [[[[4.9928, 51.8506], [4.9929, 51.8507], [4.9931, 51.8509], [4.9931, 51.851], [4.9931, 51.851], [4.9932, 51.851], [4.9932, 51.8511], [4.9934, 51.8515], [4.9934, 51.8515], [4.9929, 51.8516], [4.9925, 51.8517], [4.9919, 51.8519], [4.9917, 51.8519], [4.9915, 51.8519], [4.9914, 51.8519], [4.9912, 51.852], [4.988, 51.8525], [4.988, 51.8525], [4.9879, 51.8523], [4.9874, 51.8511], [4.9874, 51.8511], [4.9878, 51.851], [4.9888, 51.8508], [4.9906, 51.8505], [4.9921, 51.8501], [4.9921, 51.8501], [4.9922, 51.8503], [4.9923, 51.8504], [4.9927, 51.8503], [4.9927, 51.8503], [4.9928, 51.8506]]]]}}, {"type": "Feature", "properties": {"MONUMENTNR": 10447, "Gemeente": "Giessenlanden", "Plaats": "Minkeloos", "Toponiem": "Polder Den Beemd; Beemdweg", "Datering": "Mesolithicum en/of Neolithicum", "WAARDE": "Terrein van hoge archeologische waarde", "Zichtbaarh": "nee", "Beschrijving": "Donk met bewoningssporen"}, "geometry": {"type": "MultiPolygon", "coordinates": [[[[4.9854, 51.8934], [4.984, 51.8932], [4.984, 51.8932], [4.9839, 51.8928], [4.9839, 51.8928], [4.9839, 51.8928], [4.9851, 51.893], [4.9854, 51.8923], [4.9854, 51.8923], [4.9857, 51.8923], [4.9858, 51.8923], [4.9858, 51.8923], [4.9854, 51.8934]]]]}}, {"type": "Feature", "properties": {"MONUMENTNR": 6484, "Gemeente": "Gouda", "Plaats": "Gouda", "Toponiem": "Houtmansplantsoen/Punt", "Datering": "Middeleeuwen; Nieuwe Tijd", "WAARDE": "Terrein van hoge archeologische waarde", "Zichtbaarh": "ja", "Beschrijving": "1) Resten van het kasteel Huis Ter Gouwe; 2) resten van een stadsmuur; 3) resten van een molen"}, "geometry": {"type": "MultiPolygon", "coordinates": [[[[4.7157, 52.0083], [4.7154, 52.0083], [4.7153, 52.0083], [4.7153, 52.0083], [4.715, 52.0083], [4.7151, 52.0081], [4.715, 52.0081], [4.7149, 52.008], [4.7148, 52.008], [4.7144, 52.008], [4.7142, 52.008], [4.7141, 52.008], [4.7141, 52.008], [4.7141, 52.0079], [4.7142, 52.0078], [4.7143, 52.0076], [4.7144, 52.0075], [4.7143, 52.0075], [4.7142, 52.0075], [4.7141, 52.0075], [4.7141, 52.0074], [4.714, 52.0074], [4.7138, 52.0073], [4.7137, 52.0073], [4.7137, 52.0073], [4.7138, 52.0072], [4.7138, 52.0072], [4.7137, 52.0072], [4.7137, 52.0072], [4.7138, 52.0071], [4.7139, 52.0071], [4.7139, 52.0071], [4.7142, 52.0071], [4.7146, 52.0072], [4.7151, 52.0072], [4.7154, 52.0072], [4.7159, 52.0072], [4.7159, 52.0073], [4.7159, 52.0073], [4.7158, 52.0073], [4.7158, 52.0074], [4.7158, 52.0074], [4.7158, 52.0074], [4.7158, 52.0074], [4.7157, 52.0075], [4.7158, 52.0076], [4.7158, 52.0077], [4.7158, 52.0077], [4.7158, 52.0078], [4.7158, 52.0078], [4.7158, 52.008], [4.7157, 52.0083]]]]}}, {"type": "Feature", "properties": {"MONUMENTNR": 6580, "Gemeente": "Krimpenerwaard", "Plaats": "Schoonouwen", "Toponiem": "Schoonouwense Weg", "Datering": "Late Middeleeuwen en Nieuwe Tijd", "WAARDE": "Terrein van hoge archeologische waarde", "Zichtbaarh": "ja", "Beschrijving": "Huisterp"}, "geometry": {"type": "MultiPolygon", "coordinates": [[[[4.8133, 51.9638], [4.8133, 51.9638], [4.8132, 51.9638], [4.8131, 51.9638], [4.813, 51.9638], [4.8127, 51.9638], [4.8127, 51.9634], [4.8127, 51.9634], [4.8128, 51.9632], [4.8128, 51.9632], [4.8128, 51.9632], [4.813, 51.9633], [4.8132, 51.9632], [4.8133, 51.9632], [4.8137, 51.9632], [4.8137, 51.9632], [4.8136, 51.9638], [4.8135, 51.9638], [4.8135, 51.9638], [4.8134, 51.9638], [4.8134, 51.9638], [4.8134, 51.9638], [4.8133, 51.9638]]]]}}, {"type": "Feature", "properties": {"MONUMENTNR": 3176, "Gemeente": "Leiden", "Plaats": "Leiden", "Toponiem": "Knotterpolder; Cronestein", "Datering": "Late Middeleeuwen\nAW ook Vroege Middeleeuwen C", "WAARDE": "Terrein van hoge archeologische waarde", "Zichtbaarh": "nee", "Beschrijving": "Resten van de hofstede Cronestein"}, "geometry": {"type": "MultiPolygon", "coordinates": [[[[4.4911, 52.1408], [4.4917, 52.1409], [4.4921, 52.1411], [4.4923, 52.1412], [4.4925, 52.1413], [4.4925, 52.1413], [4.4922, 52.1417], [4.492, 52.1418], [4.4918, 52.1418], [4.4913, 52.1416], [4.4903, 52.1413], [4.4902, 52.1413], [4.4902, 52.1412], [4.4903, 52.1411], [4.4904, 52.1409], [4.4906, 52.1408], [4.4908, 52.1407], [4.491, 52.1407], [4.4911, 52.1408]]]]}}, {"type": "Feature", "properties": {"MONUMENTNR": 15377, "Gemeente": "Leiden", "Plaats": "Leiden", "Toponiem": "Oostvlietpolder", "Datering": "1) IJzertijd; 2) Romeinse tijd midden (70-270 na Chr.) tot Middeleeuwen (450-1000 na Chr.)", "WAARDE": "Terrein van hoge archeologische waarde", "Zichtbaarh": "nee", "Beschrijving": "1-2) Nederzetting"}, "geometry": {"type": "MultiPolygon", "coordinates": [[[[4.4723, 52.1334], [4.474, 52.1317], [4.4762, 52.1326], [4.4745, 52.1343], [4.4723, 52.1334]]]]}}, {"type": "Feature", "properties": {"MONUMENTNR": 3069, "Gemeente": "Leiden", "Plaats": "Leiden", "Toponiem": "Centrum; De Burcht", "Datering": "Late Middeleeuwen", "WAARDE": "Terrein van hoge archeologische waarde", "Zichtbaarh": "ja", "Beschrijving": "Resten van het mottekasteel De Burcht"}, "geometry": {"type": "MultiPolygon", "coordinates": [[[[4.4932, 52.1595], [4.4932, 52.1595], [4.4932, 52.1596], [4.4923, 52.1595], [4.4919, 52.1595], [4.4913, 52.1595], [4.4912, 52.1592], [4.4914, 52.1591], [4.4915, 52.1589], [4.4916, 52.1587], [4.4919, 52.1584], [4.4922, 52.1581], [4.4931, 52.1584], [4.4929, 52.1586], [4.4933, 52.1587], [4.4933, 52.1588], [4.4933, 52.1588], [4.4933, 52.1588], [4.4933, 52.1588], [4.4933, 52.1588], [4.4933, 52.1588], [4.4933, 52.1588], [4.4933, 52.1588], [4.4933, 52.1589], [4.4933, 52.1589], [4.4933, 52.1589], [4.4933, 52.1589], [4.4933, 52.1589], [4.4933, 52.1589], [4.4933, 52.1589], [4.4932, 52.1589], [4.4932, 52.1589], [4.4931, 52.1588], [4.4931, 52.1588], [4.493, 52.1588], [4.493, 52.1588], [4.4929, 52.1587], [4.4929, 52.1587], [4.4928, 52.1587], [4.4927, 52.1587], [4.4926, 52.1587], [4.4926, 52.1587], [4.4926, 52.1587], [4.4926, 52.1587], [4.4925, 52.1586], [4.4924, 52.1587], [4.4923, 52.1587], [4.4923, 52.1587], [4.4922, 52.1587], [4.4922, 52.1587], [4.4921, 52.1587], [4.4921, 52.1587], [4.4921, 52.1587], [4.4921, 52.1587], [4.4921, 52.1588], [4.4921, 52.1588], [4.4921, 52.1588], [4.4921, 52.1588], [4.4921, 52.1588], [4.4921, 52.1588], [4.4921, 52.1588], [4.492, 52.1588], [4.492, 52.1588], [4.492, 52.1588], [4.492, 52.1588], [4.492, 52.1588], [4.492, 52.1588], [4.492, 52.1589], [4.492, 52.1589], [4.492, 52.1589], [4.492, 52.1589], [4.4919, 52.159], [4.4919, 52.159], [4.4919, 52.159], [4.4919, 52.159], [4.4919, 52.159], [4.4919, 52.159], [4.4919, 52.1591], [4.4919, 52.1591], [4.4919, 52.1591], [4.4919, 52.1591], [4.4919, 52.1591], [4.4919, 52.1591], [4.4919, 52.1591], [4.4919, 52.1591], [4.4919, 52.1591], [4.4919, 52.1591], [4.4919, 52.1591], [4.4919, 52.1591], [4.4919, 52.1591], [4.4919, 52.1592], [4.4919, 52.1592], [4.492, 52.1592], [4.492, 52.1592], [4.492, 52.1592], [4.492, 52.1592], [4.4921, 52.1592], [4.4921, 52.1592], [4.4921, 52.1592], [4.4921, 52.1592], [4.4921, 52.1593], [4.4921, 52.1593], [4.4923, 52.1593], [4.4923, 52.1593], [4.4923, 52.1593], [4.4923, 52.1593], [4.4923, 52.1593], [4.4923, 52.1593], [4.4923, 52.1593], [4.4924, 52.1593], [4.4924, 52.1593], [4.4925, 52.1593], [4.4926, 52.1593], [4.4926, 52.1593], [4.4927, 52.1593], [4.4927, 52.1593], [4.4928, 52.1593], [4.4928, 52.1593], [4.4928, 52.1593], [4.4928, 52.1593], [4.4928, 52.1593], [4.4928, 52.1593], [4.4928, 52.1593], [4.4929, 52.1593], [4.4929, 52.1593], [4.4929, 52.1593], [4.4929, 52.1593], [4.4929, 52.1593], [4.493, 52.1593], [4.493, 52.1593], [4.493, 52.1592], [4.4931, 52.1593], [4.4932, 52.1593], [4.4932, 52.1593], [4.4932, 52.1593], [4.4932, 52.1593], [4.4932, 52.1593], [4.4932, 52.1593], [4.4932, 52.1593], [4.4932, 52.1594], [4.4932, 52.1594], [4.4932, 52.1595]]]]}}, {"type": "Feature", "properties": {"MONUMENTNR": 6440, "Gemeente": "Krimpenerwaard", "Plaats": "Lekkerkerk", "Toponiem": "Polder Schuwagt; C.G. Roosweg", "Datering": "Late Middeleeuwen (1000-1300)", "WAARDE": "Terrein van hoge archeologische waarde", "Zichtbaarh": "ja", "Beschrijving": "Huisterp"}, "geometry": {"type": "MultiPolygon", "coordinates": [[[[4.6732, 51.9189], [4.6734, 51.9188], [4.6735, 51.9195], [4.6732, 51.9194], [4.6732, 51.9189]]]]}}, {"type": "Feature", "properties": {"MONUMENTNR": 16107, "Gemeente": "Leiden", "Plaats": "Leiden", "Toponiem": "Pomona-terrein", "Datering": "1) IJzertijd; 2) Romeinse tijd; 3) Vroege Middeleeuwen", "WAARDE": "Terrein van hoge archeologische waarde", "Zichtbaarh": "nee", "Beschrijving": "1-3) Nederzetting"}, "geometry": {"type": "MultiPolygon", "coordinates": [[[[4.4685, 52.1717], [4.468, 52.171], [4.4679, 52.1707], [4.4677, 52.1705], [4.4678, 52.1704], [4.4678, 52.1705], [4.4681, 52.171], [4.4703, 52.1709], [4.4699, 52.1704], [4.4699, 52.1703], [4.4695, 52.1703], [4.4694, 52.1696], [4.4685, 52.1696], [4.4682, 52.1699], [4.4682, 52.1697], [4.4682, 52.1697], [4.4682, 52.1695], [4.4681, 52.1688], [4.4682, 52.1688], [4.4684, 52.1688], [4.4684, 52.1688], [4.4684, 52.1692], [4.469, 52.1692], [4.469, 52.1691], [4.4691, 52.1691], [4.4691, 52.169], [4.469, 52.1689], [4.469, 52.1688], [4.469, 52.1687], [4.4689, 52.1687], [4.4689, 52.1687], [4.4694, 52.1684], [4.4696, 52.1681], [4.4696, 52.1681], [4.4698, 52.1681], [4.47, 52.1682], [4.4709, 52.1684], [4.4709, 52.1685], [4.4709, 52.1686], [4.4709, 52.1687], [4.471, 52.1687], [4.471, 52.1688], [4.4711, 52.1688], [4.4711, 52.1688], [4.4711, 52.1689], [4.4711, 52.1693], [4.4715, 52.1693], [4.4714, 52.1695], [4.4714, 52.1697], [4.4714, 52.1699], [4.4714, 52.1699], [4.4714, 52.1699], [4.4711, 52.1703], [4.4711, 52.1703], [4.4713, 52.1704], [4.4718, 52.1708], [4.4715, 52.171], [4.4713, 52.1711], [4.4707, 52.1714], [4.4701, 52.171], [4.4701, 52.171], [4.4685, 52.1717]], [[4.47, 52.1704], [4.4705, 52.1709], [4.4706, 52.1708], [4.4701, 52.1704], [4.47, 52.1704]]], [[[4.4681, 52.1701], [4.468, 52.1702], [4.468, 52.1702], [4.4681, 52.1701], [4.4681, 52.17], [4.4681, 52.1701]]]]}}, {"type": "Feature", "properties": {"MONUMENTNR": 16450, "Gemeente": "Leiden/Oegstgeest", "Plaats": "Leiden", "Toponiem": "Pomona-terrein", "Datering": "1) IJzertijd; 2) Romeinse tijd; 3) Vroege Middeleeuwen", "WAARDE": "Terrein van hoge archeologische waarde", "Zichtbaarh": "nee", "Beschrijving": "1-3) Nederzetting"}, "geometry": {"type": "MultiPolygon", "coordinates": [[[[4.4678, 52.1707], [4.4679, 52.171], [4.4685, 52.1717], [4.4685, 52.1717], [4.4678, 52.172], [4.4672, 52.1714], [4.4668, 52.1711], [4.4674, 52.1707], [4.4675, 52.1707], [4.4677, 52.1706], [4.4677, 52.1705], [4.4678, 52.1707]]]]}}, {"type": "Feature", "properties": {"MONUMENTNR": 4041, "Gemeente": "Lisse", "Plaats": "Lisse", "Toponiem": "Huis Ter Spekke", "Datering": "Late Middeleeuwen en Nieuwe Tijd", "WAARDE": "Terrein van hoge archeologische waarde", "Zichtbaarh": "nee", "Beschrijving": "Resten van het kasteel Huis Ter Spekke"}, "geometry": {"type": "MultiPolygon", "coordinates": [[[[4.5443, 52.2556], [4.5443, 52.2556], [4.5448, 52.2561], [4.5455, 52.2567], [4.5455, 52.2567], [4.5443, 52.2571], [4.5441, 52.257], [4.5437, 52.2567], [4.5431, 52.2562], [4.543, 52.2562], [4.543, 52.2562], [4.5433, 52.256], [4.5443, 52.2556], [4.5443, 52.2556]]]]}}, {"type": "Feature", "properties": {"MONUMENTNR": 16112, "Gemeente": "Maassluis", "Plaats": "Maassluis", "Toponiem": "Ridderhof", "Datering": "1) IJzertijd (150 v. - 150 na Chr.); 2) Vroege Middeleeuwen; 3) Late Middeleeuwen", "WAARDE": "Terrein van hoge archeologische waarde", "Zichtbaarh": "nee", "Beschrijving": "1) Bewoningssporen; 2) boerderij; 3) terp/nederzetting"}, "geometry": {"type": "MultiPolygon", "coordinates": [[[[4.2685, 51.9193], [4.269, 51.9187], [4.2702, 51.919], [4.2696, 51.9196], [4.2685, 51.9193]]]]}}, {"type": "Feature", "properties": {"MONUMENTNR": 4085, "Gemeente": "Maassluis", "Plaats": "Maassluis", "Toponiem": "Aalkeet-Binnenpolder; Zuidbuurt", "Datering": "Terp uit Late Middeleeuwen B, Nieuwe Tijd", "WAARDE": "Terrein van hoge archeologische waarde", "Zichtbaarh": "nee", "Beschrijving": "Huisterp"}, "geometry": {"type": "MultiPolygon", "coordinates": [[[[4.2751, 51.9174], [4.276, 51.9179], [4.2772, 51.9186], [4.2767, 51.919], [4.2762, 51.9188], [4.2757, 51.9185], [4.2752, 51.9183], [4.2745, 51.9179], [4.2751, 51.9174]]]]}}, {"type": "Feature", "properties": {"MONUMENTNR": 4084, "Gemeente": "Maassluis", "Plaats": "Maassluis", "Toponiem": "Aalkeet-Binnenpolder; Manege Middenhof", "Datering": "Late Middeleeuwen A-B", "WAARDE": "Terrein van hoge archeologische waarde", "Zichtbaarh": "nee", "Beschrijving": "Huisterp"}, "geometry": {"type": "MultiPolygon", "coordinates": [[[[4.2766, 51.9157], [4.2777, 51.9163], [4.2768, 51.9169], [4.2757, 51.9163], [4.2766, 51.9157]]]]}}, {"type": "Feature", "properties": {"MONUMENTNR": 4082, "Gemeente": "Maassluis", "Plaats": "Maassluis", "Toponiem": "Aalkeet-Binnenpolder", "Datering": "1) Romeinse tijd 2) Late Middeleeuwen", "WAARDE": "Terrein van hoge archeologische waarde", "Zichtbaarh": "nee", "Beschrijving": "1-2) Bewoningssporen"}, "geometry": {"type": "MultiPolygon", "coordinates": [[[[4.2801, 51.9154], [4.2804, 51.9155], [4.2806, 51.9157], [4.2807, 51.9157], [4.2809, 51.9158], [4.281, 51.9159], [4.2798, 51.9168], [4.2797, 51.9167], [4.2794, 51.9165], [4.2791, 51.9163], [4.2789, 51.9163], [4.279, 51.9162], [4.2801, 51.9154]]]]}}, {"type": "Feature", "properties": {"MONUMENTNR": 10363, "Gemeente": "Maassluis", "Plaats": "Maassluis", "Toponiem": "Aalkeet-Binnenpolder", "Datering": "Romeinse tijd", "WAARDE": "Terrein van hoge archeologische waarde", "Zichtbaarh": "nee", "Beschrijving": "Bewoningssporen"}, "geometry": {"type": "MultiPolygon", "coordinates": [[[[4.272, 51.9082], [4.2747, 51.9099], [4.2733, 51.9107], [4.2731, 51.9107], [4.273, 51.9107], [4.2725, 51.9108], [4.2705, 51.9108], [4.2698, 51.9109], [4.2695, 51.9109], [4.2694, 51.9109], [4.2693, 51.911], [4.2692, 51.911], [4.2691, 51.911], [4.2676, 51.9118], [4.2674, 51.9118], [4.2673, 51.9119], [4.2658, 51.9111], [4.2662, 51.9109], [4.2665, 51.9108], [4.2671, 51.9106], [4.2677, 51.9103], [4.2683, 51.91], [4.2688, 51.9098], [4.2699, 51.9092], [4.2717, 51.9083], [4.272, 51.9082]]]]}}, {"type": "Feature", "properties": {"MONUMENTNR": 10364, "Gemeente": "Vlaardingen", "Plaats": "Vlaardingen", "Toponiem": "Aalkeet-Binnenpolder, MD 17-05", "Datering": "Late Middeleeuwen", "WAARDE": "Terrein van hoge archeologische waarde", "Zichtbaarh": "nee", "Beschrijving": "Bewoningssporen"}, "geometry": {"type": "MultiPolygon", "coordinates": [[[[4.2772, 51.9107], [4.2772, 51.9107], [4.2772, 51.9107], [4.2772, 51.9107], [4.2772, 51.9107], [4.2772, 51.9108], [4.2772, 51.9108], [4.2767, 51.911], [4.2767, 51.911], [4.2767, 51.911], [4.2751, 51.91], [4.2751, 51.91], [4.2756, 51.9097], [4.2756, 51.9097], [4.2756, 51.9097], [4.2772, 51.9107]]]]}}, {"type": "Feature", "properties": {"MONUMENTNR": 4083, "Gemeente": "Vlaardingen", "Plaats": "Vlaardingen", "Toponiem": "Aalkeet-Binnenpolder", "Datering": "Late Middeleeuwen", "WAARDE": "Terrein van hoge archeologische waarde", "Zichtbaarh": "nee", "Beschrijving": "Huisterp"}, "geometry": {"type": "MultiPolygon", "coordinates": [[[[4.2802, 51.9125], [4.2807, 51.9128], [4.2807, 51.9128], [4.2801, 51.9132], [4.2801, 51.9132], [4.2801, 51.9131], [4.2786, 51.9122], [4.2792, 51.9118], [4.2802, 51.9125]]]]}}, {"type": "Feature", "properties": {"MONUMENTNR": 7462, "Gemeente": "Noordwijkerhout", "Plaats": "Noordwijkerhout", "Toponiem": "Zwetterpolder; Leeuwenhorst", "Datering": "Late Middeleeuwen", "WAARDE": "Terrein van hoge archeologische waarde", "Zichtbaarh": "onbekend", "Beschrijving": "Resten van het klooster Leeuwenhorst"}, "geometry": {"type": "MultiPolygon", "coordinates": [[[[4.4787, 52.2393], [4.479, 52.2395], [4.4804, 52.2388], [4.4816, 52.2395], [4.4817, 52.2396], [4.4817, 52.2396], [4.4814, 52.2398], [4.4796, 52.2407], [4.4796, 52.2407], [4.4797, 52.2408], [4.48, 52.2408], [4.4802, 52.2409], [4.4804, 52.241], [4.4807, 52.2411], [4.4809, 52.2413], [4.481, 52.2414], [4.4812, 52.2416], [4.4813, 52.2419], [4.48, 52.2424], [4.4793, 52.2421], [4.4786, 52.2418], [4.478, 52.2416], [4.4777, 52.2415], [4.4773, 52.2414], [4.4769, 52.2413], [4.4763, 52.241], [4.4787, 52.2393]]]]}}, {"type": "Feature", "properties": {"MONUMENTNR": 4037, "Gemeente": "Teylingen", "Plaats": "Voorhout", "Toponiem": "Teijlingen", "Datering": "Late Middeleeuwen", "WAARDE": "Terrein van hoge archeologische waarde", "Zichtbaarh": "ja", "Beschrijving": "Slot Teylingen"}, "geometry": {"type": "MultiPolygon", "coordinates": [[[[4.5192, 52.2309], [4.5194, 52.2311], [4.52, 52.2307], [4.52, 52.2309], [4.52, 52.2311], [4.52, 52.2312], [4.5201, 52.2313], [4.5201, 52.2316], [4.5203, 52.2317], [4.5203, 52.2318], [4.5205, 52.2318], [4.5207, 52.2319], [4.5208, 52.232], [4.5211, 52.2322], [4.5208, 52.2326], [4.5202, 52.2327], [4.5197, 52.2324], [4.5198, 52.2321], [4.5194, 52.2318], [4.5194, 52.2318], [4.5193, 52.2319], [4.5193, 52.2318], [4.5188, 52.232], [4.5177, 52.2325], [4.5169, 52.2319], [4.5185, 52.2312], [4.5187, 52.2311], [4.5188, 52.231], [4.5189, 52.231], [4.519, 52.2309], [4.5192, 52.2309]]]]}}, {"type": "Feature", "properties": {"MONUMENTNR": 4039, "Gemeente": "Teylingen", "Plaats": "Warmond", "Toponiem": "Wasbeek; Kasteel Oud-Alkemade", "Datering": "Late Middeleeuwen en Nieuwe Tijd", "WAARDE": "Terrein van hoge archeologische waarde", "Zichtbaarh": "nee", "Beschrijving": "Resten van het kasteel Oud-Alkemade"}, "geometry": {"type": "MultiPolygon", "coordinates": [[[[4.5194, 52.2132], [4.5201, 52.2137], [4.5188, 52.2144], [4.5178, 52.2137], [4.5191, 52.213], [4.5194, 52.2132]]]]}}, {"type": "Feature", "properties": {"MONUMENTNR": 8798, "Gemeente": "Alphen aan den Rijn", "Plaats": "Koudekerk aan den Rijn", "Toponiem": "Hondsdijkse Polder", "Datering": "Romeinse tijd en vroege Middeleeuwen", "WAARDE": "Terrein van hoge archeologische waarde", "Zichtbaarh": "nee", "Beschrijving": "Bewoningssporen"}, "geometry": {"type": "MultiPolygon", "coordinates": [[[[4.5923, 52.1338], [4.5933, 52.1342], [4.5933, 52.1342], [4.5941, 52.1345], [4.5941, 52.1345], [4.5946, 52.1347], [4.5948, 52.1348], [4.5948, 52.1348], [4.5943, 52.1352], [4.5942, 52.1354], [4.5942, 52.1356], [4.5895, 52.1398], [4.5821, 52.1459], [4.5748, 52.1443], [4.5749, 52.1438], [4.5754, 52.1426], [4.5756, 52.1421], [4.5756, 52.1421], [4.5749, 52.1391], [4.5836, 52.1365], [4.5914, 52.1342], [4.5919, 52.134], [4.5923, 52.1338], [4.5923, 52.1338]]]]}}, {"type": "Feature", "properties": {"MONUMENTNR": 10684, "Gemeente": "Alphen aan den Rijn", "Plaats": "Zwammerdam", "Toponiem": "Polder Steekt; Lagenwaard", "Datering": "Romeinse tijd", "WAARDE": "Terrein van hoge archeologische waarde", "Zichtbaarh": "nee", "Beschrijving": "Bewoningssporen; weg"}, "geometry": {"type": "MultiPolygon", "coordinates": [[[[4.7246, 52.0996], [4.7286, 52.1005], [4.728, 52.1009], [4.7276, 52.1008], [4.7272, 52.1013], [4.7269, 52.1016], [4.7269, 52.1018], [4.7262, 52.103], [4.725, 52.1027], [4.7244, 52.1032], [4.7241, 52.1032], [4.7239, 52.1035], [4.7231, 52.1047], [4.7227, 52.1052], [4.7214, 52.1048], [4.7212, 52.1047], [4.7204, 52.1045], [4.721, 52.1037], [4.7201, 52.1035], [4.7195, 52.1043], [4.7191, 52.1041], [4.7188, 52.1039], [4.7186, 52.1038], [4.7185, 52.1036], [4.7194, 52.1032], [4.7199, 52.1029], [4.7204, 52.1027], [4.7208, 52.1024], [4.7215, 52.102], [4.7221, 52.1017], [4.7228, 52.1012], [4.7232, 52.1009], [4.7237, 52.1005], [4.7241, 52.1001], [4.7246, 52.0996]]]]}}, {"type": "Feature", "properties": {"MONUMENTNR": 4151, "Gemeente": "Alphen aan den Rijn", "Plaats": "Hazerswoude-Rijndijk", "Toponiem": "Rijnenburg", "Datering": "Late Middeleeuwen", "WAARDE": "Terrein van hoge archeologische waarde", "Zichtbaarh": "nee", "Beschrijving": "Resten van het kasteel Huis Rijnenburg"}, "geometry": {"type": "MultiPolygon", "coordinates": [[[[4.5865, 52.128], [4.5864, 52.1281], [4.5862, 52.1288], [4.5845, 52.1284], [4.5835, 52.1281], [4.5839, 52.1267], [4.5849, 52.1268], [4.5873, 52.1269], [4.5872, 52.1272], [4.5872, 52.1274], [4.5867, 52.1274], [4.5865, 52.128]]]]}}, {"type": "Feature", "properties": {"MONUMENTNR": 14902, "Gemeente": "Westvoorne", "Plaats": "Rockanje", "Toponiem": "Rockanje", "Datering": "Late IJzertijd", "WAARDE": "Terrein van hoge archeologische waarde", "Zichtbaarh": "nee", "Beschrijving": "Nederzetting, Late IJzertijd"}, "geometry": {"type": "MultiPolygon", "coordinates": [[[[4.0649, 51.8693], [4.065, 51.8693], [4.0649, 51.8694], [4.0648, 51.8695], [4.0648, 51.8695], [4.0646, 51.8695], [4.0645, 51.8695], [4.0645, 51.8695], [4.0647, 51.8692], [4.0649, 51.8693]]]]}}, {"type": "Feature", "properties": {"MONUMENTNR": 4094, "Gemeente": "Nissewaard", "Plaats": "Oudenhoorn", "Toponiem": "Polder Oudenhoorn; Ruigendijk", "Datering": "IJzertijd en Romeinse tijd", "WAARDE": "Terrein van hoge archeologische waarde", "Zichtbaarh": "nee", "Beschrijving": "Bewoningssporen"}, "geometry": {"type": "MultiPolygon", "coordinates": [[[[4.2175, 51.8266], [4.2165, 51.8271], [4.2165, 51.8272], [4.2165, 51.8272], [4.2168, 51.8274], [4.2113, 51.8279], [4.211, 51.8267], [4.211, 51.8267], [4.2158, 51.8263], [4.2159, 51.8263], [4.2159, 51.8263], [4.2159, 51.8263], [4.2157, 51.8264], [4.2154, 51.8266], [4.2154, 51.8266], [4.2154, 51.8266], [4.2154, 51.8266], [4.2154, 51.8266], [4.2154, 51.8266], [4.2154, 51.8266], [4.2157, 51.8266], [4.2158, 51.8266], [4.2163, 51.8265], [4.217, 51.8265], [4.2174, 51.8264], [4.2175, 51.8265], [4.2175, 51.8265], [4.2175, 51.8265], [4.2175, 51.8265], [4.2176, 51.8266], [4.2176, 51.8266], [4.2175, 51.8266]]]]}}, {"type": "Feature", "properties": {"MONUMENTNR": 8781, "Gemeente": "Nissewaard", "Plaats": "Oudenhoorn", "Toponiem": "Polder Oudenhoorn; Ruigendijk", "Datering": "IJzertijd, Romeinse tijd", "WAARDE": "Terrein van hoge archeologische waarde", "Zichtbaarh": "nee", "Beschrijving": "Bewoningssporen"}, "geometry": {"type": "MultiPolygon", "coordinates": [[[[4.2145, 51.8264], [4.211, 51.8267], [4.2111, 51.827], [4.2113, 51.8279], [4.2113, 51.8279], [4.2085, 51.8284], [4.2085, 51.8284], [4.2058, 51.8265], [4.2058, 51.8265], [4.209, 51.8251], [4.2095, 51.8255], [4.2135, 51.8236], [4.2142, 51.8241], [4.215, 51.8246], [4.2157, 51.825], [4.2174, 51.8264], [4.2174, 51.8264], [4.2174, 51.8264], [4.217, 51.8265], [4.2165, 51.8265], [4.216, 51.8266], [4.2157, 51.8266], [4.2154, 51.8266], [4.2154, 51.8266], [4.2154, 51.8266], [4.2154, 51.8266], [4.2158, 51.8264], [4.2159, 51.8263], [4.2159, 51.8263], [4.2159, 51.8263], [4.2158, 51.8263], [4.2145, 51.8264]]]]}}, {"type": "Feature", "properties": {"MONUMENTNR": 4091, "Gemeente": "Nissewaard", "Plaats": "Geervliet", "Toponiem": "Polder Geervliet; Polderweg; Groene Kruisweg; Middelblok; Konijnendijk", "Datering": "1) Midden-IJzertijd en Romeinse tijd; 2) late Middeleeuwen", "WAARDE": "Terrein van hoge archeologische waarde", "Zichtbaarh": "nee", "Beschrijving": "1) Bewoningssporen en sporen van landbouw; 2) Bewoningssporen"}, "geometry": {"type": "MultiPolygon", "coordinates": [[[[4.2808, 51.8631], [4.2807, 51.8631], [4.2806, 51.8632], [4.2806, 51.8632], [4.2805, 51.8632], [4.2803, 51.8632], [4.2784, 51.8632], [4.2777, 51.8632], [4.2775, 51.8632], [4.2775, 51.8632], [4.2745, 51.8631], [4.2719, 51.863], [4.2714, 51.8629], [4.2709, 51.8629], [4.2702, 51.8629], [4.2697, 51.8629], [4.2693, 51.8629], [4.2692, 51.8629], [4.2684, 51.8629], [4.2679, 51.8629], [4.2674, 51.8629], [4.2669, 51.8629], [4.2667, 51.863], [4.2667, 51.863], [4.2668, 51.8626], [4.267, 51.8616], [4.2673, 51.8604], [4.2674, 51.8604], [4.2674, 51.8604], [4.2662, 51.8599], [4.2662, 51.8599], [4.2662, 51.8599], [4.2662, 51.8598], [4.2663, 51.8593], [4.2665, 51.859], [4.2667, 51.8588], [4.2667, 51.8588], [4.2671, 51.8573], [4.2671, 51.8571], [4.2671, 51.8571], [4.2672, 51.8569], [4.2676, 51.8556], [4.2677, 51.8553], [4.268, 51.8542], [4.2682, 51.8537], [4.2683, 51.8532], [4.2686, 51.8524], [4.2688, 51.8517], [4.269, 51.8513], [4.2691, 51.8509], [4.2692, 51.8506], [4.2692, 51.8504], [4.2692, 51.8502], [4.2693, 51.8498], [4.2693, 51.8497], [4.2694, 51.8495], [4.2694, 51.8493], [4.2694, 51.8494], [4.2696, 51.8494], [4.2699, 51.8494], [4.27, 51.8494], [4.2701, 51.8494], [4.2701, 51.8495], [4.2701, 51.8496], [4.2702, 51.8498], [4.2703, 51.8498], [4.2703, 51.8499], [4.2704, 51.8499], [4.2705, 51.8499], [4.2706, 51.8499], [4.2707, 51.8498], [4.2707, 51.8498], [4.2708, 51.8498], [4.271, 51.8499], [4.2715, 51.85], [4.2728, 51.8503], [4.2729, 51.8503], [4.2733, 51.8498], [4.2733, 51.8497], [4.2734, 51.8497], [4.2736, 51.8497], [4.2737, 51.8497], [4.274, 51.8499], [4.2742, 51.8499], [4.2743, 51.8499], [4.2746, 51.8499], [4.2746, 51.8499], [4.2746, 51.8496], [4.2748, 51.8496], [4.2748, 51.8496], [4.275, 51.8496], [4.2751, 51.8496], [4.2751, 51.8496], [4.2752, 51.8496], [4.2754, 51.8496], [4.2755, 51.8497], [4.2756, 51.8497], [4.2759, 51.8498], [4.276, 51.8498], [4.276, 51.8498], [4.2778, 51.8497], [4.2782, 51.8498], [4.2783, 51.8498], [4.2788, 51.8498], [4.2789, 51.8498], [4.2793, 51.8497], [4.2794, 51.8497], [4.2803, 51.8495], [4.2805, 51.8495], [4.2806, 51.8495], [4.2814, 51.8495], [4.2814, 51.8495], [4.2817, 51.8495], [4.2823, 51.8495], [4.2827, 51.8496], [4.2827, 51.8497], [4.2827, 51.8497], [4.283, 51.8498], [4.2831, 51.8498], [4.2832, 51.8498], [4.284, 51.85], [4.2843, 51.8501], [4.2846, 51.8503], [4.2849, 51.8504], [4.285, 51.8504], [4.2854, 51.8504], [4.2857, 51.8504], [4.2857, 51.8504], [4.2862, 51.8505], [4.2862, 51.8506], [4.286, 51.8522], [4.2859, 51.8532], [4.2858, 51.8549], [4.2857, 51.8553], [4.2856, 51.8568], [4.2855, 51.8578], [4.2854, 51.859], [4.2851, 51.8595], [4.2851, 51.8595], [4.285, 51.8599], [4.2849, 51.8599], [4.2848, 51.8611], [4.2847, 51.8612], [4.2847, 51.8613], [4.2847, 51.8613], [4.2846, 51.8613], [4.2845, 51.8614], [4.2845, 51.8615], [4.2844, 51.8616], [4.2844, 51.8617], [4.2844, 51.8618], [4.2843, 51.862], [4.2841, 51.8629], [4.284, 51.8631], [4.284, 51.8631], [4.284, 51.8632], [4.284, 51.8632], [4.2837, 51.8632], [4.2836, 51.8632], [4.2835, 51.8632], [4.2822, 51.8628], [4.282, 51.8628], [4.2816, 51.8627], [4.2815, 51.8628], [4.2813, 51.8628], [4.2812, 51.8628], [4.2811, 51.8629], [4.2808, 51.8631]]]]}}, {"type": "Feature", "properties": {"MONUMENTNR": 4092, "Gemeente": "Nissewaard", "Plaats": "Spijkenisse", "Toponiem": "Polder Geervliet; Groene Kruisweg", "Datering": "1) Midden-IJzertijd; 2) Romeinse tijd", "WAARDE": "Terrein van hoge archeologische waarde", "Zichtbaarh": "nee", "Beschrijving": "1-2) Bewoningssporen"}, "geometry": {"type": "MultiPolygon", "coordinates": [[[[4.2871, 51.8549], [4.287, 51.8551], [4.2874, 51.8564], [4.2881, 51.8588], [4.2882, 51.8592], [4.2882, 51.8592], [4.2851, 51.8595], [4.2854, 51.859], [4.2857, 51.8558], [4.2859, 51.8541], [4.286, 51.8527], [4.2861, 51.8513], [4.2862, 51.8506], [4.2862, 51.8505], [4.2863, 51.8505], [4.2864, 51.8505], [4.2867, 51.8506], [4.2884, 51.8509], [4.2884, 51.8509], [4.2885, 51.8512], [4.2888, 51.8519], [4.2888, 51.8519], [4.2871, 51.8549]]]]}}, {"type": "Feature", "properties": {"MONUMENTNR": 4093, "Gemeente": "Nissewaard", "Plaats": "Spijkenisse", "Toponiem": "Groene Kruisweg/Hogelandse Dijk", "Datering": "1) Midden-IJzertijd; 2) Romeinse tijd", "WAARDE": "Terrein van hoge archeologische waarde", "Zichtbaarh": "nee", "Beschrijving": "1-2) Bewoningssporen"}, "geometry": {"type": "MultiPolygon", "coordinates": [[[[4.288, 51.8598], [4.288, 51.8598], [4.2879, 51.8599], [4.2877, 51.8601], [4.2877, 51.8602], [4.2877, 51.8602], [4.2877, 51.8603], [4.2877, 51.8603], [4.2877, 51.8603], [4.2873, 51.8608], [4.287, 51.8611], [4.287, 51.8612], [4.2869, 51.8613], [4.2869, 51.8615], [4.2869, 51.8616], [4.2868, 51.862], [4.2868, 51.8622], [4.2866, 51.8629], [4.2862, 51.863], [4.2859, 51.863], [4.2855, 51.863], [4.2843, 51.8632], [4.2843, 51.8632], [4.2842, 51.8632], [4.2842, 51.8632], [4.2842, 51.8631], [4.2845, 51.8617], [4.2846, 51.8616], [4.2846, 51.8616], [4.2846, 51.8615], [4.2848, 51.8613], [4.2848, 51.8613], [4.2849, 51.8612], [4.2849, 51.8612], [4.285, 51.8606], [4.2851, 51.8599], [4.2851, 51.8599], [4.2851, 51.8599], [4.2851, 51.8599], [4.286, 51.8598], [4.2869, 51.8597], [4.2869, 51.8597], [4.2869, 51.8597], [4.2869, 51.8597], [4.2878, 51.8596], [4.2878, 51.8596], [4.2877, 51.8596], [4.2877, 51.8596], [4.2878, 51.8596], [4.2882, 51.8596], [4.2882, 51.8596], [4.288, 51.8598]]]]}}, {"type": "Feature", "properties": {"MONUMENTNR": 1951, "Gemeente": "Bodegraven-Reeuwijk", "Plaats": "Waarder", "Toponiem": "De Kromme Kamp", "Datering": "Late Middeleeuwen", "WAARDE": "Terrein van hoge archeologische waarde", "Zichtbaarh": "nee", "Beschrijving": "Resten van een begraven hofstad"}, "geometry": {"type": "MultiPolygon", "coordinates": [[[[4.8185, 52.0584], [4.8188, 52.0584], [4.8191, 52.0585], [4.8194, 52.0586], [4.8196, 52.0588], [4.8197, 52.0589], [4.8198, 52.0591], [4.8199, 52.0593], [4.8199, 52.0594], [4.8198, 52.0595], [4.8197, 52.0596], [4.8195, 52.0598], [4.8195, 52.0598], [4.8195, 52.0598], [4.8193, 52.06], [4.8192, 52.06], [4.8189, 52.0601], [4.8181, 52.0601], [4.8176, 52.0602], [4.8172, 52.0599], [4.8172, 52.0598], [4.8172, 52.0598], [4.8165, 52.0593], [4.8174, 52.0589], [4.8176, 52.0587], [4.8178, 52.0586], [4.8179, 52.0585], [4.8181, 52.0585], [4.8182, 52.0584], [4.8184, 52.0584], [4.8185, 52.0584]]]]}}, {"type": "Feature", "properties": {"MONUMENTNR": 1950, "Gemeente": "Bodegraven-Reeuwijk", "Plaats": "Nieuwerbrug", "Toponiem": "Molendijk", "Datering": "Late Middeleeuwen en Nieuwe Tijd", "WAARDE": "Terrein van hoge archeologische waarde", "Zichtbaarh": "nee", "Beschrijving": "Resten van een commanderij van de Johannieter orde (Hof van Waarder)"}, "geometry": {"type": "MultiPolygon", "coordinates": [[[[4.8245, 52.0746], [4.824, 52.0727], [4.8256, 52.0726], [4.8258, 52.0731], [4.8259, 52.0735], [4.8261, 52.0744], [4.8261, 52.0744], [4.826, 52.0745], [4.826, 52.0745], [4.8259, 52.0745], [4.8258, 52.0745], [4.8252, 52.0746], [4.8245, 52.0746]]]]}}, {"type": "Feature", "properties": {"MONUMENTNR": 16148, "Gemeente": "Ridderkerk", "Plaats": "Oostendam", "Toponiem": "Pruimendijk", "Datering": "1) Romeinse tijd; 2) Late Middeleeuwen B", "WAARDE": "Terrein van hoge archeologische waarde", "Zichtbaarh": "onbekend", "Beschrijving": "1-2) Bewoningssporen"}, "geometry": {"type": "MultiPolygon", "coordinates": [[[[4.6194, 51.8524], [4.6194, 51.852], [4.6197, 51.8516], [4.621, 51.8521], [4.6208, 51.8524], [4.6206, 51.8523], [4.6204, 51.8525], [4.6194, 51.8524]]]]}}, {"type": "Feature", "properties": {"MONUMENTNR": 6454, "Gemeente": "Zwijndrecht", "Plaats": "Zwijndrecht", "Toponiem": "Develzoom; Luizenbult", "Datering": "Late Middeleeuwen", "WAARDE": "Terrein van hoge archeologische waarde", "Zichtbaarh": "ja", "Beschrijving": "Huisterp"}, "geometry": {"type": "MultiPolygon", "coordinates": [[[[4.6185, 51.8164], [4.6188, 51.8164], [4.619, 51.8164], [4.6191, 51.8165], [4.6193, 51.8166], [4.6195, 51.8167], [4.6192, 51.8174], [4.619, 51.8173], [4.6188, 51.8173], [4.6187, 51.8172], [4.6184, 51.8171], [4.6182, 51.8169], [4.6181, 51.8168], [4.618, 51.8166], [4.6179, 51.8165], [4.6179, 51.8164], [4.6181, 51.8164], [4.6185, 51.8164]]]]}}, {"type": "Feature", "properties": {"MONUMENTNR": 6453, "Gemeente": "Zwijndrecht", "Plaats": "Zwijndrecht", "Toponiem": "Develsingel", "Datering": "Late Middeleeuwen, Nieuwe Tijd", "WAARDE": "Terrein van hoge archeologische waarde", "Zichtbaarh": "ja", "Beschrijving": "Resten van de stenen kamer Develstein"}, "geometry": {"type": "MultiPolygon", "coordinates": [[[[4.6274, 51.8167], [4.6272, 51.8168], [4.6271, 51.8168], [4.627, 51.8169], [4.6269, 51.8169], [4.6269, 51.8169], [4.6266, 51.8166], [4.6266, 51.8165], [4.6267, 51.8165], [4.6268, 51.8164], [4.627, 51.8163], [4.6274, 51.8167]]]]}}, {"type": "Feature", "properties": {"MONUMENTNR": 6777, "Gemeente": "Zwijndrecht", "Plaats": "Zwijndrecht", "Toponiem": "Meerdervoortstraat/Jurgenstraat", "Datering": "1) Late Middeleeuwen; 2) Nieuwe Tijd", "WAARDE": "Terrein van hoge archeologische waarde", "Zichtbaarh": "ja", "Beschrijving": "1) Resten van de stenen kamer Meerdervoort; 2) resten van de begraven hofstad Meerdervoort"}, "geometry": {"type": "MultiPolygon", "coordinates": [[[[4.6439, 51.8101], [4.6439, 51.8102], [4.6438, 51.8102], [4.6435, 51.8104], [4.6434, 51.8104], [4.643, 51.8102], [4.643, 51.8101], [4.6434, 51.8098], [4.6435, 51.8098], [4.6435, 51.8097], [4.6438, 51.8095], [4.6443, 51.8099], [4.6439, 51.8101]]]]}}, {"type": "Feature", "properties": {"MONUMENTNR": 6461, "Gemeente": "Zwijndrecht", "Plaats": "Zwijndrecht", "Toponiem": "Develpad/Munnikensteeg; Gedempte Devel", "Datering": "Late Middeleeuwen", "WAARDE": "Terrein van hoge archeologische waarde", "Zichtbaarh": "nee", "Beschrijving": "Huisterp"}, "geometry": {"type": "MultiPolygon", "coordinates": [[[[4.604, 51.8179], [4.604, 51.8183], [4.6014, 51.8181], [4.6011, 51.8183], [4.6009, 51.8185], [4.5991, 51.8193], [4.5977, 51.8182], [4.5979, 51.8181], [4.5983, 51.818], [4.5988, 51.8179], [4.5996, 51.8178], [4.5999, 51.8178], [4.6005, 51.8178], [4.6015, 51.8177], [4.6025, 51.8177], [4.604, 51.8179]]]]}}, {"type": "Feature", "properties": {"MONUMENTNR": 16204, "Gemeente": "Capelle aan den IJssel", "Plaats": "Capelle aan den IJssel", "Toponiem": "Rozenburcht, Slotlaan", "Datering": "Romeinse tijd", "WAARDE": "Terrein van hoge archeologische waarde", "Zichtbaarh": "nee", "Beschrijving": "Dam"}, "geometry": {"type": "MultiPolygon", "coordinates": [[[[4.581, 51.9226], [4.5814, 51.9218], [4.5818, 51.9219], [4.5823, 51.9218], [4.5824, 51.9225], [4.5821, 51.9225], [4.5822, 51.9227], [4.5815, 51.9228], [4.5813, 51.9227], [4.581, 51.9226]]]]}}, {"type": "Feature", "properties": {"MONUMENTNR": 10508, "Gemeente": "Capelle aan den IJssel", "Plaats": "Capelle aan den IJssel", "Toponiem": "Slotplein", "Datering": "1) Romeinse tijd (2e eeuw na Chr.); 2) Late Middeleeuwen (vanaf 1350)", "WAARDE": "Terrein van hoge archeologische waarde", "Zichtbaarh": "ja", "Beschrijving": "1) Bewoningssporen; 2) Resten van kasteel Capelle"}, "geometry": {"type": "MultiPolygon", "coordinates": [[[[4.5832, 51.9217], [4.5833, 51.9217], [4.5834, 51.9217], [4.5835, 51.9217], [4.5851, 51.922], [4.5851, 51.9221], [4.585, 51.9221], [4.5846, 51.9228], [4.5844, 51.9229], [4.5842, 51.9229], [4.584, 51.923], [4.5839, 51.923], [4.5823, 51.9231], [4.5822, 51.9226], [4.5824, 51.9226], [4.5823, 51.9218], [4.583, 51.9217], [4.5832, 51.9217]]]]}}, {"type": "Feature", "properties": {"MONUMENTNR": 16108, "Gemeente": "Teylingen", "Plaats": "Warmond", "Toponiem": "Warmonderhek", "Datering": "Late Middeleeuwen, Nieuwe Tijd (1500-1650)", "WAARDE": "Terrein van hoge archeologische waarde", "Zichtbaarh": "nee", "Beschrijving": "Resten van het oude veerhuis"}, "geometry": {"type": "MultiPolygon", "coordinates": [[[[4.4921, 52.1879], [4.4923, 52.188], [4.4925, 52.1882], [4.4928, 52.1884], [4.4923, 52.1886], [4.4917, 52.1882], [4.4917, 52.1882], [4.4918, 52.1881], [4.4921, 52.1879]]]]}}, {"type": "Feature", "properties": {"MONUMENTNR": 16180, "Gemeente": "Rijswijk", "Plaats": "Rijswijk", "Toponiem": "Broeksloot, aan Prinses Beatrixlaan", "Datering": "1) IJzertijd; 2) Late Middeleeuwen", "WAARDE": "Terrein van hoge archeologische waarde", "Zichtbaarh": "nee", "Beschrijving": "1) Cultuurlaag; 2) Huis Steenvoorde"}, "geometry": {"type": "MultiPolygon", "coordinates": [[[[4.308, 52.0466], [4.3071, 52.0476], [4.3052, 52.047], [4.3039, 52.0465], [4.3039, 52.0465], [4.3041, 52.0462], [4.3047, 52.0454], [4.308, 52.0466]]]]}}, {"type": "Feature", "properties": {"MONUMENTNR": 4030, "Gemeente": "Westland", "Plaats": "Monster", "Toponiem": "Haagweg; Madeweg", "Datering": "IJzertijd, Romeinse tijd en vroege Middeleeuwen", "WAARDE": "Terrein van hoge archeologische waarde", "Zichtbaarh": "nee", "Beschrijving": "Bewoningssporen"}, "geometry": {"type": "MultiPolygon", "coordinates": [[[[4.185, 52.0345], [4.1853, 52.0345], [4.1866, 52.0347], [4.1866, 52.0347], [4.1863, 52.0351], [4.1871, 52.0354], [4.1869, 52.0355], [4.1867, 52.0356], [4.1865, 52.0357], [4.1862, 52.0357], [4.1858, 52.0356], [4.1858, 52.0356], [4.1857, 52.0356], [4.1847, 52.0352], [4.1846, 52.0352], [4.1845, 52.0351], [4.1843, 52.0351], [4.1839, 52.0348], [4.1839, 52.0346], [4.1841, 52.0345], [4.1845, 52.0344], [4.185, 52.0345]]]]}}, {"type": "Feature", "properties": {"MONUMENTNR": 4137, "Gemeente": "Westland", "Plaats": "Naaldwijk", "Toponiem": "Centrum; Grote Woerdlaan", "Datering": "Late Middeleeuwen", "WAARDE": "Terrein van hoge archeologische waarde", "Zichtbaarh": "nee", "Beschrijving": "Resten van de hofstede De Hoge Woerd"}, "geometry": {"type": "MultiPolygon", "coordinates": [[[[4.2061, 51.999], [4.2065, 51.9993], [4.2071, 51.9996], [4.2076, 51.9998], [4.2079, 52], [4.2079, 52], [4.2079, 52.0001], [4.2079, 52.0001], [4.2077, 52.0004], [4.2077, 52.0004], [4.2076, 52.0004], [4.2071, 52.0002], [4.2071, 52.0002], [4.207, 52.0002], [4.2067, 52.0004], [4.2067, 52.0004], [4.2066, 52.0004], [4.2066, 52.0004], [4.2056, 51.9999], [4.2052, 51.9997], [4.2061, 51.999]]]]}}, {"type": "Feature", "properties": {"MONUMENTNR": 9308, "Gemeente": "Westland", "Plaats": "Poeldijk", "Toponiem": "Poeldijk; Wateringseweg", "Datering": "Romeinse tijd", "WAARDE": "Terrein van hoge archeologische waarde", "Zichtbaarh": "nee", "Beschrijving": "Resten van een villacomplex met sporen van metaalbewerking"}, "geometry": {"type": "MultiPolygon", "coordinates": [[[[4.2478, 52.024], [4.2471, 52.0245], [4.2456, 52.0238], [4.2453, 52.0236], [4.2446, 52.0234], [4.2441, 52.0231], [4.2438, 52.0231], [4.2434, 52.023], [4.2436, 52.0228], [4.2437, 52.0228], [4.2439, 52.0227], [4.2441, 52.0227], [4.2441, 52.0227], [4.2442, 52.0227], [4.2442, 52.0226], [4.2442, 52.0225], [4.246, 52.0226], [4.2462, 52.0226], [4.2484, 52.0233], [4.2481, 52.0237], [4.2464, 52.0232], [4.2463, 52.0231], [4.2461, 52.0231], [4.2459, 52.0232], [4.2457, 52.0231], [4.2456, 52.0232], [4.2458, 52.0234], [4.2459, 52.0234], [4.246, 52.0234], [4.2462, 52.0235], [4.2475, 52.0239], [4.2478, 52.024]]]]}}, {"type": "Feature", "properties": {"MONUMENTNR": 4123, "Gemeente": "Westland", "Plaats": "De Lier", "Toponiem": "Het Kraaiennest", "Datering": "Romeinse tijd", "WAARDE": "Terrein van hoge archeologische waarde", "Zichtbaarh": "nee", "Beschrijving": "Bewoningssporen"}, "geometry": {"type": "MultiPolygon", "coordinates": [[[[4.2773, 51.972], [4.2777, 51.9722], [4.2758, 51.9738], [4.2752, 51.9735], [4.2748, 51.9733], [4.2748, 51.9733], [4.2756, 51.9727], [4.2756, 51.9726], [4.2762, 51.9721], [4.2762, 51.9721], [4.2762, 51.9721], [4.2763, 51.972], [4.2766, 51.9717], [4.2766, 51.9717], [4.2773, 51.972]]]]}}, {"type": "Feature", "properties": {"MONUMENTNR": 16453, "Gemeente": "Midden-Delfland", "Plaats": "Oostbuurt", "Toponiem": "Monsterwatering", "Datering": "Late Middeleeuwen", "WAARDE": "Terrein van hoge archeologische waarde", "Zichtbaarh": "ja", "Beschrijving": "Dijk"}, "geometry": {"type": "MultiPolygon", "coordinates": [[[[4.2904, 51.9876], [4.2912, 51.988], [4.2914, 51.9881], [4.2923, 51.9883], [4.2918, 51.9889], [4.291, 51.9886], [4.29, 51.9881], [4.2897, 51.9879], [4.2897, 51.9879], [4.2897, 51.9879], [4.2898, 51.9878], [4.29, 51.9876], [4.2901, 51.9875], [4.2904, 51.9876]]]]}}, {"type": "Feature", "properties": {"MONUMENTNR": 9401, "Gemeente": "Midden-Delfland", "Plaats": "Schipluiden", "Toponiem": "Hodenpijl", "Datering": "Romeinse tijd", "WAARDE": "Terrein van hoge archeologische waarde", "Zichtbaarh": "nee", "Beschrijving": "Bewoningssporen"}, "geometry": {"type": "MultiPolygon", "coordinates": [[[[4.3221, 51.983], [4.324, 51.9833], [4.3259, 51.9846], [4.3257, 51.9852], [4.3255, 51.9856], [4.3251, 51.9862], [4.325, 51.9862], [4.325, 51.9862], [4.3246, 51.9861], [4.3249, 51.9857], [4.3249, 51.9856], [4.3248, 51.9854], [4.3246, 51.9853], [4.3244, 51.985], [4.3232, 51.984], [4.3231, 51.9839], [4.3221, 51.9836], [4.322, 51.9835], [4.3219, 51.9835], [4.3219, 51.9834], [4.3219, 51.9834], [4.3221, 51.983]]]]}}, {"type": "Feature", "properties": {"MONUMENTNR": 9415, "Gemeente": "Midden-Delfland", "Plaats": "Abtswoude", "Toponiem": "Lage Abtswoudsche Polder", "Datering": "Late Middeleeuwen", "WAARDE": "Terrein van hoge archeologische waarde", "Zichtbaarh": "onbekend", "Beschrijving": "Veertien huisterpen"}, "geometry": {"type": "MultiPolygon", "coordinates": [[[[4.3524, 51.9749], [4.3524, 51.9749], [4.352, 51.9758], [4.3517, 51.9765], [4.3517, 51.9765], [4.3497, 51.9762], [4.349, 51.9761], [4.349, 51.9761], [4.3498, 51.9742], [4.3498, 51.9742], [4.3499, 51.9742], [4.3499, 51.9742], [4.3507, 51.9743], [4.3508, 51.9744], [4.3509, 51.9744], [4.3512, 51.9745], [4.3518, 51.9746], [4.3518, 51.9746], [4.352, 51.9739], [4.352, 51.9739], [4.3526, 51.9739], [4.3526, 51.9739], [4.3537, 51.9714], [4.3537, 51.9714], [4.3541, 51.9715], [4.3541, 51.9715], [4.3542, 51.9715], [4.3543, 51.9715], [4.3544, 51.9716], [4.3546, 51.9716], [4.3548, 51.9716], [4.3549, 51.9716], [4.3558, 51.9718], [4.3559, 51.9718], [4.3544, 51.9752], [4.3529, 51.9749], [4.3524, 51.9749]]]]}}, {"type": "Feature", "properties": {"MONUMENTNR": 16454, "Gemeente": "Delft", "Plaats": "Abtswoude", "Toponiem": "Lage Abtswoudsche Polder", "Datering": "Late Middeleeuwen", "WAARDE": "Terrein van hoge archeologische waarde", "Zichtbaarh": "onbekend", "Beschrijving": "Veertien huisterpen"}, "geometry": {"type": "MultiPolygon", "coordinates": [[[[4.349, 51.9761], [4.3496, 51.9761], [4.3499, 51.9762], [4.3503, 51.9763], [4.3504, 51.9763], [4.3517, 51.9765], [4.3512, 51.9778], [4.3526, 51.978], [4.3524, 51.9784], [4.3534, 51.9786], [4.3537, 51.9786], [4.3537, 51.9786], [4.3536, 51.979], [4.3536, 51.979], [4.3515, 51.9787], [4.3516, 51.9783], [4.3485, 51.9778], [4.3485, 51.9778], [4.3493, 51.9761], [4.3493, 51.9761], [4.3492, 51.9761], [4.349, 51.9761], [4.349, 51.9761], [4.349, 51.9761], [4.349, 51.9761]]]]}}, {"type": "Feature", "properties": {"MONUMENTNR": 10680, "Gemeente": "Wassenaar", "Plaats": "Wassenaar", "Toponiem": "Raaphorst", "Datering": "Late Middeleeuwen", "WAARDE": "Terrein van hoge archeologische waarde", "Zichtbaarh": "nee", "Beschrijving": "Resten van het kasteel Raaphorst"}, "geometry": {"type": "MultiPolygon", "coordinates": [[[[4.4108, 52.1293], [4.4118, 52.1296], [4.4114, 52.1301], [4.4112, 52.1304], [4.4102, 52.1301], [4.4108, 52.1293]]]]}}, {"type": "Feature", "properties": {"MONUMENTNR": 4048, "Gemeente": "Oegstgeest", "Plaats": "Oegstgeest", "Toponiem": "Rijnhofweg", "Datering": "1) Late IJzertijd; 2) Vroege Middeleeuwen", "WAARDE": "Terrein van hoge archeologische waarde", "Zichtbaarh": "nee", "Beschrijving": "1) Bewoningssporen; 2) Nederzetting, beschoeiing"}, "geometry": {"type": "MultiPolygon", "coordinates": [[[[4.4506, 52.1673], [4.4507, 52.1673], [4.4509, 52.1676], [4.451, 52.1678], [4.4512, 52.168], [4.4518, 52.1682], [4.4522, 52.1684], [4.4524, 52.1685], [4.4527, 52.1686], [4.4528, 52.1687], [4.4531, 52.1689], [4.4532, 52.169], [4.4533, 52.1691], [4.4536, 52.1695], [4.4537, 52.1697], [4.4538, 52.17], [4.4539, 52.1703], [4.4541, 52.1706], [4.4542, 52.1708], [4.4542, 52.1708], [4.4541, 52.1709], [4.454, 52.1709], [4.454, 52.171], [4.4541, 52.1712], [4.4542, 52.1714], [4.4542, 52.1716], [4.4542, 52.1717], [4.4542, 52.172], [4.4542, 52.1721], [4.4544, 52.1727], [4.4538, 52.1725], [4.4527, 52.1723], [4.4502, 52.1717], [4.4502, 52.1717], [4.4503, 52.1716], [4.4466, 52.1708], [4.4462, 52.1701], [4.446, 52.1696], [4.4459, 52.1693], [4.4458, 52.1688], [4.4468, 52.1687], [4.4473, 52.1686], [4.4478, 52.1683], [4.4495, 52.1675], [4.4505, 52.1671], [4.4506, 52.1673]]]]}}, {"type": "Feature", "properties": {"MONUMENTNR": 16192, "Gemeente": "Pijnacker-Nootdorp", "Plaats": "Pijnacker", "Toponiem": "Strikkade", "Datering": "Late Middeleeuwen, Nieuwe Tijd", "WAARDE": "Terrein van hoge archeologische waarde", "Zichtbaarh": "ja", "Beschrijving": "Dijk/kade, bewoningssporen"}, "geometry": {"type": "MultiPolygon", "coordinates": [[[[4.4607, 52.0137], [4.4606, 52.0137], [4.4607, 52.0136], [4.4607, 52.0136], [4.4607, 52.0136], [4.4608, 52.0135], [4.4608, 52.0135], [4.461, 52.0133], [4.4611, 52.0132], [4.4611, 52.013], [4.4612, 52.013], [4.4615, 52.0127], [4.4614, 52.0126], [4.4613, 52.0126], [4.4611, 52.0125], [4.4609, 52.0124], [4.4607, 52.0123], [4.4606, 52.0122], [4.4606, 52.0121], [4.4605, 52.0121], [4.4604, 52.0121], [4.4603, 52.0121], [4.4602, 52.012], [4.4602, 52.012], [4.4601, 52.0119], [4.46, 52.0119], [4.4599, 52.0118], [4.4599, 52.0117], [4.4598, 52.0117], [4.4596, 52.0117], [4.4596, 52.0116], [4.4596, 52.0114], [4.4595, 52.0112], [4.4595, 52.011], [4.4594, 52.0108], [4.4592, 52.0106], [4.4591, 52.0105], [4.4589, 52.0103], [4.4587, 52.0102], [4.4585, 52.01], [4.4582, 52.0099], [4.458, 52.0098], [4.4578, 52.0097], [4.4577, 52.0096], [4.4577, 52.0095], [4.4577, 52.0094], [4.4577, 52.0093], [4.4577, 52.0092], [4.4576, 52.0092], [4.4575, 52.0091], [4.4573, 52.009], [4.457, 52.0088], [4.4568, 52.0088], [4.4566, 52.0087], [4.4565, 52.0086], [4.4564, 52.0086], [4.4563, 52.0085], [4.4563, 52.0084], [4.4562, 52.0084], [4.4561, 52.0083], [4.4561, 52.0082], [4.4561, 52.0081], [4.456, 52.008], [4.456, 52.0079], [4.456, 52.0078], [4.456, 52.0077], [4.456, 52.0077], [4.456, 52.0076], [4.4559, 52.0075], [4.4559, 52.0075], [4.4559, 52.0074], [4.4559, 52.0073], [4.4558, 52.0073], [4.4558, 52.0071], [4.4558, 52.0071], [4.4557, 52.007], [4.4556, 52.007], [4.4555, 52.0069], [4.4554, 52.0069], [4.4553, 52.0068], [4.4552, 52.0068], [4.4552, 52.0067], [4.4551, 52.0066], [4.4551, 52.0064], [4.4554, 52.0064], [4.4555, 52.0065], [4.4555, 52.0066], [4.4555, 52.0067], [4.4555, 52.0068], [4.4557, 52.0068], [4.4556, 52.0069], [4.4557, 52.007], [4.4559, 52.0071], [4.4559, 52.0071], [4.4559, 52.0073], [4.4559, 52.0074], [4.456, 52.0075], [4.456, 52.0075], [4.4561, 52.0076], [4.4561, 52.0077], [4.456, 52.0078], [4.4561, 52.0079], [4.4561, 52.008], [4.4561, 52.0081], [4.4561, 52.0082], [4.4563, 52.0083], [4.4564, 52.0085], [4.4566, 52.0086], [4.4567, 52.0087], [4.4567, 52.0087], [4.4569, 52.0087], [4.457, 52.0088], [4.4572, 52.0089], [4.4575, 52.009], [4.4576, 52.0091], [4.4578, 52.0093], [4.4578, 52.0093], [4.4577, 52.0095], [4.4578, 52.0096], [4.458, 52.0098], [4.4583, 52.0099], [4.4588, 52.0102], [4.4591, 52.0104], [4.4593, 52.0106], [4.4596, 52.011], [4.4596, 52.0112], [4.4597, 52.0114], [4.4597, 52.0116], [4.4599, 52.0117], [4.46, 52.0117], [4.4601, 52.0119], [4.4602, 52.0119], [4.4603, 52.012], [4.4606, 52.0121], [4.4608, 52.0122], [4.4609, 52.0123], [4.4611, 52.0124], [4.4614, 52.0125], [4.4615, 52.0126], [4.4615, 52.0127], [4.4615, 52.0127], [4.4615, 52.0127], [4.4613, 52.0129], [4.4612, 52.013], [4.4612, 52.0131], [4.4612, 52.0132], [4.4611, 52.0133], [4.4609, 52.0134], [4.4608, 52.0135], [4.4608, 52.0136], [4.4608, 52.0137], [4.4607, 52.0137]]]]}}, {"type": "Feature", "properties": {"MONUMENTNR": 4053, "Gemeente": "Wassenaar", "Plaats": "Wassenaar/Den Haag", "Toponiem": "Duivenvoordse- en Veenzijdse Polder", "Datering": "Late Middeleeuwen", "WAARDE": "Terrein van hoge archeologische waarde", "Zichtbaarh": "ja", "Beschrijving": "Resten van de landscheiding tussen de hoogheemraadschappen Delfland en Rijnland"}, "geometry": {"type": "MultiPolygon", "coordinates": [[[[4.3703, 52.0962], [4.3702, 52.0963], [4.3688, 52.0974], [4.3675, 52.0985], [4.3664, 52.0995], [4.3656, 52.1002], [4.3646, 52.101], [4.3636, 52.1018], [4.3636, 52.1018], [4.3637, 52.1017], [4.3639, 52.1015], [4.3641, 52.1013], [4.3641, 52.1013], [4.3642, 52.1011], [4.3643, 52.101], [4.3644, 52.1009], [4.3645, 52.1007], [4.3646, 52.1006], [4.3648, 52.1004], [4.3651, 52.1], [4.3652, 52.0999], [4.3653, 52.0999], [4.3655, 52.0998], [4.3657, 52.0996], [4.3659, 52.0995], [4.3661, 52.0994], [4.3664, 52.0992], [4.3666, 52.0989], [4.3672, 52.0985], [4.3673, 52.0984], [4.3675, 52.0982], [4.3675, 52.0982], [4.3677, 52.098], [4.3677, 52.098], [4.3678, 52.0979], [4.3679, 52.0978], [4.368, 52.0978], [4.368, 52.0978], [4.368, 52.0977], [4.3684, 52.0974], [4.3686, 52.0973], [4.3687, 52.0971], [4.369, 52.0969], [4.3694, 52.0966], [4.3697, 52.0964], [4.37, 52.0961], [4.3701, 52.0961], [4.3703, 52.0962]]]]}}, {"type": "Feature", "properties": {"MONUMENTNR": 4058, "Gemeente": "Rijswijk", "Plaats": "Rijswijk", "Toponiem": "Centrum; Den Burgh", "Datering": "Late Middeleeuwen", "WAARDE": "Terrein van hoge archeologische waarde", "Zichtbaarh": "ja", "Beschrijving": "Resten van het mottekasteel Huis Den Burch"}, "geometry": {"type": "MultiPolygon", "coordinates": [[[[4.3232, 52.0515], [4.3233, 52.0517], [4.3237, 52.0519], [4.3239, 52.0519], [4.3242, 52.0521], [4.3245, 52.0523], [4.3247, 52.0525], [4.325, 52.0526], [4.3253, 52.0527], [4.3257, 52.0529], [4.3262, 52.0531], [4.3266, 52.0533], [4.3268, 52.0534], [4.327, 52.0535], [4.3272, 52.0536], [4.327, 52.0538], [4.3269, 52.054], [4.3266, 52.0542], [4.3263, 52.0546], [4.326, 52.0549], [4.3258, 52.0551], [4.3257, 52.0552], [4.3255, 52.0553], [4.3248, 52.0552], [4.3243, 52.0557], [4.3237, 52.0554], [4.3214, 52.0546], [4.3222, 52.0537], [4.3219, 52.0534], [4.3218, 52.0533], [4.322, 52.053], [4.3221, 52.0529], [4.3221, 52.0527], [4.3224, 52.0524], [4.3231, 52.0516], [4.3232, 52.0515]]]]}}, {"type": "Feature", "properties": {"MONUMENTNR": 4055, "Gemeente": "Rijswijk", "Plaats": "Rijswijk", "Toponiem": "Centrum; Laan te Blothinge", "Datering": "Late Middeleeuwen en Nieuwe Tijd", "WAARDE": "Terrein van hoge archeologische waarde", "Zichtbaarh": "nee", "Beschrijving": "Resten van het kasteel Huis Te Blothinge en een boerderij"}, "geometry": {"type": "MultiPolygon", "coordinates": [[[[4.3293, 52.0568], [4.3296, 52.0564], [4.3293, 52.0563], [4.3298, 52.0557], [4.3309, 52.0561], [4.33, 52.057], [4.3293, 52.0568]]]]}}, {"type": "Feature", "properties": {"MONUMENTNR": 16179, "Gemeente": "Rijswijk", "Plaats": "Rijswijk", "Toponiem": "Leeuwendaallaan", "Datering": "Nieuwe Tijd (17e - 19e eeuw)", "WAARDE": "Terrein van hoge archeologische waarde", "Zichtbaarh": "nee", "Beschrijving": "Klooster Nazereth/buitenplaats Leeuwendaal"}, "geometry": {"type": "MultiPolygon", "coordinates": [[[[4.344, 52.0567], [4.3433, 52.0572], [4.3422, 52.0567], [4.3428, 52.0561], [4.344, 52.0567]]]]}}, {"type": "Feature", "properties": {"MONUMENTNR": 10686, "Gemeente": "Rijswijk", "Plaats": "Rijswijk", "Toponiem": "Hoge Broekpolder", "Datering": "Romeinse tijd", "WAARDE": "Terrein van hoge archeologische waarde", "Zichtbaarh": "nee", "Beschrijving": "Bewoningssporen"}, "geometry": {"type": "MultiPolygon", "coordinates": [[[[4.3451, 52.0392], [4.3453, 52.0376], [4.3463, 52.0374], [4.3468, 52.0372], [4.3472, 52.037], [4.3468, 52.039], [4.3451, 52.0392]]]]}}, {"type": "Feature", "properties": {"MONUMENTNR": 7041, "Gemeente": "Rijswijk", "Plaats": "Rijswijk", "Toponiem": "Huis Te Werve", "Datering": "1) Romeinse tijd; 2) Nieuwe Tijd", "WAARDE": "Terrein van hoge archeologische waarde", "Zichtbaarh": "nee", "Beschrijving": "1) Bewoningssporen; 2) resten van het huis Te Werve"}, "geometry": {"type": "MultiPolygon", "coordinates": [[[[4.3188, 52.0449], [4.3189, 52.045], [4.3191, 52.045], [4.3196, 52.0452], [4.3197, 52.0452], [4.32, 52.0454], [4.3199, 52.0454], [4.3203, 52.0455], [4.3204, 52.0455], [4.3207, 52.0456], [4.3207, 52.0456], [4.3216, 52.0458], [4.3221, 52.0458], [4.3222, 52.0459], [4.3222, 52.0459], [4.3223, 52.0459], [4.3224, 52.046], [4.3224, 52.046], [4.3226, 52.046], [4.3235, 52.046], [4.3237, 52.0461], [4.3237, 52.0461], [4.3238, 52.0462], [4.3238, 52.0463], [4.3238, 52.0464], [4.3237, 52.0465], [4.3237, 52.0467], [4.3238, 52.0469], [4.3238, 52.047], [4.3239, 52.0471], [4.3236, 52.0471], [4.323, 52.0472], [4.3229, 52.0472], [4.3229, 52.0473], [4.3227, 52.0474], [4.3225, 52.0476], [4.3221, 52.0478], [4.3221, 52.0479], [4.3213, 52.0487], [4.321, 52.0486], [4.3207, 52.0484], [4.3202, 52.0481], [4.3194, 52.0477], [4.3191, 52.0475], [4.3187, 52.0473], [4.3185, 52.0472], [4.3181, 52.047], [4.3189, 52.046], [4.318, 52.0457], [4.3186, 52.0451], [4.3188, 52.045], [4.3188, 52.0449]]]]}}, {"type": "Feature", "properties": {"MONUMENTNR": 16181, "Gemeente": "Rijswijk", "Plaats": "Rijswijk", "Toponiem": "Schaapweg/De Schilp, De Strijp", "Datering": "1) Neolithicum; 2) IJzertijd; 3) Romeinse Tijd; 3) Late Middeleeuwen", "WAARDE": "Terrein van hoge archeologische waarde", "Zichtbaarh": "nee", "Beschrijving": "1) Drie locaties met bewoningssporen Vlaardingencultuur; 2) eergetouwsporen; 3) bewoningssporen; 4) greppels"}, "geometry": {"type": "MultiPolygon", "coordinates": [[[[4.299, 52.0398], [4.2967, 52.0393], [4.296, 52.0404], [4.2923, 52.0395], [4.2938, 52.0374], [4.3002, 52.038], [4.299, 52.0398]]]]}}, {"type": "Feature", "properties": {"MONUMENTNR": 16189, "Gemeente": "Rijswijk", "Plaats": "Rijswijk", "Toponiem": "Hoekpolder", "Datering": "12e eeuw", "WAARDE": "Terrein van hoge archeologische waarde", "Zichtbaarh": "ja", "Beschrijving": "Huisterp"}, "geometry": {"type": "MultiPolygon", "coordinates": [[[[4.3099, 52.0184], [4.309, 52.0194], [4.3078, 52.019], [4.3086, 52.0179], [4.3099, 52.0184]]]]}}, {"type": "Feature", "properties": {"MONUMENTNR": 10715, "Gemeente": "Rijswijk", "Plaats": "Rijswijk", "Toponiem": "Sion", "Datering": "Late Middeleeuwen", "WAARDE": "Terrein van hoge archeologische waarde", "Zichtbaarh": "nee", "Beschrijving": "Resten van het klooster Sion"}, "geometry": {"type": "MultiPolygon", "coordinates": [[[[4.325, 52.0145], [4.3262, 52.015], [4.3265, 52.0151], [4.3265, 52.0152], [4.3271, 52.0155], [4.3271, 52.0155], [4.3271, 52.0155], [4.327, 52.0157], [4.3268, 52.0159], [4.3266, 52.0161], [4.3262, 52.0164], [4.3258, 52.0167], [4.3257, 52.0167], [4.325, 52.0163], [4.3242, 52.016], [4.3237, 52.0157], [4.3238, 52.0156], [4.3243, 52.015], [4.3247, 52.0146], [4.325, 52.0145]]]]}}, {"type": "Feature", "properties": {"MONUMENTNR": 16193, "Gemeente": "Rijswijk", "Plaats": "Rijswijk", "Toponiem": "Hoekpolder", "Datering": "1) Neolithicum; 2) Romeinse tijd", "WAARDE": "Terrein van hoge archeologische waarde", "Zichtbaarh": "nee", "Beschrijving": "1-2) Bewoningssporen"}, "geometry": {"type": "MultiPolygon", "coordinates": [[[[4.3266, 52.023], [4.3246, 52.0252], [4.3246, 52.0252], [4.3244, 52.0253], [4.3238, 52.0251], [4.3235, 52.025], [4.3235, 52.025], [4.3223, 52.0239], [4.3183, 52.0195], [4.3183, 52.0195], [4.3186, 52.0196], [4.3189, 52.0197], [4.319, 52.0198], [4.3191, 52.0198], [4.3192, 52.0199], [4.3192, 52.0199], [4.3194, 52.02], [4.3194, 52.0199], [4.3194, 52.0199], [4.3266, 52.023]]]]}}, {"type": "Feature", "properties": {"MONUMENTNR": 16190, "Gemeente": "Rijswijk", "Plaats": "Rijswijk", "Toponiem": "Hoekpolder", "Datering": "1) Neolithicum; 2) Romeinse tijd", "WAARDE": "Terrein van hoge archeologische waarde", "Zichtbaarh": "nee", "Beschrijving": "1) Bewoningssporen; 2) Nederzetting, verkavelingssporen"}, "geometry": {"type": "MultiPolygon", "coordinates": [[[[4.3162, 52.0185], [4.3169, 52.0195], [4.3177, 52.0209], [4.3174, 52.0211], [4.3188, 52.0231], [4.3188, 52.0231], [4.3202, 52.0249], [4.3202, 52.0251], [4.3204, 52.0255], [4.3205, 52.0263], [4.3206, 52.0266], [4.3206, 52.0266], [4.3208, 52.0272], [4.321, 52.0274], [4.3217, 52.028], [4.3206, 52.029], [4.3158, 52.0259], [4.3148, 52.0252], [4.3105, 52.0238], [4.3149, 52.0179], [4.3162, 52.0185]]]]}}, {"type": "Feature", "properties": {"MONUMENTNR": 16452, "Gemeente": "Midden-Delfland", "Plaats": "Midden-Delfland", "Toponiem": "Hoekpolder", "Datering": "1) Neolithicum; 2) Romeinse tijd", "WAARDE": "Terrein van hoge archeologische waarde", "Zichtbaarh": "nee", "Beschrijving": "1) Bewoningssporen; 2) Nederzetting, verkavelingssporen"}, "geometry": {"type": "MultiPolygon", "coordinates": [[[[4.3154, 52.0172], [4.3162, 52.0184], [4.3162, 52.0185], [4.3162, 52.0185], [4.3149, 52.0179], [4.3149, 52.0179], [4.3154, 52.0172], [4.3154, 52.0172]]]]}}, {"type": "Feature", "properties": {"MONUMENTNR": 2973, "Gemeente": "Katwijk", "Plaats": "Valkenburg", "Toponiem": "Marktveld; Randweg Marine Vliegkamp", "Datering": "Romeinse tijd", "WAARDE": "Terrein van hoge archeologische waarde", "Zichtbaarh": "onbekend", "Beschrijving": "Bewoningssporen; grafveld"}, "geometry": {"type": "MultiPolygon", "coordinates": [[[[4.431, 52.175], [4.4327, 52.1754], [4.4327, 52.1755], [4.4328, 52.1757], [4.4327, 52.1758], [4.4325, 52.1759], [4.4322, 52.176], [4.4306, 52.1756], [4.4306, 52.1755], [4.4306, 52.1754], [4.431, 52.175]]]]}}, {"type": "Feature", "properties": {"MONUMENTNR": 3188, "Gemeente": "Leidschendam-Voorburg", "Plaats": "Voorburg", "Toponiem": "Laan Van Nieuw Oosteinde; De Werve", "Datering": "Late Middeleeuwen, grotendeels gesloopt in 1801.", "WAARDE": "Terrein van hoge archeologische waarde", "Zichtbaarh": "onbekend", "Beschrijving": "Resten van de hofstede De Werve"}, "geometry": {"type": "MultiPolygon", "coordinates": [[[[4.3534, 52.0715], [4.354, 52.0718], [4.3542, 52.0719], [4.3543, 52.0719], [4.3545, 52.0719], [4.3547, 52.0719], [4.3548, 52.0719], [4.355, 52.0719], [4.3552, 52.0719], [4.3554, 52.072], [4.3557, 52.0722], [4.356, 52.0723], [4.3551, 52.073], [4.3544, 52.0727], [4.3537, 52.0724], [4.3532, 52.0721], [4.3529, 52.072], [4.3529, 52.072], [4.3529, 52.072], [4.3534, 52.0715]]]]}}, {"type": "Feature", "properties": {"MONUMENTNR": 6586, "Gemeente": "Albrandswaard", "Plaats": "Rhoon", "Toponiem": "Polder het Buitenland van Rhoon; Reestein", "Datering": "Late Middeleeuwen", "WAARDE": "Terrein van hoge archeologische waarde", "Zichtbaarh": "ja", "Beschrijving": "Huisterp"}, "geometry": {"type": "MultiPolygon", "coordinates": [[[[4.4785, 51.8513], [4.4784, 51.8513], [4.4783, 51.851], [4.4783, 51.8509], [4.4785, 51.8513]]]]}}, {"type": "Feature", "properties": {"MONUMENTNR": 4034, "Gemeente": "'s-Gravenhage", "Plaats": "Den Haag", "Toponiem": "Westduinen; Solleveld", "Datering": "IJzertijd, Romeinse tijd en vroege Middeleeuwen", "WAARDE": "Terrein van hoge archeologische waarde", "Zichtbaarh": "onbekend", "Beschrijving": "Bewoningssporen"}, "geometry": {"type": "MultiPolygon", "coordinates": [[[[4.2056, 52.0512], [4.2056, 52.0512], [4.2056, 52.0512], [4.2057, 52.0512], [4.2058, 52.0512], [4.2057, 52.0512], [4.2053, 52.0517], [4.2054, 52.0518], [4.2055, 52.0518], [4.2052, 52.0521], [4.2048, 52.052], [4.205, 52.0517], [4.2055, 52.0512], [4.2056, 52.0512], [4.2056, 52.0512]]]]}}, {"type": "Feature", "properties": {"MONUMENTNR": 7224, "Gemeente": "Katwijk", "Plaats": "Katwijk aan den Rijn", "Toponiem": "Zanderij Westerbaan", "Datering": "1) Romeinse tijd; 2) vroege Middeleeuwen", "WAARDE": "Terrein van hoge archeologische waarde", "Zichtbaarh": "nee", "Beschrijving": "1) Bewoningssporen; 2) huisplaats, onverhoogd"}, "geometry": {"type": "MultiPolygon", "coordinates": [[[[4.4161, 52.1881], [4.4162, 52.188], [4.4163, 52.188], [4.4165, 52.188], [4.4168, 52.1881], [4.417, 52.1881], [4.4174, 52.1881], [4.4178, 52.1882], [4.4181, 52.1884], [4.4186, 52.1886], [4.419, 52.1888], [4.4193, 52.1891], [4.4196, 52.1894], [4.4199, 52.19], [4.42, 52.1905], [4.4201, 52.1908], [4.4201, 52.191], [4.4199, 52.1914], [4.4199, 52.1916], [4.4196, 52.1928], [4.4193, 52.1936], [4.4192, 52.194], [4.419, 52.1947], [4.4188, 52.1952], [4.4186, 52.1952], [4.4181, 52.1951], [4.418, 52.1951], [4.4179, 52.1951], [4.4177, 52.1952], [4.4173, 52.1954], [4.4171, 52.1954], [4.417, 52.1954], [4.4169, 52.1954], [4.4167, 52.1954], [4.4166, 52.1954], [4.4164, 52.1954], [4.4163, 52.1954], [4.4158, 52.1957], [4.4154, 52.1957], [4.4152, 52.1957], [4.4153, 52.1954], [4.4158, 52.1946], [4.4162, 52.1946], [4.4163, 52.1946], [4.4165, 52.1945], [4.4166, 52.1945], [4.4167, 52.1944], [4.4168, 52.1943], [4.4177, 52.1913], [4.4176, 52.1912], [4.4176, 52.1912], [4.4171, 52.1911], [4.4171, 52.1911], [4.417, 52.1911], [4.4169, 52.1902], [4.4173, 52.1901], [4.4173, 52.1894], [4.4172, 52.1891], [4.417, 52.1892], [4.4168, 52.1892], [4.4166, 52.1893], [4.4164, 52.1893], [4.4161, 52.1895], [4.4158, 52.1896], [4.4155, 52.1897], [4.4153, 52.1898], [4.415, 52.1898], [4.4149, 52.1898], [4.4147, 52.1898], [4.4146, 52.1898], [4.4145, 52.1897], [4.4144, 52.1895], [4.4144, 52.1894], [4.4144, 52.1893], [4.4144, 52.1891], [4.4137, 52.1889], [4.4139, 52.1889], [4.414, 52.1888], [4.4142, 52.1888], [4.4144, 52.1888], [4.4146, 52.1888], [4.4149, 52.1887], [4.4151, 52.1887], [4.4153, 52.1886], [4.4156, 52.1885], [4.4158, 52.1884], [4.416, 52.1883], [4.4161, 52.1881]]]]}}, {"type": "Feature", "properties": {"MONUMENTNR": 4038, "Gemeente": "Leiden", "Plaats": "Leiden", "Toponiem": "Room- of Meerburgerpolder; Roomburg", "Datering": "1) IJzertijd, Romeinse tijd; 2) late Middeleeuwen", "WAARDE": "Terrein van hoge archeologische waarde", "Zichtbaarh": "nee", "Beschrijving": "1) Nederzetting; 2) resten van het klooster van St. Margaretha"}, "geometry": {"type": "MultiPolygon", "coordinates": [[[[4.5197, 52.147], [4.5213, 52.1475], [4.5217, 52.1477], [4.5215, 52.1479], [4.5199, 52.1475], [4.5192, 52.1473], [4.5191, 52.1473], [4.5195, 52.1471], [4.5197, 52.147]]]]}}, {"type": "Feature", "properties": {"MONUMENTNR": 10691, "Gemeente": "Westland", "Plaats": "Naaldwijk", "Toponiem": "Zuidweg", "Datering": "Late Middeleeuwen", "WAARDE": "Terrein van hoge archeologische waarde", "Zichtbaarh": "nee", "Beschrijving": "Resten van het mottekasteel De Hoge Woerd"}, "geometry": {"type": "MultiPolygon", "coordinates": [[[[4.2052, 51.9848], [4.2052, 51.9847], [4.2074, 51.9847], [4.2082, 51.9848], [4.2077, 51.9867], [4.207, 51.9867], [4.2071, 51.9863], [4.2065, 51.9863], [4.2063, 51.9862], [4.2057, 51.9862], [4.2057, 51.9866], [4.2054, 51.9866], [4.2054, 51.9866], [4.2053, 51.9866], [4.2053, 51.9864], [4.2052, 51.9864], [4.2052, 51.9857], [4.2052, 51.9857], [4.2052, 51.9857], [4.2052, 51.9857], [4.2053, 51.9857], [4.2053, 51.9857], [4.2054, 51.9857], [4.2054, 51.9857], [4.2055, 51.9857], [4.2055, 51.9857], [4.2055, 51.9857], [4.2055, 51.9857], [4.2055, 51.9858], [4.2055, 51.9858], [4.2055, 51.9858], [4.2055, 51.9858], [4.2056, 51.9858], [4.2057, 51.9858], [4.2057, 51.9859], [4.2057, 51.9859], [4.2057, 51.9859], [4.2058, 51.9859], [4.2059, 51.9859], [4.2059, 51.9859], [4.206, 51.9859], [4.2059, 51.986], [4.2059, 51.986], [4.2059, 51.986], [4.2059, 51.9861], [4.2059, 51.9861], [4.206, 51.9861], [4.2061, 51.9861], [4.2061, 51.9861], [4.2061, 51.9861], [4.2061, 51.9861], [4.2061, 51.9861], [4.2061, 51.9861], [4.2062, 51.9861], [4.2062, 51.9861], [4.2062, 51.9861], [4.2063, 51.9861], [4.2064, 51.9861], [4.2064, 51.986], [4.2064, 51.986], [4.2063, 51.986], [4.2063, 51.986], [4.2063, 51.9859], [4.2064, 51.986], [4.2064, 51.9859], [4.2064, 51.986], [4.2064, 51.986], [4.2064, 51.986], [4.2065, 51.986], [4.2065, 51.986], [4.2065, 51.986], [4.2065, 51.9859], [4.2065, 51.9859], [4.2065, 51.9859], [4.2065, 51.9859], [4.2064, 51.9858], [4.2064, 51.9858], [4.2064, 51.9858], [4.2064, 51.9858], [4.2064, 51.9858], [4.2064, 51.9858], [4.2064, 51.9858], [4.2064, 51.9858], [4.2064, 51.9858], [4.2064, 51.9858], [4.2064, 51.9858], [4.2064, 51.9858], [4.2064, 51.9858], [4.2064, 51.9858], [4.2064, 51.9858], [4.2064, 51.9857], [4.2065, 51.9857], [4.2065, 51.9857], [4.2065, 51.9857], [4.2065, 51.9853], [4.2064, 51.9853], [4.2065, 51.9849], [4.2065, 51.9849], [4.2065, 51.9848], [4.2062, 51.9848], [4.2061, 51.9848], [4.2058, 51.9848], [4.2058, 51.9848], [4.2058, 51.9849], [4.2057, 51.9849], [4.2057, 51.9853], [4.2053, 51.9853], [4.2053, 51.9852], [4.2052, 51.9851], [4.2052, 51.9849], [4.2052, 51.9848], [4.2052, 51.9848], [4.2052, 51.9848]], [[4.207, 51.9857], [4.207, 51.9857], [4.207, 51.9857], [4.207, 51.9857], [4.2069, 51.9857], [4.2069, 51.9857], [4.2068, 51.9857], [4.2068, 51.9857], [4.2067, 51.9857], [4.2067, 51.9857], [4.2067, 51.9857], [4.2067, 51.9857], [4.2067, 51.9857], [4.2067, 51.9857], [4.2067, 51.9857], [4.2066, 51.9857], [4.2066, 51.9857], [4.2066, 51.9857], [4.2066, 51.9858], [4.2066, 51.9858], [4.2066, 51.9858], [4.2066, 51.9858], [4.2066, 51.9858], [4.2066, 51.9858], [4.2066, 51.9858], [4.2066, 51.9858], [4.2066, 51.9858], [4.2066, 51.9858], [4.2066, 51.9858], [4.2066, 51.9858], [4.2067, 51.9858], [4.2067, 51.9858], [4.2067, 51.9858], [4.2067, 51.9858], [4.2067, 51.9858], [4.2067, 51.9858], [4.2067, 51.9859], [4.2067, 51.9859], [4.2067, 51.9859], [4.2067, 51.9859], [4.2067, 51.9859], [4.2067, 51.9859], [4.2067, 51.9859], [4.2067, 51.9859], [4.2067, 51.9859], [4.2067, 51.9859], [4.2067, 51.9859], [4.2067, 51.9859], [4.2067, 51.9859], [4.2067, 51.9859], [4.2067, 51.9859], [4.2067, 51.9859], [4.2067, 51.9859], [4.2067, 51.9859], [4.2067, 51.9859], [4.2067, 51.9859], [4.2067, 51.9859], [4.2067, 51.9859], [4.2067, 51.9859], [4.2067, 51.9859], [4.2067, 51.9859], [4.2067, 51.9859], [4.2067, 51.9859], [4.2067, 51.986], [4.2067, 51.986], [4.2067, 51.986], [4.2067, 51.986], [4.2067, 51.986], [4.2067, 51.986], [4.2067, 51.986], [4.2067, 51.986], [4.2067, 51.986], [4.2067, 51.986], [4.2067, 51.986], [4.2067, 51.986], [4.2067, 51.986], [4.2067, 51.986], [4.2067, 51.986], [4.2067, 51.986], [4.2067, 51.986], [4.2067, 51.986], [4.2067, 51.986], [4.2067, 51.986], [4.2067, 51.986], [4.2067, 51.986], [4.2067, 51.9861], [4.2067, 51.9861], [4.2067, 51.9861], [4.2067, 51.9861], [4.2067, 51.9861], [4.2067, 51.9861], [4.2067, 51.9861], [4.2067, 51.9861], [4.2067, 51.9861], [4.2067, 51.9861], [4.2067, 51.9861], [4.2067, 51.9861], [4.2067, 51.9861], [4.2067, 51.9861], [4.2067, 51.9861], [4.2067, 51.9861], [4.2067, 51.9861], [4.2067, 51.9861], [4.2067, 51.9861], [4.2067, 51.9861], [4.2068, 51.9861], [4.2068, 51.9861], [4.2068, 51.9861], [4.2068, 51.9861], [4.2068, 51.9861], [4.2068, 51.9861], [4.2068, 51.9861], [4.2068, 51.9861], [4.2068, 51.9861], [4.2068, 51.9861], [4.2068, 51.9861], [4.2068, 51.9861], [4.2068, 51.9861], [4.2068, 51.9861], [4.2068, 51.9861], [4.2068, 51.9861], [4.2069, 51.9861], [4.2069, 51.9862], [4.2069, 51.9862], [4.2069, 51.9862], [4.2069, 51.9862], [4.2069, 51.9862], [4.2069, 51.9862], [4.2069, 51.9862], [4.2069, 51.9862], [4.2069, 51.9862], [4.2069, 51.9862], [4.2069, 51.9862], [4.2069, 51.9862], [4.2069, 51.9862], [4.2069, 51.9862], [4.2069, 51.9862], [4.2069, 51.9862], [4.2069, 51.9862], [4.2069, 51.9862], [4.207, 51.9862], [4.207, 51.9862], [4.207, 51.9862], [4.207, 51.9862], [4.207, 51.9862], [4.207, 51.9862], [4.207, 51.9862], [4.2071, 51.9862], [4.2071, 51.9862], [4.2071, 51.9862], [4.2071, 51.9862], [4.2071, 51.9862], [4.2071, 51.9862], [4.2071, 51.9862], [4.2072, 51.9862], [4.2072, 51.9862], [4.2072, 51.9862], [4.2072, 51.9862], [4.2072, 51.9862], [4.2072, 51.9862], [4.2072, 51.9862], [4.2072, 51.9862], [4.2072, 51.9862], [4.2072, 51.9862], [4.2073, 51.9862], [4.2073, 51.9862], [4.2073, 51.9862], [4.2073, 51.9862], [4.2073, 51.9862], [4.2073, 51.9862], [4.2073, 51.9862], [4.2073, 51.9862], [4.2073, 51.9862], [4.2073, 51.9862], [4.2074, 51.9862], [4.2074, 51.9862], [4.2074, 51.9862], [4.2074, 51.9862], [4.2074, 51.9862], [4.2074, 51.9862], [4.2074, 51.9862], [4.2074, 51.9862], [4.2074, 51.9862], [4.2074, 51.9862], [4.2074, 51.9862], [4.2074, 51.9862], [4.2074, 51.9862], [4.2074, 51.9862], [4.2074, 51.9862], [4.2074, 51.9862], [4.2075, 51.9862], [4.2075, 51.9862], [4.2075, 51.9862], [4.2075, 51.9862], [4.2076, 51.9862], [4.2076, 51.9862], [4.2076, 51.9862], [4.2076, 51.9862], [4.2076, 51.9862], [4.2076, 51.9862], [4.2076, 51.9862], [4.2076, 51.9862], [4.2076, 51.9862], [4.2076, 51.9862], [4.2076, 51.9862], [4.2076, 51.9862], [4.2076, 51.9861], [4.2076, 51.9861], [4.2076, 51.9861], [4.2077, 51.9862], [4.2077, 51.9862], [4.2077, 51.9862], [4.2077, 51.9862], [4.2077, 51.9862], [4.2077, 51.9862], [4.2077, 51.9862], [4.2077, 51.9862], [4.2077, 51.9862], [4.2077, 51.9862], [4.2077, 51.9862], [4.2077, 51.9862], [4.2077, 51.9861], [4.2077, 51.9861], [4.2077, 51.9861], [4.2077, 51.9861], [4.2077, 51.9861], [4.2077, 51.9861], [4.2077, 51.9861], [4.2077, 51.9861], [4.2077, 51.986], [4.2077, 51.986], [4.2077, 51.986], [4.2077, 51.986], [4.2077, 51.986], [4.2077, 51.986], [4.2077, 51.986], [4.2077, 51.986], [4.2077, 51.986], [4.2077, 51.986], [4.2077, 51.986], [4.2077, 51.986], [4.2077, 51.986], [4.2077, 51.986], [4.2077, 51.986], [4.2077, 51.986], [4.2077, 51.986], [4.2077, 51.986], [4.2077, 51.986], [4.2077, 51.986], [4.2077, 51.986], [4.2077, 51.986], [4.2077, 51.986], [4.2077, 51.986], [4.2077, 51.986], [4.2077, 51.986], [4.2077, 51.986], [4.2077, 51.986], [4.2077, 51.986], [4.2077, 51.986], [4.2077, 51.986], [4.2077, 51.986], [4.2077, 51.986], [4.2077, 51.986], [4.2077, 51.9859], [4.2077, 51.9859], [4.2077, 51.9859], [4.2077, 51.9859], [4.2077, 51.9859], [4.2076, 51.9859], [4.2076, 51.9859], [4.2076, 51.9859], [4.2076, 51.9859], [4.2075, 51.9859], [4.2075, 51.9859], [4.2075, 51.9859], [4.2075, 51.9859], [4.2075, 51.9858], [4.2075, 51.9858], [4.2075, 51.9858], [4.2075, 51.9858], [4.2075, 51.9858], [4.2075, 51.9858], [4.2075, 51.9858], [4.2075, 51.9858], [4.2074, 51.9858], [4.2074, 51.9858], [4.2074, 51.9858], [4.2074, 51.9858], [4.2074, 51.9858], [4.2074, 51.9858], [4.2074, 51.9858], [4.2073, 51.9858], [4.2073, 51.9858], [4.2073, 51.9858], [4.2073, 51.9858], [4.2073, 51.9858], [4.2072, 51.9858], [4.2072, 51.9858], [4.2072, 51.9858], [4.2072, 51.9858], [4.2071, 51.9858], [4.2071, 51.9858], [4.2071, 51.9858], [4.2071, 51.9858], [4.2071, 51.9858], [4.2071, 51.9858], [4.2071, 51.9858], [4.2071, 51.9858], [4.2071, 51.9858], [4.2071, 51.9858], [4.2071, 51.9858], [4.2071, 51.9858], [4.2071, 51.9858], [4.2071, 51.9858], [4.2071, 51.9858], [4.2071, 51.9858], [4.2071, 51.9858], [4.2071, 51.9858], [4.2071, 51.9858], [4.2071, 51.9858], [4.2071, 51.9858], [4.2071, 51.9858], [4.2071, 51.9858], [4.2071, 51.9858], [4.2071, 51.9858], [4.2071, 51.9858], [4.2071, 51.9858], [4.2071, 51.9858], [4.2071, 51.9858], [4.2071, 51.9858], [4.2071, 51.9858], [4.2071, 51.9858], [4.2071, 51.9858], [4.2071, 51.9858], [4.2071, 51.9858], [4.2071, 51.9858], [4.2071, 51.9858], [4.2071, 51.9858], [4.207, 51.9858], [4.207, 51.9858], [4.207, 51.9857], [4.207, 51.9857], [4.207, 51.9857], [4.207, 51.9857], [4.207, 51.9857], [4.207, 51.9857]], [[4.2075, 51.9862], [4.2075, 51.9862], [4.2075, 51.9862], [4.2075, 51.9862], [4.2075, 51.9862], [4.2075, 51.9862], [4.2075, 51.9862], [4.2075, 51.9862], [4.2075, 51.9862], [4.2075, 51.9862], [4.2075, 51.9862], [4.2075, 51.9862], [4.2075, 51.9862], [4.2075, 51.9862], [4.2075, 51.9863], [4.2075, 51.9863], [4.2075, 51.9863], [4.2075, 51.9863], [4.2075, 51.9863], [4.2075, 51.9863], [4.2075, 51.9863], [4.2075, 51.9863], [4.2075, 51.9863], [4.2075, 51.9863], [4.2075, 51.9863], [4.2075, 51.9863], [4.2075, 51.9863], [4.2075, 51.9863], [4.2075, 51.9863], [4.2075, 51.9863], [4.2075, 51.9863], [4.2075, 51.9863], [4.2075, 51.9863], [4.2076, 51.9863], [4.2076, 51.9863], [4.2076, 51.9863], [4.2076, 51.9863], [4.2076, 51.9863], [4.2076, 51.9863], [4.2076, 51.9863], [4.2076, 51.9863], [4.2076, 51.9863], [4.2076, 51.9863], [4.2076, 51.9863], [4.2076, 51.9863], [4.2076, 51.9863], [4.2076, 51.9863], [4.2076, 51.9863], [4.2076, 51.9863], [4.2077, 51.9863], [4.2077, 51.9863], [4.2077, 51.9863], [4.2077, 51.9863], [4.2077, 51.9863], [4.2077, 51.9863], [4.2077, 51.9863], [4.2077, 51.9863], [4.2077, 51.9863], [4.2077, 51.9863], [4.2077, 51.9863], [4.2077, 51.9863], [4.2077, 51.9863], [4.2077, 51.9863], [4.2077, 51.9863], [4.2077, 51.9863], [4.2077, 51.9862], [4.2077, 51.9862], [4.2077, 51.9862], [4.2077, 51.9862], [4.2077, 51.9862], [4.2077, 51.9862], [4.2077, 51.9862], [4.2077, 51.9862], [4.2077, 51.9862], [4.2077, 51.9862], [4.2077, 51.9862], [4.2077, 51.9862], [4.2077, 51.9862], [4.2077, 51.9862], [4.2077, 51.9862], [4.2077, 51.9862], [4.2077, 51.9862], [4.2076, 51.9862], [4.2076, 51.9862], [4.2076, 51.9862], [4.2076, 51.9862], [4.2076, 51.9862], [4.2076, 51.9862], [4.2076, 51.9862], [4.2076, 51.9862], [4.2076, 51.9862], [4.2076, 51.9862], [4.2076, 51.9862], [4.2076, 51.9862], [4.2076, 51.9862], [4.2076, 51.9862], [4.2076, 51.9862], [4.2076, 51.9862], [4.2076, 51.9862], [4.2076, 51.9862], [4.2075, 51.9862], [4.2075, 51.9862], [4.2075, 51.9862], [4.2075, 51.9862], [4.2075, 51.9862]]]]}}, {"type": "Feature", "properties": {"MONUMENTNR": 12, "Gemeente": "Leiden", "Plaats": "Leiden", "Toponiem": "Boschuysen", "Datering": "Middeleeuwen", "WAARDE": "Terrein van hoge archeologische waarde", "Zichtbaarh": "onbekend", "Beschrijving": "Tijdens de aanleg van sportvelden aan de Boshuizerkade werden in het voorjaar van 1955 op een diepte van ongeveer een meter beneden maaiveld de restanten aangetroffen van zware 1,5 meter dikke muren. Deze vormden een vierkant van 30 x 30 meter en waren ooit de buitenmuren van het voormalig kasteel Boshuizen of Boschhuysen. Het oorspronkelijke kasteel dateert van rond 1300. Aan de oostzijde van het vierkant werden de funderingen van een toren aangetroffen. Aan de noordzijde bevond zich vermoedelijk een ophaalbrug. Mogelijk zijn er nog resten van de binnenmuren van het kasteel aanwezig. In 1574 werd het kasteel bij het beleg van Leiden geheel gesloopt. Omstreeks 1632 werd op dezelfde plaats een nieuw buitenhuis gebouwd dat in de 18e eeuw plaats moest maken voor een kleiner  landhuis. Rond 1850 werd het terrein geheel geëgaliseerd en als weiland in gebruik genomen."}, "geometry": {"type": "MultiPolygon", "coordinates": [[[[4.475, 52.1514], [4.475, 52.1514], [4.475, 52.1514], [4.475, 52.1514], [4.475, 52.1514], [4.4756, 52.1515], [4.4756, 52.1515], [4.4756, 52.1515], [4.4757, 52.1515], [4.4757, 52.1515], [4.4757, 52.1515], [4.4757, 52.1515], [4.4757, 52.1515], [4.4757, 52.1515], [4.4757, 52.1515], [4.4758, 52.1515], [4.4758, 52.1516], [4.4758, 52.1516], [4.4758, 52.1516], [4.4758, 52.1516], [4.4758, 52.1516], [4.4759, 52.1516], [4.4759, 52.1516], [4.4759, 52.1516], [4.4759, 52.1516], [4.4759, 52.1516], [4.4759, 52.1517], [4.4759, 52.1517], [4.4759, 52.1517], [4.4759, 52.1517], [4.4759, 52.1517], [4.4759, 52.1517], [4.4759, 52.1517], [4.4759, 52.1517], [4.4759, 52.1518], [4.4759, 52.1518], [4.4759, 52.1518], [4.4758, 52.1521], [4.4758, 52.1521], [4.4758, 52.1521], [4.4758, 52.1522], [4.4758, 52.1522], [4.4758, 52.1522], [4.4758, 52.1522], [4.4757, 52.1522], [4.4757, 52.1522], [4.4757, 52.1522], [4.4757, 52.1522], [4.4757, 52.1522], [4.4757, 52.1522], [4.4757, 52.1523], [4.4757, 52.1523], [4.4756, 52.1523], [4.4756, 52.1523], [4.4756, 52.1523], [4.4756, 52.1523], [4.4756, 52.1523], [4.4756, 52.1523], [4.4755, 52.1523], [4.4755, 52.1523], [4.4755, 52.1523], [4.4755, 52.1523], [4.4754, 52.1523], [4.4754, 52.1523], [4.4754, 52.1523], [4.4754, 52.1523], [4.4754, 52.1523], [4.4754, 52.1523], [4.4754, 52.1523], [4.4748, 52.1522], [4.4748, 52.1522], [4.4748, 52.1522], [4.4747, 52.1522], [4.4747, 52.1522], [4.4747, 52.1522], [4.4747, 52.1522], [4.4747, 52.1522], [4.4747, 52.1522], [4.4746, 52.1522], [4.4746, 52.1522], [4.4746, 52.1522], [4.4746, 52.1522], [4.4746, 52.1522], [4.4746, 52.1522], [4.4745, 52.1521], [4.4745, 52.1521], [4.4745, 52.1521], [4.4745, 52.1521], [4.4745, 52.1521], [4.4745, 52.1521], [4.4745, 52.1521], [4.4745, 52.1521], [4.4745, 52.152], [4.4745, 52.152], [4.4745, 52.152], [4.4745, 52.152], [4.4745, 52.152], [4.4745, 52.152], [4.4745, 52.152], [4.4745, 52.152], [4.4745, 52.152], [4.4746, 52.1516], [4.4746, 52.1516], [4.4746, 52.1516], [4.4746, 52.1516], [4.4746, 52.1516], [4.4746, 52.1516], [4.4746, 52.1516], [4.4746, 52.1516], [4.4747, 52.1515], [4.4747, 52.1515], [4.4747, 52.1515], [4.4747, 52.1515], [4.4747, 52.1515], [4.4747, 52.1515], [4.4747, 52.1515], [4.4748, 52.1515], [4.4748, 52.1515], [4.4748, 52.1515], [4.4748, 52.1515], [4.4748, 52.1514], [4.4748, 52.1514], [4.4749, 52.1514], [4.4749, 52.1514], [4.4749, 52.1514], [4.4749, 52.1514], [4.475, 52.1514], [4.475, 52.1514], [4.475, 52.1514]]]]}}, {"type": "Feature", "properties": {"MONUMENTNR": 37, "Gemeente": "Bernisse", "Plaats": "Geervliet", "Toponiem": "Hof te Putten", "Datering": "Middeleeuwen", "WAARDE": "Terrein van hoge archeologische waarde", "Zichtbaarh": "onbekend", "Beschrijving": "Net zo interessant en minder bekend is dat in 1955 bleek dat vlakbij het kasteel een steenbakkerij stond. De locatie hiervan zou zich ook onder de sportvelden kunnen bevinden, evenals andere bijgebouwen van het kasteel."}, "geometry": {"type": "MultiPolygon", "coordinates": [[[[4.2599, 51.8598], [4.2599, 51.8598], [4.2599, 51.8598], [4.2598, 51.8598], [4.2598, 51.8598], [4.2598, 51.8598], [4.2598, 51.8598], [4.2598, 51.8598], [4.2598, 51.8598], [4.2598, 51.8598], [4.2592, 51.8598], [4.2592, 51.8598], [4.2592, 51.8598], [4.2592, 51.8598], [4.2591, 51.8598], [4.2591, 51.8598], [4.2591, 51.8598], [4.2591, 51.8598], [4.259, 51.8598], [4.259, 51.8598], [4.259, 51.8598], [4.259, 51.8598], [4.2589, 51.8598], [4.2589, 51.8598], [4.2589, 51.8598], [4.2589, 51.8598], [4.2589, 51.8598], [4.2588, 51.8598], [4.2588, 51.8598], [4.2588, 51.8598], [4.2588, 51.8598], [4.2588, 51.8598], [4.2588, 51.8598], [4.2588, 51.8598], [4.2587, 51.8598], [4.2587, 51.8598], [4.2587, 51.8598], [4.2587, 51.8598], [4.2587, 51.8597], [4.2587, 51.8597], [4.2587, 51.8597], [4.2587, 51.8597], [4.2586, 51.8597], [4.2585, 51.8596], [4.2585, 51.8596], [4.2585, 51.8596], [4.2585, 51.8596], [4.2585, 51.8596], [4.2585, 51.8596], [4.2585, 51.8596], [4.2584, 51.8596], [4.2584, 51.8596], [4.2584, 51.8596], [4.2584, 51.8596], [4.2584, 51.8596], [4.2584, 51.8595], [4.2584, 51.8595], [4.2584, 51.8595], [4.2584, 51.8595], [4.2584, 51.8595], [4.2584, 51.8595], [4.2584, 51.8595], [4.2584, 51.8595], [4.2584, 51.8594], [4.2584, 51.8594], [4.2584, 51.8594], [4.2584, 51.8594], [4.2584, 51.8594], [4.2584, 51.8589], [4.2584, 51.8589], [4.2584, 51.8589], [4.2584, 51.8589], [4.2584, 51.8588], [4.2584, 51.8588], [4.2585, 51.8588], [4.2585, 51.8588], [4.2585, 51.8588], [4.2585, 51.8588], [4.2585, 51.8588], [4.2585, 51.8588], [4.2585, 51.8588], [4.2585, 51.8587], [4.2585, 51.8587], [4.2585, 51.8587], [4.2585, 51.8587], [4.2587, 51.8586], [4.2587, 51.8586], [4.2587, 51.8586], [4.2587, 51.8586], [4.2587, 51.8586], [4.2588, 51.8586], [4.2588, 51.8586], [4.2588, 51.8586], [4.2588, 51.8586], [4.2588, 51.8586], [4.2588, 51.8586], [4.2588, 51.8586], [4.2589, 51.8586], [4.2589, 51.8586], [4.2589, 51.8586], [4.2589, 51.8586], [4.259, 51.8586], [4.259, 51.8586], [4.2593, 51.8586], [4.2593, 51.8586], [4.2593, 51.8586], [4.2593, 51.8586], [4.2593, 51.8586], [4.2593, 51.8586], [4.2594, 51.8586], [4.2594, 51.8586], [4.2594, 51.8586], [4.2597, 51.8586], [4.2597, 51.8586], [4.2597, 51.8586], [4.2597, 51.8586], [4.2597, 51.8586], [4.2601, 51.8586], [4.2601, 51.8586], [4.2601, 51.8587], [4.2601, 51.8587], [4.2602, 51.8587], [4.2602, 51.8587], [4.2602, 51.8587], [4.2602, 51.8587], [4.2602, 51.8587], [4.2602, 51.8587], [4.2603, 51.8587], [4.2603, 51.8587], [4.2603, 51.8587], [4.2603, 51.8587], [4.2605, 51.8589], [4.2605, 51.8589], [4.2605, 51.8589], [4.2605, 51.8589], [4.2605, 51.8589], [4.2606, 51.8589], [4.2606, 51.8589], [4.2606, 51.8589], [4.2606, 51.8589], [4.2606, 51.8589], [4.2606, 51.8589], [4.2606, 51.8589], [4.2606, 51.859], [4.2606, 51.859], [4.2606, 51.859], [4.2606, 51.859], [4.2606, 51.859], [4.2606, 51.859], [4.2606, 51.859], [4.2606, 51.859], [4.2606, 51.8591], [4.2606, 51.8591], [4.2605, 51.8595], [4.2605, 51.8596], [4.2605, 51.8596], [4.2605, 51.8596], [4.2605, 51.8596], [4.2604, 51.8596], [4.2604, 51.8596], [4.2604, 51.8596], [4.2604, 51.8596], [4.2604, 51.8596], [4.2604, 51.8596], [4.2604, 51.8597], [4.2604, 51.8597], [4.2603, 51.8597], [4.2603, 51.8597], [4.2603, 51.8597], [4.2603, 51.8597], [4.2603, 51.8597], [4.2603, 51.8597], [4.26, 51.8598], [4.26, 51.8598], [4.26, 51.8598], [4.2599, 51.8598]]]]}}, {"type": "Feature", "properties": {"MONUMENTNR": 102, "Gemeente": "Zoeterwoude", "Plaats": "Zoeterwoude", "Toponiem": "Meerburg", "Datering": "Middeleeuwen", "WAARDE": "Terrein van hoge archeologische waarde", "Zichtbaarh": "onbekend", "Beschrijving": "De hoofdburcht van voormalig kasteel Meerburg lag bij de Produktieweg in Zoeterwoude. Het gereconstrueerde kasteeleiland blijkt niet de locatie van voormalige hoofdburcht. Tevens had het eiland rond van vorm moeten zijn en een grotere omvang moeten hebben. De vondst van een Karolingische bolpot-scherf doet vermoeden dat er al in de Vroege Middeleeuwen sprake is van bewoning op deze plek."}, "geometry": {"type": "MultiPolygon", "coordinates": [[[[4.5158, 52.1411], [4.5158, 52.1411], [4.5158, 52.1411], [4.5158, 52.1411], [4.5157, 52.1411], [4.5157, 52.1411], [4.5157, 52.1411], [4.5157, 52.1411], [4.5157, 52.1411], [4.5157, 52.1411], [4.5157, 52.1411], [4.5157, 52.1411], [4.5157, 52.1411], [4.5157, 52.1411], [4.5156, 52.1411], [4.5156, 52.1411], [4.5156, 52.1411], [4.5156, 52.1411], [4.5155, 52.1411], [4.5155, 52.1411], [4.5155, 52.1411], [4.5155, 52.1411], [4.5155, 52.1411], [4.5155, 52.1411], [4.5155, 52.1411], [4.5155, 52.1411], [4.5154, 52.1411], [4.5154, 52.1411], [4.5154, 52.1411], [4.5154, 52.1411], [4.5154, 52.1411], [4.5154, 52.1411], [4.5154, 52.1411], [4.5154, 52.1411], [4.5154, 52.1411], [4.5154, 52.1411], [4.5153, 52.1411], [4.5153, 52.1411], [4.5153, 52.1411], [4.5153, 52.1411], [4.5153, 52.141], [4.5153, 52.141], [4.5153, 52.141], [4.5152, 52.141], [4.5152, 52.141], [4.5152, 52.141], [4.5152, 52.141], [4.5152, 52.141], [4.5152, 52.141], [4.5152, 52.141], [4.5152, 52.141], [4.5152, 52.141], [4.5152, 52.141], [4.5151, 52.1409], [4.5151, 52.1409], [4.5151, 52.1409], [4.5151, 52.1409], [4.5151, 52.1409], [4.5151, 52.1409], [4.5151, 52.1409], [4.5151, 52.1409], [4.5151, 52.1409], [4.5151, 52.1409], [4.5151, 52.1409], [4.5151, 52.1409], [4.5151, 52.1409], [4.5151, 52.1408], [4.5151, 52.1408], [4.5151, 52.1408], [4.5151, 52.1408], [4.5151, 52.1408], [4.515, 52.1408], [4.515, 52.1408], [4.515, 52.1408], [4.515, 52.1408], [4.515, 52.1407], [4.515, 52.1407], [4.515, 52.1407], [4.515, 52.1407], [4.515, 52.1407], [4.515, 52.1407], [4.515, 52.1407], [4.515, 52.1407], [4.515, 52.1407], [4.515, 52.1407], [4.515, 52.1407], [4.515, 52.1406], [4.515, 52.1406], [4.515, 52.1406], [4.515, 52.1406], [4.515, 52.1406], [4.515, 52.1406], [4.515, 52.1406], [4.515, 52.1406], [4.515, 52.1406], [4.515, 52.1406], [4.515, 52.1406], [4.515, 52.1405], [4.515, 52.1405], [4.515, 52.1405], [4.515, 52.1405], [4.515, 52.1405], [4.515, 52.1405], [4.515, 52.1405], [4.515, 52.1405], [4.515, 52.1405], [4.515, 52.1405], [4.5151, 52.1404], [4.5151, 52.1404], [4.5151, 52.1404], [4.5151, 52.1404], [4.5151, 52.1404], [4.5151, 52.1404], [4.5151, 52.1404], [4.5151, 52.1404], [4.5151, 52.1404], [4.5151, 52.1404], [4.5151, 52.1404], [4.5151, 52.1404], [4.5151, 52.1404], [4.5151, 52.1404], [4.5151, 52.1403], [4.5152, 52.1403], [4.5152, 52.1403], [4.5152, 52.1403], [4.5152, 52.1403], [4.5152, 52.1403], [4.5152, 52.1403], [4.5152, 52.1403], [4.5152, 52.1403], [4.5152, 52.1403], [4.5153, 52.1403], [4.5153, 52.1403], [4.5153, 52.1403], [4.5153, 52.1403], [4.5153, 52.1403], [4.5153, 52.1402], [4.5153, 52.1402], [4.5153, 52.1402], [4.5153, 52.1402], [4.5154, 52.1402], [4.5154, 52.1402], [4.5154, 52.1402], [4.5154, 52.1402], [4.5154, 52.1402], [4.5154, 52.1402], [4.5154, 52.1402], [4.5154, 52.1402], [4.5154, 52.1402], [4.5154, 52.1402], [4.5155, 52.1402], [4.5155, 52.1402], [4.5155, 52.1402], [4.5155, 52.1402], [4.5155, 52.1402], [4.5155, 52.1402], [4.5156, 52.1402], [4.5156, 52.1402], [4.5156, 52.1402], [4.5156, 52.1402], [4.5156, 52.1402], [4.5156, 52.1401], [4.5156, 52.1401], [4.5157, 52.1401], [4.5157, 52.1401], [4.5157, 52.1401], [4.5157, 52.1401], [4.5157, 52.1401], [4.5157, 52.1401], [4.5157, 52.1401], [4.5157, 52.1401], [4.5158, 52.1401], [4.5158, 52.1401], [4.5158, 52.1401], [4.5158, 52.1401], [4.5158, 52.1401], [4.5158, 52.1401], [4.5159, 52.1401], [4.5159, 52.1401], [4.5159, 52.1401], [4.5159, 52.1401], [4.5159, 52.1401], [4.5159, 52.1401], [4.5159, 52.1401], [4.5159, 52.1401], [4.5159, 52.1401], [4.516, 52.1401], [4.516, 52.1401], [4.516, 52.1401], [4.516, 52.1401], [4.516, 52.1401], [4.5161, 52.1401], [4.5161, 52.1401], [4.5161, 52.1401], [4.5161, 52.1402], [4.5161, 52.1402], [4.5162, 52.1402], [4.5162, 52.1402], [4.5162, 52.1402], [4.5162, 52.1402], [4.5162, 52.1402], [4.5162, 52.1402], [4.5162, 52.1402], [4.5162, 52.1402], [4.5162, 52.1402], [4.5163, 52.1402], [4.5163, 52.1402], [4.5163, 52.1402], [4.5163, 52.1402], [4.5163, 52.1402], [4.5163, 52.1402], [4.5163, 52.1402], [4.5163, 52.1402], [4.5164, 52.1402], [4.5164, 52.1402], [4.5164, 52.1403], [4.5164, 52.1403], [4.5164, 52.1403], [4.5164, 52.1403], [4.5164, 52.1403], [4.5164, 52.1403], [4.5165, 52.1403], [4.5165, 52.1403], [4.5165, 52.1403], [4.5165, 52.1403], [4.5165, 52.1403], [4.5165, 52.1403], [4.5165, 52.1403], [4.5165, 52.1403], [4.5165, 52.1403], [4.5165, 52.1404], [4.5165, 52.1404], [4.5165, 52.1404], [4.5165, 52.1404], [4.5165, 52.1404], [4.5165, 52.1404], [4.5166, 52.1404], [4.5166, 52.1404], [4.5166, 52.1404], [4.5166, 52.1404], [4.5166, 52.1404], [4.5166, 52.1405], [4.5166, 52.1405], [4.5166, 52.1405], [4.5166, 52.1405], [4.5166, 52.1405], [4.5166, 52.1405], [4.5166, 52.1405], [4.5166, 52.1405], [4.5166, 52.1405], [4.5166, 52.1405], [4.5166, 52.1405], [4.5166, 52.1406], [4.5166, 52.1406], [4.5166, 52.1406], [4.5166, 52.1406], [4.5166, 52.1406], [4.5166, 52.1406], [4.5166, 52.1406], [4.5166, 52.1406], [4.5166, 52.1406], [4.5166, 52.1406], [4.5166, 52.1406], [4.5166, 52.1406], [4.5166, 52.1407], [4.5166, 52.1407], [4.5166, 52.1407], [4.5166, 52.1407], [4.5166, 52.1407], [4.5166, 52.1407], [4.5166, 52.1407], [4.5166, 52.1407], [4.5166, 52.1407], [4.5166, 52.1407], [4.5166, 52.1408], [4.5166, 52.1408], [4.5166, 52.1408], [4.5166, 52.1408], [4.5166, 52.1408], [4.5166, 52.1408], [4.5166, 52.1408], [4.5166, 52.1408], [4.5166, 52.1408], [4.5166, 52.1408], [4.5166, 52.1408], [4.5166, 52.1408], [4.5165, 52.1409], [4.5165, 52.1409], [4.5165, 52.1409], [4.5165, 52.1409], [4.5165, 52.1409], [4.5165, 52.1409], [4.5165, 52.1409], [4.5165, 52.1409], [4.5165, 52.1409], [4.5165, 52.1409], [4.5165, 52.1409], [4.5165, 52.1409], [4.5165, 52.1409], [4.5165, 52.1409], [4.5165, 52.1409], [4.5165, 52.141], [4.5165, 52.141], [4.5164, 52.141], [4.5164, 52.141], [4.5164, 52.141], [4.5164, 52.141], [4.5164, 52.141], [4.5164, 52.141], [4.5164, 52.141], [4.5164, 52.141], [4.5164, 52.141], [4.5163, 52.141], [4.5163, 52.141], [4.5163, 52.141], [4.5163, 52.141], [4.5163, 52.1411], [4.5162, 52.1411], [4.5162, 52.1411], [4.5162, 52.1411], [4.5162, 52.1411], [4.5162, 52.1411], [4.5162, 52.1411], [4.5161, 52.1411], [4.5161, 52.1411], [4.5161, 52.1411], [4.5161, 52.1411], [4.5161, 52.1411], [4.5161, 52.1411], [4.5161, 52.1411], [4.5161, 52.1411], [4.516, 52.1411], [4.516, 52.1411], [4.516, 52.1411], [4.516, 52.1411], [4.516, 52.1411], [4.516, 52.1411], [4.5159, 52.1411], [4.5159, 52.1411], [4.5159, 52.1411], [4.5159, 52.1411], [4.5159, 52.1411], [4.5159, 52.1411], [4.5159, 52.1411], [4.5158, 52.1411], [4.5158, 52.1411], [4.5158, 52.1411], [4.5158, 52.1411], [4.5158, 52.1411], [4.5158, 52.1411]]]]}}, {"type": "Feature", "properties": {"MONUMENTNR": 107, "Gemeente": "Wassenaar", "Plaats": "Wassenaar", "Toponiem": "Persijn", "Datering": "Middeleeuwen", "WAARDE": "Terrein van hoge archeologische waarde", "Zichtbaarh": "onbekend", "Beschrijving": "De heren van Persijn lieten dit kasteel in de periode 1544-1550 bouwen. Het werd in het begin van de 19e eeuw afgebroken. Begin  20e eeuw werden er nog enkele boerderijen gebouwd op het landgoed. Kasteelboerderij Groot Persijn werd in 1944 bij een V2 inslag zwaar beschadigd en kort daarop afgebroken. Op Google Earth is in het gras van het weiland achter Persijnlaan 18, omringd door de oude landgoed-sloten, nog de omtrek van het kasteel te zien."}, "geometry": {"type": "MultiPolygon", "coordinates": [[[[4.371, 52.1063], [4.371, 52.1063], [4.371, 52.1063], [4.3711, 52.1063], [4.3711, 52.1063], [4.3711, 52.1063], [4.3711, 52.1063], [4.3712, 52.1063], [4.3712, 52.1063], [4.3712, 52.1063], [4.3712, 52.1063], [4.3712, 52.1064], [4.3712, 52.1064], [4.3712, 52.1064], [4.3718, 52.1066], [4.3718, 52.1066], [4.3724, 52.1069], [4.3724, 52.1069], [4.3724, 52.1069], [4.3724, 52.1069], [4.3724, 52.107], [4.3725, 52.107], [4.3725, 52.107], [4.3725, 52.107], [4.3725, 52.107], [4.3725, 52.107], [4.3725, 52.107], [4.3725, 52.1071], [4.3725, 52.1071], [4.3725, 52.1071], [4.3725, 52.1071], [4.3726, 52.1071], [4.3726, 52.1071], [4.3726, 52.1071], [4.3726, 52.1071], [4.3726, 52.1072], [4.3726, 52.1072], [4.3726, 52.1072], [4.3726, 52.1072], [4.3726, 52.1072], [4.3725, 52.1072], [4.3725, 52.1072], [4.3725, 52.1073], [4.3725, 52.1073], [4.3725, 52.1073], [4.3725, 52.1073], [4.3725, 52.1073], [4.3725, 52.1073], [4.3725, 52.1073], [4.3725, 52.1073], [4.3714, 52.1081], [4.3714, 52.1081], [4.3714, 52.1081], [4.3714, 52.1081], [4.3714, 52.1081], [4.3714, 52.1081], [4.3714, 52.1081], [4.3713, 52.1081], [4.3713, 52.1081], [4.3713, 52.1081], [4.3713, 52.1081], [4.3713, 52.1081], [4.3712, 52.1081], [4.3712, 52.1082], [4.3712, 52.1082], [4.3712, 52.1082], [4.3712, 52.1082], [4.3711, 52.1082], [4.3711, 52.1082], [4.3711, 52.1082], [4.3711, 52.1082], [4.3711, 52.1082], [4.371, 52.1081], [4.371, 52.1081], [4.371, 52.1081], [4.371, 52.1081], [4.371, 52.1081], [4.3709, 52.1081], [4.3709, 52.1081], [4.3709, 52.1081], [4.3709, 52.1081], [4.3709, 52.1081], [4.3698, 52.1076], [4.3698, 52.1076], [4.3698, 52.1076], [4.3698, 52.1076], [4.3698, 52.1076], [4.3698, 52.1075], [4.3698, 52.1075], [4.3698, 52.1075], [4.3697, 52.1075], [4.3696, 52.1074], [4.3696, 52.1074], [4.3696, 52.1074], [4.3696, 52.1074], [4.3696, 52.1074], [4.3696, 52.1074], [4.3696, 52.1074], [4.3696, 52.1074], [4.3696, 52.1073], [4.3696, 52.1073], [4.3696, 52.1073], [4.3696, 52.1073], [4.3696, 52.1073], [4.3696, 52.1073], [4.3696, 52.1073], [4.3696, 52.1073], [4.3696, 52.1072], [4.3696, 52.1072], [4.3696, 52.1072], [4.3696, 52.1072], [4.3697, 52.1071], [4.3697, 52.1071], [4.3697, 52.1071], [4.3697, 52.1071], [4.3697, 52.1071], [4.3697, 52.1071], [4.3697, 52.1071], [4.3697, 52.107], [4.3697, 52.107], [4.3697, 52.107], [4.3697, 52.107], [4.3697, 52.107], [4.3697, 52.107], [4.3707, 52.1064], [4.3707, 52.1064], [4.3707, 52.1064], [4.3708, 52.1064], [4.3708, 52.1064], [4.3708, 52.1063], [4.3708, 52.1063], [4.3708, 52.1063], [4.3708, 52.1063], [4.3708, 52.1063], [4.3709, 52.1063], [4.3709, 52.1063], [4.3709, 52.1063], [4.3709, 52.1063], [4.371, 52.1063], [4.371, 52.1063], [4.371, 52.1063], [4.371, 52.1063]]]]}}, {"type": "Feature", "properties": {"MONUMENTNR": 110, "Gemeente": "Leiden", "Plaats": "Leiden", "Toponiem": "Rodenburg", "Datering": "Middeleeuwen", "WAARDE": "Terrein van hoge archeologische waarde", "Zichtbaarh": "onbekend", "Beschrijving": "Op grond van in 1929 en 1939 uitgevoerde opgravingen is vastgesteld dat er sprake was van een vierkante woontoren in het midden van een vierkant kasteelterrein. Het bakstenen kasteel werd gebouwd rond 1250 en bestond uit een vierkant plattegrond met op de zuidoosthoek een ronde toren. Binnen het vierkant stond een zware donjon van 9 x 9 m met 2,5 m dikke muren. Ten zuidwesten van de hoofdburcht heeft waarschijnlijk een rechthoekige voorburcht gelegen. Het kasteel werd verwoest tijdens het beleg van Leiden (1574)."}, "geometry": {"type": "MultiPolygon", "coordinates": [[[[4.5131, 52.1499], [4.5131, 52.1499], [4.5131, 52.1499], [4.5131, 52.1499], [4.5131, 52.1499], [4.5131, 52.1499], [4.5132, 52.1499], [4.5132, 52.1499], [4.5132, 52.1499], [4.5137, 52.1501], [4.5137, 52.1501], [4.5137, 52.1501], [4.5137, 52.1501], [4.5138, 52.1501], [4.5138, 52.1501], [4.5138, 52.1501], [4.5138, 52.1501], [4.5138, 52.1501], [4.5138, 52.1501], [4.5139, 52.1501], [4.5139, 52.1502], [4.5139, 52.1502], [4.5139, 52.1502], [4.5139, 52.1502], [4.5139, 52.1502], [4.5139, 52.1502], [4.5139, 52.1502], [4.5139, 52.1502], [4.5139, 52.1503], [4.5139, 52.1503], [4.5139, 52.1503], [4.5139, 52.1503], [4.5139, 52.1503], [4.5139, 52.1503], [4.5139, 52.1503], [4.5139, 52.1503], [4.5139, 52.1503], [4.5139, 52.1503], [4.5139, 52.1504], [4.5139, 52.1504], [4.5137, 52.1507], [4.5137, 52.1507], [4.5137, 52.1507], [4.5137, 52.1507], [4.5137, 52.1507], [4.5137, 52.1507], [4.5137, 52.1507], [4.5136, 52.1508], [4.5136, 52.1508], [4.5136, 52.1508], [4.5136, 52.1508], [4.5136, 52.1508], [4.5136, 52.1508], [4.5135, 52.1508], [4.5135, 52.1508], [4.5135, 52.1508], [4.5135, 52.1508], [4.5135, 52.1508], [4.5135, 52.1508], [4.5134, 52.1508], [4.5134, 52.1508], [4.5134, 52.1508], [4.5134, 52.1508], [4.5133, 52.1508], [4.5133, 52.1508], [4.5133, 52.1508], [4.5133, 52.1508], [4.5133, 52.1508], [4.5133, 52.1508], [4.5132, 52.1508], [4.5132, 52.1508], [4.5132, 52.1508], [4.5127, 52.1507], [4.5127, 52.1507], [4.5127, 52.1507], [4.5127, 52.1507], [4.5127, 52.1507], [4.5126, 52.1507], [4.5126, 52.1507], [4.5126, 52.1507], [4.5126, 52.1507], [4.5126, 52.1506], [4.5126, 52.1506], [4.5125, 52.1506], [4.5125, 52.1506], [4.5125, 52.1506], [4.5125, 52.1506], [4.5125, 52.1506], [4.5125, 52.1506], [4.5125, 52.1506], [4.5125, 52.1506], [4.5125, 52.1505], [4.5125, 52.1505], [4.5125, 52.1505], [4.5125, 52.1505], [4.5125, 52.1505], [4.5125, 52.1505], [4.5125, 52.1505], [4.5125, 52.1505], [4.5125, 52.1504], [4.5125, 52.1504], [4.5125, 52.1504], [4.5125, 52.1504], [4.5125, 52.1504], [4.5127, 52.1501], [4.5127, 52.1501], [4.5127, 52.15], [4.5127, 52.15], [4.5127, 52.15], [4.5127, 52.15], [4.5127, 52.15], [4.5127, 52.15], [4.5128, 52.15], [4.5128, 52.15], [4.5128, 52.15], [4.5128, 52.15], [4.5128, 52.15], [4.5128, 52.1499], [4.5129, 52.1499], [4.5129, 52.1499], [4.5129, 52.1499], [4.5129, 52.1499], [4.5129, 52.1499], [4.513, 52.1499], [4.513, 52.1499], [4.513, 52.1499], [4.513, 52.1499], [4.513, 52.1499], [4.5131, 52.1499]]]]}}, {"type": "Feature", "properties": {"MONUMENTNR": 131, "Gemeente": "Leiden", "Plaats": "Leiden", "Toponiem": "Paddenpoel", "Datering": "Middeleeuwen", "WAARDE": "Terrein van hoge archeologische waarde", "Zichtbaarh": "onbekend", "Beschrijving": "In 1966 stuitte men bij bouwwerkzaamheden aan het Flanorpad onverwachts op zwaar middeleeuws muurwerk van een kasteelcomplex. Het bleek te gaan om kasteel Paddenpoel. Het complex is ontstaan uit een versterkte hoeve annex jachtslot, en bestond uit een zware donjon met lagere muren als rechthoek eromheen. De oudste vermelding van kasteel Paddenpoel dateert uit ongeveer 1250. Dit eerste kasteel Paddenpoel  werd op 12 november 1393 door de graaf van Holland volledig verwoest  als reactie op de moord op Aleid van Poelgeest. Omstreeks 1396 vond er een verzoening plaats waarna het kasteel Paddenpoel  weer  herbouwd mocht worden. Het tweede kasteel Paddenpoel werd tijdens de belegering van Leiden door graaf Jan van Beieren in 1420  verwoest. Van 1431 tot 1572, stond op het omgrachte terrein het nonnenklooster Mariënpoel. De stenen van Paddenpoel werden voor de bouw van dat klooster gebruikt.  Het tweede kasteel Paddenpoel was groter dan het eerste en omvatte ook een voorburcht met woongedeelte, stallen etc."}, "geometry": {"type": "MultiPolygon", "coordinates": [[[[4.4765, 52.1698], [4.4765, 52.1698], [4.4765, 52.1698], [4.4765, 52.1698], [4.4766, 52.1698], [4.4766, 52.1698], [4.4766, 52.1698], [4.4766, 52.1698], [4.4766, 52.1698], [4.4767, 52.1698], [4.4767, 52.1698], [4.4767, 52.1698], [4.4767, 52.1698], [4.4767, 52.1698], [4.4767, 52.1698], [4.4767, 52.1698], [4.4767, 52.1699], [4.477, 52.17], [4.4771, 52.1701], [4.4771, 52.1701], [4.4771, 52.1701], [4.4771, 52.1701], [4.4771, 52.1701], [4.4771, 52.1701], [4.4772, 52.1701], [4.4772, 52.1701], [4.4772, 52.1701], [4.4772, 52.1701], [4.4772, 52.1701], [4.4772, 52.1701], [4.4773, 52.1701], [4.4773, 52.1701], [4.4773, 52.1701], [4.4773, 52.1702], [4.4773, 52.1702], [4.4773, 52.1702], [4.4776, 52.1705], [4.4776, 52.1705], [4.4776, 52.1705], [4.4776, 52.1705], [4.4777, 52.1705], [4.4777, 52.1705], [4.4777, 52.1706], [4.4777, 52.1706], [4.4777, 52.1706], [4.4777, 52.1706], [4.4777, 52.1706], [4.4777, 52.1706], [4.4777, 52.1706], [4.4777, 52.1707], [4.4777, 52.1707], [4.4777, 52.1707], [4.4777, 52.1707], [4.4777, 52.1707], [4.4777, 52.1707], [4.4777, 52.1707], [4.4777, 52.1708], [4.4777, 52.1708], [4.4777, 52.1708], [4.4777, 52.1708], [4.4777, 52.1708], [4.4776, 52.1708], [4.4776, 52.1708], [4.4776, 52.1708], [4.4776, 52.1708], [4.4776, 52.1708], [4.4776, 52.1709], [4.4776, 52.1709], [4.4776, 52.1709], [4.4775, 52.1709], [4.4775, 52.1709], [4.4775, 52.1709], [4.4775, 52.1709], [4.4768, 52.1712], [4.4768, 52.1712], [4.4768, 52.1712], [4.4768, 52.1712], [4.4767, 52.1712], [4.4767, 52.1712], [4.4767, 52.1712], [4.4767, 52.1712], [4.4766, 52.1712], [4.4766, 52.1712], [4.4766, 52.1712], [4.4766, 52.1712], [4.4766, 52.1712], [4.4765, 52.1712], [4.4765, 52.1712], [4.4765, 52.1712], [4.4765, 52.1712], [4.4765, 52.1712], [4.4764, 52.1712], [4.4764, 52.1712], [4.4764, 52.1712], [4.4764, 52.1712], [4.4764, 52.1712], [4.4764, 52.1711], [4.4764, 52.1711], [4.4763, 52.1711], [4.4763, 52.1711], [4.4763, 52.1711], [4.4761, 52.171], [4.4761, 52.171], [4.4761, 52.171], [4.4761, 52.171], [4.4761, 52.171], [4.4761, 52.171], [4.4761, 52.171], [4.4758, 52.1707], [4.4757, 52.1707], [4.4757, 52.1707], [4.4757, 52.1707], [4.4757, 52.1707], [4.4757, 52.1707], [4.4757, 52.1707], [4.4757, 52.1707], [4.4757, 52.1706], [4.4757, 52.1706], [4.4757, 52.1706], [4.4757, 52.1706], [4.4757, 52.1706], [4.4757, 52.1706], [4.4757, 52.1706], [4.4757, 52.1706], [4.4757, 52.1705], [4.4757, 52.1705], [4.4757, 52.1705], [4.4757, 52.1705], [4.4757, 52.1705], [4.4757, 52.1705], [4.4757, 52.1705], [4.4757, 52.1705], [4.4757, 52.1705], [4.4757, 52.1704], [4.4757, 52.1704], [4.4757, 52.1704], [4.4757, 52.1704], [4.4757, 52.1704], [4.4756, 52.1704], [4.4756, 52.1704], [4.4756, 52.1704], [4.4756, 52.1703], [4.4756, 52.1703], [4.4756, 52.1703], [4.4756, 52.1702], [4.4756, 52.1702], [4.4756, 52.1702], [4.4756, 52.1702], [4.4756, 52.1702], [4.4756, 52.1702], [4.4756, 52.1702], [4.4756, 52.1702], [4.4757, 52.1701], [4.4757, 52.1701], [4.4757, 52.1701], [4.4757, 52.1701], [4.4757, 52.1701], [4.4757, 52.1701], [4.4757, 52.1701], [4.4757, 52.1701], [4.4757, 52.1701], [4.4757, 52.1701], [4.4757, 52.17], [4.4759, 52.1699], [4.4759, 52.1699], [4.4759, 52.1699], [4.4759, 52.1699], [4.4759, 52.1699], [4.476, 52.1699], [4.476, 52.1699], [4.476, 52.1699], [4.4763, 52.1698], [4.4763, 52.1698], [4.4763, 52.1698], [4.4763, 52.1698], [4.4763, 52.1698], [4.4763, 52.1698], [4.4764, 52.1698], [4.4764, 52.1698], [4.4764, 52.1698], [4.4764, 52.1698], [4.4765, 52.1698], [4.4765, 52.1698]]]]}}]}