{
  "type": "FeatureCollection",
  "name": "archeologische_rijksmonumenten_zuid_holland",
  "features": [
    {
      "type": "Feature",
      "properties": {
        "cho_uri": "https://linkeddata.cultureelerfgoed.nl/cho-kennis/id/rijksmonument/16152",
        "rijksmonumentnummer": "531056",
        "naam": "Hoochwoert",
        "geometry_bron": "Polygon",
        "monumentenregister_url": "https://monumentenregister.cultureelerfgoed.nl/monumenten/531056",
        "oorspronkelijke_functie": "Archeologie (N1)",
        "oorspronkelijke_functie_begraafplaats": false
      },
      "geometry": {
        "type": "Polygon",
        "coordinates": [
          [
            [
              4.884348921047221,
              52.08646728073135
            ],
            [
              4.884307726421913,
              52.08649766478928
            ],
            [
              4.882677861026274,
              52.08586152692472
            ],
            [
              4.883541474825094,
              52.084965503439726
            ],
            [
              4.885040721724844,
              52.0855381558319
            ],
            [
              4.885042120124121,
              52.08554355469794
            ],
            [
              4.885057694234167,
              52.08558586549654
            ],
            [
              4.885062198216871,
              52.08570452866395
            ],
            [
              4.885035291517372,
              52.08576193838552
            ],
            [
              4.885030813787279,
              52.085770907488424
            ],
            [
              4.88502930439372,
              52.085775395147735
            ],
            [
              4.885004007911304,
              52.08581932945197
            ],
            [
              4.884969907240503,
              52.08586772032642
            ],
            [
              4.884937386545853,
              52.08590533210764
            ],
            [
              4.884872375271478,
              52.08597785931726
            ],
            [
              4.884813361107737,
              52.086036030964706
            ],
            [
              4.884763231757496,
              52.08608255582264
            ],
            [
              4.884676567825502,
              52.08613431780909
            ],
            [
              4.884639488057244,
              52.0861880887938
            ],
            [
              4.884571477173705,
              52.086267793590835
            ],
            [
              4.884547840917599,
              52.08629375851639
            ],
            [
              4.8845153498584,
              52.08632867385302
            ],
            [
              4.884499129561509,
              52.08634388458066
            ],
            [
              4.884432809502846,
              52.08640292369548
            ],
            [
              4.884429871369252,
              52.08640470879874
            ],
            [
              4.884423984999131,
              52.08640917777982
            ],
            [
              4.884393063856684,
              52.08643421278176
            ],
            [
              4.884382800581465,
              52.08643866308955
            ],
            [
              4.884348921047221,
              52.08646728073135
            ]
          ]
        ]
      }
    },
    {
      "type": "Feature",
      "properties": {
        "cho_uri": "https://linkeddata.cultureelerfgoed.nl/cho-kennis/id/rijksmonument/21749",
        "rijksmonumentnummer": "531048",
        "naam": "'t Zand/Groot Zandveld",
        "geometry_bron": "Polygon",
        "monumentenregister_url": "https://monumentenregister.cultureelerfgoed.nl/monumenten/531048",
        "oorspronkelijke_functie": "Archeologie (N1)",
        "oorspronkelijke_functie_begraafplaats": false
      },
      "geometry": {
        "type": "Polygon",
        "coordinates": [
          [
            [
              5.051477982779258,
              52.0951968770066
            ],
            [
              5.049199780178224,
              52.09522632034248
            ],
            [
              5.049194549683494,
              52.094759823741356
            ],
            [
              5.049229734975744,
              52.09473835320101
            ],
            [
              5.049504076180142,
              52.09473913928354
            ],
            [
              5.049506037300353,
              52.09447938923441
            ],
            [
              5.050356895895266,
              52.09407915694366
            ],
            [
              5.051433869310423,
              52.094075038440494
            ],
            [
              5.052918143377922,
              52.09463471967479
            ],
            [
              5.05235073137463,
              52.09518587672448
            ],
            [
              5.051734842489516,
              52.09519401287862
            ],
            [
              5.051704197675239,
              52.095193925683006
            ],
            [
              5.051564599452609,
              52.09512791536353
            ],
            [
              5.051477982779258,
              52.0951968770066
            ]
          ]
        ]
      }
    },
    {
      "type": "Feature",
      "properties": {
        "cho_uri": "https://linkeddata.cultureelerfgoed.nl/cho-kennis/id/rijksmonument/27969",
        "rijksmonumentnummer": "531049",
        "naam": "Domplein",
        "geometry_bron": "Point",
        "monumentenregister_url": "https://monumentenregister.cultureelerfgoed.nl/monumenten/531049",
        "oorspronkelijke_functie": "Archeologie (N1)",
        "oorspronkelijke_functie_begraafplaats": false
      },
      "geometry": {
        "type": "Point",
        "coordinates": [
          5.122045801460344,
          52.090736928118105
        ]
      }
    },
    {
      "type": "Feature",
      "properties": {
        "cho_uri": "https://linkeddata.cultureelerfgoed.nl/cho-kennis/id/rijksmonument/35950",
        "rijksmonumentnummer": "532258",
        "naam": "De Burcht",
        "geometry_bron": "Polygon",
        "monumentenregister_url": "https://monumentenregister.cultureelerfgoed.nl/monumenten/532258",
        "oorspronkelijke_functie": "Archeologie (N1)",
        "oorspronkelijke_functie_begraafplaats": false
      },
      "geometry": {
        "type": "Polygon",
        "coordinates": [
          [
            [
              4.493393453161164,
              52.15895440810082
            ],
            [
              4.493320440007131,
              52.15924328132776
            ],
            [
              4.493306640744216,
              52.15927553500675
            ],
            [
              4.493212679801674,
              52.159515712104266
            ],
            [
              4.49316891414429,
              52.159511785113416
            ],
            [
              4.493208815134567,
              52.15941681045861
            ],
            [
              4.493221063246288,
              52.159389039236224
            ],
            [
              4.493231670064896,
              52.15937024397291
            ],
            [
              4.493251764468701,
              52.15931556700922
            ],
            [
              4.493240524537122,
              52.15929301085229
            ],
            [
              4.493240560542096,
              52.159291213445734
            ],
            [
              4.493233254299828,
              52.15929115808566
            ],
            [
              4.493239621366231,
              52.15926513997884
            ],
            [
              4.493214816163109,
              52.1592631543461
            ],
            [
              4.493146245556416,
              52.1592572417093
            ],
            [
              4.493033927588732,
              52.15924650328889
            ],
            [
              4.493017763837865,
              52.159250874984245
            ],
            [
              4.493014805329718,
              52.15925265024122
            ],
            [
              4.492917750716707,
              52.15928247517684
            ],
            [
              4.492914810211537,
              52.15928335172808
            ],
            [
              4.492911869706251,
              52.15928422827925
            ],
            [
              4.492905970686113,
              52.15928688008459
            ],
            [
              4.492898628426356,
              52.1592886221102
            ],
            [
              4.492891268156508,
              52.159291262838586
            ],
            [
              4.492885387143861,
              52.159293015939696
            ],
            [
              4.492878044882294,
              52.15929475796404
            ],
            [
              4.492870702620161,
              52.159296499987896
            ],
            [
              4.492863360357455,
              52.15929824201137
            ],
            [
              4.492856000083942,
              52.15930088273749
            ],
            [
              4.492848693840713,
              52.15930082735362
            ],
            [
              4.492841351576442,
              52.15930256937568
            ],
            [
              4.492834027322282,
              52.15930341269408
            ],
            [
              4.492826703067848,
              52.15930425601203
            ],
            [
              4.492819378813138,
              52.15930509932952
            ],
            [
              4.492812036547032,
              52.15930684134977
            ],
            [
              4.492804730302899,
              52.15930678596317
            ],
            [
              4.492798885307606,
              52.15930674165354
            ],
            [
              4.492791561051973,
              52.15930758496931
            ],
            [
              4.492775469302851,
              52.15930836181858
            ],
            [
              4.492754993806524,
              52.159309105431774
            ],
            [
              4.492733057060634,
              52.15930983796317
            ],
            [
              4.492684817833656,
              52.15931037107414
            ],
            [
              4.492626349863332,
              52.15931082660876
            ],
            [
              4.49248165019084,
              52.15931152704838
            ],
            [
              4.492437830743619,
              52.159310295896105
            ],
            [
              4.492373571836224,
              52.15930801086833
            ],
            [
              4.492339981136397,
              52.15930685725823
            ],
            [
              4.492337094680424,
              52.15930503768575
            ],
            [
              4.492326847919236,
              52.15930585880627
            ],
            [
              4.49231665522098,
              52.15930398381669
            ],
            [
              4.492306444502281,
              52.159303007529296
            ],
            [
              4.492296233784034,
              52.15930203124101
            ],
            [
              4.492287484314709,
              52.15930106603562
            ],
            [
              4.492277291619222,
              52.159299191042614
            ],
            [
              4.492267080902502,
              52.159298214751814
            ],
            [
              4.492262156491513,
              52.15932514259187
            ],
            [
              4.492128424535101,
              52.159289073360355
            ],
            [
              4.49214931459461,
              52.15926765968562
            ],
            [
              4.492084081212673,
              52.15924109843228
            ],
            [
              4.492084099238423,
              52.15924019972923
            ],
            [
              4.492079769576705,
              52.15923747036114
            ],
            [
              4.492073978669289,
              52.1592347299065
            ],
            [
              4.492069649008719,
              52.15923200053803
            ],
            [
              4.492016195823972,
              52.15920103442309
            ],
            [
              4.492008979734658,
              52.159196485472066
            ],
            [
              4.492001745619434,
              52.15919283522359
            ],
            [
              4.491993086315795,
              52.159187376481235
            ],
            [
              4.491985870231048,
              52.15918282752875
            ],
            [
              4.491977210931294,
              52.1591773687852
            ],
            [
              4.491970030905805,
              52.15917102242569
            ],
            [
              4.49196281482605,
              52.159166473471814
            ],
            [
              4.491954155532287,
              52.15916101472654
            ],
            [
              4.49194695748424,
              52.15915556706868
            ],
            [
              4.491945532297637,
              52.15915375857461
            ],
            [
              4.491939759437947,
              52.15915011941037
            ],
            [
              4.491935465851186,
              52.15914559263092
            ],
            [
              4.491931136207736,
              52.159142863257365
            ],
            [
              4.491926860651408,
              52.159137437774554
            ],
            [
              4.491922585096118,
              52.159132012291614
            ],
            [
              4.491918273483805,
              52.159128384214554
            ],
            [
              4.491913961872192,
              52.159124756137324
            ],
            [
              4.491911129532904,
              52.15912024044535
            ],
            [
              4.491908297194189,
              52.1591157247533
            ],
            [
              4.491905446826762,
              52.15911210776424
            ],
            [
              4.491902578430462,
              52.15910938947811
            ],
            [
              4.491899728063904,
              52.159105772488914
            ],
            [
              4.491898320910217,
              52.15910306529122
            ],
            [
              4.491895470544403,
              52.159099448301916
            ],
            [
              4.491894081420672,
              52.15909584240116
            ],
            [
              4.49189267426764,
              52.15909313520341
            ],
            [
              4.491891285144328,
              52.15908952930262
            ],
            [
              4.491891375292087,
              52.15908503578743
            ],
            [
              4.491889968139554,
              52.15908232858966
            ],
            [
              4.491890040257854,
              52.15907873377752
            ],
            [
              4.491888633105598,
              52.15907602657974
            ],
            [
              4.491888705223993,
              52.15907243176755
            ],
            [
              4.491888777342373,
              52.159068836955456
            ],
            [
              4.491888813401558,
              52.15906703954938
            ],
            [
              4.491890364790038,
              52.159062557122866
            ],
            [
              4.491890454937819,
              52.15905806360767
            ],
            [
              4.491892060414375,
              52.15905088507201
            ],
            [
              4.491893665890406,
              52.15904370653634
            ],
            [
              4.491895271365914,
              52.159036528000584
            ],
            [
              4.491896876840899,
              52.15902934946487
            ],
            [
              4.491899943554572,
              52.159022182017644
            ],
            [
              4.491901530998967,
              52.15901590218484
            ],
            [
              4.491904615740199,
              52.15900783603441
            ],
            [
              4.491907682451132,
              52.15900066858699
            ],
            [
              4.491910731131958,
              52.15899439984247
            ],
            [
              4.491913797840972,
              52.15898723239483
            ],
            [
              4.491913833899064,
              52.15898543498873
            ],
            [
              4.491915349224121,
              52.15898274996793
            ],
            [
              4.491959527936126,
              52.158893201215605
            ],
            [
              4.491962558574233,
              52.15888783117271
            ],
            [
              4.491965607239555,
              52.15888156242666
            ],
            [
              4.491970099110584,
              52.15887620347128
            ],
            [
              4.491973165801834,
              52.158869036021926
            ],
            [
              4.49197765767069,
              52.15886367706617
            ],
            [
              4.491982167566063,
              52.15885741940722
            ],
            [
              4.491986659432662,
              52.15885206045119
            ],
            [
              4.491991169325593,
              52.15884580279186
            ],
            [
              4.491995679217254,
              52.15883954513235
            ],
            [
              4.491995697244573,
              52.15883864642928
            ],
            [
              4.491997176505097,
              52.15883775881351
            ],
            [
              4.492013610609533,
              52.15881990671111
            ],
            [
              4.49203004470079,
              52.15880205460636
            ],
            [
              4.492046424700062,
              52.158786898608525
            ],
            [
              4.492047958036575,
              52.1587833148828
            ],
            [
              4.492050916551808,
              52.15878153964993
            ],
            [
              4.49205392914515,
              52.15877706830765
            ],
            [
              4.492056887659731,
              52.15877529307464
            ],
            [
              4.492059864200069,
              52.15877261913843
            ],
            [
              4.492062858765982,
              52.158769046499046
            ],
            [
              4.492067278510593,
              52.15876728235226
            ],
            [
              4.492070255049774,
              52.15876460841579
            ],
            [
              4.492074674793655,
              52.15876284426874
            ],
            [
              4.492077651332094,
              52.15876017033203
            ],
            [
              4.49208208910078,
              52.1587575074816
            ],
            [
              4.492087988099458,
              52.158754855717206
            ],
            [
              4.492092407841673,
              52.15875309156948
            ],
            [
              4.492096845608776,
              52.15875042871844
            ],
            [
              4.492102744605642,
              52.1587477769533
            ],
            [
              4.492107146321547,
              52.158746911508146
            ],
            [
              4.492111584087157,
              52.15874424865656
            ],
            [
              4.492115985802546,
              52.15874338321108
            ],
            [
              4.492120405542521,
              52.1587416190623
            ],
            [
              4.492091361194172,
              52.158732410311366
            ],
            [
              4.492161590344439,
              52.158728448910466
            ],
            [
              4.492249696658114,
              52.15870754511934
            ],
            [
              4.492270334081694,
              52.15869871326463
            ],
            [
              4.492318879003809,
              52.158682902367524
            ],
            [
              4.492382036169007,
              52.15866720227679
            ],
            [
              4.492470232347606,
              52.15864180480423
            ],
            [
              4.492575170456324,
              52.158656083170975
            ],
            [
              4.492576649699292,
              52.158655195547915
            ],
            [
              4.492591225943013,
              52.158657103754926
            ],
            [
              4.492623300889461,
              52.15866094232267
            ],
            [
              4.492738431665256,
              52.15867709550741
            ],
            [
              4.492749056527892,
              52.158657401582026
            ],
            [
              4.492906907633608,
              52.158729606537804
            ],
            [
              4.49294744390274,
              52.15874878942959
            ],
            [
              4.492999526000179,
              52.15877525053376
            ],
            [
              4.492968317915972,
              52.15880108035211
            ],
            [
              4.493071111113482,
              52.158849497928344
            ],
            [
              4.493112709847439,
              52.15881565726814
            ],
            [
              4.49317449865335,
              52.158868258205544
            ],
            [
              4.493219022809764,
              52.15890724569534
            ],
            [
              4.49326179469131,
              52.15888779530828
            ],
            [
              4.493294229886133,
              52.158873659627176
            ],
            [
              4.493292804653762,
              52.158871851149215
            ],
            [
              4.493297224360232,
              52.158870086956306
            ],
            [
              4.493307543007614,
              52.158865670937736
            ],
            [
              4.493308986241274,
              52.15886658071219
            ],
            [
              4.49332666506043,
              52.158859523937096
            ],
            [
              4.493344379874333,
              52.15885066975264
            ],
            [
              4.493328594307377,
              52.15883616872065
            ],
            [
              4.493340374177249,
              52.158831763770024
            ],
            [
              4.493318815689046,
              52.15881362364032
            ],
            [
              4.493324732622578,
              52.15881007311062
            ],
            [
              4.493320402926273,
              52.158807343787785
            ],
            [
              4.49331452199425,
              52.15880909691058
            ],
            [
              4.493294388757296,
              52.15879276525418
            ],
            [
              4.493300287688968,
              52.15879011342901
            ],
            [
              4.493294532766386,
              52.15878557562729
            ],
            [
              4.493290095066977,
              52.158788238523535
            ],
            [
              4.493272830306585,
              52.15877462511608
            ],
            [
              4.49327874723857,
              52.15877107458862
            ],
            [
              4.493274417548861,
              52.15876834526408
            ],
            [
              4.493268536620192,
              52.158770098384615
            ],
            [
              4.49325273310433,
              52.1587564960458
            ],
            [
              4.493293935589312,
              52.1587424267946
            ],
            [
              4.493341202187138,
              52.158790423415205
            ],
            [
              4.493368047614423,
              52.15883646762681
            ],
            [
              4.493384502456674,
              52.15889052267171
            ],
            [
              4.493393453161164,
              52.15895440810082
            ]
          ]
        ]
      }
    },
    {
      "type": "Feature",
      "properties": {
        "cho_uri": "https://linkeddata.cultureelerfgoed.nl/cho-kennis/id/rijksmonument/36533",
        "rijksmonumentnummer": "531059",
        "naam": "Archeologiepark, Stadsdam",
        "geometry_bron": "Point",
        "monumentenregister_url": "https://monumentenregister.cultureelerfgoed.nl/monumenten/531059",
        "oorspronkelijke_functie": "Archeologie (N1)",
        "oorspronkelijke_functie_begraafplaats": false
      },
      "geometry": {
        "type": "Point",
        "coordinates": [
          5.065189136959046,
          52.08371044831911
        ]
      }
    },
    {
      "type": "Feature",
      "properties": {
        "cho_uri": "https://linkeddata.cultureelerfgoed.nl/cho-kennis/id/rijksmonument/36540",
        "rijksmonumentnummer": "532469",
        "naam": "Nederzetting",
        "geometry_bron": "Polygon",
        "monumentenregister_url": "https://monumentenregister.cultureelerfgoed.nl/monumenten/532469",
        "oorspronkelijke_functie": "Archeologie (N1)",
        "oorspronkelijke_functie_begraafplaats": false
      },
      "geometry": {
        "type": "Polygon",
        "coordinates": [
          [
            [
              4.531251283739192,
              52.15337741996629
            ],
            [
              4.531158681002077,
              52.153481911937675
            ],
            [
              4.531048148468828,
              52.15360694696037
            ],
            [
              4.530930171998032,
              52.15373911854379
            ],
            [
              4.530809678414644,
              52.153697796274045
            ],
            [
              4.530830668016284,
              52.153670084704466
            ],
            [
              4.530830702501467,
              52.15366828728157
            ],
            [
              4.530829293153078,
              52.15366558054125
            ],
            [
              4.53082932763831,
              52.153663783118354
            ],
            [
              4.530827918290146,
              52.153661076378
            ],
            [
              4.530827952775429,
              52.15365927895513
            ],
            [
              4.53082652618482,
              52.15365747092622
            ],
            [
              4.530826577912824,
              52.15365477479186
            ],
            [
              4.530825151322413,
              52.15365296676295
            ],
            [
              4.530825203050491,
              52.153650270628596
            ],
            [
              4.53082377646028,
              52.153648462599655
            ],
            [
              4.530823810945718,
              52.15364666517675
            ],
            [
              4.530822384355678,
              52.15364485714778
            ],
            [
              4.530820975008526,
              52.153642150407364
            ],
            [
              4.530821009494069,
              52.15364035298446
            ],
            [
              4.530819582904342,
              52.15363854495545
            ],
            [
              4.530818173557559,
              52.153635838215
            ],
            [
              4.53081674696809,
              52.153634030185984
            ],
            [
              4.530815303135857,
              52.153633120868385
            ],
            [
              4.530815354864499,
              52.153630424734025
            ],
            [
              4.530813945518226,
              52.15362771799353
            ],
            [
              4.530812518929188,
              52.15362590996446
            ],
            [
              4.530811092340263,
              52.15362410193534
            ],
            [
              4.530809665751456,
              52.15362229390625
            ],
            [
              4.530808256405781,
              52.15361958716562
            ],
            [
              4.530806829817231,
              52.1536177791365
            ],
            [
              4.530805403228798,
              52.153615971107335
            ],
            [
              4.530803976640478,
              52.153614163078124
            ],
            [
              4.530802550052274,
              52.153612355048935
            ],
            [
              4.530799662389843,
              52.15361053641338
            ],
            [
              4.530798253045142,
              52.15360782967269
            ],
            [
              4.530796843700611,
              52.15360512293194
            ],
            [
              4.530795417112983,
              52.15360331490268
            ],
            [
              4.530792546694751,
              52.153600597555474
            ],
            [
              4.53079112010744,
              52.15359878952615
            ],
            [
              4.530789710763627,
              52.15359608278534
            ],
            [
              4.530786840346203,
              52.15359336543802
            ],
            [
              4.530785413759355,
              52.1535915574086
            ],
            [
              4.530784004416112,
              52.153588850667724
            ],
            [
              4.530781116755954,
              52.15358703203172
            ],
            [
              4.530779707413114,
              52.15358432529081
            ],
            [
              4.530776819753424,
              52.15358250665468
            ],
            [
              4.530775410410984,
              52.15357979991367
            ],
            [
              4.530772522751761,
              52.15357798127748
            ],
            [
              4.530771113409726,
              52.15357527453644
            ],
            [
              4.530768225750969,
              52.153573455900116
            ],
            [
              4.530766816409336,
              52.15357074915903
            ],
            [
              4.530763928751049,
              52.15356893052262
            ],
            [
              4.530762502165904,
              52.153567122492895
            ],
            [
              4.530759631751994,
              52.15356440514492
            ],
            [
              4.530758222411166,
              52.15356169840371
            ],
            [
              4.530755334753811,
              52.15355987976707
            ],
            [
              4.530753925413384,
              52.15355717302584
            ],
            [
              4.530751037756499,
              52.15355535438908
            ],
            [
              4.530749628416474,
              52.153552647647764
            ],
            [
              4.530746740760056,
              52.153550829010946
            ],
            [
              4.530743853103872,
              52.153549010374014
            ],
            [
              4.530742443764479,
              52.153546303632616
            ],
            [
              4.530739556108765,
              52.1535444849956
            ],
            [
              4.530738129525388,
              52.15354267696563
            ],
            [
              4.530735241870081,
              52.15354085832848
            ],
            [
              4.530733815286992,
              52.153539050298434
            ],
            [
              4.530730910387565,
              52.153538130372645
            ],
            [
              4.530729501049299,
              52.1535354236311
            ],
            [
              4.530728074466617,
              52.153533615600956
            ],
            [
              4.530725186812305,
              52.1535317969636
            ],
            [
              4.530723760229913,
              52.15352998893346
            ],
            [
              4.530720872576014,
              52.15352817029596
            ],
            [
              4.530719445993909,
              52.15352636226576
            ],
            [
              4.530718019411921,
              52.153524554235496
            ],
            [
              4.530715131758606,
              52.15352273559786
            ],
            [
              4.530713705176909,
              52.15352092756758
            ],
            [
              4.530710817524004,
              52.15351910892985
            ],
            [
              4.530709390942596,
              52.15351730089951
            ],
            [
              4.530706503290104,
              52.15351548226168
            ],
            [
              4.530705076708987,
              52.15351367423129
            ],
            [
              4.530703632882914,
              52.15351276491234
            ],
            [
              4.530700745230948,
              52.15351094627433
            ],
            [
              4.53069931865021,
              52.15350913824387
            ],
            [
              4.530696430998653,
              52.15350731960579
            ],
            [
              4.530695004418203,
              52.1535055115753
            ],
            [
              4.530692116767057,
              52.153503692937086
            ],
            [
              4.530690690186897,
              52.15350188490651
            ],
            [
              4.53068780253616,
              52.15350006626823
            ],
            [
              4.530686358710882,
              52.153499156949074
            ],
            [
              4.530683488305966,
              52.1534964395992
            ],
            [
              4.530682061726387,
              52.15349463156851
            ],
            [
              4.530679174076472,
              52.153492812930025
            ],
            [
              4.530677747497184,
              52.15349100489929
            ],
            [
              4.530674877093316,
              52.153488287549244
            ],
            [
              4.530671972198409,
              52.15348736762202
            ],
            [
              4.530669084549373,
              52.15348554898324
            ],
            [
              4.530667675216505,
              52.15348284224096
            ],
            [
              4.530664787567939,
              52.15348102360209
            ],
            [
              4.530661917165499,
              52.15347830625173
            ],
            [
              4.530659012271508,
              52.153477386324134
            ],
            [
              4.530656124623649,
              52.15347556768512
            ],
            [
              4.530654698045842,
              52.15347375965408
            ],
            [
              4.530651810398391,
              52.15347194101491
            ],
            [
              4.530648922751174,
              52.153470122375666
            ],
            [
              4.530646035104193,
              52.15346830373631
            ],
            [
              4.530643164703712,
              52.15346558638549
            ],
            [
              4.530640277057261,
              52.15346376774603
            ],
            [
              4.530637389411043,
              52.15346194910651
            ],
            [
              4.530634501765062,
              52.15346013046691
            ],
            [
              4.530631614119315,
              52.15345831182723
            ],
            [
              4.530630187543051,
              52.15345650379592
            ],
            [
              4.530627299897716,
              52.15345468515614
            ],
            [
              4.530624412252614,
              52.153452866516304
            ],
            [
              4.530621524607748,
              52.15345104787635
            ],
            [
              4.530618654209867,
              52.15344833052495
            ],
            [
              4.530615749318722,
              52.15344741059633
            ],
            [
              4.530612861674562,
              52.1534455919562
            ],
            [
              4.530609956783716,
              52.153444672027426
            ],
            [
              4.530607069139968,
              52.153442853387155
            ],
            [
              4.530604181496459,
              52.15344103474681
            ],
            [
              4.530599850031633,
              52.153438306786185
            ],
            [
              4.530596962388713,
              52.153436488145644
            ],
            [
              4.530592613677501,
              52.15343465889616
            ],
            [
              4.530588282214002,
              52.15343193093509
            ],
            [
              4.530583967998471,
              52.153428304262405
            ],
            [
              4.530579602041068,
              52.15342737372391
            ],
            [
              4.530575270579069,
              52.15342464576237
            ],
            [
              4.530570921869907,
              52.153422816512084
            ],
            [
              4.530566590408883,
              52.15342008855021
            ],
            [
              4.530562224452649,
              52.15341915801107
            ],
            [
              4.530557910240468,
              52.15341553133746
            ],
            [
              4.530553561532905,
              52.15341370208653
            ],
            [
              4.530549212825701,
              52.15341187283544
            ],
            [
              4.530544881367066,
              52.15340914487278
            ],
            [
              4.530539071593051,
              52.15340730501183
            ],
            [
              4.530534740135482,
              52.153404577048825
            ],
            [
              4.530530391429938,
              52.15340274779708
            ],
            [
              4.530526042724751,
              52.15340091854514
            ],
            [
              4.530521694019922,
              52.15339908929302
            ],
            [
              4.530518789133989,
              52.15339816936202
            ],
            [
              4.530514457678546,
              52.153395441398246
            ],
            [
              4.530517362564212,
              52.153396361329335
            ],
            [
              4.530513013860182,
              52.15339453207697
            ],
            [
              4.53050720408939,
              52.153392692214446
            ],
            [
              4.530502855386136,
              52.15339086296168
            ],
            [
              4.530498523932375,
              52.153388134997314
            ],
            [
              4.530494175229923,
              52.153386305744206
            ],
            [
              4.530488365460982,
              52.15338446588079
            ],
            [
              4.530484016759305,
              52.153382636627306
            ],
            [
              4.530479668057982,
              52.15338080737369
            ],
            [
              4.530473858290356,
              52.15337896750954
            ],
            [
              4.530475302107418,
              52.15337987683131
            ],
            [
              4.530468048523212,
              52.1533771276451
            ],
            [
              4.53046950958981,
              52.15337713825554
            ],
            [
              4.530465160889623,
              52.153375309001376
            ],
            [
              4.530460812189791,
              52.15337347974703
            ],
            [
              4.530457924556734,
              52.153371661103115
            ],
            [
              4.530453558607521,
              52.15337073055995
            ],
            [
              4.53044920990861,
              52.153368901305186
            ],
            [
              4.530444861210059,
              52.15336707205027
            ],
            [
              4.530441956327802,
              52.15336615211739
            ],
            [
              4.530443400143796,
              52.15336706143959
            ],
            [
              4.530440495261568,
              52.153366141506645
            ],
            [
              4.530436146563644,
              52.153364312251405
            ],
            [
              4.53043178061561,
              52.15336338170742
            ],
            [
              4.530427431918311,
              52.15336155245186
            ],
            [
              4.530423065970728,
              52.153360621907595
            ],
            [
              4.530418717274058,
              52.15335879265169
            ],
            [
              4.530414351326928,
              52.15335786210709
            ],
            [
              4.530410002630886,
              52.15335603285088
            ],
            [
              4.530405636684209,
              52.153355102305945
            ],
            [
              4.530401270737716,
              52.15335417176084
            ],
            [
              4.530396922042572,
              52.15335234250416
            ],
            [
              4.530392556096532,
              52.15335141195874
            ],
            [
              4.530388207402013,
              52.15334958270174
            ],
            [
              4.530383841456425,
              52.15334865215597
            ],
            [
              4.530379475511021,
              52.15334772161008
            ],
            [
              4.5303751268174,
              52.153345892352625
            ],
            [
              4.530370760872449,
              52.153344961806404
            ],
            [
              4.530366394927682,
              52.15334403126
            ],
            [
              4.530362028983097,
              52.153343100713435
            ],
            [
              4.530357663038695,
              52.15334217016673
            ],
            [
              4.530353314346511,
              52.153340340908464
            ],
            [
              4.530348948402561,
              52.1533394103614
            ],
            [
              4.530344582458796,
              52.1533384798142
            ],
            [
              4.530340216515213,
              52.15333754926688
            ],
            [
              4.530337311637044,
              52.1533366293314
            ],
            [
              4.53033438950658,
              52.15333660810728
            ],
            [
              4.530331484628594,
              52.15333568817169
            ],
            [
              4.530328579750728,
              52.15333476823598
            ],
            [
              4.530324213807845,
              52.15333383768805
            ],
            [
              4.530321291677571,
              52.15333381646359
            ],
            [
              4.530318386800039,
              52.15333289652765
            ],
            [
              4.530315481922625,
              52.153331976591666
            ],
            [
              4.530312559792479,
              52.15333195536699
            ],
            [
              4.530308193850209,
              52.15333102481846
            ],
            [
              4.530305288973129,
              52.153330104882194
            ],
            [
              4.53030236684311,
              52.15333008365726
            ],
            [
              4.530299461966213,
              52.15332916372088
            ],
            [
              4.530296539836262,
              52.15332914249582
            ],
            [
              4.530292191147864,
              52.153327313235295
            ],
            [
              4.530289251764716,
              52.15332819072144
            ],
            [
              4.530286329634834,
              52.15332816949611
            ],
            [
              4.530283442011833,
              52.15332635084792
            ],
            [
              4.530279058817196,
              52.15332631900972
            ],
            [
              4.530276153941027,
              52.153325399072756
            ],
            [
              4.530273249064978,
              52.15332447913572
            ],
            [
              4.530270326935349,
              52.15332445791003
            ],
            [
              4.5302659609947,
              52.1533235273599
            ],
            [
              4.530263038865138,
              52.153323506134
            ],
            [
              4.530260133989484,
              52.15332258619664
            ],
            [
              4.530257211859985,
              52.153322564970615
            ],
            [
              4.530252845919801,
              52.15332163442004
            ],
            [
              4.530249923790367,
              52.153321613193825
            ],
            [
              4.530248462725654,
              52.153321602580675
            ],
            [
              4.530245557850425,
              52.15332068264294
            ],
            [
              4.530242635721062,
              52.153320661416544
            ],
            [
              4.530241174656383,
              52.15332065080331
            ],
            [
              4.530238252527023,
              52.15332062957685
            ],
            [
              4.530236808716719,
              52.15331972025215
            ],
            [
              4.530233886587423,
              52.153319699025545
            ],
            [
              4.530230964458132,
              52.15331967779883
            ],
            [
              4.530229520648007,
              52.153318768474065
            ],
            [
              4.530226598518778,
              52.153318747247305
            ],
            [
              4.530223676389554,
              52.153318726020416
            ],
            [
              4.530222215324942,
              52.15331871540696
            ],
            [
              4.530219293195722,
              52.153318694179994
            ],
            [
              4.530217849385867,
              52.15331778485509
            ],
            [
              4.53021492725671,
              52.153317763628
            ],
            [
              4.530212005127558,
              52.15331774240084
            ],
            [
              4.53021054406298,
              52.15331773178723
            ],
            [
              4.530207621933833,
              52.15331771055997
            ],
            [
              4.530206178124248,
              52.15331680123491
            ],
            [
              4.530203255995164,
              52.15331678000757
            ],
            [
              4.530200333866083,
              52.15331675878011
            ],
            [
              4.530198872801542,
              52.15331674816636
            ],
            [
              4.530195950672464,
              52.1533167269388
            ],
            [
              4.530193028543391,
              52.15331670571119
            ],
            [
              4.530191567478855,
              52.15331669509734
            ],
            [
              4.530188645349786,
              52.1533166738696
            ],
            [
              4.530187201540625,
              52.15331576454433
            ],
            [
              4.530184279411617,
              52.15331574331647
            ],
            [
              4.530181357282618,
              52.15331572208855
            ],
            [
              4.530179896218115,
              52.15331571147459
            ],
            [
              4.530178435153617,
              52.15331570086059
            ],
            [
              4.530176974089118,
              52.15331569024654
            ],
            [
              4.530175513024622,
              52.153315679632506
            ],
            [
              4.530174051960124,
              52.15331566901846
            ],
            [
              4.530172590895628,
              52.153315658404374
            ],
            [
              4.530171129831134,
              52.15331564779027
            ],
            [
              4.530169651510914,
              52.15331653588754
            ],
            [
              4.530168190446393,
              52.15331652527339
            ],
            [
              4.53016672938187,
              52.15331651465928
            ],
            [
              4.530165268317348,
              52.15331650404514
            ],
            [
              4.530163807252827,
              52.15331649343092
            ],
            [
              4.530162346188309,
              52.153316482816734
            ],
            [
              4.530160867867889,
              52.153317370913896
            ],
            [
              4.530159406803342,
              52.153317360299646
            ],
            [
              4.530157945738795,
              52.15331734968539
            ],
            [
              4.530156484674249,
              52.15331733907111
            ],
            [
              4.530155023609702,
              52.153317328456815
            ],
            [
              4.530153562545158,
              52.1533173178425
            ],
            [
              4.530152101480615,
              52.15331730722815
            ],
            [
              4.530150605903857,
              52.15331909403659
            ],
            [
              4.530149144839254,
              52.153319083422225
            ],
            [
              4.530147683774655,
              52.15331907280781
            ],
            [
              4.530146205453858,
              52.15331996090479
            ],
            [
              4.53014474438923,
              52.153319950290374
            ],
            [
              4.530143266068345,
              52.15332083838733
            ],
            [
              4.53014180500369,
              52.15332082777284
            ],
            [
              4.53014032668272,
              52.153321715869744
            ],
            [
              4.530138865618034,
              52.15332170525525
            ],
            [
              4.530137387296976,
              52.15332259335213
            ],
            [
              4.530134465167554,
              52.15332257212305
            ],
            [
              4.530132986846379,
              52.153323460219845
            ],
            [
              4.530131508525145,
              52.15332434831662
            ],
            [
              4.530128586395611,
              52.15332432708739
            ],
            [
              4.530127125330846,
              52.153324316472776
            ],
            [
              4.530125629752852,
              52.15332610328084
            ],
            [
              4.530122707623208,
              52.15332608205148
            ],
            [
              4.530121229301684,
              52.15332697014812
            ],
            [
              4.530119750980099,
              52.153327858244765
            ],
            [
              4.530118289915222,
              52.153327847630024
            ],
            [
              4.530115350528644,
              52.15332872511183
            ],
            [
              4.530113872206886,
              52.1533296132084
            ],
            [
              4.530112393885067,
              52.15333050130494
            ],
            [
              4.530110932820106,
              52.153330490690095
            ],
            [
              4.53010799343321,
              52.15333136817172
            ],
            [
              4.530106497854213,
              52.15333315497954
            ],
            [
              4.530105036789167,
              52.15333314436463
            ],
            [
              4.530103558467054,
              52.15333403246107
            ],
            [
              4.530100636336908,
              52.15333401123116
            ],
            [
              4.530099158014679,
              52.15333489932754
            ],
            [
              4.530097679692395,
              52.153335787423885
            ],
            [
              4.530096201370052,
              52.153336675520215
            ],
            [
              4.530094723047648,
              52.15333756361654
            ],
            [
              4.530091800917274,
              52.15333754238642
            ],
            [
              4.530090322594754,
              52.153338430482684
            ],
            [
              4.530088844272177,
              52.15333931857892
            ],
            [
              4.530087383206933,
              52.15333930796379
            ],
            [
              4.530085887626846,
              52.15334109477134
            ],
            [
              4.530082948238762,
              52.15334197225237
            ],
            [
              4.530080008850563,
              52.15334284973329
            ],
            [
              4.530077052204645,
              52.153344625925484
            ],
            [
              4.530074112816156,
              52.15334550340627
            ],
            [
              4.530072634493021,
              52.153346391502325
            ],
            [
              4.530069677846578,
              52.15334816769434
            ],
            [
              4.530066738457711,
              52.15334904517495
            ],
            [
              4.530063799068729,
              52.153349922655444
            ],
            [
              4.530060842421698,
              52.15335169884726
            ],
            [
              4.530059364098096,
              52.15335258694313
            ],
            [
              4.530056407450713,
              52.1533543631348
            ],
            [
              4.530053450803094,
              52.15335613932641
            ],
            [
              4.530051972479196,
              52.15335702742222
            ],
            [
              4.530049033089402,
              52.15335790490237
            ],
            [
              4.530046076441254,
              52.153359681093775
            ],
            [
              4.530044598117094,
              52.153360569189445
            ],
            [
              4.530041641468595,
              52.153362345380785
            ],
            [
              4.530040180402612,
              52.153362334765085
            ],
            [
              4.530037206495405,
              52.15336500966759
            ],
            [
              4.530034267104792,
              52.15336588714735
            ],
            [
              4.530032771521686,
              52.15336767395423
            ],
            [
              4.530029814872244,
              52.153369450145256
            ],
            [
              4.530028336547437,
              52.15337033824074
            ],
            [
              4.530025379897644,
              52.15337211443166
            ],
            [
              4.53002388431397,
              52.1533739012384
            ],
            [
              4.530022405988896,
              52.1533747893338
            ],
            [
              4.530019449338573,
              52.15337656552455
            ],
            [
              4.530017953754513,
              52.1533783523312
            ],
            [
              4.530014997103775,
              52.15338012852185
            ],
            [
              4.530013518778318,
              52.153381016617146
            ],
            [
              4.530012023193871,
              52.153382803423774
            ],
            [
              4.530010544868267,
              52.153383691519004
            ],
            [
              4.53000904928361,
              52.15338547832558
            ],
            [
              4.530006109891097,
              52.153386355804656
            ],
            [
              4.530004614306173,
              52.15338814261119
            ],
            [
              4.530003135980244,
              52.15338903070633
            ],
            [
              4.530001640395112,
              52.15339081751281
            ],
            [
              4.530000162069034,
              52.15339170560792
            ],
            [
              4.529998666483694,
              52.15339349241438
            ],
            [
              4.52999572709045,
              52.15339436989317
            ],
            [
              4.52999423150484,
              52.15339615669956
            ],
            [
              4.52999275317844,
              52.15339704479458
            ],
            [
              4.529991257592622,
              52.1533988316009
            ],
            [
              4.529989779266072,
              52.15339971969589
            ],
            [
              4.529988283680046,
              52.153401506502185
            ],
            [
              4.529986788093897,
              52.153403293308486
            ],
            [
              4.529985327026592,
              52.15340328269206
            ],
            [
              4.529983814180755,
              52.153405968209654
            ],
            [
              4.529982335853822,
              52.153406856304535
            ],
            [
              4.529980840267257,
              52.15340864311074
            ],
            [
              4.529979361940174,
              52.153409531205575
            ],
            [
              4.529977866353399,
              52.15341131801174
            ],
            [
              4.529976370766503,
              52.153413104817865
            ],
            [
              4.529974892439184,
              52.153413992912675
            ],
            [
              4.529973396852081,
              52.15341577971876
            ],
            [
              4.529971918524614,
              52.15341666781354
            ],
            [
              4.529970422937302,
              52.1534184546196
            ],
            [
              4.529968910090051,
              52.153421140136956
            ],
            [
              4.529965953434523,
              52.15342291632633
            ],
            [
              4.529962979518819,
              52.15342559122699
            ],
            [
              4.529961466670876,
              52.153428276744265
            ],
            [
              4.529958475494512,
              52.15343185035608
            ],
            [
              4.529955501577763,
              52.15343452525649
            ],
            [
              4.529954005989192,
              52.15343631206233
            ],
            [
              4.5299509975515,
              52.15344078438533
            ],
            [
              4.529949484702316,
              52.15344346990241
            ],
            [
              4.529946510784251,
              52.1534461448026
            ],
            [
              4.529943519605486,
              52.15344971841405
            ],
            [
              4.529942006755546,
              52.153452403931055
            ],
            [
              4.529939032836436,
              52.15345507883108
            ],
            [
              4.529937502725574,
              52.1534586630593
            ],
            [
              4.529934528805776,
              52.1534613379592
            ],
            [
              4.529933015954899,
              52.15346402347607
            ],
            [
              4.529930024773846,
              52.153467597087186
            ],
            [
              4.529928511922483,
              52.15347028260398
            ],
            [
              4.52992552074065,
              52.15347385621493
            ],
            [
              4.529924007888803,
              52.15347654173168
            ],
            [
              4.529922477775989,
              52.153480125959724
            ],
            [
              4.529919503853855,
              52.15348280085922
            ],
            [
              4.52991799100134,
              52.153485486375935
            ],
            [
              4.529914999817639,
              52.15348905998656
            ],
            [
              4.529913486964639,
              52.15349174550321
            ],
            [
              4.529911974111456,
              52.153494431019766
            ],
            [
              4.529908982926669,
              52.153498004630315
            ],
            [
              4.529907470073002,
              52.15350069014683
            ],
            [
              4.529905939958023,
              52.15350427437466
            ],
            [
              4.529902966033279,
              52.153506949273705
            ],
            [
              4.529902931510899,
              52.15350874669632
            ],
            [
              4.529901435917722,
              52.15351053350145
            ],
            [
              4.529899940324424,
              52.15351232030657
            ],
            [
              4.529898444731008,
              52.15351410711169
            ],
            [
              4.529896949137469,
              52.153515893916754
            ],
            [
              4.529895453543812,
              52.15351768072183
            ],
            [
              4.529895419021118,
              52.15351947814443
            ],
            [
              4.529893923427281,
              52.15352126494946
            ],
            [
              4.529892410571908,
              52.15352395046578
            ],
            [
              4.529890914977798,
              52.15352573727082
            ],
            [
              4.529889419383567,
              52.1535275240758
            ],
            [
              4.529803089031077,
              52.15360958966102
            ],
            [
              4.529573879795499,
              52.15352253411687
            ],
            [
              4.529457926699914,
              52.153473153932154
            ],
            [
              4.529349210110973,
              52.15342742160012
            ],
            [
              4.529241937537081,
              52.15338259850485
            ],
            [
              4.529150598682853,
              52.15334508189681
            ],
            [
              4.529040438936552,
              52.153298439942645
            ],
            [
              4.528931723202224,
              52.15325270722633
            ],
            [
              4.528815771520156,
              52.153203326411216
            ],
            [
              4.528858885400572,
              52.15316499011981
            ],
            [
              4.528893077327334,
              52.15313467843353
            ],
            [
              4.528837029312201,
              52.15308573345044
            ],
            [
              4.528809545765726,
              52.15307115208713
            ],
            [
              4.52871415316128,
              52.15301652773642
            ],
            [
              4.528664995893306,
              52.15298920489944
            ],
            [
              4.52861432577252,
              52.15296456754203
            ],
            [
              4.528560750892263,
              52.152939010183694
            ],
            [
              4.528470822700656,
              52.15290419981715
            ],
            [
              4.528353186588663,
              52.15286649115692
            ],
            [
              4.528327043336106,
              52.152858211295516
            ],
            [
              4.528237029018307,
              52.15282789430651
            ],
            [
              4.528235282943388,
              52.152766760676364
            ],
            [
              4.528111941589656,
              52.15272181953484
            ],
            [
              4.527929372446215,
              52.152641392233605
            ],
            [
              4.527684446529112,
              52.15253624174049
            ],
            [
              4.527669611173317,
              52.15254781853437
            ],
            [
              4.527623204071302,
              52.152529503663814
            ],
            [
              4.52752896356195,
              52.15249106579927
            ],
            [
              4.527470954836541,
              52.15246817213914
            ],
            [
              4.527472450491669,
              52.15246638536464
            ],
            [
              4.527543861017926,
              52.15240039180738
            ],
            [
              4.527591479456032,
              52.15235579693718
            ],
            [
              4.527639080492658,
              52.152312100758294
            ],
            [
              4.527716455771875,
              52.15223985869769
            ],
            [
              4.52779383080022,
              52.152167616584926
            ],
            [
              4.527842909764158,
              52.1521230322538
            ],
            [
              4.527890527606613,
              52.152078437259455
            ],
            [
              4.527966389153249,
              52.15200888052144
            ],
            [
              4.528045241691867,
              52.15193575016931
            ],
            [
              4.52809285913172,
              52.15189115509096
            ],
            [
              4.528141937492043,
              52.151846570632024
            ],
            [
              4.52821781554583,
              52.15177611501663
            ],
            [
              4.528293693359685,
              52.15170565935103
            ],
            [
              4.528342788606485,
              52.15166017609492
            ],
            [
              4.528378492605673,
              52.15162717905107
            ],
            [
              4.528390405454115,
              52.151615580893115
            ],
            [
              4.528513864746572,
              52.15150232728297
            ],
            [
              4.528661625404006,
              52.151569017837616
            ],
            [
              4.529666603813873,
              52.152042823833504
            ],
            [
              4.529665142791202,
              52.15204281321324
            ],
            [
              4.52966366450326,
              52.152043701304414
            ],
            [
              4.529660742457864,
              52.15204368006376
            ],
            [
              4.529659281435166,
              52.15204366944346
            ],
            [
              4.529656342124354,
              52.15204454691418
            ],
            [
              4.529653385547947,
              52.152046323096314
            ],
            [
              4.529651924525165,
              52.15204631247584
            ],
            [
              4.529650463502384,
              52.152046301855435
            ],
            [
              4.529647524191228,
              52.152047179325926
            ],
            [
              4.529646045902792,
              52.152048067416885
            ],
            [
              4.529644567614294,
              52.152048955507844
            ],
            [
              4.529641628302849,
              52.1520498329782
            ],
            [
              4.529640132748459,
              52.15205161978057
            ],
            [
              4.529638654459729,
              52.15205250787146
            ],
            [
              4.529637158905128,
              52.15205429467374
            ],
            [
              4.529635697882091,
              52.15205428405313
            ],
            [
              4.529601455490784,
              52.15208729209752
            ],
            [
              4.529324799735534,
              52.152340550298874
            ],
            [
              4.529481382393156,
              52.15240460743862
            ],
            [
              4.529470965189301,
              52.15241441890531
            ],
            [
              4.52953909851759,
              52.152442778205995
            ],
            [
              4.529705822784087,
              52.15251140295774
            ],
            [
              4.529752213462989,
              52.15253061572227
            ],
            [
              4.529665919328859,
              52.152610883801835
            ],
            [
              4.529509747013905,
              52.15275356238544
            ],
            [
              4.529411504562193,
              52.152847225965104
            ],
            [
              4.529572437736501,
              52.15291311227562
            ],
            [
              4.529477220788292,
              52.153001404882055
            ],
            [
              4.529280855153316,
              52.15318244091372
            ],
            [
              4.529271933330574,
              52.15319046556373
            ],
            [
              4.529503924245244,
              52.15328473262929
            ],
            [
              4.529640193681563,
              52.153341451150865
            ],
            [
              4.529644559610781,
              52.15334238172411
            ],
            [
              4.529648925540182,
              52.15334331229718
            ],
            [
              4.529650352073033,
              52.1533451203403
            ],
            [
              4.529653256937492,
              52.153346040292625
            ],
            [
              4.529760547103005,
              52.15338996430355
            ],
            [
              4.529803694881321,
              52.15334983024402
            ],
            [
              4.529835596647952,
              52.15336264580839
            ],
            [
              4.529843057338519,
              52.15335461049773
            ],
            [
              4.529985994858658,
              52.15321632949964
            ],
            [
              4.529959868356413,
              52.15320715128814
            ],
            [
              4.530000059140924,
              52.15316879334403
            ],
            [
              4.530011954723919,
              52.153158093736685
            ],
            [
              4.530011971982739,
              52.15315719502532
            ],
            [
              4.530223221152909,
              52.1529618845212
            ],
            [
              4.530407377569613,
              52.15303602791046
            ],
            [
              4.530407360318815,
              52.153036926621915
            ],
            [
              4.530408769621953,
              52.15303963336746
            ],
            [
              4.530408717869643,
              52.15304232950187
            ],
            [
              4.530410127173032,
              52.15304503624738
            ],
            [
              4.530411536476589,
              52.15304774299291
            ],
            [
              4.53041294578032,
              52.1530504497384
            ],
            [
              4.530414389585546,
              52.15305135906097
            ],
            [
              4.530415781638927,
              52.153054964517864
            ],
            [
              4.530417190943139,
              52.15305767126334
            ],
            [
              4.530418600247522,
              52.153060378008746
            ],
            [
              4.530420009552075,
              52.15306308475415
            ],
            [
              4.530421401606269,
              52.15306669021103
            ],
            [
              4.530424271967703,
              52.15306940756734
            ],
            [
              4.530425681272881,
              52.15307211431267
            ],
            [
              4.530428551634922,
              52.15307483166886
            ],
            [
              4.53042996094053,
              52.153077538414166
            ],
            [
              4.530432848553483,
              52.153079357058814
            ],
            [
              4.530434257859493,
              52.153082063804064
            ],
            [
              4.530437128222694,
              52.15308478116008
            ],
            [
              4.530439998586242,
              52.15308749851601
            ],
            [
              4.53044286895014,
              52.153090215871856
            ],
            [
              4.530444278257098,
              52.15309292261699
            ],
            [
              4.530447148621605,
              52.15309563997277
            ],
            [
              4.530450036236429,
              52.15309745861701
            ],
            [
              4.530452906601576,
              52.15310017597261
            ],
            [
              4.530455776967071,
              52.153102893328175
            ],
            [
              4.530458647332917,
              52.15310561068363
            ],
            [
              4.530461534948854,
              52.15310742932761
            ],
            [
              4.530464405315342,
              52.153110146682984
            ],
            [
              4.530468753989723,
              52.1531119759372
            ],
            [
              4.530471624356942,
              52.153114693292345
            ],
            [
              4.530474511973994,
              52.15311651193597
            ],
            [
              4.530477399591282,
              52.15311833057953
            ],
            [
              4.530481731017654,
              52.15312105854475
            ],
            [
              4.530484618635532,
              52.15312287718813
            ],
            [
              4.530488950062787,
              52.15312560515307
            ],
            [
              4.53049183768125,
              52.15312742379628
            ],
            [
              4.530496203607497,
              52.15312835433802
            ],
            [
              4.530499073977439,
              52.15313107169251
            ],
            [
              4.530501961596669,
              52.15313289033549
            ],
            [
              4.530506310274812,
              52.153134719588316
            ],
            [
              4.530509197894572,
              52.15313653823111
            ],
            [
              4.53051208551457,
              52.15313835687382
            ],
            [
              4.53051643419366,
              52.153140186126315
            ],
            [
              4.530519321814187,
              52.15314200476879
            ],
            [
              4.530523670493929,
              52.153143834021016
            ],
            [
              4.530526558114989,
              52.153145652663376
            ],
            [
              4.530529445736285,
              52.15314747130563
            ],
            [
              4.530533777168666,
              52.15315019926894
            ],
            [
              4.530536682038802,
              52.15315111919959
            ],
            [
              4.530541030720143,
              52.153152948451144
            ],
            [
              4.5305439183425,
              52.153154767093056
            ],
            [
              4.530548267024498,
              52.15315659634435
            ],
            [
              4.530551154647385,
              52.15315841498614
            ],
            [
              4.530554059518413,
              52.153159334916346
            ],
            [
              4.530558390953454,
              52.153162062878714
            ],
            [
              4.530561278577107,
              52.15316388152023
            ],
            [
              4.53056564450838,
              52.1531648120594
            ],
            [
              4.530568532132507,
              52.153166630700724
            ],
            [
              4.530572880816671,
              52.15316845995111
            ],
            [
              4.530575751193857,
              52.15317117730376
            ],
            [
              4.530580117126148,
              52.1531721078424
            ],
            [
              4.530583004751337,
              52.15317392648339
            ],
            [
              4.530587353436809,
              52.15317575573321
            ],
            [
              4.530591719369788,
              52.15317668627141
            ],
            [
              4.530594606995748,
              52.153178504912105
            ],
            [
              4.530598955682141,
              52.15318033416155
            ],
            [
              4.530607653055994,
              52.15318399265993
            ],
            [
              4.53061635043128,
              52.15318765115765
            ],
            [
              4.530623569500904,
              52.15319219775771
            ],
            [
              4.530632284125441,
              52.153194957542794
            ],
            [
              4.530640981504887,
              52.15319861603874
            ],
            [
              4.530649661639758,
              52.153203173245466
            ],
            [
              4.530659837329115,
              52.153205943636685
            ],
            [
              4.530668534712966,
              52.153209602130566
            ],
            [
              4.530677249343696,
              52.15321236191234
            ],
            [
              4.530685929484952,
              52.153216919116396
            ],
            [
              4.530694644118191,
              52.153219678896896
            ],
            [
              4.53070334150758,
              52.1532233373882
            ],
            [
              4.530712038898397,
              52.15322699587888
            ],
            [
              4.530720736290642,
              52.15323065436893
            ],
            [
              4.530729450928726,
              52.15323341414685
            ],
            [
              4.530739609385752,
              52.153237083242665
            ],
            [
              4.530748306782232,
              52.15324074173067
            ],
            [
              4.530757021423998,
              52.153243501506566
            ],
            [
              4.530765718823159,
              52.153247159993285
            ],
            [
              4.530775877286306,
              52.15325082908595
            ],
            [
              4.530784591931756,
              52.15325358885981
            ],
            [
              4.530793306578286,
              52.153256348633015
            ],
            [
              4.530802003982934,
              52.15326000711706
            ],
            [
              4.530812162452001,
              52.15326367620665
            ],
            [
              4.530820877102215,
              52.15326643597784
            ],
            [
              4.530829591753508,
              52.15326919574832
            ],
            [
              4.530839750226944,
              52.153272864835536
            ],
            [
              4.530848464880665,
              52.153275624604696
            ],
            [
              4.530858606115291,
              52.153280192401766
            ],
            [
              4.530868781835255,
              52.15328296277501
            ],
            [
              4.530880418620223,
              52.15328574375261
            ],
            [
              4.530892038165481,
              52.15328942344063
            ],
            [
              4.530903657712661,
              52.15329310312754
            ],
            [
              4.530915277261762,
              52.153296782813264
            ],
            [
              4.530926896812784,
              52.153300462497846
            ],
            [
              4.530938550846195,
              52.153302344758266
            ],
            [
              4.530950153160593,
              52.15330692315212
            ],
            [
              4.530961772717145,
              52.15331060283328
            ],
            [
              4.530973409515156,
              52.15331338380179
            ],
            [
              4.530985029075319,
              52.15331706348065
            ],
            [
              4.530996665876476,
              52.15331984444686
            ],
            [
              4.531008302679088,
              52.1533226254119
            ],
            [
              4.531021383309654,
              52.153326315690926
            ],
            [
              4.531033020115506,
              52.15332909665357
            ],
            [
              4.531044656922814,
              52.153331877614995
            ],
            [
              4.531056293731576,
              52.15333465857538
            ],
            [
              4.531067930541796,
              52.15333743953455
            ],
            [
              4.531081045656437,
              52.15333933238387
            ],
            [
              4.531092665232278,
              52.15334301205215
            ],
            [
              4.531104302046959,
              52.15334579300775
            ],
            [
              4.531117399928964,
              52.153348584564604
            ],
            [
              4.53112903674665,
              52.15335136551779
            ],
            [
              4.531140708038174,
              52.15335234904667
            ],
            [
              4.531153788688472,
              52.15335603931105
            ],
            [
              4.531165425510389,
              52.15335882026062
            ],
            [
              4.531177079569225,
              52.15336070249747
            ],
            [
              4.531190177460196,
              52.153363494046275
            ],
            [
              4.531201831521308,
              52.15336537628069
            ],
            [
              4.531207796430988,
              52.15335912770491
            ],
            [
              4.531251283739192,
              52.15337741996629
            ]
          ]
        ]
      }
    },
    {
      "type": "Feature",
      "properties": {
        "cho_uri": "https://linkeddata.cultureelerfgoed.nl/cho-kennis/id/rijksmonument/47123",
        "rijksmonumentnummer": "531041",
        "naam": "Dalemse Donk",
        "geometry_bron": "Polygon",
        "monumentenregister_url": "https://monumentenregister.cultureelerfgoed.nl/monumenten/531041",
        "oorspronkelijke_functie": "Archeologie (N1)",
        "oorspronkelijke_functie_begraafplaats": false
      },
      "geometry": {
        "type": "Polygon",
        "coordinates": [
          [
            [
              4.997361607468967,
              51.82951646848921
            ],
            [
              4.997300964254404,
              51.82965109376835
            ],
            [
              4.997251622725165,
              51.8298208114809
            ],
            [
              4.997288842421638,
              51.829878461130164
            ],
            [
              4.996980234622425,
              51.830000577515506
            ],
            [
              4.996928119377328,
              51.82998782047248
            ],
            [
              4.996874506787212,
              51.82998045149434
            ],
            [
              4.996817876097194,
              51.82998655512155
            ],
            [
              4.996697260074074,
              51.830010422809096
            ],
            [
              4.996595362467577,
              51.83005053184658
            ],
            [
              4.996557457981877,
              51.83007197800067
            ],
            [
              4.996484433379241,
              51.83012836220318
            ],
            [
              4.996366562274417,
              51.83017021557303
            ],
            [
              4.996288093153182,
              51.8301852346901
            ],
            [
              4.99612975866631,
              51.830208976206094
            ],
            [
              4.995933698539013,
              51.83023349063785
            ],
            [
              4.995776900241313,
              51.83024734950991
            ],
            [
              4.995652048052915,
              51.83025771933712
            ],
            [
              4.995531633767371,
              51.830258216548295
            ],
            [
              4.995449030919055,
              51.83024805367289
            ],
            [
              4.995341797810281,
              51.83023421315935
            ],
            [
              4.995259304474892,
              51.830211466694344
            ],
            [
              4.995233200071569,
              51.83021048070365
            ],
            [
              4.995125888931212,
              51.83020562817583
            ],
            [
              4.99502135403737,
              51.83021516633367
            ],
            [
              4.994923978622067,
              51.83023551445215
            ],
            [
              4.994813343545888,
              51.83027918813051
            ],
            [
              4.994778128089114,
              51.83032491149726
            ],
            [
              4.994753396050907,
              51.83033291843088
            ],
            [
              4.994693784992926,
              51.830347999516405
            ],
            [
              4.994647300503578,
              51.83035503486121
            ],
            [
              4.99458782248337,
              51.83035483598308
            ],
            [
              4.994554511576493,
              51.83034843267656
            ],
            [
              4.994486368624291,
              51.830343710546856
            ],
            [
              4.994393728579412,
              51.83032003068917
            ],
            [
              4.994298132421878,
              51.83030263277652
            ],
            [
              4.994127257695236,
              51.830267005895784
            ],
            [
              4.993931674634884,
              51.83023668907226
            ],
            [
              4.993828817594168,
              51.83022016529969
            ],
            [
              4.993740334024148,
              51.830218969961855
            ],
            [
              4.993641742797307,
              51.83021234760969
            ],
            [
              4.993574925230908,
              51.83022201090405
            ],
            [
              4.993506649105554,
              51.830232568114134
            ],
            [
              4.99344706132166,
              51.83024495211194
            ],
            [
              4.993381623663109,
              51.83026270952444
            ],
            [
              4.993356899265771,
              51.830269817345474
            ],
            [
              4.993272822643426,
              51.830262344526965
            ],
            [
              4.992777024841883,
              51.830056642282145
            ],
            [
              4.992774170688765,
              51.830051239626705
            ],
            [
              4.992783370254274,
              51.829994643327076
            ],
            [
              4.992821776240569,
              51.82975028662763
            ],
            [
              4.992861046825239,
              51.8294070599098
            ],
            [
              4.992895595317934,
              51.82910606300402
            ],
            [
              4.993286915446849,
              51.82914782459237
            ],
            [
              4.993779679518709,
              51.82920160982823
            ],
            [
              4.993832012602084,
              51.829189201356925
            ],
            [
              4.993867267345744,
              51.829138984176396
            ],
            [
              4.993874818619504,
              51.82910485338075
            ],
            [
              4.993893496587626,
              51.82912558937772
            ],
            [
              4.99397286639189,
              51.82917349399807
            ],
            [
              4.994431381624636,
              51.829328731212186
            ],
            [
              4.994569177750266,
              51.82933098979859
            ],
            [
              4.994694199814406,
              51.82930084711632
            ],
            [
              4.994697093286256,
              51.82930175563403
            ],
            [
              4.994697124594784,
              51.82929816036066
            ],
            [
              4.994779487831773,
              51.82916900207066
            ],
            [
              4.994814678906316,
              51.829125975151285
            ],
            [
              4.994858659831006,
              51.82907309030519
            ],
            [
              4.995032083933373,
              51.82898198757345
            ],
            [
              4.995068475029689,
              51.828967727611214
            ],
            [
              4.99514266088221,
              51.82894460540748
            ],
            [
              4.995252005858075,
              51.828882051378024
            ],
            [
              4.995265225712616,
              51.828863219775286
            ],
            [
              4.995324001326461,
              51.82877712689509
            ],
            [
              4.995369674164303,
              51.8286963833239
            ],
            [
              4.99544594282096,
              51.82860046147194
            ],
            [
              4.995510254677836,
              51.82854494768522
            ],
            [
              4.995584642648147,
              51.82849845591894
            ],
            [
              4.995693868821283,
              51.828449383750424
            ],
            [
              4.995688105368266,
              51.82844487030841
            ],
            [
              4.9956953194435,
              51.82844938858772
            ],
            [
              4.995823169311842,
              51.82842734373763
            ],
            [
              4.995902937890511,
              51.828429407312285
            ],
            [
              4.996847315982032,
              51.828429854470116
            ],
            [
              4.996973367702124,
              51.82861543546693
            ],
            [
              4.997209540546383,
              51.8289838475857
            ],
            [
              4.997267251666787,
              51.82918807695302
            ],
            [
              4.997361607468967,
              51.82951646848921
            ]
          ]
        ]
      }
    },
    {
      "type": "Feature",
      "properties": {
        "cho_uri": "https://linkeddata.cultureelerfgoed.nl/cho-kennis/id/rijksmonument/53335",
        "rijksmonumentnummer": "531057",
        "naam": "Veldhuizen, De Balije",
        "geometry_bron": "Point",
        "monumentenregister_url": "https://monumentenregister.cultureelerfgoed.nl/monumenten/531057",
        "oorspronkelijke_functie": "Archeologie (N1)",
        "oorspronkelijke_functie_begraafplaats": false
      },
      "geometry": {
        "type": "Point",
        "coordinates": [
          5.020877478720189,
          52.080614972398784
        ]
      }
    },
    {
      "type": "Feature",
      "properties": {
        "cho_uri": "https://linkeddata.cultureelerfgoed.nl/cho-kennis/id/rijksmonument/10202894",
        "rijksmonumentnummer": "532518",
        "naam": null,
        "geometry_bron": "Point",
        "monumentenregister_url": "https://monumentenregister.cultureelerfgoed.nl/monumenten/532518",
        "oorspronkelijke_functie": "Archeologie (N1)",
        "oorspronkelijke_functie_begraafplaats": false
      },
      "geometry": {
        "type": "Point",
        "coordinates": [
          4.459950335483703,
          52.124635634970396
        ]
      }
    },
    {
      "type": "Feature",
      "properties": {
        "cho_uri": "https://linkeddata.cultureelerfgoed.nl/cho-kennis/id/rijksmonument/10202901",
        "rijksmonumentnummer": "532519",
        "naam": null,
        "geometry_bron": "Point",
        "monumentenregister_url": "https://monumentenregister.cultureelerfgoed.nl/monumenten/532519",
        "oorspronkelijke_functie": "Archeologie (N1)",
        "oorspronkelijke_functie_begraafplaats": false
      },
      "geometry": {
        "type": "Point",
        "coordinates": [
          4.436638214176644,
          52.10908859558213
        ]
      }
    },
    {
      "type": "Feature",
      "properties": {
        "cho_uri": "https://linkeddata.cultureelerfgoed.nl/cho-kennis/id/rijksmonument/10202902",
        "rijksmonumentnummer": "532521",
        "naam": null,
        "geometry_bron": "Point",
        "monumentenregister_url": "https://monumentenregister.cultureelerfgoed.nl/monumenten/532521",
        "oorspronkelijke_functie": "Archeologie (N1)",
        "oorspronkelijke_functie_begraafplaats": false
      },
      "geometry": {
        "type": "Point",
        "coordinates": [
          4.423086039379126,
          52.10119443320858
        ]
      }
    },
    {
      "type": "Feature",
      "properties": {
        "cho_uri": "https://linkeddata.cultureelerfgoed.nl/cho-kennis/id/rijksmonument/10202903",
        "rijksmonumentnummer": "532520",
        "naam": null,
        "geometry_bron": "Point",
        "monumentenregister_url": "https://monumentenregister.cultureelerfgoed.nl/monumenten/532520",
        "oorspronkelijke_functie": "Archeologie (N1)",
        "oorspronkelijke_functie_begraafplaats": false
      },
      "geometry": {
        "type": "Point",
        "coordinates": [
          4.428999292586988,
          52.10518863345596
        ]
      }
    },
    {
      "type": "Feature",
      "properties": {
        "cho_uri": "https://linkeddata.cultureelerfgoed.nl/cho-kennis/id/rijksmonument/10202906",
        "rijksmonumentnummer": "532522",
        "naam": null,
        "geometry_bron": "Point",
        "monumentenregister_url": "https://monumentenregister.cultureelerfgoed.nl/monumenten/532522",
        "oorspronkelijke_functie": "Archeologie (N1)",
        "oorspronkelijke_functie_begraafplaats": false
      },
      "geometry": {
        "type": "Point",
        "coordinates": [
          4.408910159541495,
          52.09134297444397
        ]
      }
    },
    {
      "type": "Feature",
      "properties": {
        "cho_uri": "https://linkeddata.cultureelerfgoed.nl/cho-kennis/id/rijksmonument/10202907",
        "rijksmonumentnummer": "532523",
        "naam": null,
        "geometry_bron": "Point",
        "monumentenregister_url": "https://monumentenregister.cultureelerfgoed.nl/monumenten/532523",
        "oorspronkelijke_functie": "Archeologie (N1)",
        "oorspronkelijke_functie_begraafplaats": false
      },
      "geometry": {
        "type": "Point",
        "coordinates": [
          4.398840938791182,
          52.0840950251925
        ]
      }
    },
    {
      "type": "Feature",
      "properties": {
        "cho_uri": "https://linkeddata.cultureelerfgoed.nl/cho-kennis/id/rijksmonument/10673",
        "rijksmonumentnummer": "46141",
        "naam": null,
        "geometry_bron": "Point",
        "monumentenregister_url": "https://monumentenregister.cultureelerfgoed.nl/monumenten/46141",
        "oorspronkelijke_functie": "Archeologie (N1)",
        "oorspronkelijke_functie_begraafplaats": false
      },
      "geometry": {
        "type": "Point",
        "coordinates": [
          4.437106218993415,
          52.17014218369611
        ]
      }
    },
    {
      "type": "Feature",
      "properties": {
        "cho_uri": "https://linkeddata.cultureelerfgoed.nl/cho-kennis/id/rijksmonument/11074",
        "rijksmonumentnummer": "47107",
        "naam": null,
        "geometry_bron": "Polygon",
        "monumentenregister_url": "https://monumentenregister.cultureelerfgoed.nl/monumenten/47107",
        "oorspronkelijke_functie": "Archeologie (N1)",
        "oorspronkelijke_functie_begraafplaats": false
      },
      "geometry": {
        "type": "Polygon",
        "coordinates": [
          [
            [
              4.85325485198058,
              51.923732906636154
            ],
            [
              4.852679753145367,
              51.92356131112395
            ],
            [
              4.85281521118605,
              51.923417213445134
            ],
            [
              4.852900613541864,
              51.92332591977759
            ],
            [
              4.852902088572354,
              51.92332412879829
            ],
            [
              4.852915331787409,
              51.92331070636223
            ],
            [
              4.853486067325053,
              51.92348228092665
            ],
            [
              4.853444670864329,
              51.923540517681644
            ],
            [
              4.85325485198058,
              51.923732906636154
            ]
          ]
        ]
      }
    },
    {
      "type": "Feature",
      "properties": {
        "cho_uri": "https://linkeddata.cultureelerfgoed.nl/cho-kennis/id/rijksmonument/11128",
        "rijksmonumentnummer": "508083",
        "naam": null,
        "geometry_bron": "Point",
        "monumentenregister_url": "https://monumentenregister.cultureelerfgoed.nl/monumenten/508083",
        "oorspronkelijke_functie": "Archeologie (N1)",
        "oorspronkelijke_functie_begraafplaats": false
      },
      "geometry": {
        "type": "Point",
        "coordinates": [
          4.349896929342502,
          52.0599081799117
        ]
      }
    },
    {
      "type": "Feature",
      "properties": {
        "cho_uri": "https://linkeddata.cultureelerfgoed.nl/cho-kennis/id/rijksmonument/12180",
        "rijksmonumentnummer": "47134",
        "naam": null,
        "geometry_bron": "Polygon",
        "monumentenregister_url": "https://monumentenregister.cultureelerfgoed.nl/monumenten/47134",
        "oorspronkelijke_functie": "Archeologie (N1)",
        "oorspronkelijke_functie_begraafplaats": false
      },
      "geometry": {
        "type": "Polygon",
        "coordinates": [
          [
            [
              4.402121285972852,
              51.992039725790114
            ],
            [
              4.402024322312945,
              51.99201284667974
            ],
            [
              4.402322393176309,
              51.991832870585036
            ],
            [
              4.402704831863902,
              51.991722812903916
            ],
            [
              4.402992992333072,
              51.99172881899316
            ],
            [
              4.403147795332068,
              51.99170764186768
            ],
            [
              4.403312170607244,
              51.9918474428965
            ],
            [
              4.403293084665339,
              51.991920990915936
            ],
            [
              4.403359547030718,
              51.99214356832449
            ],
            [
              4.40336408854373,
              51.99220203305601
            ],
            [
              4.4032036673363,
              51.99241282574312
            ],
            [
              4.402955822548082,
              51.99255996587199
            ],
            [
              4.402570099670498,
              51.992554042261816
            ],
            [
              4.402467153631795,
              51.992534304453685
            ],
            [
              4.402205868220348,
              51.99243144375767
            ],
            [
              4.402096813631736,
              51.99229210433306
            ],
            [
              4.402121285972852,
              51.992039725790114
            ]
          ]
        ]
      }
    },
    {
      "type": "Feature",
      "properties": {
        "cho_uri": "https://linkeddata.cultureelerfgoed.nl/cho-kennis/id/rijksmonument/12377",
        "rijksmonumentnummer": "46140",
        "naam": null,
        "geometry_bron": "Point",
        "monumentenregister_url": "https://monumentenregister.cultureelerfgoed.nl/monumenten/46140",
        "oorspronkelijke_functie": "Archeologie (N1)",
        "oorspronkelijke_functie_begraafplaats": false
      },
      "geometry": {
        "type": "Point",
        "coordinates": [
          4.433495515064388,
          52.18039582575361
        ]
      }
    },
    {
      "type": "Feature",
      "properties": {
        "cho_uri": "https://linkeddata.cultureelerfgoed.nl/cho-kennis/id/rijksmonument/13589",
        "rijksmonumentnummer": "47114",
        "naam": null,
        "geometry_bron": "Polygon",
        "monumentenregister_url": "https://monumentenregister.cultureelerfgoed.nl/monumenten/47114",
        "oorspronkelijke_functie": "Archeologie (N1)",
        "oorspronkelijke_functie_begraafplaats": false
      },
      "geometry": {
        "type": "Polygon",
        "coordinates": [
          [
            [
              4.984238223596836,
              51.885202154348946
            ],
            [
              4.984420241011566,
              51.8843398931861
            ],
            [
              4.985752466642126,
              51.8844675930584
            ],
            [
              4.985660694862428,
              51.88531128901598
            ],
            [
              4.984238223596836,
              51.885202154348946
            ]
          ]
        ]
      }
    },
    {
      "type": "Feature",
      "properties": {
        "cho_uri": "https://linkeddata.cultureelerfgoed.nl/cho-kennis/id/rijksmonument/14357",
        "rijksmonumentnummer": "45079",
        "naam": null,
        "geometry_bron": "Polygon",
        "monumentenregister_url": "https://monumentenregister.cultureelerfgoed.nl/monumenten/45079",
        "oorspronkelijke_functie": "Archeologie (N1)",
        "oorspronkelijke_functie_begraafplaats": false
      },
      "geometry": {
        "type": "Polygon",
        "coordinates": [
          [
            [
              4.234027116073768,
              51.858374546507676
            ],
            [
              4.233840801849514,
              51.85782707773502
            ],
            [
              4.234860272062059,
              51.85769955399204
            ],
            [
              4.2350397553239,
              51.85823077365598
            ],
            [
              4.234643440841318,
              51.85828711116778
            ],
            [
              4.234512311048084,
              51.858305599977506
            ],
            [
              4.234063584618563,
              51.85836771337747
            ],
            [
              4.23406213324327,
              51.85836769912382
            ],
            [
              4.234060658848299,
              51.85836858355476
            ],
            [
              4.234027116073768,
              51.858374546507676
            ]
          ]
        ]
      }
    },
    {
      "type": "Feature",
      "properties": {
        "cho_uri": "https://linkeddata.cultureelerfgoed.nl/cho-kennis/id/rijksmonument/14463",
        "rijksmonumentnummer": "45553",
        "naam": null,
        "geometry_bron": "Polygon",
        "monumentenregister_url": "https://monumentenregister.cultureelerfgoed.nl/monumenten/45553",
        "oorspronkelijke_functie": "Archeologie (N1)",
        "oorspronkelijke_functie_begraafplaats": false
      },
      "geometry": {
        "type": "Polygon",
        "coordinates": [
          [
            [
              5.12030275018834,
              51.72940718595092
            ],
            [
              5.120261446622633,
              51.729538323996884
            ],
            [
              5.120247941841391,
              51.7296191897331
            ],
            [
              5.119515961986104,
              51.729543815194056
            ],
            [
              5.119410361256341,
              51.72953278785747
            ],
            [
              5.119410292645693,
              51.72929998558874
            ],
            [
              5.1194083885615,
              51.72888830799296
            ],
            [
              5.119479275840207,
              51.72889476182618
            ],
            [
              5.120421940560552,
              51.72907757931658
            ],
            [
              5.120377970835296,
              51.72917006079749
            ],
            [
              5.12030275018834,
              51.72940718595092
            ]
          ]
        ]
      }
    },
    {
      "type": "Feature",
      "properties": {
        "cho_uri": "https://linkeddata.cultureelerfgoed.nl/cho-kennis/id/rijksmonument/14955",
        "rijksmonumentnummer": "46201",
        "naam": null,
        "geometry_bron": "Polygon",
        "monumentenregister_url": "https://monumentenregister.cultureelerfgoed.nl/monumenten/46201",
        "oorspronkelijke_functie": "Archeologie (N1)",
        "oorspronkelijke_functie_begraafplaats": false
      },
      "geometry": {
        "type": "Polygon",
        "coordinates": [
          [
            [
              5.042332891420833,
              52.02093653606307
            ],
            [
              5.04244424159572,
              52.020855069552056
            ],
            [
              5.042387638632878,
              52.020827040441205
            ],
            [
              5.042699827243224,
              52.02058347530245
            ],
            [
              5.043065599718117,
              52.02076071328561
            ],
            [
              5.043286248005896,
              52.02086472205531
            ],
            [
              5.042732075885214,
              52.02131610719828
            ],
            [
              5.04222738902943,
              52.02101532314143
            ],
            [
              5.041972075593863,
              52.02087256154745
            ],
            [
              5.041799734959556,
              52.02073903097068
            ],
            [
              5.04176662222211,
              52.02068770115494
            ],
            [
              5.041762307090024,
              52.02068049794416
            ],
            [
              5.041762604933927,
              52.020641849593346
            ],
            [
              5.041774619878973,
              52.02059514623873
            ],
            [
              5.041799787948042,
              52.020543088546
            ],
            [
              5.041855722756639,
              52.02046865059531
            ],
            [
              5.041946649201822,
              52.02039071993219
            ],
            [
              5.0420475586385,
              52.0203406818534
            ],
            [
              5.042070868031743,
              52.02034075016812
            ],
            [
              5.042312530103872,
              52.02036392863451
            ],
            [
              5.042347355916507,
              52.02038200700497
            ],
            [
              5.042614191222755,
              52.020541879076895
            ],
            [
              5.042683857212507,
              52.02057623803061
            ],
            [
              5.042370225542153,
              52.02081800126367
            ],
            [
              5.042299116398077,
              52.02078184026098
            ],
            [
              5.042189202241777,
              52.02086600730022
            ],
            [
              5.042332891420833,
              52.02093653606307
            ]
          ]
        ]
      }
    },
    {
      "type": "Feature",
      "properties": {
        "cho_uri": "https://linkeddata.cultureelerfgoed.nl/cho-kennis/id/rijksmonument/15265",
        "rijksmonumentnummer": "46192",
        "naam": null,
        "geometry_bron": "Polygon",
        "monumentenregister_url": "https://monumentenregister.cultureelerfgoed.nl/monumenten/46192",
        "oorspronkelijke_functie": "Archeologie (N1)",
        "oorspronkelijke_functie_begraafplaats": false
      },
      "geometry": {
        "type": "Polygon",
        "coordinates": [
          [
            [
              3.919164555526215,
              51.66916877471518
            ],
            [
              3.919331005714219,
              51.66907377236729
            ],
            [
              3.919484553599778,
              51.66901996099288
            ],
            [
              3.91967254007407,
              51.66901872184966
            ],
            [
              3.919829420886943,
              51.66904046592292
            ],
            [
              3.919914935788297,
              51.669078395877825
            ],
            [
              3.920043969061037,
              51.66915642619801
            ],
            [
              3.920102422932611,
              51.66922638004524
            ],
            [
              3.920094872294571,
              51.66937012181257
            ],
            [
              3.920083929375423,
              51.669440104912866
            ],
            [
              3.919991241328516,
              51.669534234875435
            ],
            [
              3.919847196712899,
              51.66960704456809
            ],
            [
              3.919658188038142,
              51.6696397354116
            ],
            [
              3.919609052152644,
              51.66963911942905
            ],
            [
              3.919159989500349,
              51.66948785451309
            ],
            [
              3.919132630893582,
              51.66943986560856
            ],
            [
              3.919127807211255,
              51.66932114006945
            ],
            [
              3.919164555526215,
              51.66916877471518
            ]
          ]
        ]
      }
    },
    {
      "type": "Feature",
      "properties": {
        "cho_uri": "https://linkeddata.cultureelerfgoed.nl/cho-kennis/id/rijksmonument/15742",
        "rijksmonumentnummer": "45571",
        "naam": null,
        "geometry_bron": "Polygon",
        "monumentenregister_url": "https://monumentenregister.cultureelerfgoed.nl/monumenten/45571",
        "oorspronkelijke_functie": "Archeologie (N1)",
        "oorspronkelijke_functie_begraafplaats": false
      },
      "geometry": {
        "type": "Polygon",
        "coordinates": [
          [
            [
              4.536898096702823,
              52.144147652956896
            ],
            [
              4.537063124421556,
              52.1443043413385
            ],
            [
              4.537100522689283,
              52.144335171341496
            ],
            [
              4.537129224810693,
              52.144362343312885
            ],
            [
              4.537165111066718,
              52.1443958589102
            ],
            [
              4.537199519490994,
              52.14443026268415
            ],
            [
              4.537212204517873,
              52.14445462270114
            ],
            [
              4.537210264674496,
              52.14447977616871
            ],
            [
              4.537205608587972,
              52.14449412401471
            ],
            [
              4.537199320622299,
              52.14451744847459
            ],
            [
              4.537195971318771,
              52.14453989527304
            ],
            [
              4.537185318110964,
              52.14456228943838
            ],
            [
              4.537167429429745,
              52.1445810361126
            ],
            [
              4.537146602059829,
              52.144600660443835
            ],
            [
              4.537124382334868,
              52.14461667938782
            ],
            [
              4.537100633364225,
              52.144636282655995
            ],
            [
              4.537068222348437,
              52.144650430467095
            ],
            [
              4.537022612920732,
              52.14466717965421
            ],
            [
              4.536974167462659,
              52.144679414195195
            ],
            [
              4.536902263849884,
              52.1446959738063
            ],
            [
              4.536858286266026,
              52.144703746319955
            ],
            [
              4.536814291549313,
              52.14471241753113
            ],
            [
              4.536771757600829,
              52.144721099257545
            ],
            [
              4.53672339761332,
              52.14472884012543
            ],
            [
              4.536675037609145,
              52.14473658097346
            ],
            [
              4.536631077067494,
              52.1447434546882
            ],
            [
              4.536584229184672,
              52.14474850989063
            ],
            [
              4.536533016055975,
              52.1447526347565
            ],
            [
              4.536485306715681,
              52.14472622439862
            ],
            [
              4.53646079873561,
              52.14470896973217
            ],
            [
              4.536433403456697,
              52.14468989656098
            ],
            [
              4.53640740048148,
              52.14467442877524
            ],
            [
              4.53639007659211,
              52.14466351777233
            ],
            [
              4.536361220588684,
              52.144644434047855
            ],
            [
              4.536332330355362,
              52.14462714774411
            ],
            [
              4.536304900925867,
              52.144609871970836
            ],
            [
              4.536265888042217,
              52.14458711960449
            ],
            [
              4.536237049270428,
              52.14456713713579
            ],
            [
              4.536221254761939,
              52.144552641790916
            ],
            [
              4.536202641484643,
              52.144532733083196
            ],
            [
              4.5361898028165,
              52.144516461383866
            ],
            [
              4.536178390674872,
              52.14450199764994
            ],
            [
              4.536164142638807,
              52.14448301926713
            ],
            [
              4.536158522229019,
              52.14447129382972
            ],
            [
              4.536152987476222,
              52.144455074822666
            ],
            [
              4.536151989232232,
              52.144430799008845
            ],
            [
              4.536150905335114,
              52.144411016764224
            ],
            [
              4.536154186630913,
              52.14439216485165
            ],
            [
              4.53616327675745,
              52.144375152523835
            ],
            [
              4.536174016083904,
              52.14434826488168
            ],
            [
              4.536192024997312,
              52.144323227360864
            ],
            [
              4.536207163736925,
              52.14429547261812
            ],
            [
              4.536216133917245,
              52.144284751283195
            ],
            [
              4.536229589179625,
              52.144268669279526
            ],
            [
              4.536248870382488,
              52.14425352814104
            ],
            [
              4.536281435520786,
              52.14423129212877
            ],
            [
              4.536302126075403,
              52.144218857661016
            ],
            [
              4.536325669646176,
              52.14421003911977
            ],
            [
              4.5363565684279,
              52.1441985771165
            ],
            [
              4.536397761070318,
              52.14418359400412
            ],
            [
              4.536430154832644,
              52.144170345089876
            ],
            [
              4.536465401611659,
              52.144160712093544
            ],
            [
              4.536504996427878,
              52.14415290811972
            ],
            [
              4.536548870793172,
              52.14415052801995
            ],
            [
              4.536582502666858,
              52.144148972879975
            ],
            [
              4.536620482595023,
              52.14414924675922
            ],
            [
              4.536655506749647,
              52.14415129698795
            ],
            [
              4.536689035901181,
              52.144155134101645
            ],
            [
              4.536718165638767,
              52.14415983832277
            ],
            [
              4.536755974392024,
              52.14416909929856
            ],
            [
              4.536786616266936,
              52.144171117892654
            ],
            [
              4.53685087290986,
              52.1441724799763
            ],
            [
              4.536898096702823,
              52.144147652956896
            ]
          ]
        ]
      }
    },
    {
      "type": "Feature",
      "properties": {
        "cho_uri": "https://linkeddata.cultureelerfgoed.nl/cho-kennis/id/rijksmonument/15805",
        "rijksmonumentnummer": "46177",
        "naam": null,
        "geometry_bron": "Point",
        "monumentenregister_url": "https://monumentenregister.cultureelerfgoed.nl/monumenten/46177",
        "oorspronkelijke_functie": "Archeologie (N1)",
        "oorspronkelijke_functie_begraafplaats": false
      },
      "geometry": {
        "type": "Point",
        "coordinates": [
          4.500751060567599,
          52.20119792369558
        ]
      }
    },
    {
      "type": "Feature",
      "properties": {
        "cho_uri": "https://linkeddata.cultureelerfgoed.nl/cho-kennis/id/rijksmonument/16304",
        "rijksmonumentnummer": "47113",
        "naam": null,
        "geometry_bron": "Polygon",
        "monumentenregister_url": "https://monumentenregister.cultureelerfgoed.nl/monumenten/47113",
        "oorspronkelijke_functie": "Archeologie (N1)",
        "oorspronkelijke_functie_begraafplaats": false
      },
      "geometry": {
        "type": "Polygon",
        "coordinates": [
          [
            [
              4.98361041144782,
              51.89204105838584
            ],
            [
              4.983846947059332,
              51.89206973443929
            ],
            [
              4.98539360940981,
              51.892286259614814
            ],
            [
              4.985146392177526,
              51.89296493549058
            ],
            [
              4.983917267603749,
              51.89281421353953
            ],
            [
              4.983911650189803,
              51.89279262215468
            ],
            [
              4.98361041144782,
              51.89204105838584
            ]
          ]
        ]
      }
    },
    {
      "type": "Feature",
      "properties": {
        "cho_uri": "https://linkeddata.cultureelerfgoed.nl/cho-kennis/id/rijksmonument/16308",
        "rijksmonumentnummer": "45576",
        "naam": null,
        "geometry_bron": "Point",
        "monumentenregister_url": "https://monumentenregister.cultureelerfgoed.nl/monumenten/45576",
        "oorspronkelijke_functie": "Archeologie (N1)",
        "oorspronkelijke_functie_begraafplaats": false
      },
      "geometry": {
        "type": "Point",
        "coordinates": [
          4.518159038460563,
          52.149419665721105
        ]
      }
    },
    {
      "type": "Feature",
      "properties": {
        "cho_uri": "https://linkeddata.cultureelerfgoed.nl/cho-kennis/id/rijksmonument/16858",
        "rijksmonumentnummer": "46142",
        "naam": null,
        "geometry_bron": "Polygon",
        "monumentenregister_url": "https://monumentenregister.cultureelerfgoed.nl/monumenten/46142",
        "oorspronkelijke_functie": "Archeologie (N1)",
        "oorspronkelijke_functie_begraafplaats": false
      },
      "geometry": {
        "type": "Polygon",
        "coordinates": [
          [
            [
              4.742313536687159,
              51.85274343226179
            ],
            [
              4.742202843760863,
              51.853276745577105
            ],
            [
              4.74157688537368,
              51.853099826272924
            ],
            [
              4.740849555789549,
              51.85290706510866
            ],
            [
              4.740904390835679,
              51.85262602452961
            ],
            [
              4.740992833133078,
              51.852632803263226
            ],
            [
              4.74156555101749,
              51.852675503259114
            ],
            [
              4.741764257902459,
              51.85268558417871
            ],
            [
              4.742313536687159,
              51.85274343226179
            ]
          ]
        ]
      }
    },
    {
      "type": "Feature",
      "properties": {
        "cho_uri": "https://linkeddata.cultureelerfgoed.nl/cho-kennis/id/rijksmonument/16941",
        "rijksmonumentnummer": "385415",
        "naam": null,
        "geometry_bron": "Polygon",
        "monumentenregister_url": "https://monumentenregister.cultureelerfgoed.nl/monumenten/385415",
        "oorspronkelijke_functie": "Archeologie (N1)",
        "oorspronkelijke_functie_begraafplaats": false
      },
      "geometry": {
        "type": "Polygon",
        "coordinates": [
          [
            [
              5.039311760190805,
              52.294677593416594
            ],
            [
              5.039295615068678,
              52.29468024225896
            ],
            [
              5.039286415370828,
              52.29491928995608
            ],
            [
              5.039229945920055,
              52.29539188065667
            ],
            [
              5.037658374248946,
              52.295224567949354
            ],
            [
              5.037695387566687,
              52.29517794091058
            ],
            [
              5.037713097700402,
              52.295162714028734
            ],
            [
              5.037733718302219,
              52.29515019207563
            ],
            [
              5.037754183497944,
              52.29515744276018
            ],
            [
              5.037810047704038,
              52.29513693592027
            ],
            [
              5.037874805720698,
              52.2951038724399
            ],
            [
              5.038027894764,
              52.295022535753105
            ],
            [
              5.03818546538979,
              52.29493042676488
            ],
            [
              5.03824440888978,
              52.29489105448273
            ],
            [
              5.038313732952486,
              52.29483643357757
            ],
            [
              5.038352112365967,
              52.294802393244076
            ],
            [
              5.038388997695336,
              52.294771943601084
            ],
            [
              5.038420012634218,
              52.29474237541284
            ],
            [
              5.038452528599259,
              52.294708317755635
            ],
            [
              5.038495340498122,
              52.29466979655816
            ],
            [
              5.038521950789541,
              52.294641114134144
            ],
            [
              5.038539723852555,
              52.29461779831732
            ],
            [
              5.039311760190805,
              52.294677593416594
            ]
          ]
        ]
      }
    },
    {
      "type": "Feature",
      "properties": {
        "cho_uri": "https://linkeddata.cultureelerfgoed.nl/cho-kennis/id/rijksmonument/17152",
        "rijksmonumentnummer": "531040",
        "naam": null,
        "geometry_bron": "Polygon",
        "monumentenregister_url": "https://monumentenregister.cultureelerfgoed.nl/monumenten/531040",
        "oorspronkelijke_functie": "Archeologie (N1)",
        "oorspronkelijke_functie_begraafplaats": false
      },
      "geometry": {
        "type": "Polygon",
        "coordinates": [
          [
            [
              4.514958022403132,
              52.14971755394558
            ],
            [
              4.514723927251584,
              52.15033152739611
            ],
            [
              4.514629122828498,
              52.150322736638905
            ],
            [
              4.514447205457882,
              52.15028543734566
            ],
            [
              4.514228656742192,
              52.15017865610623
            ],
            [
              4.514135858586228,
              52.15014201579206
            ],
            [
              4.514045964912858,
              52.15010629574101
            ],
            [
              4.513693731580184,
              52.149961671525304
            ],
            [
              4.513462513627322,
              52.14990513001232
            ],
            [
              4.513353382372242,
              52.14988185068374
            ],
            [
              4.513226631903542,
              52.14986293491411
            ],
            [
              4.513161592740952,
              52.14975189584037
            ],
            [
              4.512157629642783,
              52.149535922241874
            ],
            [
              4.512293322486655,
              52.14939670979944
            ],
            [
              4.512479372754907,
              52.14922281589138
            ],
            [
              4.512488173524165,
              52.14922108347151
            ],
            [
              4.512496974292746,
              52.149219351050995
            ],
            [
              4.512502853210996,
              52.14921759696454
            ],
            [
              4.512507271204022,
              52.14921583204517
            ],
            [
              4.512517550504614,
              52.149213211747146
            ],
            [
              4.512521950887648,
              52.14921234553583
            ],
            [
              4.51252786502172,
              52.1492087940309
            ],
            [
              4.512535240079276,
              52.149205253357906
            ],
            [
              4.512541154211349,
              52.1492017018523
            ],
            [
              4.512545589809788,
              52.14919903822291
            ],
            [
              4.512550025407696,
              52.14919637459334
            ],
            [
              4.512554461005074,
              52.149193710963615
            ],
            [
              4.512558914210149,
              52.14919014862507
            ],
            [
              4.512561871274363,
              52.14918837287173
            ],
            [
              4.512564863554538,
              52.14918479970101
            ],
            [
              4.512567855834237,
              52.14918122653025
            ],
            [
              4.512569369581914,
              52.149178541236246
            ],
            [
              4.512573858000107,
              52.149173181479895
            ],
            [
              4.512649491496127,
              52.1491908201715
            ],
            [
              4.512649509102524,
              52.14918992146281
            ],
            [
              4.513461047012872,
              52.149457497324356
            ],
            [
              4.513516333808508,
              52.14946959171559
            ],
            [
              4.514048293255393,
              52.14961374924753
            ],
            [
              4.514064275685832,
              52.14961836173956
            ],
            [
              4.514083232730026,
              52.14962029972914
            ],
            [
              4.514294611910464,
              52.14964523387033
            ],
            [
              4.514622532781767,
              52.14968810767494
            ],
            [
              4.514693978362519,
              52.149695826840016
            ],
            [
              4.514815025725491,
              52.14970750814575
            ],
            [
              4.514864574805475,
              52.14971416643581
            ],
            [
              4.514914194144653,
              52.14971722986913
            ],
            [
              4.514958022403132,
              52.14971755394558
            ]
          ]
        ]
      }
    },
    {
      "type": "Feature",
      "properties": {
        "cho_uri": "https://linkeddata.cultureelerfgoed.nl/cho-kennis/id/rijksmonument/17996",
        "rijksmonumentnummer": "45831",
        "naam": null,
        "geometry_bron": "Point",
        "monumentenregister_url": "https://monumentenregister.cultureelerfgoed.nl/monumenten/45831",
        "oorspronkelijke_functie": "Archeologie (N1)",
        "oorspronkelijke_functie_begraafplaats": false
      },
      "geometry": {
        "type": "Point",
        "coordinates": [
          4.950158955294553,
          52.044169545317395
        ]
      }
    },
    {
      "type": "Feature",
      "properties": {
        "cho_uri": "https://linkeddata.cultureelerfgoed.nl/cho-kennis/id/rijksmonument/18007",
        "rijksmonumentnummer": "46098",
        "naam": null,
        "geometry_bron": "Polygon",
        "monumentenregister_url": "https://monumentenregister.cultureelerfgoed.nl/monumenten/46098",
        "oorspronkelijke_functie": "Archeologie (N1)",
        "oorspronkelijke_functie_begraafplaats": false
      },
      "geometry": {
        "type": "Polygon",
        "coordinates": [
          [
            [
              5.0356376974284,
              52.108312853912665
            ],
            [
              5.035650537933552,
              52.10835064209058
            ],
            [
              5.035686373358575,
              52.10843433797377
            ],
            [
              5.035722124127391,
              52.108528819277154
            ],
            [
              5.035786539472313,
              52.10869079651874
            ],
            [
              5.035830900631163,
              52.108804178389974
            ],
            [
              5.035866694377727,
              52.10889326692855
            ],
            [
              5.03588526113373,
              52.10894545304836
            ],
            [
              5.035905322969877,
              52.10899314958345
            ],
            [
              5.035936808446482,
              52.109073237193606
            ],
            [
              5.035962561029701,
              52.109139825614676
            ],
            [
              5.035985507195457,
              52.10919202475976
            ],
            [
              5.03588056893627,
              52.10917103962361
            ],
            [
              5.03575377720879,
              52.10914459642647
            ],
            [
              5.035641547589196,
              52.10912269054009
            ],
            [
              5.03551912118724,
              52.10909805771732
            ],
            [
              5.035409804184085,
              52.10907705910254
            ],
            [
              5.035274268789053,
              52.10904879169045
            ],
            [
              5.035176615680413,
              52.10902962528028
            ],
            [
              5.035070225537129,
              52.109007736279565
            ],
            [
              5.034982776521078,
              52.10899039779132
            ],
            [
              5.034936136129421,
              52.10898127040921
            ],
            [
              5.034845774852139,
              52.108963024312644
            ],
            [
              5.034710233074848,
              52.108935655038
            ],
            [
              5.034564480495236,
              52.10890735626709
            ],
            [
              5.034443515001017,
              52.108882726692386
            ],
            [
              5.034373554755157,
              52.108869035292315
            ],
            [
              5.034227802606931,
              52.108840736105215
            ],
            [
              5.034112676357289,
              52.10881612366753
            ],
            [
              5.03402522808925,
              52.108798784469045
            ],
            [
              5.033936320170877,
              52.108781440832935
            ],
            [
              5.03386344790715,
              52.10876684159876
            ],
            [
              5.033754132495544,
              52.10874584144878
            ],
            [
              5.03373544040642,
              52.10870983313894
            ],
            [
              5.033709506624225,
              52.108666612661565
            ],
            [
              5.035557502181234,
              52.10811577604619
            ],
            [
              5.035576103598723,
              52.10816346829046
            ],
            [
              5.035610479033937,
              52.10824715984654
            ],
            [
              5.035627642062769,
              52.108292151371565
            ],
            [
              5.0356376974284,
              52.108312853912665
            ]
          ]
        ]
      }
    },
    {
      "type": "Feature",
      "properties": {
        "cho_uri": "https://linkeddata.cultureelerfgoed.nl/cho-kennis/id/rijksmonument/19187",
        "rijksmonumentnummer": "529171",
        "naam": null,
        "geometry_bron": "Polygon",
        "monumentenregister_url": "https://monumentenregister.cultureelerfgoed.nl/monumenten/529171",
        "oorspronkelijke_functie": "Archeologie (N1)",
        "oorspronkelijke_functie_begraafplaats": false
      },
      "geometry": {
        "type": "Polygon",
        "coordinates": [
          [
            [
              4.969316418930768,
              51.77508459897745
            ],
            [
              4.969475824880067,
              51.775238870320315
            ],
            [
              4.969580339545165,
              51.77537496900827
            ],
            [
              4.967813051340309,
              51.775327316803626
            ],
            [
              4.967843478003358,
              51.7750155241175
            ],
            [
              4.967931801411701,
              51.77471023032267
            ],
            [
              4.967934732583712,
              51.774706645393145
            ],
            [
              4.967937680450751,
              51.77470126282016
            ],
            [
              4.968117048426062,
              51.77442146209381
            ],
            [
              4.968225199930093,
              51.77432117705675
            ],
            [
              4.968350679074044,
              51.77422724575303
            ],
            [
              4.968573582184128,
              51.77409591027276
            ],
            [
              4.968582217065308,
              51.77410223304905
            ],
            [
              4.968678366473596,
              51.77420234865705
            ],
            [
              4.968772726578582,
              51.77418291054857
            ],
            [
              4.968769853824572,
              51.77418020374666
            ],
            [
              4.968829424235272,
              51.77416243919311
            ],
            [
              4.969169384373678,
              51.7740638786728
            ],
            [
              4.969247706559346,
              51.774055169246225
            ],
            [
              4.969298475237201,
              51.77404905816378
            ],
            [
              4.969633280462991,
              51.77403766653337
            ],
            [
              4.970216498222812,
              51.77426984714956
            ],
            [
              4.970347885951845,
              51.774477049954406
            ],
            [
              4.970139059790729,
              51.77465338141447
            ],
            [
              4.970173824820959,
              51.77465440386337
            ],
            [
              4.970159331709539,
              51.77481165133478
            ],
            [
              4.969316418930768,
              51.77508459897745
            ]
          ]
        ]
      }
    },
    {
      "type": "Feature",
      "properties": {
        "cho_uri": "https://linkeddata.cultureelerfgoed.nl/cho-kennis/id/rijksmonument/19731",
        "rijksmonumentnummer": "45862",
        "naam": null,
        "geometry_bron": "Polygon",
        "monumentenregister_url": "https://monumentenregister.cultureelerfgoed.nl/monumenten/45862",
        "oorspronkelijke_functie": "Archeologie (N1)",
        "oorspronkelijke_functie_begraafplaats": false
      },
      "geometry": {
        "type": "Polygon",
        "coordinates": [
          [
            [
              4.388051029911234,
              51.85816456216766
            ],
            [
              4.388041802756615,
              51.85818785482314
            ],
            [
              4.387556352379711,
              51.85814866634229
            ],
            [
              4.387495392426636,
              51.85814814736289
            ],
            [
              4.387482329579759,
              51.858148036148876
            ],
            [
              4.387302372546272,
              51.85814560499807
            ],
            [
              4.387068313430046,
              51.858160690602645
            ],
            [
              4.387043539331876,
              51.85816497404673
            ],
            [
              4.387039145117199,
              51.85816673440121
            ],
            [
              4.386634250045423,
              51.858226207362655
            ],
            [
              4.386592611611928,
              51.857878880503606
            ],
            [
              4.386581126838749,
              51.85780777022016
            ],
            [
              4.386561872438138,
              51.8576943458305
            ],
            [
              4.386554635664271,
              51.857497426949564
            ],
            [
              4.386574123153768,
              51.8574697273837
            ],
            [
              4.386606094016812,
              51.85746820204094
            ],
            [
              4.386604229848865,
              51.85742144380362
            ],
            [
              4.386784203913007,
              51.857422977295855
            ],
            [
              4.386839197504634,
              51.857430636951676
            ],
            [
              4.386901408200925,
              51.85744015584609
            ],
            [
              4.386938785305888,
              51.85745665429474
            ],
            [
              4.38700793363249,
              51.85748061449193
            ],
            [
              4.387059784943462,
              51.85749903397381
            ],
            [
              4.38709750154483,
              51.85750025411038
            ],
            [
              4.38714247518062,
              51.857501536041795
            ],
            [
              4.387177368823378,
              51.85749913654482
            ],
            [
              4.387261710082228,
              51.85749266367671
            ],
            [
              4.387388221925785,
              51.85748295426075
            ],
            [
              4.387393987633315,
              51.85748480113649
            ],
            [
              4.387712798183716,
              51.85750998754799
            ],
            [
              4.38780851124412,
              51.85751439777776
            ],
            [
              4.387744748925155,
              51.85777093796281
            ],
            [
              4.388175954525776,
              51.85783393425132
            ],
            [
              4.388174503108229,
              51.857833921902724
            ],
            [
              4.388051029911234,
              51.85816456216766
            ]
          ]
        ]
      }
    },
    {
      "type": "Feature",
      "properties": {
        "cho_uri": "https://linkeddata.cultureelerfgoed.nl/cho-kennis/id/rijksmonument/20644",
        "rijksmonumentnummer": "45277",
        "naam": null,
        "geometry_bron": "Polygon",
        "monumentenregister_url": "https://monumentenregister.cultureelerfgoed.nl/monumenten/45277",
        "oorspronkelijke_functie": "Archeologie (N1)",
        "oorspronkelijke_functie_begraafplaats": false
      },
      "geometry": {
        "type": "Polygon",
        "coordinates": [
          [
            [
              4.973287581477589,
              52.1824227336113
            ],
            [
              4.973329488119914,
              52.182318619879666
            ],
            [
              4.973374393831464,
              52.18220642745581
            ],
            [
              4.973412455636696,
              52.182043878294074
            ],
            [
              4.973437541642348,
              52.18186151006515
            ],
            [
              4.973457682649284,
              52.181739344016314
            ],
            [
              4.973464506323831,
              52.18163420846805
            ],
            [
              4.97347094652855,
              52.18157041632068
            ],
            [
              4.973729528565174,
              52.181593792228725
            ],
            [
              4.973885805956464,
              52.181612315445086
            ],
            [
              4.974018714946281,
              52.181628060272224
            ],
            [
              4.974129601066541,
              52.18165361468041
            ],
            [
              4.974209783304198,
              52.1816790615763
            ],
            [
              4.974330729652856,
              52.18172352576244
            ],
            [
              4.974401939938102,
              52.181770512319616
            ],
            [
              4.974481956236228,
              52.181813934424106
            ],
            [
              4.974513756596023,
              52.181853592738875
            ],
            [
              4.974505880681817,
              52.18191468352128
            ],
            [
              4.974503928001579,
              52.181967705820604
            ],
            [
              4.974485817302805,
              52.182028760821396
            ],
            [
              4.974472026357496,
              52.182097021310774
            ],
            [
              4.974437923814842,
              52.18214813360776
            ],
            [
              4.974369701859299,
              52.18225215570974
            ],
            [
              4.974264369210605,
              52.18241626748235
            ],
            [
              4.974200383028123,
              52.182536482675246
            ],
            [
              4.974098897216877,
              52.182600841103
            ],
            [
              4.973777795941822,
              52.18253859875923
            ],
            [
              4.973662504791986,
              52.182514826196346
            ],
            [
              4.973483072105712,
              52.182470156388625
            ],
            [
              4.973351798021049,
              52.182435541924434
            ],
            [
              4.973287581477589,
              52.1824227336113
            ]
          ]
        ]
      }
    },
    {
      "type": "Feature",
      "properties": {
        "cho_uri": "https://linkeddata.cultureelerfgoed.nl/cho-kennis/id/rijksmonument/20905",
        "rijksmonumentnummer": "47120",
        "naam": null,
        "geometry_bron": "Polygon",
        "monumentenregister_url": "https://monumentenregister.cultureelerfgoed.nl/monumenten/47120",
        "oorspronkelijke_functie": "Archeologie (N1)",
        "oorspronkelijke_functie_begraafplaats": false
      },
      "geometry": {
        "type": "Polygon",
        "coordinates": [
          [
            [
              4.831009975820032,
              51.860953202819864
            ],
            [
              4.831345858435745,
              51.860322002416524
            ],
            [
              4.833552736635851,
              51.860771065146466
            ],
            [
              4.832976115008507,
              51.861855954061284
            ],
            [
              4.831403472699883,
              51.86153482391598
            ],
            [
              4.831621935242544,
              51.86112508303287
            ],
            [
              4.831009975820032,
              51.860953202819864
            ]
          ]
        ]
      }
    },
    {
      "type": "Feature",
      "properties": {
        "cho_uri": "https://linkeddata.cultureelerfgoed.nl/cho-kennis/id/rijksmonument/21013",
        "rijksmonumentnummer": "45461",
        "naam": null,
        "geometry_bron": "Polygon",
        "monumentenregister_url": "https://monumentenregister.cultureelerfgoed.nl/monumenten/45461",
        "oorspronkelijke_functie": "Archeologie (N1)",
        "oorspronkelijke_functie_begraafplaats": false
      },
      "geometry": {
        "type": "Polygon",
        "coordinates": [
          [
            [
              5.13741911146819,
              52.03146531878456
            ],
            [
              5.137420653833582,
              52.031450042211056
            ],
            [
              5.13742072897141,
              52.031436560155285
            ],
            [
              5.137422236271164,
              52.03142757520772
            ],
            [
              5.137463038092303,
              52.031427661710595
            ],
            [
              5.137515457518614,
              52.03143496333754
            ],
            [
              5.137556169230272,
              52.031451228275166
            ],
            [
              5.13759382639299,
              52.0314926535279
            ],
            [
              5.137606610922494,
              52.03155200236023
            ],
            [
              5.137609325129626,
              52.03158796068337
            ],
            [
              5.137619375464844,
              52.031614946405426
            ],
            [
              5.137685030157996,
              52.03160070445199
            ],
            [
              5.137774070248626,
              52.03157392857671
            ],
            [
              5.137832513785556,
              52.03154618905831
            ],
            [
              5.138044467239254,
              52.03169044780905
            ],
            [
              5.138341155575508,
              52.031533782416375
            ],
            [
              5.13835110153842,
              52.03157964295527
            ],
            [
              5.138388714636456,
              52.03162915718724
            ],
            [
              5.138445336480194,
              52.031667026960456
            ],
            [
              5.138603519902448,
              52.031785105534915
            ],
            [
              5.138648449465712,
              52.03182924223513
            ],
            [
              5.138461336543386,
              52.03193490739366
            ],
            [
              5.138491828526962,
              52.031954745683834
            ],
            [
              5.138440710904865,
              52.03197531048359
            ],
            [
              5.138372096537854,
              52.031997635934964
            ],
            [
              5.138290382032738,
              52.03201723722578
            ],
            [
              5.138234877584646,
              52.032040489110074
            ],
            [
              5.138042961385154,
              52.03222344147495
            ],
            [
              5.137972769247923,
              52.03226733489778
            ],
            [
              5.137477715070738,
              52.03193192764863
            ],
            [
              5.137480804801212,
              52.0319004756985
            ],
            [
              5.137514586327469,
              52.03185291014479
            ],
            [
              5.137545223031326,
              52.03184668337376
            ],
            [
              5.137600752624705,
              52.03181893779557
            ],
            [
              5.137609566024911,
              52.031806373068385
            ],
            [
              5.13761255054086,
              52.03179379599146
            ],
            [
              5.137609701172014,
              52.031782105369
            ],
            [
              5.137605374563462,
              52.03177400687379
            ],
            [
              5.137595224086536,
              52.03176499722485
            ],
            [
              5.137569079252965,
              52.03174966198418
            ],
            [
              5.137551662724809,
              52.03173704167736
            ],
            [
              5.137526985154136,
              52.031719911908
            ],
            [
              5.137489292807638,
              52.03168477826103
            ],
            [
              5.137482096870141,
              52.0316685843503
            ],
            [
              5.137475106271026,
              52.031615539487575
            ],
            [
              5.137476658638758,
              52.03159846530632
            ],
            [
              5.1374855571647,
              52.03157062092499
            ],
            [
              5.137506153432654,
              52.03153561082266
            ],
            [
              5.13751642902179,
              52.03152215038676
            ],
            [
              5.13750925313019,
              52.03150236126243
            ],
            [
              5.137491851738251,
              52.03148704453523
            ],
            [
              5.137474405285176,
              52.03147981703885
            ],
            [
              5.13741911146819,
              52.03146531878456
            ]
          ]
        ]
      }
    },
    {
      "type": "Feature",
      "properties": {
        "cho_uri": "https://linkeddata.cultureelerfgoed.nl/cho-kennis/id/rijksmonument/21481",
        "rijksmonumentnummer": "47119",
        "naam": null,
        "geometry_bron": "Point",
        "monumentenregister_url": "https://monumentenregister.cultureelerfgoed.nl/monumenten/47119",
        "oorspronkelijke_functie": "Archeologie (N1)",
        "oorspronkelijke_functie_begraafplaats": false
      },
      "geometry": {
        "type": "Point",
        "coordinates": [
          4.958476052872901,
          51.924476259839224
        ]
      }
    },
    {
      "type": "Feature",
      "properties": {
        "cho_uri": "https://linkeddata.cultureelerfgoed.nl/cho-kennis/id/rijksmonument/22116",
        "rijksmonumentnummer": "46222",
        "naam": null,
        "geometry_bron": "Polygon",
        "monumentenregister_url": "https://monumentenregister.cultureelerfgoed.nl/monumenten/46222",
        "oorspronkelijke_functie": "Archeologie (N1)",
        "oorspronkelijke_functie_begraafplaats": false
      },
      "geometry": {
        "type": "Polygon",
        "coordinates": [
          [
            [
              4.680827037795923,
              51.867211886790734
            ],
            [
              4.681499196990815,
              51.86712514242049
            ],
            [
              4.681742527919865,
              51.867626370675225
            ],
            [
              4.681055801140538,
              51.86771572546205
            ],
            [
              4.680827037795923,
              51.867211886790734
            ]
          ]
        ]
      }
    },
    {
      "type": "Feature",
      "properties": {
        "cho_uri": "https://linkeddata.cultureelerfgoed.nl/cho-kennis/id/rijksmonument/23063",
        "rijksmonumentnummer": "491581",
        "naam": null,
        "geometry_bron": "Polygon",
        "monumentenregister_url": "https://monumentenregister.cultureelerfgoed.nl/monumenten/491581",
        "oorspronkelijke_functie": "Archeologie (N1)",
        "oorspronkelijke_functie_begraafplaats": false
      },
      "geometry": {
        "type": "Polygon",
        "coordinates": [
          [
            [
              5.035936427988419,
              52.087939551295534
            ],
            [
              5.036313050188175,
              52.087916405018426
            ],
            [
              5.03637807253099,
              52.08818354511016
            ],
            [
              5.035331434567951,
              52.08824424131263
            ],
            [
              5.035286788379409,
              52.08798435194124
            ],
            [
              5.035936427988419,
              52.087939551295534
            ]
          ]
        ]
      }
    },
    {
      "type": "Feature",
      "properties": {
        "cho_uri": "https://linkeddata.cultureelerfgoed.nl/cho-kennis/id/rijksmonument/23699",
        "rijksmonumentnummer": "46101",
        "naam": null,
        "geometry_bron": "Polygon",
        "monumentenregister_url": "https://monumentenregister.cultureelerfgoed.nl/monumenten/46101",
        "oorspronkelijke_functie": "Archeologie (N1)",
        "oorspronkelijke_functie_begraafplaats": false
      },
      "geometry": {
        "type": "Polygon",
        "coordinates": [
          [
            [
              5.017402396027584,
              52.08222215573643
            ],
            [
              5.016712003267727,
              52.08243929785837
            ],
            [
              5.016710522083879,
              52.08244198963787
            ],
            [
              5.016598138035766,
              52.08244792803523
            ],
            [
              5.016587918595375,
              52.08244879471635
            ],
            [
              5.016585000882356,
              52.082448785542724
            ],
            [
              5.016567479713415,
              52.082450528075846
            ],
            [
              5.016453629320741,
              52.0824573605365
            ],
            [
              5.016452170463968,
              52.08245735594805
            ],
            [
              5.01643172412474,
              52.08245998807219
            ],
            [
              5.016434515220831,
              52.08247527664978
            ],
            [
              5.016320679645929,
              52.08248031140541
            ],
            [
              5.016272896618421,
              52.08226085099959
            ],
            [
              5.016237744364452,
              52.082101650703066
            ],
            [
              5.01607280540235,
              52.08211191724944
            ],
            [
              5.016099196518344,
              52.082271988825894
            ],
            [
              5.016103341974358,
              52.082299865039865
            ],
            [
              5.016012840980817,
              52.08230587176929
            ],
            [
              5.016060324554266,
              52.08256128380587
            ],
            [
              5.016061768503158,
              52.0825630859756
            ],
            [
              5.015961047491275,
              52.08256995929899
            ],
            [
              5.015963816060458,
              52.082587944251806
            ],
            [
              5.015933165063839,
              52.08258964533898
            ],
            [
              5.015870396743089,
              52.08259394168187
            ],
            [
              5.015864829843088,
              52.08256156692447
            ],
            [
              5.015853696067094,
              52.08249681740836
            ],
            [
              5.01585371844642,
              52.08249412104382
            ],
            [
              5.015823052589217,
              52.0824976196788
            ],
            [
              5.015709201964729,
              52.08250445141989
            ],
            [
              5.015700441352624,
              52.082505322621614
            ],
            [
              5.01571436576542,
              52.08258536074604
            ],
            [
              5.015334852790176,
              52.08260933082129
            ],
            [
              5.015295411230507,
              52.082615498068925
            ],
            [
              5.015251652849291,
              52.08261446118834
            ],
            [
              5.015214116799517,
              52.08239143743309
            ],
            [
              5.015152815017319,
              52.0823948392097
            ],
            [
              5.015070111770018,
              52.08163867742527
            ],
            [
              5.014982069544312,
              52.080823177036635
            ],
            [
              5.015876117774522,
              52.08067409766852
            ],
            [
              5.016026605157749,
              52.08064670847307
            ],
            [
              5.016222061690662,
              52.0806500202319
            ],
            [
              5.016385186340882,
              52.08068199193915
            ],
            [
              5.016485590275356,
              52.08071286736407
            ],
            [
              5.016562288721721,
              52.080787709949085
            ],
            [
              5.016611299910675,
              52.08085887018999
            ],
            [
              5.016642626925668,
              52.080951546301705
            ],
            [
              5.017134193097448,
              52.08095938230467
            ],
            [
              5.017170011134971,
              52.08121475731289
            ],
            [
              5.017236781427499,
              52.081784813565704
            ],
            [
              5.01720034771692,
              52.08178020514934
            ],
            [
              5.017214713096709,
              52.08180721459255
            ],
            [
              5.017242460701306,
              52.08180370643713
            ],
            [
              5.01735330036532,
              52.08216088250943
            ],
            [
              5.017402396027584,
              52.08222215573643
            ]
          ]
        ]
      }
    },
    {
      "type": "Feature",
      "properties": {
        "cho_uri": "https://linkeddata.cultureelerfgoed.nl/cho-kennis/id/rijksmonument/23894",
        "rijksmonumentnummer": "45429",
        "naam": null,
        "geometry_bron": "Polygon",
        "monumentenregister_url": "https://monumentenregister.cultureelerfgoed.nl/monumenten/45429",
        "oorspronkelijke_functie": "Archeologie (N1)",
        "oorspronkelijke_functie_begraafplaats": false
      },
      "geometry": {
        "type": "Polygon",
        "coordinates": [
          [
            [
              3.940919399376796,
              51.802965965932195
            ],
            [
              3.940934902790556,
              51.80293469341989
            ],
            [
              3.941028680524553,
              51.80276864271649
            ],
            [
              3.941059254712099,
              51.80271957675126
            ],
            [
              3.941093860137251,
              51.802680449050335
            ],
            [
              3.941140522185467,
              51.802627086580145
            ],
            [
              3.941202983899192,
              51.80257841365754
            ],
            [
              3.941301644102028,
              51.80248613777115
            ],
            [
              3.94140323158906,
              51.80239299892151
            ],
            [
              3.941520693624855,
              51.80239264865669
            ],
            [
              3.941604905036639,
              51.8023891916386
            ],
            [
              3.941715350345702,
              51.80238156301835
            ],
            [
              3.941801097580601,
              51.80237542790031
            ],
            [
              3.941843217665184,
              51.80237324999483
            ],
            [
              3.941910006973973,
              51.80237047705656
            ],
            [
              3.941986884724892,
              51.802369626293206
            ],
            [
              3.942075041151714,
              51.80237880299999
            ],
            [
              3.942197235338806,
              51.80241177192436
            ],
            [
              3.942335498348983,
              51.802486290861474
            ],
            [
              3.942382178075055,
              51.80252282425903
            ],
            [
              3.942413230746562,
              51.802549276596
            ],
            [
              3.942427350844639,
              51.80256113699981
            ],
            [
              3.942466697119858,
              51.80260027692549
            ],
            [
              3.942512714833558,
              51.80265747822462
            ],
            [
              3.942565634401074,
              51.80272555203595
            ],
            [
              3.94260182291859,
              51.80277274367665
            ],
            [
              3.942613917865796,
              51.802802558342336
            ],
            [
              3.942618592823855,
              51.80283767540046
            ],
            [
              3.942609992381326,
              51.8028798206676
            ],
            [
              3.942582299753061,
              51.80297476953114
            ],
            [
              3.942554434251798,
              51.8030751100265
            ],
            [
              3.942534593346721,
              51.80315127738704
            ],
            [
              3.942545123714691,
              51.80318466863478
            ],
            [
              3.942582512776367,
              51.803284913771286
            ],
            [
              3.942601077806115,
              51.80333908006474
            ],
            [
              3.942586794537091,
              51.80337755950233
            ],
            [
              3.942551604878693,
              51.80352545474191
            ],
            [
              3.942477969643707,
              51.803515558291394
            ],
            [
              3.942017987569896,
              51.803480226712935
            ],
            [
              3.941957109730916,
              51.803479476710926
            ],
            [
              3.94189600144728,
              51.8034859155284
            ],
            [
              3.941831734936638,
              51.803500406053075
            ],
            [
              3.941639635545878,
              51.80356725903985
            ],
            [
              3.94153710621531,
              51.8035992571226
            ],
            [
              3.941454082680697,
              51.80361081940286
            ],
            [
              3.941339516423728,
              51.8036112053194
            ],
            [
              3.941233964034047,
              51.803601813655725
            ],
            [
              3.941130091734636,
              51.803585250916086
            ],
            [
              3.940865290850316,
              51.80352265493929
            ],
            [
              3.940699985274109,
              51.803477466560956
            ],
            [
              3.940583125886396,
              51.80345894526794
            ],
            [
              3.940652165664185,
              51.80338608178651
            ],
            [
              3.940709926610429,
              51.80330319061369
            ],
            [
              3.940776585919138,
              51.803214116401456
            ],
            [
              3.94081173968987,
              51.803157915273225
            ],
            [
              3.940856166655652,
              51.803083849238995
            ],
            [
              3.940919399376796,
              51.802965965932195
            ]
          ]
        ]
      }
    },
    {
      "type": "Feature",
      "properties": {
        "cho_uri": "https://linkeddata.cultureelerfgoed.nl/cho-kennis/id/rijksmonument/24808",
        "rijksmonumentnummer": "45624",
        "naam": null,
        "geometry_bron": "Polygon",
        "monumentenregister_url": "https://monumentenregister.cultureelerfgoed.nl/monumenten/45624",
        "oorspronkelijke_functie": "Archeologie (N1)",
        "oorspronkelijke_functie_begraafplaats": false
      },
      "geometry": {
        "type": "Polygon",
        "coordinates": [
          [
            [
              4.929676089913177,
              52.05428910969167
            ],
            [
              4.92960481689717,
              52.05427265412372
            ],
            [
              4.929402643172701,
              52.054225130052
            ],
            [
              4.929139384275618,
              52.054162987025904
            ],
            [
              4.928864481156835,
              52.054099000468796
            ],
            [
              4.928780115080524,
              52.054079797001826
            ],
            [
              4.928716123115973,
              52.054064268044854
            ],
            [
              4.928660860292895,
              52.054050570668174
            ],
            [
              4.928629746947844,
              52.05409898584688
            ],
            [
              4.928588262382858,
              52.054163539404954
            ],
            [
              4.928551243535218,
              52.05421912213363
            ],
            [
              4.928420901831524,
              52.05441815266953
            ],
            [
              4.928137812730208,
              52.054299304523326
            ],
            [
              4.927911353595824,
              52.05420314697524
            ],
            [
              4.927590508940149,
              52.05406976918574
            ],
            [
              4.927430830131589,
              52.054001734631775
            ],
            [
              4.927441155518848,
              52.05399009026594
            ],
            [
              4.927466336904355,
              52.05395153927006
            ],
            [
              4.927518129774743,
              52.05387713930207
            ],
            [
              4.927561018166212,
              52.05381798451215
            ],
            [
              4.927605428931001,
              52.05375254390465
            ],
            [
              4.927641036782614,
              52.05369246186263
            ],
            [
              4.927695790987135,
              52.053613579266106
            ],
            [
              4.927760999307465,
              52.05351046926986
            ],
            [
              4.9277672274634,
              52.05347184429293
            ],
            [
              4.927779674520765,
              52.05339549312151
            ],
            [
              4.927785838091534,
              52.05336315963215
            ],
            [
              4.927798128319909,
              52.053302087788616
            ],
            [
              4.92780898828727,
              52.05323831390572
            ],
            [
              4.927828992056471,
              52.05313592640834
            ],
            [
              4.927828013656184,
              52.053089183944316
            ],
            [
              4.927828732885245,
              52.05301907877467
            ],
            [
              4.927830679473109,
              52.05297144889485
            ],
            [
              4.927831297266884,
              52.05291123035061
            ],
            [
              4.92785461413391,
              52.052912220086505
            ],
            [
              4.927872099479873,
              52.05291318708146
            ],
            [
              4.92803529915124,
              52.05292191264776
            ],
            [
              4.928093577522978,
              52.052925735054295
            ],
            [
              4.928122725927554,
              52.05292674746247
            ],
            [
              4.928189723959263,
              52.052933300260015
            ],
            [
              4.928367428902455,
              52.052949272441445
            ],
            [
              4.928530573563498,
              52.05296339002746
            ],
            [
              4.928650009458726,
              52.052974640808
            ],
            [
              4.928769445414362,
              52.05298589146748
            ],
            [
              4.92896459019066,
              52.053007323529016
            ],
            [
              4.92913062343848,
              52.053024147978356
            ],
            [
              4.929280638461129,
              52.053039112292495
            ],
            [
              4.929283535847524,
              52.053040921194594
            ],
            [
              4.929433569355404,
              52.05305408774525
            ],
            [
              4.929506380939876,
              52.05306246002194
            ],
            [
              4.929679685661895,
              52.05308110958555
            ],
            [
              4.929934485340107,
              52.05311445635463
            ],
            [
              4.929969437926722,
              52.05311818729345
            ],
            [
              4.930174724861716,
              52.0531459484485
            ],
            [
              4.930250434168596,
              52.05315612914548
            ],
            [
              4.930321788184231,
              52.05316449526358
            ],
            [
              4.930452741496213,
              52.05319016999796
            ],
            [
              4.930722112124304,
              52.053224470369294
            ],
            [
              4.93085460617619,
              52.053242061245456
            ],
            [
              4.931067174540263,
              52.05327074786599
            ],
            [
              4.931276836542296,
              52.05329852403459
            ],
            [
              4.931365649106004,
              52.05331055236123
            ],
            [
              4.93133043382541,
              52.053475798970595
            ],
            [
              4.93132887526818,
              52.05348567995899
            ],
            [
              4.931305890328455,
              52.05359524704729
            ],
            [
              4.931241583148653,
              52.05389700166703
            ],
            [
              4.931206238795443,
              52.05407483120522
            ],
            [
              4.931155756494189,
              52.0543074301414
            ],
            [
              4.931100606883937,
              52.054568773213624
            ],
            [
              4.931088329963261,
              52.05462894661029
            ],
            [
              4.931014158326527,
              52.05461068303743
            ],
            [
              4.930774176052519,
              52.054553127907944
            ],
            [
              4.93046876163144,
              52.05447824106478
            ],
            [
              4.93000480102961,
              52.05436678546897
            ],
            [
              4.929676089913177,
              52.05428910969167
            ]
          ]
        ]
      }
    },
    {
      "type": "Feature",
      "properties": {
        "cho_uri": "https://linkeddata.cultureelerfgoed.nl/cho-kennis/id/rijksmonument/26077",
        "rijksmonumentnummer": "45428",
        "naam": null,
        "geometry_bron": "Point",
        "monumentenregister_url": "https://monumentenregister.cultureelerfgoed.nl/monumenten/45428",
        "oorspronkelijke_functie": "Archeologie (N1)",
        "oorspronkelijke_functie_begraafplaats": false
      },
      "geometry": {
        "type": "Point",
        "coordinates": [
          3.98165695185144,
          51.823632166729624
        ]
      }
    },
    {
      "type": "Feature",
      "properties": {
        "cho_uri": "https://linkeddata.cultureelerfgoed.nl/cho-kennis/id/rijksmonument/26775",
        "rijksmonumentnummer": "45652",
        "naam": null,
        "geometry_bron": "Polygon",
        "monumentenregister_url": "https://monumentenregister.cultureelerfgoed.nl/monumenten/45652",
        "oorspronkelijke_functie": "Archeologie (N1)",
        "oorspronkelijke_functie_begraafplaats": false
      },
      "geometry": {
        "type": "Polygon",
        "coordinates": [
          [
            [
              4.59409213417635,
              52.1345088101309
            ],
            [
              4.59331307086387,
              52.13421054894553
            ],
            [
              4.593910120234095,
              52.133654593145344
            ],
            [
              4.594715194880609,
              52.1339683053906
            ],
            [
              4.594523782040608,
              52.13413689854737
            ],
            [
              4.59409213417635,
              52.1345088101309
            ]
          ]
        ]
      }
    },
    {
      "type": "Feature",
      "properties": {
        "cho_uri": "https://linkeddata.cultureelerfgoed.nl/cho-kennis/id/rijksmonument/27203",
        "rijksmonumentnummer": "45867",
        "naam": null,
        "geometry_bron": "Polygon",
        "monumentenregister_url": "https://monumentenregister.cultureelerfgoed.nl/monumenten/45867",
        "oorspronkelijke_functie": "Archeologie (N1)",
        "oorspronkelijke_functie_begraafplaats": false
      },
      "geometry": {
        "type": "Polygon",
        "coordinates": [
          [
            [
              4.684807357423947,
              51.85433620283433
            ],
            [
              4.684807371443241,
              51.854335304056406
            ],
            [
              4.684536998372643,
              51.85426717074718
            ],
            [
              4.684422843299934,
              51.854234128589184
            ],
            [
              4.68425560426783,
              51.854161218641345
            ],
            [
              4.684038302855282,
              51.854133850642214
            ],
            [
              4.684028696299404,
              51.85419132027561
            ],
            [
              4.684011678370846,
              51.85425863300724
            ],
            [
              4.68304608461341,
              51.854372395458455
            ],
            [
              4.683261922261557,
              51.85319348377895
            ],
            [
              4.685007563905984,
              51.853318989768866
            ],
            [
              4.684967986157224,
              51.85352998562806
            ],
            [
              4.684807357423947,
              51.85433620283433
            ]
          ]
        ]
      }
    },
    {
      "type": "Feature",
      "properties": {
        "cho_uri": "https://linkeddata.cultureelerfgoed.nl/cho-kennis/id/rijksmonument/28066",
        "rijksmonumentnummer": "46224",
        "naam": null,
        "geometry_bron": "Polygon",
        "monumentenregister_url": "https://monumentenregister.cultureelerfgoed.nl/monumenten/46224",
        "oorspronkelijke_functie": "Archeologie (N1)",
        "oorspronkelijke_functie_begraafplaats": false
      },
      "geometry": {
        "type": "Polygon",
        "coordinates": [
          [
            [
              4.680127295116751,
              51.85398722214095
            ],
            [
              4.680086258924585,
              51.854104725986666
            ],
            [
              4.680028401065196,
              51.8540917934993
            ],
            [
              4.679944446528397,
              51.85407690608387
            ],
            [
              4.679780750580959,
              51.854056145075496
            ],
            [
              4.679580770179404,
              51.854035165193295
            ],
            [
              4.679304135092103,
              51.853996644509124
            ],
            [
              4.679306250536702,
              51.85395441073559
            ],
            [
              4.679350053909006,
              51.853753329641265
            ],
            [
              4.679444916277833,
              51.85335121112508
            ],
            [
              4.6796982043069,
              51.85238106727618
            ],
            [
              4.680203184893848,
              51.85229691913134
            ],
            [
              4.680608776401987,
              51.85271912914539
            ],
            [
              4.680127295116751,
              51.85398722214095
            ]
          ]
        ]
      }
    },
    {
      "type": "Feature",
      "properties": {
        "cho_uri": "https://linkeddata.cultureelerfgoed.nl/cho-kennis/id/rijksmonument/28578",
        "rijksmonumentnummer": "508082",
        "naam": null,
        "geometry_bron": "Point",
        "monumentenregister_url": "https://monumentenregister.cultureelerfgoed.nl/monumenten/508082",
        "oorspronkelijke_functie": "Archeologie (N1)",
        "oorspronkelijke_functie_begraafplaats": false
      },
      "geometry": {
        "type": "Point",
        "coordinates": [
          4.237772960876085,
          51.951934990122574
        ]
      }
    },
    {
      "type": "Feature",
      "properties": {
        "cho_uri": "https://linkeddata.cultureelerfgoed.nl/cho-kennis/id/rijksmonument/31260",
        "rijksmonumentnummer": "45075",
        "naam": null,
        "geometry_bron": "Polygon",
        "monumentenregister_url": "https://monumentenregister.cultureelerfgoed.nl/monumenten/45075",
        "oorspronkelijke_functie": "Archeologie (N1)",
        "oorspronkelijke_functie_begraafplaats": false
      },
      "geometry": {
        "type": "Polygon",
        "coordinates": [
          [
            [
              4.975840289595252,
              52.26550969153897
            ],
            [
              4.975768636563938,
              52.265495960397324
            ],
            [
              4.975707237524291,
              52.265482264906616
            ],
            [
              4.975606412289162,
              52.265454950337165
            ],
            [
              4.975466152708266,
              52.265414915344266
            ],
            [
              4.975378528027363,
              52.26538584898625
            ],
            [
              4.97526756577121,
              52.265345915817974
            ],
            [
              4.97525005419119,
              52.26533866451221
            ],
            [
              4.975181514379424,
              52.26530517058775
            ],
            [
              4.975111543119792,
              52.26526807649218
            ],
            [
              4.974941080773044,
              52.26516771696957
            ],
            [
              4.974852241926887,
              52.265111682426145
            ],
            [
              4.97474592524185,
              52.265044801410106
            ],
            [
              4.974670028765975,
              52.26501487665747
            ],
            [
              4.97463938390338,
              52.2650021867153
            ],
            [
              4.9746160465588,
              52.26499131984101
            ],
            [
              4.974537378950569,
              52.26494430840986
            ],
            [
              4.974335134853351,
              52.26479620142675
            ],
            [
              4.974310382898352,
              52.2647799368385
            ],
            [
              4.974273887336511,
              52.264766327579224
            ],
            [
              4.974216884241813,
              52.264752646664355
            ],
            [
              4.974189119290894,
              52.26474535937745
            ],
            [
              4.974155528417784,
              52.264734456586034
            ],
            [
              4.974119057969087,
              52.2647181510103
            ],
            [
              4.974089920008902,
              52.26470097226309
            ],
            [
              4.974066658051216,
              52.26468201647423
            ],
            [
              4.973989790207225,
              52.264599059548196
            ],
            [
              4.973853474542403,
              52.264450283377435
            ],
            [
              4.973702628599431,
              52.26428887322057
            ],
            [
              4.973666434292099,
              52.26424290854862
            ],
            [
              4.973647667403985,
              52.26421318297426
            ],
            [
              4.973630440520191,
              52.264175373715474
            ],
            [
              4.973629025829244,
              52.26416997605317
            ],
            [
              4.973617633138998,
              52.264134883560224
            ],
            [
              4.973613380722808,
              52.264119589328956
            ],
            [
              4.973612057917385,
              52.26410430534762
            ],
            [
              4.973612467208026,
              52.26406026629103
            ],
            [
              4.973624884149628,
              52.263827524289134
            ],
            [
              4.973631753970641,
              52.263718795274954
            ],
            [
              4.973644624893679,
              52.26359480789909
            ],
            [
              4.973655387868367,
              52.263540019633915
            ],
            [
              4.973667707467555,
              52.26347535017154
            ],
            [
              4.973675265224252,
              52.263450210614764
            ],
            [
              4.973690230391592,
              52.263416109114196
            ],
            [
              4.973709606577866,
              52.26338022547028
            ],
            [
              4.973751263362291,
              52.26331116468793
            ],
            [
              4.973883323072795,
              52.26312917303552
            ],
            [
              4.973866438652977,
              52.26305451478926
            ],
            [
              4.973735527922268,
              52.262955190538264
            ],
            [
              4.973720425894246,
              52.26284638464654
            ],
            [
              4.97371304855827,
              52.262694464058015
            ],
            [
              4.973711884419378,
              52.262662103700194
            ],
            [
              4.973714518239354,
              52.26253628291185
            ],
            [
              4.973728352321523,
              52.26246622601519
            ],
            [
              4.973779255903078,
              52.262347764340696
            ],
            [
              4.973792697430964,
              52.26231994899271
            ],
            [
              4.973825456105924,
              52.26226254126808
            ],
            [
              4.974054723668972,
              52.26218065452547
            ],
            [
              4.974070969306434,
              52.26216633073303
            ],
            [
              4.974087281675843,
              52.26214481688528
            ],
            [
              4.974132083075403,
              52.26205239851646
            ],
            [
              4.974335314583346,
              52.2620926551113
            ],
            [
              4.97437240823898,
              52.262041553876294
            ],
            [
              4.97449086850468,
              52.26206174082413
            ],
            [
              4.974657573571659,
              52.262091982683586
            ],
            [
              4.97484473524485,
              52.262127688385775
            ],
            [
              4.974971942769097,
              52.262152399292866
            ],
            [
              4.975106316016281,
              52.26219421197314
            ],
            [
              4.975297673068027,
              52.26225150243834
            ],
            [
              4.975456781275874,
              52.262311376621305
            ],
            [
              4.975608474743193,
              52.26238111141277
            ],
            [
              4.975774799566857,
              52.262452694505384
            ],
            [
              4.975831235277595,
              52.26252749012938
            ],
            [
              4.975846774346311,
              52.26258956041425
            ],
            [
              4.975886865441724,
              52.26268946512616
            ],
            [
              4.975902446175414,
              52.26274704161848
            ],
            [
              4.975905719115405,
              52.26286838906022
            ],
            [
              4.975835654001912,
              52.263000266728895
            ],
            [
              4.975743159861075,
              52.263181499488745
            ],
            [
              4.97566180773089,
              52.263266600913845
            ],
            [
              4.97557279055551,
              52.26338852579664
            ],
            [
              4.975434036740753,
              52.26350308708407
            ],
            [
              4.975329571238971,
              52.26355305512876
            ],
            [
              4.97518390006511,
              52.26362355153104
            ],
            [
              4.975004679764184,
              52.26367865141852
            ],
            [
              4.974760059819129,
              52.26367779816623
            ],
            [
              4.974634371167681,
              52.263646800851006
            ],
            [
              4.974453004077247,
              52.263617406572656
            ],
            [
              4.974236649141336,
              52.263569914078104
            ],
            [
              4.974080259070685,
              52.26353251741153
            ],
            [
              4.973951708503839,
              52.26349431908062
            ],
            [
              4.973780871496424,
              52.26343530065533
            ],
            [
              4.973750365118756,
              52.26356551786611
            ],
            [
              4.973725675971,
              52.26370024934202
            ],
            [
              4.973727361334455,
              52.263834174281
            ],
            [
              4.973721697657729,
              52.26397076986723
            ],
            [
              4.973710299992291,
              52.26409386361048
            ],
            [
              4.973740234189275,
              52.264182948076744
            ],
            [
              4.973821211422806,
              52.26429647825005
            ],
            [
              4.973915497597731,
              52.26439657311494
            ],
            [
              4.97401432885454,
              52.2644805056515
            ],
            [
              4.974125960096427,
              52.26460582695951
            ],
            [
              4.974233639537688,
              52.26468349872867
            ],
            [
              4.974376733636329,
              52.26473343173603
            ],
            [
              4.974525378982277,
              52.264816639005254
            ],
            [
              4.974656205293627,
              52.264925848672654
            ],
            [
              4.974921647166379,
              52.265051705896795
            ],
            [
              4.975118193149174,
              52.26518271507872
            ],
            [
              4.975465319858211,
              52.26534660477029
            ],
            [
              4.975744457094288,
              52.26541768193115
            ],
            [
              4.975857067580189,
              52.26543784711187
            ],
            [
              4.975840289595252,
              52.26550969153897
            ]
          ]
        ]
      }
    },
    {
      "type": "Feature",
      "properties": {
        "cho_uri": "https://linkeddata.cultureelerfgoed.nl/cho-kennis/id/rijksmonument/31665",
        "rijksmonumentnummer": "45756",
        "naam": null,
        "geometry_bron": "Polygon",
        "monumentenregister_url": "https://monumentenregister.cultureelerfgoed.nl/monumenten/45756",
        "oorspronkelijke_functie": "Archeologie (N1)",
        "oorspronkelijke_functie_begraafplaats": false
      },
      "geometry": {
        "type": "Polygon",
        "coordinates": [
          [
            [
              5.121617572008431,
              52.194055703537565
            ],
            [
              5.121576455529491,
              52.19408347358839
            ],
            [
              5.121421819300562,
              52.19401751396385
            ],
            [
              5.121730734864126,
              52.193718012572006
            ],
            [
              5.12174855776418,
              52.19367221429449
            ],
            [
              5.121748793117097,
              52.19363266802173
            ],
            [
              5.121684961829466,
              52.193545341812346
            ],
            [
              5.121731847513556,
              52.193531066554534
            ],
            [
              5.121759619015672,
              52.193533825348226
            ],
            [
              5.121905548534644,
              52.193588080697694
            ],
            [
              5.121969813218029,
              52.193602605693194
            ],
            [
              5.122264161332785,
              52.193292284685825
            ],
            [
              5.122324027546855,
              52.193308597204606
            ],
            [
              5.122347395450729,
              52.193314042356896
            ],
            [
              5.122369295528297,
              52.19332038300412
            ],
            [
              5.122487597660014,
              52.1933476119525
            ],
            [
              5.122582521304891,
              52.19337119323916
            ],
            [
              5.122725627551608,
              52.193408364221604
            ],
            [
              5.122788440400794,
              52.19342108793874
            ],
            [
              5.122927138178433,
              52.19346184396991
            ],
            [
              5.123077509613171,
              52.19350711989933
            ],
            [
              5.123175332315056,
              52.19353520114554
            ],
            [
              5.123154761505656,
              52.19355133339342
            ],
            [
              5.123065149624762,
              52.19361854233144
            ],
            [
              5.122853392946777,
              52.193813106179434
            ],
            [
              5.122798981651208,
              52.19386331666984
            ],
            [
              5.122631348810937,
              52.194015735716675
            ],
            [
              5.122350518794901,
              52.19426586893331
            ],
            [
              5.122296063675764,
              52.19432326941799
            ],
            [
              5.12222452792223,
              52.1943015379642
            ],
            [
              5.121979416471197,
              52.19420122200043
            ],
            [
              5.121881673258596,
              52.19415965808309
            ],
            [
              5.121617572008431,
              52.194055703537565
            ]
          ]
        ]
      }
    },
    {
      "type": "Feature",
      "properties": {
        "cho_uri": "https://linkeddata.cultureelerfgoed.nl/cho-kennis/id/rijksmonument/32053",
        "rijksmonumentnummer": "522611",
        "naam": null,
        "geometry_bron": "Polygon",
        "monumentenregister_url": "https://monumentenregister.cultureelerfgoed.nl/monumenten/522611",
        "oorspronkelijke_functie": "Archeologie (N1)",
        "oorspronkelijke_functie_begraafplaats": false
      },
      "geometry": {
        "type": "Polygon",
        "coordinates": [
          [
            [
              5.071524207451642,
              52.08489797986017
            ],
            [
              5.071516944443394,
              52.08489346636612
            ],
            [
              5.071712395872482,
              52.084486829061895
            ],
            [
              5.072210090703328,
              52.08466702293268
            ],
            [
              5.072189513730839,
              52.08468853936868
            ],
            [
              5.072278198870086,
              52.08473281795588
            ],
            [
              5.072294164950268,
              52.08474454512368
            ],
            [
              5.07263431166004,
              52.08492251861879
            ],
            [
              5.072686568290718,
              52.084960408023726
            ],
            [
              5.072741730269247,
              52.085000102772824
            ],
            [
              5.072814355512902,
              52.08504613573085
            ],
            [
              5.072852130297117,
              52.08506870668717
            ],
            [
              5.072873982959513,
              52.085073258999444
            ],
            [
              5.072891465092638,
              52.085076900846396
            ],
            [
              5.072903124058794,
              52.08507872954812
            ],
            [
              5.072460504474515,
              52.085364268749366
            ],
            [
              5.072412156486346,
              52.08539290154843
            ],
            [
              5.072040125366286,
              52.085184282690044
            ],
            [
              5.071778534054142,
              52.08503887481944
            ],
            [
              5.071660822005034,
              52.084972946751904
            ],
            [
              5.071524207451642,
              52.08489797986017
            ]
          ]
        ]
      }
    },
    {
      "type": "Feature",
      "properties": {
        "cho_uri": "https://linkeddata.cultureelerfgoed.nl/cho-kennis/id/rijksmonument/32363",
        "rijksmonumentnummer": "47122",
        "naam": null,
        "geometry_bron": "Polygon",
        "monumentenregister_url": "https://monumentenregister.cultureelerfgoed.nl/monumenten/47122",
        "oorspronkelijke_functie": "Archeologie (N1)",
        "oorspronkelijke_functie_begraafplaats": false
      },
      "geometry": {
        "type": "Polygon",
        "coordinates": [
          [
            [
              4.246042547464166,
              52.02307321060088
            ],
            [
              4.246391212601014,
              52.02317097330087
            ],
            [
              4.24637914697595,
              52.02318703637563
            ],
            [
              4.247710092785032,
              52.02356307793983
            ],
            [
              4.247367271426461,
              52.023865381261906
            ],
            [
              4.247360033458417,
              52.02386351340347
            ],
            [
              4.245700763244384,
              52.023391699197276
            ],
            [
              4.245686310499352,
              52.023387064608606
            ],
            [
              4.245669150389045,
              52.02337431376411
            ],
            [
              4.245659251001231,
              52.0233625322133
            ],
            [
              4.245679671213592,
              52.023190143534876
            ],
            [
              4.245705007810055,
              52.02316791699121
            ],
            [
              4.245910098741708,
              52.0232391199536
            ],
            [
              4.246042547464166,
              52.02307321060088
            ]
          ]
        ]
      }
    },
    {
      "type": "Feature",
      "properties": {
        "cho_uri": "https://linkeddata.cultureelerfgoed.nl/cho-kennis/id/rijksmonument/32521",
        "rijksmonumentnummer": "47175",
        "naam": null,
        "geometry_bron": "Polygon",
        "monumentenregister_url": "https://monumentenregister.cultureelerfgoed.nl/monumenten/47175",
        "oorspronkelijke_functie": "Archeologie (N1)",
        "oorspronkelijke_functie_begraafplaats": false
      },
      "geometry": {
        "type": "Polygon",
        "coordinates": [
          [
            [
              5.040556874350216,
              52.291215562936124
            ],
            [
              5.040621659630036,
              52.291178004132924
            ],
            [
              5.041053885220017,
              52.29101119849269
            ],
            [
              5.041430138642879,
              52.290879279983024
            ],
            [
              5.041594848347606,
              52.29080875796295
            ],
            [
              5.041640452451734,
              52.29078732055021
            ],
            [
              5.041657991877236,
              52.2907936632413
            ],
            [
              5.041710686991204,
              52.290802804966695
            ],
            [
              5.041767828076321,
              52.29080566820916
            ],
            [
              5.041874788781243,
              52.29081047445589
            ],
            [
              5.042084348054851,
              52.29081558004067
            ],
            [
              5.042273366752199,
              52.2908233216831
            ],
            [
              5.042553237652915,
              52.290834024144665
            ],
            [
              5.042736379810739,
              52.290843545477024
            ],
            [
              5.042903462029715,
              52.29084493077341
            ],
            [
              5.043293267296127,
              52.290855052688194
            ],
            [
              5.044130040504299,
              52.2908754584899
            ],
            [
              5.044799725092913,
              52.29089537474657
            ],
            [
              5.044783464024016,
              52.29091330322258
            ],
            [
              5.044770134337322,
              52.29093124018368
            ],
            [
              5.044765626512385,
              52.290945607575445
            ],
            [
              5.044737217620491,
              52.2910183263123
            ],
            [
              5.044713205744162,
              52.291091057774594
            ],
            [
              5.044681809882475,
              52.291170958068236
            ],
            [
              5.044629499349807,
              52.291302028101754
            ],
            [
              5.044591997985579,
              52.291413367901825
            ],
            [
              5.044608113910518,
              52.29141431336355
            ],
            [
              5.044588484906604,
              52.29148885504693
            ],
            [
              5.044552379748718,
              52.29160918665182
            ],
            [
              5.044514801744675,
              52.291730412753395
            ],
            [
              5.044468373751501,
              52.291858803415536
            ],
            [
              5.044461052037528,
              52.291857883420434
            ],
            [
              5.044376171450838,
              52.29184056063862
            ],
            [
              5.044304433961854,
              52.29182956734463
            ],
            [
              5.044209217150056,
              52.29182210102836
            ],
            [
              5.044121308202135,
              52.29181735216703
            ],
            [
              5.043900052842723,
              52.291807722366904
            ],
            [
              5.04364363404073,
              52.29179619245829
            ],
            [
              5.043048702316523,
              52.291774689671925
            ],
            [
              5.042534365123713,
              52.29175611512139
            ],
            [
              5.042219338931116,
              52.29174171497917
            ],
            [
              5.042206154387146,
              52.291740777742866
            ],
            [
              5.042036186209532,
              52.291733091601614
            ],
            [
              5.041782713740194,
              52.29171976869768
            ],
            [
              5.041615705101985,
              52.2917084954842
            ],
            [
              5.041296366275669,
              52.29168329494655
            ],
            [
              5.041038546124881,
              52.29166366628582
            ],
            [
              5.04093156946243,
              52.29166065679603
            ],
            [
              5.04079973156428,
              52.29165038417376
            ],
            [
              5.040499419954781,
              52.29162883231965
            ],
            [
              5.040320686230035,
              52.29161752290306
            ],
            [
              5.040216683245204,
              52.291609128820795
            ],
            [
              5.040080455525302,
              52.29159794373869
            ],
            [
              5.040017562926757,
              52.29158068235447
            ],
            [
              5.040047115850235,
              52.29155021065854
            ],
            [
              5.040069305071623,
              52.29152421123131
            ],
            [
              5.04013127903008,
              52.291471365222876
            ],
            [
              5.040255093275991,
              52.29138274949451
            ],
            [
              5.040393529072824,
              52.29129867040168
            ],
            [
              5.040503870678746,
              52.29124596601845
            ],
            [
              5.040556874350216,
              52.291215562936124
            ]
          ]
        ]
      }
    },
    {
      "type": "Feature",
      "properties": {
        "cho_uri": "https://linkeddata.cultureelerfgoed.nl/cho-kennis/id/rijksmonument/33064",
        "rijksmonumentnummer": "47106",
        "naam": null,
        "geometry_bron": "Polygon",
        "monumentenregister_url": "https://monumentenregister.cultureelerfgoed.nl/monumenten/47106",
        "oorspronkelijke_functie": "Archeologie (N1)",
        "oorspronkelijke_functie_begraafplaats": false
      },
      "geometry": {
        "type": "Polygon",
        "coordinates": [
          [
            [
              4.831223861387543,
              51.9316718273609
            ],
            [
              4.83143275841288,
              51.93124047202514
            ],
            [
              4.831571858149779,
              51.93116203135569
            ],
            [
              4.832155031007877,
              51.931269950262795
            ],
            [
              4.832722257953748,
              51.93137419570164
            ],
            [
              4.83276317942402,
              51.931475058951165
            ],
            [
              4.832730084067033,
              51.93156478706223
            ],
            [
              4.83195476812668,
              51.93253277623849
            ],
            [
              4.83192144935897,
              51.932522731634904
            ],
            [
              4.831889262420646,
              51.932538758776325
            ],
            [
              4.831676075613987,
              51.93249370849464
            ],
            [
              4.83152672972114,
              51.93245974564972
            ],
            [
              4.831381723670514,
              51.93242760081275
            ],
            [
              4.831322378553682,
              51.93240574806246
            ],
            [
              4.831283310944815,
              51.93239028304783
            ],
            [
              4.831254376523389,
              51.932378461299706
            ],
            [
              4.831167187175938,
              51.93225670537693
            ],
            [
              4.831138675551974,
              51.93221072961161
            ],
            [
              4.831147421460954,
              51.93220897328923
            ],
            [
              4.831193861731909,
              51.93209863536444
            ],
            [
              4.831219468436875,
              51.9320268491067
            ],
            [
              4.83122096686063,
              51.93202326082488
            ],
            [
              4.831351737572309,
              51.93179557329054
            ],
            [
              4.831199341803186,
              51.93177328054356
            ],
            [
              4.831183393065246,
              51.931769609757474
            ],
            [
              4.831182072601607,
              51.931758817411165
            ],
            [
              4.831223861387543,
              51.9316718273609
            ]
          ]
        ]
      }
    },
    {
      "type": "Feature",
      "properties": {
        "cho_uri": "https://linkeddata.cultureelerfgoed.nl/cho-kennis/id/rijksmonument/33768",
        "rijksmonumentnummer": "341108",
        "naam": null,
        "geometry_bron": "Polygon",
        "monumentenregister_url": "https://monumentenregister.cultureelerfgoed.nl/monumenten/341108",
        "oorspronkelijke_functie": "Archeologie (N1)",
        "oorspronkelijke_functie_begraafplaats": false
      },
      "geometry": {
        "type": "Polygon",
        "coordinates": [
          [
            [
              4.692870861052221,
              51.826075377019805
            ],
            [
              4.69288550438795,
              51.82606647499763
            ],
            [
              4.692910231891292,
              51.82606212694326
            ],
            [
              4.692933508903543,
              51.826057770304274
            ],
            [
              4.692953815712365,
              51.82605789041389
            ],
            [
              4.692993006533073,
              51.82605632447945
            ],
            [
              4.693126354383045,
              51.82606340511577
            ],
            [
              4.69318141751005,
              51.82606732615828
            ],
            [
              4.693255226261424,
              51.826078548915575
            ],
            [
              4.693298616328409,
              51.826086895211
            ],
            [
              4.693324628235666,
              51.826093341032326
            ],
            [
              4.693362133355323,
              51.82610704570004
            ],
            [
              4.693390921730325,
              51.8261215976961
            ],
            [
              4.693406711068333,
              51.82613247739445
            ],
            [
              4.693438192917411,
              51.82616052826135
            ],
            [
              4.693449561632748,
              51.82617587614622
            ],
            [
              4.693458057044887,
              51.82618940931946
            ],
            [
              4.693462187153451,
              51.826203815555914
            ],
            [
              4.693466261924026,
              51.826221816921674
            ],
            [
              4.693468803194829,
              51.8262452024086
            ],
            [
              4.693468401976302,
              51.826271267096956
            ],
            [
              4.693466453416796,
              51.82630361468889
            ],
            [
              4.693464518689615,
              51.82633506349831
            ],
            [
              4.693456643619956,
              51.82637546583944
            ],
            [
              4.693447331873622,
              51.826414960824444
            ],
            [
              4.693436583447403,
              51.82645354845292
            ],
            [
              4.69342753455168,
              51.82647596657168
            ],
            [
              4.693418499483119,
              51.82649748590731
            ],
            [
              4.693410984089065,
              51.826514519904116
            ],
            [
              4.693390303479606,
              51.826538666995724
            ],
            [
              4.693377027569246,
              51.8265529703481
            ],
            [
              4.693356388436334,
              51.826574421086626
            ],
            [
              4.693340225335386,
              51.82658780850403
            ],
            [
              4.69330947415495,
              51.82660650286608
            ],
            [
              4.69327162265672,
              51.82661526773885
            ],
            [
              4.693223534570385,
              51.82662936526267
            ],
            [
              4.693181373044097,
              51.826635408031834
            ],
            [
              4.693131945138686,
              51.82664230668347
            ],
            [
              4.693089838959485,
              51.82664475429065
            ],
            [
              4.693065138839938,
              51.82664730481754
            ],
            [
              4.693034692071653,
              51.82664622589767
            ],
            [
              4.693008624509567,
              51.82664337514094
            ],
            [
              4.692986894621261,
              51.82664144889711
            ],
            [
              4.692969530095287,
              51.82663864960394
            ],
            [
              4.692953671458615,
              51.82663226375848
            ],
            [
              4.69294076921889,
              51.82662229994064
            ],
            [
              4.692927894676968,
              51.826610538556906
            ],
            [
              4.692922355737445,
              51.82659342737632
            ],
            [
              4.692867821608117,
              51.826084347682254
            ],
            [
              4.692870861052221,
              51.826075377019805
            ]
          ]
        ]
      }
    },
    {
      "type": "Feature",
      "properties": {
        "cho_uri": "https://linkeddata.cultureelerfgoed.nl/cho-kennis/id/rijksmonument/33913",
        "rijksmonumentnummer": "45622",
        "naam": null,
        "geometry_bron": "Polygon",
        "monumentenregister_url": "https://monumentenregister.cultureelerfgoed.nl/monumenten/45622",
        "oorspronkelijke_functie": "Archeologie (N1)",
        "oorspronkelijke_functie_begraafplaats": false
      },
      "geometry": {
        "type": "Polygon",
        "coordinates": [
          [
            [
              4.896164836321571,
              52.07378174307459
            ],
            [
              4.896037746212786,
              52.07366616460953
            ],
            [
              4.896837296569431,
              52.0733791757487
            ],
            [
              4.897530058892093,
              52.07311960118985
            ],
            [
              4.900075262852474,
              52.071918541550474
            ],
            [
              4.900205861169937,
              52.071846276984765
            ],
            [
              4.900814857552288,
              52.071506342069696
            ],
            [
              4.900846875776184,
              52.07151276595243
            ],
            [
              4.900881771904884,
              52.07152279697967
            ],
            [
              4.900923940929833,
              52.07153465564665
            ],
            [
              4.901024273543755,
              52.07156293301971
            ],
            [
              4.901201671709884,
              52.07161309981993
            ],
            [
              4.901239475207943,
              52.07162404155006
            ],
            [
              4.901264103552251,
              52.07163942303472
            ],
            [
              4.901300390048286,
              52.07165575140402
            ],
            [
              4.90134389094345,
              52.071679300059174
            ],
            [
              4.901315662478245,
              52.071726821081505
            ],
            [
              4.901397142727708,
              52.07174513339163
            ],
            [
              4.901413488568361,
              52.07171733738547
            ],
            [
              4.901442502247686,
              52.071731838091075
            ],
            [
              4.90155127445124,
              52.07178891200973
            ],
            [
              4.901554801346848,
              52.07186712379973
            ],
            [
              4.90152816804225,
              52.071902067978925
            ],
            [
              4.901459945619806,
              52.07200604979538
            ],
            [
              4.90145253605832,
              52.07201680508148
            ],
            [
              4.901422653864246,
              52.07208229569048
            ],
            [
              4.901410654129628,
              52.07211280606982
            ],
            [
              4.901403059157265,
              52.0721406381492
            ],
            [
              4.901399917741673,
              52.07216129803568
            ],
            [
              4.901390864250161,
              52.07218912410145
            ],
            [
              4.901342845494493,
              52.07231296315277
            ],
            [
              4.901297811810082,
              52.07243052275851
            ],
            [
              4.901267831513964,
              52.07250500111037
            ],
            [
              4.901242207147617,
              52.072581295054725
            ],
            [
              4.901228768158226,
              52.072610001840886
            ],
            [
              4.901212421874884,
              52.07263779781692
            ],
            [
              4.901205002387765,
              52.07264945186485
            ],
            [
              4.901197563374392,
              52.07266290346963
            ],
            [
              4.901156119581574,
              52.07271845931665
            ],
            [
              4.901139890361741,
              52.07273546993816
            ],
            [
              4.901123612316042,
              52.07275697445064
            ],
            [
              4.901102958684757,
              52.07277846091199
            ],
            [
              4.901060144017922,
              52.07282592169994
            ],
            [
              4.901038012269812,
              52.07284919969001
            ],
            [
              4.901030651289649,
              52.072855461054736
            ],
            [
              4.901021782957526,
              52.07286621029481
            ],
            [
              4.901014421972288,
              52.072872471658485
            ],
            [
              4.901007051219909,
              52.07287963180032
            ],
            [
              4.90099381706186,
              52.07288946420708
            ],
            [
              4.900983499952436,
              52.07289930864796
            ],
            [
              4.900971734076723,
              52.07290824829135
            ],
            [
              4.900958519434572,
              52.07291628313691
            ],
            [
              4.90094824137628,
              52.07292253246021
            ],
            [
              4.900932099902626,
              52.07293145404493
            ],
            [
              4.90090714864862,
              52.07294573218706
            ],
            [
              4.900830826492294,
              52.07298945934037
            ],
            [
              4.900757440790157,
              52.073031400927796
            ],
            [
              4.900750079740717,
              52.07303766227471
            ],
            [
              4.900744186991516,
              52.07304303086333
            ],
            [
              4.900742591673495,
              52.07305560774253
            ],
            [
              4.900702986563707,
              52.073076117082415
            ],
            [
              4.900682508472692,
              52.073081425454575
            ],
            [
              4.900669332815135,
              52.07308586515311
            ],
            [
              4.90064880585399,
              52.07309566741211
            ],
            [
              4.900482984669666,
              52.073187561008304
            ],
            [
              4.900434520557531,
              52.073217920676704
            ],
            [
              4.900384588063427,
              52.07324917307826
            ],
            [
              4.900344923947282,
              52.07327507496773
            ],
            [
              4.900327294349932,
              52.07328668677857
            ],
            [
              4.900202428369822,
              52.073367963352034
            ],
            [
              4.900052531845034,
              52.07347070797828
            ],
            [
              4.900011310941004,
              52.07350559150898
            ],
            [
              4.899965675184038,
              52.073544052047495
            ],
            [
              4.899922966234231,
              52.073581625851524
            ],
            [
              4.89988911618089,
              52.07360934926584
            ],
            [
              4.8998581929761,
              52.07363618595532
            ],
            [
              4.899856705059831,
              52.07363887625874
            ],
            [
              4.899852251098442,
              52.073646048390486
            ],
            [
              4.899843421480813,
              52.07365320242646
            ],
            [
              4.899824352630344,
              52.07366301057226
            ],
            [
              4.899781858826524,
              52.073680811199885
            ],
            [
              4.899723262158598,
              52.07370393811599
            ],
            [
              4.899645596509035,
              52.07373687311945
            ],
            [
              4.899572355382056,
              52.073765332285596
            ],
            [
              4.899510811997199,
              52.07379114335985
            ],
            [
              4.899444883074031,
              52.0738178350696
            ],
            [
              4.899386295850641,
              52.0738400630388
            ],
            [
              4.899339416231188,
              52.07385874417143
            ],
            [
              4.899291078013802,
              52.0738774192465
            ],
            [
              4.899238354276944,
              52.0738969749618
            ],
            [
              4.899182703571866,
              52.07391741735144
            ],
            [
              4.899124145497682,
              52.073936948854836
            ],
            [
              4.899064109202231,
              52.07395827184392
            ],
            [
              4.898999697163326,
              52.07397957667526
            ],
            [
              4.898917733272961,
              52.07400530284303
            ],
            [
              4.898816729484517,
              52.0740381406006
            ],
            [
              4.898749370651477,
              52.07406212953984
            ],
            [
              4.89868641687896,
              52.07408344024458
            ],
            [
              4.898613184389106,
              52.074111000033206
            ],
            [
              4.898597061648895,
              52.074118123738806
            ],
            [
              4.898582417098622,
              52.074123455933396
            ],
            [
              4.898569260554988,
              52.0741260978393
            ],
            [
              4.89856194809189,
              52.07412786515694
            ],
            [
              4.898538532502052,
              52.07413495861532
            ],
            [
              4.898513677968559,
              52.07414024846424
            ],
            [
              4.89848881361317,
              52.074146437086156
            ],
            [
              4.898466895835633,
              52.074149941466246
            ],
            [
              4.898446436622344,
              52.0741534518915
            ],
            [
              4.898425977405853,
              52.07415696231318
            ],
            [
              4.898401132664698,
              52.07416135336021
            ],
            [
              4.898347067463221,
              52.074170117287224
            ],
            [
              4.898323720552838,
              52.074170919255735
            ],
            [
              4.898300354001976,
              52.07417351877593
            ],
            [
              4.898276987448411,
              52.07417611829143
            ],
            [
              4.898252152502892,
              52.074179610528844
            ],
            [
              4.898227337196106,
              52.07418130520478
            ],
            [
              4.898208346340132,
              52.07418392286243
            ],
            [
              4.898183521207146,
              52.0741865163072
            ],
            [
              4.898160154640078,
              52.074189115799555
            ],
            [
              4.898138256462261,
              52.07419082256216
            ],
            [
              4.898110524007257,
              52.07419250510733
            ],
            [
              4.898087177081104,
              52.07419330702898
            ],
            [
              4.89806674729198,
              52.07419412105387
            ],
            [
              4.898043400364228,
              52.074194922966825
            ],
            [
              4.898018614517676,
              52.0741939212644
            ],
            [
              4.897990882056347,
              52.07419560378137
            ],
            [
              4.897966076557525,
              52.07419639962413
            ],
            [
              4.897941300538991,
              52.07419449912732
            ],
            [
              4.897909202195255,
              52.074195264680455
            ],
            [
              4.897878582076025,
              52.07419423872495
            ],
            [
              4.897846493560412,
              52.07419410548288
            ],
            [
              4.897732735019896,
              52.07419273423076
            ],
            [
              4.897653972304189,
              52.074192407068985
            ],
            [
              4.897585458908026,
              52.07418852716199
            ],
            [
              4.897546087389401,
              52.07418746476038
            ],
            [
              4.897514018551203,
              52.07418553387167
            ],
            [
              4.897486315585057,
              52.07418451993571
            ],
            [
              4.897454236914775,
              52.07418348780878
            ],
            [
              4.897436734093154,
              52.07418341506937
            ],
            [
              4.897414835890974,
              52.07418512169746
            ],
            [
              4.89739005006437,
              52.07418411986284
            ],
            [
              4.897360878694856,
              52.074183998613115
            ],
            [
              4.897327331620139,
              52.07418385916699
            ],
            [
              4.897290857568651,
              52.07418460636233
            ],
            [
              4.897257290812182,
              52.07418626445231
            ],
            [
              4.897225212146141,
              52.074185232263034
            ],
            [
              4.897191655228942,
              52.074185991556305
            ],
            [
              4.897156629899299,
              52.07418764355284
            ],
            [
              4.897099716194172,
              52.074190103330466
            ],
            [
              4.897073452114528,
              52.07419089291936
            ],
            [
              4.897057388169843,
              52.07419262374581
            ],
            [
              4.89696683875186,
              52.074203032928644
            ],
            [
              4.897034751553956,
              52.07426173865311
            ],
            [
              4.897031824566717,
              52.07426262529768
            ],
            [
              4.89699826758836,
              52.07426338453575
            ],
            [
              4.896964641682043,
              52.074270435210174
            ],
            [
              4.896931035459898,
              52.074275688319
            ],
            [
              4.896900356220981,
              52.07428005477707
            ],
            [
              4.896857978856322,
              52.07428706901042
            ],
            [
              4.896825831181158,
              52.074292328158066
            ],
            [
              4.896801252158395,
              52.07427245186227
            ],
            [
              4.896754420263722,
              52.07428663807318
            ],
            [
              4.896705301717415,
              52.07424329033478
            ],
            [
              4.896640257247024,
              52.074189090453814
            ],
            [
              4.896562273073634,
              52.074117759103196
            ],
            [
              4.896374394572082,
              52.07395878459945
            ],
            [
              4.896255887128826,
              52.07385852204607
            ],
            [
              4.896164836321571,
              52.07378174307459
            ]
          ]
        ]
      }
    },
    {
      "type": "Feature",
      "properties": {
        "cho_uri": "https://linkeddata.cultureelerfgoed.nl/cho-kennis/id/rijksmonument/34078",
        "rijksmonumentnummer": "47110",
        "naam": null,
        "geometry_bron": "Polygon",
        "monumentenregister_url": "https://monumentenregister.cultureelerfgoed.nl/monumenten/47110",
        "oorspronkelijke_functie": "Archeologie (N1)",
        "oorspronkelijke_functie_begraafplaats": false
      },
      "geometry": {
        "type": "Polygon",
        "coordinates": [
          [
            [
              5.086325689139,
              51.948546462976246
            ],
            [
              5.08874731047386,
              51.947917160996305
            ],
            [
              5.089294551699946,
              51.94874277220886
            ],
            [
              5.087234267522178,
              51.94992938105403
            ],
            [
              5.087231388418666,
              51.94992487957974
            ],
            [
              5.086998056808251,
              51.94957913495893
            ],
            [
              5.086643804769045,
              51.94904522619162
            ],
            [
              5.086325689139,
              51.948546462976246
            ]
          ]
        ]
      }
    },
    {
      "type": "Feature",
      "properties": {
        "cho_uri": "https://linkeddata.cultureelerfgoed.nl/cho-kennis/id/rijksmonument/34141",
        "rijksmonumentnummer": "47108",
        "naam": null,
        "geometry_bron": "Polygon",
        "monumentenregister_url": "https://monumentenregister.cultureelerfgoed.nl/monumenten/47108",
        "oorspronkelijke_functie": "Archeologie (N1)",
        "oorspronkelijke_functie_begraafplaats": false
      },
      "geometry": {
        "type": "Polygon",
        "coordinates": [
          [
            [
              4.859901053114912,
              51.92549766649122
            ],
            [
              4.860100638113615,
              51.9252145277816
            ],
            [
              4.860178991599771,
              51.92522746281064
            ],
            [
              4.860324142672662,
              51.92524698903993
            ],
            [
              4.860505573791971,
              51.92527207066988
            ],
            [
              4.860830471315939,
              51.9253364445727
            ],
            [
              4.860939206158322,
              51.92536209888005
            ],
            [
              4.860684109990466,
              51.9256683602671
            ],
            [
              4.859901053114912,
              51.92549766649122
            ]
          ]
        ]
      }
    },
    {
      "type": "Feature",
      "properties": {
        "cho_uri": "https://linkeddata.cultureelerfgoed.nl/cho-kennis/id/rijksmonument/34906",
        "rijksmonumentnummer": "47131",
        "naam": null,
        "geometry_bron": "Polygon",
        "monumentenregister_url": "https://monumentenregister.cultureelerfgoed.nl/monumenten/47131",
        "oorspronkelijke_functie": "Archeologie (N1)",
        "oorspronkelijke_functie_begraafplaats": false
      },
      "geometry": {
        "type": "Polygon",
        "coordinates": [
          [
            [
              4.868791151021523,
              51.88137435711601
            ],
            [
              4.869656514569116,
              51.881522886360656
            ],
            [
              4.869568584551334,
              51.88171754843745
            ],
            [
              4.869373521278881,
              51.882134651956086
            ],
            [
              4.869178682012996,
              51.88253198153098
            ],
            [
              4.869076590066778,
              51.882442545677755
            ],
            [
              4.868783398019369,
              51.882173396458256
            ],
            [
              4.86853028406057,
              51.88195565760871
            ],
            [
              4.868791151021523,
              51.88137435711601
            ]
          ]
        ]
      }
    },
    {
      "type": "Feature",
      "properties": {
        "cho_uri": "https://linkeddata.cultureelerfgoed.nl/cho-kennis/id/rijksmonument/35350",
        "rijksmonumentnummer": "45869",
        "naam": null,
        "geometry_bron": "Polygon",
        "monumentenregister_url": "https://monumentenregister.cultureelerfgoed.nl/monumenten/45869",
        "oorspronkelijke_functie": "Archeologie (N1)",
        "oorspronkelijke_functie_begraafplaats": false
      },
      "geometry": {
        "type": "Polygon",
        "coordinates": [
          [
            [
              4.691044467772767,
              51.85209023627577
            ],
            [
              4.692690895442871,
              51.85234177933768
            ],
            [
              4.692527714546925,
              51.85313450862401
            ],
            [
              4.692487187434331,
              51.85312707797642
            ],
            [
              4.692188712989191,
              51.85450326601444
            ],
            [
              4.691289676960409,
              51.85444400989419
            ],
            [
              4.69126983643255,
              51.85450681259788
            ],
            [
              4.690595476642279,
              51.8544677585498
            ],
            [
              4.691038634687072,
              51.85209199941695
            ],
            [
              4.691044467772767,
              51.85209023627577
            ]
          ]
        ]
      }
    },
    {
      "type": "Feature",
      "properties": {
        "cho_uri": "https://linkeddata.cultureelerfgoed.nl/cho-kennis/id/rijksmonument/36882",
        "rijksmonumentnummer": "45731",
        "naam": null,
        "geometry_bron": "Point",
        "monumentenregister_url": "https://monumentenregister.cultureelerfgoed.nl/monumenten/45731",
        "oorspronkelijke_functie": "Archeologie (N1)",
        "oorspronkelijke_functie_begraafplaats": false
      },
      "geometry": {
        "type": "Point",
        "coordinates": [
          4.570020095260687,
          51.78715519884621
        ]
      }
    },
    {
      "type": "Feature",
      "properties": {
        "cho_uri": "https://linkeddata.cultureelerfgoed.nl/cho-kennis/id/rijksmonument/37079",
        "rijksmonumentnummer": "45863",
        "naam": null,
        "geometry_bron": "Polygon",
        "monumentenregister_url": "https://monumentenregister.cultureelerfgoed.nl/monumenten/45863",
        "oorspronkelijke_functie": "Archeologie (N1)",
        "oorspronkelijke_functie_begraafplaats": false
      },
      "geometry": {
        "type": "Polygon",
        "coordinates": [
          [
            [
              4.387652110828738,
              51.856581815137595
            ],
            [
              4.387738574977016,
              51.85661041677042
            ],
            [
              4.387794001688135,
              51.85666392312934
            ],
            [
              4.38784660556253,
              51.856713809870804
            ],
            [
              4.387919269600535,
              51.85677555289404
            ],
            [
              4.3879935647351,
              51.856829219729065
            ],
            [
              4.388030542835684,
              51.85686369226225
            ],
            [
              4.388040283696745,
              51.856882651866826
            ],
            [
              4.388042667904484,
              51.85690604332775
            ],
            [
              4.388039286451137,
              51.8569275879448
            ],
            [
              4.388034553330718,
              51.85694462660366
            ],
            [
              4.38797150063886,
              51.857038473637886
            ],
            [
              4.387751567416536,
              51.857006039540245
            ],
            [
              4.38765893779673,
              51.85699356548329
            ],
            [
              4.387570602535272,
              51.85698382458578
            ],
            [
              4.38738383227787,
              51.856961559919746
            ],
            [
              4.387370829650551,
              51.856958752530005
            ],
            [
              4.387259551749283,
              51.85693623156138
            ],
            [
              4.3872537661568,
              51.856935283400496
            ],
            [
              4.387175730549894,
              51.85691933767566
            ],
            [
              4.387096243611425,
              51.856903379537236
            ],
            [
              4.387096263575172,
              51.85690248081588
            ],
            [
              4.38700469252823,
              51.85684237401207
            ],
            [
              4.387003261108639,
              51.85684146292774
            ],
            [
              4.386987555428692,
              51.856829643556246
            ],
            [
              4.386954373245171,
              51.856820371984675
            ],
            [
              4.386913954122099,
              51.856810139862105
            ],
            [
              4.387089401834738,
              51.85649252788901
            ],
            [
              4.387114214933438,
              51.85648644698909
            ],
            [
              4.387141910809949,
              51.85648128952787
            ],
            [
              4.387175412173817,
              51.85647618150362
            ],
            [
              4.387205970861006,
              51.856472846191785
            ],
            [
              4.387377786187956,
              51.856514759426204
            ],
            [
              4.387439856039031,
              51.85653056908357
            ],
            [
              4.387652110828738,
              51.856581815137595
            ]
          ]
        ]
      }
    },
    {
      "type": "Feature",
      "properties": {
        "cho_uri": "https://linkeddata.cultureelerfgoed.nl/cho-kennis/id/rijksmonument/37881",
        "rijksmonumentnummer": "45080",
        "naam": null,
        "geometry_bron": "Polygon",
        "monumentenregister_url": "https://monumentenregister.cultureelerfgoed.nl/monumenten/45080",
        "oorspronkelijke_functie": "Archeologie (N1)",
        "oorspronkelijke_functie_begraafplaats": false
      },
      "geometry": {
        "type": "Polygon",
        "coordinates": [
          [
            [
              4.240664371019522,
              51.86196956180037
            ],
            [
              4.240692109636353,
              51.86196354027131
            ],
            [
              4.240814653088599,
              51.86194046613982
            ],
            [
              4.240820481948804,
              51.86193962413588
            ],
            [
              4.240836539921728,
              51.861936185266075
            ],
            [
              4.240925538705524,
              51.86191907589928
            ],
            [
              4.240995576490414,
              51.86190537702246
            ],
            [
              4.241027669500024,
              51.86189939791859
            ],
            [
              4.241037898592512,
              51.86189680103542
            ],
            [
              4.241090404002177,
              51.86188742551731
            ],
            [
              4.243217208855905,
              51.86149376759585
            ],
            [
              4.243234147003172,
              51.8615128097023
            ],
            [
              4.243264148494648,
              51.86153197906887
            ],
            [
              4.243275531965327,
              51.8615410790559
            ],
            [
              4.243308002550688,
              51.86157735173671
            ],
            [
              4.243391196621469,
              51.86167434541359
            ],
            [
              4.243420581741391,
              51.86171777927867
            ],
            [
              4.24343454857858,
              51.86173948913937
            ],
            [
              4.243454047370576,
              51.86177203978939
            ],
            [
              4.243476243664638,
              51.86181270689091
            ],
            [
              4.243492816701853,
              51.86184612794572
            ],
            [
              4.2435050809532,
              51.86187770921318
            ],
            [
              4.243518477049886,
              51.861921886228956
            ],
            [
              4.243528970182116,
              51.86196603496911
            ],
            [
              4.243531188182379,
              51.861993023841286
            ],
            [
              4.243530777187828,
              51.86200920020016
            ],
            [
              4.243525988868415,
              51.86202623283461
            ],
            [
              4.243514960720329,
              51.86206028396566
            ],
            [
              4.243497943887999,
              51.86210146803884
            ],
            [
              4.24349481255067,
              51.862110426629876
            ],
            [
              4.243493132712222,
              51.86211939935828
            ],
            [
              4.243492972875145,
              51.86212569016433
            ],
            [
              4.243496847866465,
              51.86214460499475
            ],
            [
              4.243497934026836,
              51.86215899811745
            ],
            [
              4.243501854690458,
              51.86217611557444
            ],
            [
              4.24350607219452,
              51.86218155010583
            ],
            [
              4.243510061363877,
              51.86219597150284
            ],
            [
              4.243521171050999,
              51.86221585570486
            ],
            [
              4.243539378436304,
              51.86224210139643
            ],
            [
              4.243550647977298,
              51.86225569478959
            ],
            [
              4.24357479841148,
              51.86227660490296
            ],
            [
              4.243597565857828,
              51.86229480481549
            ],
            [
              4.243614687117782,
              51.862306657373786
            ],
            [
              4.243643374777747,
              51.862320420388166
            ],
            [
              4.243679319990998,
              51.86233425407152
            ],
            [
              4.243700818639981,
              51.862345250336105
            ],
            [
              4.243715151078478,
              51.86235258117697
            ],
            [
              4.243735129749284,
              51.862366259360385
            ],
            [
              4.243745130503736,
              51.86237264910757
            ],
            [
              4.243759325985844,
              51.86238537206276
            ],
            [
              4.243773384505237,
              51.86240348713595
            ],
            [
              4.243790300399653,
              51.86242342784836
            ],
            [
              4.24382957304076,
              51.862477744785174
            ],
            [
              4.243867462742637,
              51.86252935151604
            ],
            [
              4.2439038553639,
              51.86258274147551
            ],
            [
              4.243906598612986,
              51.8625890605467
            ],
            [
              4.243920543126498,
              51.86261166903533
            ],
            [
              4.243951015679526,
              51.862669495884184
            ],
            [
              4.243957930895626,
              51.862683046842655
            ],
            [
              4.243982825707833,
              51.86273183028957
            ],
            [
              4.243988631788209,
              51.862731886815205
            ],
            [
              4.243735646813837,
              51.862803134118906
            ],
            [
              4.243563088547221,
              51.862851792567916
            ],
            [
              4.243871147347521,
              51.86329885335948
            ],
            [
              4.243674563596963,
              51.863378739863926
            ],
            [
              4.24366603700199,
              51.86337146555988
            ],
            [
              4.243642606867313,
              51.863379327569206
            ],
            [
              4.243586991659905,
              51.86339676412869
            ],
            [
              4.243719089219598,
              51.86362637337118
            ],
            [
              4.243818949322756,
              51.863639031552886
            ],
            [
              4.243829087339577,
              51.86364002917378
            ],
            [
              4.24402617851707,
              51.86365453276521
            ],
            [
              4.244039393048957,
              51.863705899207126
            ],
            [
              4.244065443354066,
              51.863766379688
            ],
            [
              4.244138619107221,
              51.86385788179225
            ],
            [
              4.244030222486726,
              51.86389547967158
            ],
            [
              4.243885102998286,
              51.863949799179814
            ],
            [
              4.243797164767106,
              51.863982202580374
            ],
            [
              4.243845125306604,
              51.8640375029947
            ],
            [
              4.243908619456353,
              51.864110033890526
            ],
            [
              4.243590648591986,
              51.8641671645694
            ],
            [
              4.243496045603234,
              51.86417613121391
            ],
            [
              4.243440794733104,
              51.86417918871781
            ],
            [
              4.243366627814174,
              51.86418385976029
            ],
            [
              4.243142789611341,
              51.8641933650332
            ],
            [
              4.243086087130382,
              51.864196408228054
            ],
            [
              4.243011953495941,
              51.86414265029816
            ],
            [
              4.242566787591125,
              51.86349199639277
            ],
            [
              4.242001358937294,
              51.86363120783279
            ],
            [
              4.241702595995065,
              51.86327592145264
            ],
            [
              4.241637883757777,
              51.863194388350145
            ],
            [
              4.241413004422888,
              51.86290274557094
            ],
            [
              4.24104568968945,
              51.86244611066835
            ],
            [
              4.240664371019522,
              51.86196956180037
            ]
          ]
        ]
      }
    },
    {
      "type": "Feature",
      "properties": {
        "cho_uri": "https://linkeddata.cultureelerfgoed.nl/cho-kennis/id/rijksmonument/37989",
        "rijksmonumentnummer": "47121",
        "naam": null,
        "geometry_bron": "Polygon",
        "monumentenregister_url": "https://monumentenregister.cultureelerfgoed.nl/monumenten/47121",
        "oorspronkelijke_functie": "Archeologie (N1)",
        "oorspronkelijke_functie_begraafplaats": false
      },
      "geometry": {
        "type": "Polygon",
        "coordinates": [
          [
            [
              4.849179634582422,
              51.86801110816754
            ],
            [
              4.849593978357563,
              51.86711505590083
            ],
            [
              4.84961643220587,
              51.86705853122604
            ],
            [
              4.84969300115969,
              51.8669689968054
            ],
            [
              4.849730080493178,
              51.86690355055149
            ],
            [
              4.849865147910051,
              51.86665698522574
            ],
            [
              4.851553920215979,
              51.867372092015174
            ],
            [
              4.851481827493919,
              51.86745176072108
            ],
            [
              4.85101908141491,
              51.868391642126
            ],
            [
              4.849179634582422,
              51.86801110816754
            ]
          ]
        ]
      }
    },
    {
      "type": "Feature",
      "properties": {
        "cho_uri": "https://linkeddata.cultureelerfgoed.nl/cho-kennis/id/rijksmonument/38125",
        "rijksmonumentnummer": "45757",
        "naam": null,
        "geometry_bron": "Polygon",
        "monumentenregister_url": "https://monumentenregister.cultureelerfgoed.nl/monumenten/45757",
        "oorspronkelijke_functie": "Archeologie (N1)",
        "oorspronkelijke_functie_begraafplaats": false
      },
      "geometry": {
        "type": "Polygon",
        "coordinates": [
          [
            [
              5.01899112761606,
              52.20519678829954
            ],
            [
              5.01906875639933,
              52.20518534598567
            ],
            [
              5.01925183809624,
              52.205158952721234
            ],
            [
              5.019490568001475,
              52.20512554209967
            ],
            [
              5.0196312111398,
              52.205100813696156
            ],
            [
              5.019890435433716,
              52.205065668462844
            ],
            [
              5.020130642032268,
              52.205030463555126
            ],
            [
              5.020263918396774,
              52.205012003053234
            ],
            [
              5.020410412217377,
              52.20498729189994
            ],
            [
              5.020545195555119,
              52.204963443003244
            ],
            [
              5.020586214935641,
              52.20495637999759
            ],
            [
              5.020676779419168,
              52.20515080036571
            ],
            [
              5.02077888520156,
              52.20536502990709
            ],
            [
              5.020905454872066,
              52.205628768831986
            ],
            [
              5.02104929290379,
              52.20592761406099
            ],
            [
              5.021177284395425,
              52.20619674982547
            ],
            [
              5.021300962452202,
              52.206456884145005
            ],
            [
              5.021303836644557,
              52.206463184598185
            ],
            [
              5.021053161366183,
              52.20652532322575
            ],
            [
              5.020968134944335,
              52.20654663062663
            ],
            [
              5.020959335283723,
              52.20654929971792
            ],
            [
              5.020953476226702,
              52.206550180341985
            ],
            [
              5.020943221030317,
              52.20655194612581
            ],
            [
              5.02087579384698,
              52.20656791527914
            ],
            [
              5.020802500163836,
              52.20658566378017
            ],
            [
              5.020801037244401,
              52.2065856592418
            ],
            [
              5.020735065490829,
              52.20660253162274
            ],
            [
              5.020566489672994,
              52.20664335290548
            ],
            [
              5.020553293813069,
              52.2066469071123
            ],
            [
              5.0206177505941,
              52.206814282629935
            ],
            [
              5.020655032908894,
              52.206906075192
            ],
            [
              5.020581731190052,
              52.206924722324025
            ],
            [
              5.020527728435248,
              52.20690927520629
            ],
            [
              5.020183162932336,
              52.207002578207046
            ],
            [
              5.019508679234189,
              52.207186530419065
            ],
            [
              5.019200742365687,
              52.2072727542417
            ],
            [
              5.019202516924112,
              52.207235010479266
            ],
            [
              5.019171014878714,
              52.2071522233964
            ],
            [
              5.019057662069799,
              52.20688313111209
            ],
            [
              5.018855577547175,
              52.20637558191483
            ],
            [
              5.018813918081044,
              52.20628287632124
            ],
            [
              5.018749669406494,
              52.206091233028545
            ],
            [
              5.018739303317989,
              52.20592941797179
            ],
            [
              5.018715519297051,
              52.20562105779938
            ],
            [
              5.018697007630474,
              52.205382819907946
            ],
            [
              5.018789146768097,
              52.205385803738594
            ],
            [
              5.018801250871225,
              52.205337306674394
            ],
            [
              5.018807384609744,
              52.205303171673656
            ],
            [
              5.01882659510323,
              52.20527986297613
            ],
            [
              5.018861964040471,
              52.205248515533846
            ],
            [
              5.018898736401167,
              52.2052243628014
            ],
            [
              5.018964743924787,
              52.20520299759207
            ],
            [
              5.01899112761606,
              52.20519678829954
            ]
          ]
        ]
      }
    },
    {
      "type": "Feature",
      "properties": {
        "cho_uri": "https://linkeddata.cultureelerfgoed.nl/cho-kennis/id/rijksmonument/38393",
        "rijksmonumentnummer": "47124",
        "naam": null,
        "geometry_bron": "Polygon",
        "monumentenregister_url": "https://monumentenregister.cultureelerfgoed.nl/monumenten/47124",
        "oorspronkelijke_functie": "Archeologie (N1)",
        "oorspronkelijke_functie_begraafplaats": false
      },
      "geometry": {
        "type": "Polygon",
        "coordinates": [
          [
            [
              4.968989932464614,
              51.88676408881671
            ],
            [
              4.969274037923428,
              51.88667162031424
            ],
            [
              4.969355177366161,
              51.88669348100593
            ],
            [
              4.969506095156343,
              51.88670929782024
            ],
            [
              4.969671579729472,
              51.88672067200338
            ],
            [
              4.969784599370248,
              51.886750735222186
            ],
            [
              4.969878519931497,
              51.88680410032451
            ],
            [
              4.969995072375216,
              51.8869231609675
            ],
            [
              4.970113152926826,
              51.88703413736274
            ],
            [
              4.970163524182762,
              51.88708465113349
            ],
            [
              4.970215248108615,
              51.88714595575204
            ],
            [
              4.969435659042142,
              51.8872555416753
            ],
            [
              4.96941529880137,
              51.88725816580733
            ],
            [
              4.968992812400425,
              51.88676679558412
            ],
            [
              4.968989932464614,
              51.88676408881671
            ]
          ]
        ]
      }
    },
    {
      "type": "Feature",
      "properties": {
        "cho_uri": "https://linkeddata.cultureelerfgoed.nl/cho-kennis/id/rijksmonument/38885",
        "rijksmonumentnummer": "46200",
        "naam": null,
        "geometry_bron": "Polygon",
        "monumentenregister_url": "https://monumentenregister.cultureelerfgoed.nl/monumenten/46200",
        "oorspronkelijke_functie": "Archeologie (N1)",
        "oorspronkelijke_functie_begraafplaats": false
      },
      "geometry": {
        "type": "Polygon",
        "coordinates": [
          [
            [
              5.049428248019667,
              52.01934911338491
            ],
            [
              5.049616624219599,
              52.01948357757318
            ],
            [
              5.049609306324136,
              52.019488050690434
            ],
            [
              5.049542001928259,
              52.01952650694889
            ],
            [
              5.049511273467695,
              52.01954439521903
            ],
            [
              5.049470320206807,
              52.0195658494344
            ],
            [
              5.049452763960055,
              52.019575686093425
            ],
            [
              5.049228909279235,
              52.01970267616406
            ],
            [
              5.04901968935132,
              52.01982071964622
            ],
            [
              5.048937761467078,
              52.019866324116464
            ],
            [
              5.048794395750141,
              52.01994500830169
            ],
            [
              5.048637829830356,
              52.02003533901054
            ],
            [
              5.048469588256481,
              52.020128332385625
            ],
            [
              5.048441922053277,
              52.020126455167286
            ],
            [
              5.048418619551937,
              52.02012548931483
            ],
            [
              5.048396835023088,
              52.02011643845413
            ],
            [
              5.04837368199304,
              52.0200956990052
            ],
            [
              5.048063047607606,
              52.01975325362817
            ],
            [
              5.048016830665134,
              52.01970009019981
            ],
            [
              5.047535864435936,
              52.01934277157947
            ],
            [
              5.04726795037848,
              52.01913167485135
            ],
            [
              5.047260707282437,
              52.01912626102839
            ],
            [
              5.047257841398368,
              52.01911996102147
            ],
            [
              5.047260809522383,
              52.019112779036185
            ],
            [
              5.04726668442469,
              52.01910650426066
            ],
            [
              5.047638025048194,
              52.018934103488185
            ],
            [
              5.0476804217831,
              52.01891445170769
            ],
            [
              5.047721354883356,
              52.01889569451185
            ],
            [
              5.048015217164279,
              52.018758123122716
            ],
            [
              5.048253516049229,
              52.01864735566487
            ],
            [
              5.048348546634802,
              52.01860268818762
            ],
            [
              5.048364611992084,
              52.01859734149831
            ],
            [
              5.048382113746341,
              52.01859469539712
            ],
            [
              5.048399581533298,
              52.01859654329149
            ],
            [
              5.048415565369581,
              52.018601982190916
            ],
            [
              5.048428628854268,
              52.01860831150623
            ],
            [
              5.048509740052557,
              52.018670563337515
            ],
            [
              5.049428248019667,
              52.01934911338491
            ]
          ]
        ]
      }
    },
    {
      "type": "Feature",
      "properties": {
        "cho_uri": "https://linkeddata.cultureelerfgoed.nl/cho-kennis/id/rijksmonument/39097",
        "rijksmonumentnummer": "45868",
        "naam": null,
        "geometry_bron": "Polygon",
        "monumentenregister_url": "https://monumentenregister.cultureelerfgoed.nl/monumenten/45868",
        "oorspronkelijke_functie": "Archeologie (N1)",
        "oorspronkelijke_functie_begraafplaats": false
      },
      "geometry": {
        "type": "Polygon",
        "coordinates": [
          [
            [
              4.689319890884195,
              51.85210606637805
            ],
            [
              4.689019473242117,
              51.853601783934614
            ],
            [
              4.688796310346451,
              51.85357798533683
            ],
            [
              4.688345449829842,
              51.85354204507793
            ],
            [
              4.688301950561237,
              51.85353908960389
            ],
            [
              4.688251236297395,
              51.85353339458417
            ],
            [
              4.688085975442498,
              51.85351982674048
            ],
            [
              4.687952756462185,
              51.853499258576434
            ],
            [
              4.688289573614149,
              51.85171792220669
            ],
            [
              4.68896344832176,
              51.85197271361377
            ],
            [
              4.689319890884195,
              51.85210606637805
            ]
          ]
        ]
      }
    },
    {
      "type": "Feature",
      "properties": {
        "cho_uri": "https://linkeddata.cultureelerfgoed.nl/cho-kennis/id/rijksmonument/39289",
        "rijksmonumentnummer": "45755",
        "naam": null,
        "geometry_bron": "Polygon",
        "monumentenregister_url": "https://monumentenregister.cultureelerfgoed.nl/monumenten/45755",
        "oorspronkelijke_functie": "Archeologie (N1)",
        "oorspronkelijke_functie_begraafplaats": false
      },
      "geometry": {
        "type": "Polygon",
        "coordinates": [
          [
            [
              4.978637147981138,
              51.96983229371829
            ],
            [
              4.978761394558724,
              51.969931596230246
            ],
            [
              4.978663479529189,
              51.96997709655987
            ],
            [
              4.97847057563498,
              51.97006630948265
            ],
            [
              4.978204591644279,
              51.97019032240284
            ],
            [
              4.977966369778364,
              51.97030184768245
            ],
            [
              4.977937257514752,
              51.97030264525451
            ],
            [
              4.977814471198118,
              51.970362439625504
            ],
            [
              4.977841923375046,
              51.9703841070239
            ],
            [
              4.977524724500848,
              51.970538500391925
            ],
            [
              4.977520301444099,
              51.97054477679214
            ],
            [
              4.977521674621878,
              51.97055376985948
            ],
            [
              4.97753898130334,
              51.97057090786015
            ],
            [
              4.977666146119184,
              51.97066932285118
            ],
            [
              4.977911687719523,
              51.97055332949761
            ],
            [
              4.978000873508045,
              51.97050779943524
            ],
            [
              4.978116359359907,
              51.970450675974774
            ],
            [
              4.978377963154088,
              51.97032844569264
            ],
            [
              4.978638134865942,
              51.9702035133715
            ],
            [
              4.97882812044635,
              51.97011518887506
            ],
            [
              4.979001411852093,
              51.97026229925127
            ],
            [
              4.97919056461374,
              51.97042564328235
            ],
            [
              4.979365240120092,
              51.97058084736652
            ],
            [
              4.979394115730208,
              51.97060611464772
            ],
            [
              4.978646820298609,
              51.971007995090716
            ],
            [
              4.978333870844552,
              51.97117498898485
            ],
            [
              4.978463916846147,
              51.97127700842213
            ],
            [
              4.979526917833061,
              51.970725220209836
            ],
            [
              4.979609244945571,
              51.97079381638753
            ],
            [
              4.979490808843074,
              51.97085542522836
            ],
            [
              4.979346064054318,
              51.970929526359285
            ],
            [
              4.979434342811176,
              51.97098376203132
            ],
            [
              4.979371474113181,
              51.97101590196813
            ],
            [
              4.979287536540188,
              51.97096437778445
            ],
            [
              4.979158896614978,
              51.971027748574166
            ],
            [
              4.979056507661146,
              51.97108491848401
            ],
            [
              4.978604722837554,
              51.971316147084934
            ],
            [
              4.978421975180859,
              51.971408091677986
            ],
            [
              4.978304974693235,
              51.97147150197156
            ],
            [
              4.978200975357908,
              51.9713857518148
            ],
            [
              4.977870020760268,
              51.97113292897873
            ],
            [
              4.977890631672342,
              51.97110693465062
            ],
            [
              4.977793836324611,
              51.97102929864209
            ],
            [
              4.977752999781538,
              51.97103904366051
            ],
            [
              4.977255956008227,
              51.97064812021862
            ],
            [
              4.977133059253744,
              51.970560505599806
            ],
            [
              4.977233920363338,
              51.9705114214915
            ],
            [
              4.977250001553762,
              51.97050338806329
            ],
            [
              4.977334773045281,
              51.9704632360962
            ],
            [
              4.977444414186931,
              51.97040878941977
            ],
            [
              4.977589135821622,
              51.970337387025396
            ],
            [
              4.977679752109641,
              51.97029455867116
            ],
            [
              4.977735279402121,
              51.97026958471628
            ],
            [
              4.977912145653855,
              51.97018391252539
            ],
            [
              4.978017378852759,
              51.97013394412624
            ],
            [
              4.978128473558372,
              51.97007950186846
            ],
            [
              4.978273160290638,
              51.97001169382757
            ],
            [
              4.978501185336275,
              51.96990103133805
            ],
            [
              4.978637147981138,
              51.96983229371829
            ]
          ]
        ]
      }
    },
    {
      "type": "Feature",
      "properties": {
        "cho_uri": "https://linkeddata.cultureelerfgoed.nl/cho-kennis/id/rijksmonument/39406",
        "rijksmonumentnummer": "46097",
        "naam": null,
        "geometry_bron": "Point",
        "monumentenregister_url": "https://monumentenregister.cultureelerfgoed.nl/monumenten/46097",
        "oorspronkelijke_functie": "Archeologie (N1)",
        "oorspronkelijke_functie_begraafplaats": false
      },
      "geometry": {
        "type": "Point",
        "coordinates": [
          5.041425992200993,
          52.087112535824915
        ]
      }
    },
    {
      "type": "Feature",
      "properties": {
        "cho_uri": "https://linkeddata.cultureelerfgoed.nl/cho-kennis/id/rijksmonument/39534",
        "rijksmonumentnummer": "330984",
        "naam": null,
        "geometry_bron": "Polygon",
        "monumentenregister_url": "https://monumentenregister.cultureelerfgoed.nl/monumenten/330984",
        "oorspronkelijke_functie": "Archeologie (N1)",
        "oorspronkelijke_functie_begraafplaats": false
      },
      "geometry": {
        "type": "Polygon",
        "coordinates": [
          [
            [
              5.015929040698138,
              51.94025856811047
            ],
            [
              5.01632388781336,
              51.940169031976765
            ],
            [
              5.016781383790076,
              51.9400653105573
            ],
            [
              5.016782823198452,
              51.94006711275199
            ],
            [
              5.016827326364209,
              51.940137361694745
            ],
            [
              5.016886097898779,
              51.94024091227864
            ],
            [
              5.016909239721194,
              51.940256265260864
            ],
            [
              5.017081615485728,
              51.940515671050434
            ],
            [
              5.01618706219463,
              51.940712392961636
            ],
            [
              5.015929040698138,
              51.94025856811047
            ]
          ]
        ]
      }
    },
    {
      "type": "Feature",
      "properties": {
        "cho_uri": "https://linkeddata.cultureelerfgoed.nl/cho-kennis/id/rijksmonument/40164",
        "rijksmonumentnummer": "45558",
        "naam": null,
        "geometry_bron": "Polygon",
        "monumentenregister_url": "https://monumentenregister.cultureelerfgoed.nl/monumenten/45558",
        "oorspronkelijke_functie": "Archeologie (N1)",
        "oorspronkelijke_functie_begraafplaats": false
      },
      "geometry": {
        "type": "Polygon",
        "coordinates": [
          [
            [
              5.135019180214651,
              51.821517421937884
            ],
            [
              5.135496989399981,
              51.821666755745326
            ],
            [
              5.135544928502,
              51.821653375898
            ],
            [
              5.135655441170532,
              51.82160327765652
            ],
            [
              5.135770349947341,
              51.82154509916439
            ],
            [
              5.135933778194881,
              51.821369276355384
            ],
            [
              5.136006789394388,
              51.8212813462473
            ],
            [
              5.136136721400751,
              51.821129720171285
            ],
            [
              5.136202264688561,
              51.8210804240938
            ],
            [
              5.136215253263948,
              51.821092136778006
            ],
            [
              5.136485383944363,
              51.821289559834156
            ],
            [
              5.136634351440264,
              51.82136627921311
            ],
            [
              5.136797588988582,
              51.821485274312444
            ],
            [
              5.136917479485458,
              51.82157451507696
            ],
            [
              5.137085094725615,
              51.82168902490235
            ],
            [
              5.137197754147936,
              51.82177465461412
            ],
            [
              5.137329159967916,
              51.821880098587826
            ],
            [
              5.137408614796611,
              51.82193779339338
            ],
            [
              5.137534279574767,
              51.822032438842164
            ],
            [
              5.137577538773518,
              51.822078371647365
            ],
            [
              5.13758759727332,
              51.82209547098767
            ],
            [
              5.137591809264047,
              51.822120647457986
            ],
            [
              5.137578586178363,
              51.822151179904374
            ],
            [
              5.13755956132776,
              51.82218170001473
            ],
            [
              5.137444105612821,
              51.822338751475414
            ],
            [
              5.137354941402082,
              51.8224626016908
            ],
            [
              5.137221919392016,
              51.82264837842664
            ],
            [
              5.137074157791152,
              51.822614806694396
            ],
            [
              5.1358978145769,
              51.822357024505656
            ],
            [
              5.135830733473685,
              51.822421597395056
            ],
            [
              5.13570619077314,
              51.82238627596006
            ],
            [
              5.13510110655482,
              51.82217015568889
            ],
            [
              5.134588518245406,
              51.82201445358835
            ],
            [
              5.135019180214651,
              51.821517421937884
            ]
          ]
        ]
      }
    },
    {
      "type": "Feature",
      "properties": {
        "cho_uri": "https://linkeddata.cultureelerfgoed.nl/cho-kennis/id/rijksmonument/41241",
        "rijksmonumentnummer": "47133",
        "naam": null,
        "geometry_bron": "Polygon",
        "monumentenregister_url": "https://monumentenregister.cultureelerfgoed.nl/monumenten/47133",
        "oorspronkelijke_functie": "Archeologie (N1)",
        "oorspronkelijke_functie_begraafplaats": false
      },
      "geometry": {
        "type": "Polygon",
        "coordinates": [
          [
            [
              4.86269634608962,
              51.89114561829711
            ],
            [
              4.862822535640281,
              51.8911623606945
            ],
            [
              4.862993704241666,
              51.89118379784292
            ],
            [
              4.86306476760152,
              51.89119400213169
            ],
            [
              4.863095220345291,
              51.89119863218456
            ],
            [
              4.863346032384233,
              51.89124199628922
            ],
            [
              4.862955769100001,
              51.89157192948638
            ],
            [
              4.862899262950755,
              51.89155909355317
            ],
            [
              4.862628102220213,
              51.891516536507005
            ],
            [
              4.862298899620103,
              51.89146832650806
            ],
            [
              4.86269634608962,
              51.89114561829711
            ]
          ]
        ]
      }
    },
    {
      "type": "Feature",
      "properties": {
        "cho_uri": "https://linkeddata.cultureelerfgoed.nl/cho-kennis/id/rijksmonument/41252",
        "rijksmonumentnummer": "45557",
        "naam": null,
        "geometry_bron": "Polygon",
        "monumentenregister_url": "https://monumentenregister.cultureelerfgoed.nl/monumenten/45557",
        "oorspronkelijke_functie": "Archeologie (N1)",
        "oorspronkelijke_functie_begraafplaats": false
      },
      "geometry": {
        "type": "Polygon",
        "coordinates": [
          [
            [
              5.116296010570347,
              51.82747457688587
            ],
            [
              5.11679040392949,
              51.82824512337237
            ],
            [
              5.118617513548592,
              51.82787719690158
            ],
            [
              5.118565923270595,
              51.827771015790034
            ],
            [
              5.118461180320579,
              51.827577525555384
            ],
            [
              5.118372191231951,
              51.82741822720423
            ],
            [
              5.118155885680174,
              51.82695932344725
            ],
            [
              5.118119738981744,
              51.82693946614368
            ],
            [
              5.118068973764308,
              51.82693845096416
            ],
            [
              5.118000699521791,
              51.82695447358346
            ],
            [
              5.117949843035498,
              51.82696873842248
            ],
            [
              5.117897552034483,
              51.826980303429686
            ],
            [
              5.117808953297053,
              51.8269989758436
            ],
            [
              5.11764340332392,
              51.827029156489374
            ],
            [
              5.117544666372832,
              51.827045108910816
            ],
            [
              5.117488044912687,
              51.827053068431375
            ],
            [
              5.117473517486071,
              51.827056630422554
            ],
            [
              5.117408133280412,
              51.827074457015804
            ],
            [
              5.117301997899246,
              51.82711466091368
            ],
            [
              5.117191499777813,
              51.82715665236395
            ],
            [
              5.117063567366345,
              51.82720309780395
            ],
            [
              5.116902260160595,
              51.82725126396504
            ],
            [
              5.116796177822029,
              51.82728247912849
            ],
            [
              5.116743843025301,
              51.82730123424109
            ],
            [
              5.116668282401188,
              51.82732263234357
            ],
            [
              5.116610101943435,
              51.827348564648545
            ],
            [
              5.116296010570347,
              51.82747457688587
            ]
          ],
          [
            [
              5.117619821426049,
              51.82781918264052
            ],
            [
              5.117651783352153,
              51.827811166453266
            ],
            [
              5.117628804596311,
              51.82777246358953
            ],
            [
              5.117560545060877,
              51.82778578946753
            ],
            [
              5.117541665557434,
              51.82778934147371
            ],
            [
              5.117525649646414,
              51.827799191932414
            ],
            [
              5.117513969446209,
              51.82781174886617
            ],
            [
              5.117511014445855,
              51.827820730478344
            ],
            [
              5.117513840404051,
              51.827833320726846
            ],
            [
              5.117525391573233,
              51.82784233565381
            ],
            [
              5.117538409493244,
              51.82784865742831
            ],
            [
              5.117552888786389,
              51.82785318487736
            ],
            [
              5.117570301571464,
              51.82785232602117
            ],
            [
              5.117587730481742,
              51.8278487706798
            ],
            [
              5.117602268904873,
              51.82784341101991
            ],
            [
              5.117610999481842,
              51.82783893686458
            ],
            [
              5.117615399705449,
              51.827830857407726
            ],
            [
              5.117619821426049,
              51.82781918264052
            ]
          ]
        ]
      }
    },
    {
      "type": "Feature",
      "properties": {
        "cho_uri": "https://linkeddata.cultureelerfgoed.nl/cho-kennis/id/rijksmonument/42619",
        "rijksmonumentnummer": "45987",
        "naam": null,
        "geometry_bron": "Point",
        "monumentenregister_url": "https://monumentenregister.cultureelerfgoed.nl/monumenten/45987",
        "oorspronkelijke_functie": "Archeologie (N1)",
        "oorspronkelijke_functie_begraafplaats": false
      },
      "geometry": {
        "type": "Point",
        "coordinates": [
          4.327561343186615,
          51.82550397280079
        ]
      }
    },
    {
      "type": "Feature",
      "properties": {
        "cho_uri": "https://linkeddata.cultureelerfgoed.nl/cho-kennis/id/rijksmonument/43016",
        "rijksmonumentnummer": "46175",
        "naam": null,
        "geometry_bron": "Polygon",
        "monumentenregister_url": "https://monumentenregister.cultureelerfgoed.nl/monumenten/46175",
        "oorspronkelijke_functie": "Archeologie (N1)",
        "oorspronkelijke_functie_begraafplaats": false
      },
      "geometry": {
        "type": "Polygon",
        "coordinates": [
          [
            [
              4.27074729201393,
              52.025640909147846
            ],
            [
              4.26794112639,
              52.02510369643043
            ],
            [
              4.26904479689158,
              52.02356090970635
            ],
            [
              4.26994591305806,
              52.02382744546476
            ],
            [
              4.269293456068856,
              52.0248073291166
            ],
            [
              4.269478892394467,
              52.02485043860001
            ],
            [
              4.270142977853582,
              52.023929990743916
            ],
            [
              4.270755734642325,
              52.02407423187928
            ],
            [
              4.270894194870453,
              52.02413127580445
            ],
            [
              4.270311230365279,
              52.0249545189139
            ],
            [
              4.270298029692312,
              52.02495798921686
            ],
            [
              4.27024500334815,
              52.02503928470418
            ],
            [
              4.270415963287044,
              52.025078659805565
            ],
            [
              4.271088033161846,
              52.02412951816132
            ],
            [
              4.271705973906547,
              52.0242998711318
            ],
            [
              4.27074729201393,
              52.025640909147846
            ]
          ]
        ]
      }
    },
    {
      "type": "Feature",
      "properties": {
        "cho_uri": "https://linkeddata.cultureelerfgoed.nl/cho-kennis/id/rijksmonument/43195",
        "rijksmonumentnummer": "46221",
        "naam": null,
        "geometry_bron": "Polygon",
        "monumentenregister_url": "https://monumentenregister.cultureelerfgoed.nl/monumenten/46221",
        "oorspronkelijke_functie": "Archeologie (N1)",
        "oorspronkelijke_functie_begraafplaats": false
      },
      "geometry": {
        "type": "Polygon",
        "coordinates": [
          [
            [
              4.679846576953404,
              51.860307226965865
            ],
            [
              4.679844179271739,
              51.86036743624496
            ],
            [
              4.679813032205016,
              51.86040949512717
            ],
            [
              4.67975448844261,
              51.8604397037691
            ],
            [
              4.679686037692315,
              51.86045367319064
            ],
            [
              4.679195706651384,
              51.86052352594622
            ],
            [
              4.679139136916665,
              51.86052048830705
            ],
            [
              4.679078410317106,
              51.86050484151441
            ],
            [
              4.679032482423788,
              51.860471306697285
            ],
            [
              4.678998195598574,
              51.8604360443392
            ],
            [
              4.678805940980209,
              51.86010680033175
            ],
            [
              4.678776886150917,
              51.86001584004424
            ],
            [
              4.678796534439021,
              51.859966521177284
            ],
            [
              4.678831739909043,
              51.859943363133716
            ],
            [
              4.679434811148996,
              51.859812169973395
            ],
            [
              4.679639680336048,
              51.85980082042009
            ],
            [
              4.679841575678529,
              51.859793946905405
            ],
            [
              4.67988908796953,
              51.860096250552765
            ],
            [
              4.679886588748203,
              51.86025533398907
            ],
            [
              4.679846576953404,
              51.860307226965865
            ]
          ]
        ]
      }
    },
    {
      "type": "Feature",
      "properties": {
        "cho_uri": "https://linkeddata.cultureelerfgoed.nl/cho-kennis/id/rijksmonument/43317",
        "rijksmonumentnummer": "46100",
        "naam": null,
        "geometry_bron": "Polygon",
        "monumentenregister_url": "https://monumentenregister.cultureelerfgoed.nl/monumenten/46100",
        "oorspronkelijke_functie": "Archeologie (N1)",
        "oorspronkelijke_functie_begraafplaats": false
      },
      "geometry": {
        "type": "Polygon",
        "coordinates": [
          [
            [
              5.057728970203651,
              52.098063731438224
            ],
            [
              5.058709765904231,
              52.09765571281942
            ],
            [
              5.058742618257884,
              52.09775287557315
            ],
            [
              5.058748224679633,
              52.09778434946044
            ],
            [
              5.058756756436333,
              52.097814932688244
            ],
            [
              5.058756439611819,
              52.09785807457529
            ],
            [
              5.058751685282738,
              52.097909293370364
            ],
            [
              5.058741001058664,
              52.097973078953885
            ],
            [
              5.058733459979396,
              52.09800631383088
            ],
            [
              5.05872138234686,
              52.098061107453354
            ],
            [
              5.058701915395818,
              52.09812846379518
            ],
            [
              5.058675065678558,
              52.09820748406289
            ],
            [
              5.058657104189947,
              52.098268552936965
            ],
            [
              5.05864045016449,
              52.09835029802659
            ],
            [
              5.058658781663983,
              52.09843753344519
            ],
            [
              5.058670252059423,
              52.09846542844105
            ],
            [
              5.058755900300657,
              52.09852768477095
            ],
            [
              5.058723674973336,
              52.09854377353944
            ],
            [
              5.058420359487092,
              52.09870920758445
            ],
            [
              5.058395417657059,
              52.098727114187014
            ],
            [
              5.058349984817057,
              52.098753052906105
            ],
            [
              5.05826788857314,
              52.09880315714042
            ],
            [
              5.058216571715676,
              52.0988353710467
            ],
            [
              5.058197487157855,
              52.09885059752667
            ],
            [
              5.058125619581163,
              52.09889893258655
            ],
            [
              5.058077241153611,
              52.09892845821
            ],
            [
              5.058003973463342,
              52.09896870001943
            ],
            [
              5.057964437307394,
              52.09898656578432
            ],
            [
              5.05794687155418,
              52.09899370719638
            ],
            [
              5.057908821226682,
              52.099007981861334
            ],
            [
              5.057888336651475,
              52.09901511511332
            ],
            [
              5.057872243514522,
              52.09902046301191
            ],
            [
              5.057854690971022,
              52.099025806832
            ],
            [
              5.057835672401208,
              52.09903204536201
            ],
            [
              5.057812268997067,
              52.09903917044759
            ],
            [
              5.057775737575738,
              52.099045360044634
            ],
            [
              5.05773189588401,
              52.09905332681954
            ],
            [
              5.057692452254622,
              52.09905860944598
            ],
            [
              5.057632557091114,
              52.09906653132136
            ],
            [
              5.057533224865053,
              52.099078836950284
            ],
            [
              5.057448513140502,
              52.09908758815353
            ],
            [
              5.057379868094143,
              52.09909458662301
            ],
            [
              5.057334600025481,
              52.09909805522261
            ],
            [
              5.057172499951508,
              52.0991119825505
            ],
            [
              5.057143471039577,
              52.09909032991546
            ],
            [
              5.057083900821749,
              52.09905421085011
            ],
            [
              5.056934292459657,
              52.09895761948746
            ],
            [
              5.056870370944764,
              52.09891789289443
            ],
            [
              5.056823882641657,
              52.098889000804874
            ],
            [
              5.056748339277278,
              52.0988420511201
            ],
            [
              5.056700411662424,
              52.098810458524554
            ],
            [
              5.056759079681639,
              52.098771075416565
            ],
            [
              5.056851472971568,
              52.0987102153873
            ],
            [
              5.057102262967228,
              52.09854373952572
            ],
            [
              5.057476242137101,
              52.09829581617823
            ],
            [
              5.057728970203651,
              52.098063731438224
            ]
          ],
          [
            [
              5.057929441177535,
              52.09878423635731
            ],
            [
              5.057896033928696,
              52.09876257168018
            ],
            [
              5.057856478055812,
              52.098783133776934
            ],
            [
              5.057888412669008,
              52.098806591967545
            ],
            [
              5.057929441177535,
              52.09878423635731
            ]
          ]
        ]
      }
    },
    {
      "type": "Feature",
      "properties": {
        "cho_uri": "https://linkeddata.cultureelerfgoed.nl/cho-kennis/id/rijksmonument/45927",
        "rijksmonumentnummer": "531058",
        "naam": null,
        "geometry_bron": "Polygon",
        "monumentenregister_url": "https://monumentenregister.cultureelerfgoed.nl/monumenten/531058",
        "oorspronkelijke_functie": "Archeologie (N1)",
        "oorspronkelijke_functie_begraafplaats": false
      },
      "geometry": {
        "type": "Polygon",
        "coordinates": [
          [
            [
              5.05961447674874,
              52.091294668091386
            ],
            [
              5.058716322539231,
              52.09219277531232
            ],
            [
              5.054480570201657,
              52.091167041583105
            ],
            [
              5.052283629717265,
              52.089725423080196
            ],
            [
              5.052270375782108,
              52.088767254823644
            ],
            [
              5.055166644786901,
              52.08877275103049
            ],
            [
              5.055166611432262,
              52.08877724498232
            ],
            [
              5.05520543747117,
              52.08983705022104
            ],
            [
              5.05961447674874,
              52.091294668091386
            ]
          ],
          [
            [
              5.05520543747117,
              52.08983705022104
            ],
            [
              5.055199521015665,
              52.08984781926797
            ],
            [
              5.055199527686141,
              52.08984692047776
            ],
            [
              5.05520543747117,
              52.08983705022104
            ]
          ]
        ]
      }
    },
    {
      "type": "Feature",
      "properties": {
        "cho_uri": "https://linkeddata.cultureelerfgoed.nl/cho-kennis/id/rijksmonument/46067",
        "rijksmonumentnummer": "47104",
        "naam": null,
        "geometry_bron": "Polygon",
        "monumentenregister_url": "https://monumentenregister.cultureelerfgoed.nl/monumenten/47104",
        "oorspronkelijke_functie": "Archeologie (N1)",
        "oorspronkelijke_functie_begraafplaats": false
      },
      "geometry": {
        "type": "Polygon",
        "coordinates": [
          [
            [
              4.885812819223709,
              51.90954875118966
            ],
            [
              4.886437545942553,
              51.9096961277704
            ],
            [
              4.886579631851614,
              51.909726394762934
            ],
            [
              4.887087161642593,
              51.90982742777544
            ],
            [
              4.886733519483712,
              51.91052432202564
            ],
            [
              4.886569898754374,
              51.91086158945024
            ],
            [
              4.886387763432654,
              51.911164621804296
            ],
            [
              4.886220138451382,
              51.9114695133968
            ],
            [
              4.886076234725367,
              51.91173226035691
            ],
            [
              4.886018173704788,
              51.91185605284954
            ],
            [
              4.884714533936791,
              51.91159341879631
            ],
            [
              4.885351487683352,
              51.91038719883835
            ],
            [
              4.885586044392676,
              51.90994507140314
            ],
            [
              4.885799740233581,
              51.909548695399224
            ],
            [
              4.885812819223709,
              51.90954875118966
            ]
          ]
        ]
      }
    },
    {
      "type": "Feature",
      "properties": {
        "cho_uri": "https://linkeddata.cultureelerfgoed.nl/cho-kennis/id/rijksmonument/46413",
        "rijksmonumentnummer": "47105",
        "naam": null,
        "geometry_bron": "Polygon",
        "monumentenregister_url": "https://monumentenregister.cultureelerfgoed.nl/monumenten/47105",
        "oorspronkelijke_functie": "Archeologie (N1)",
        "oorspronkelijke_functie_begraafplaats": false
      },
      "geometry": {
        "type": "Polygon",
        "coordinates": [
          [
            [
              4.919512748735718,
              51.89533319371277
            ],
            [
              4.919335372790487,
              51.89576483012515
            ],
            [
              4.919171769595436,
              51.89571024823213
            ],
            [
              4.919003799109207,
              51.8956565475515
            ],
            [
              4.918782282217463,
              51.89558285871325
            ],
            [
              4.918488314707,
              51.895490903698466
            ],
            [
              4.917626851913436,
              51.89520612747767
            ],
            [
              4.917133328796816,
              51.89502528509317
            ],
            [
              4.916550331524945,
              51.89478745532932
            ],
            [
              4.916421601218572,
              51.8947330092383
            ],
            [
              4.917023307562311,
              51.89331974333937
            ],
            [
              4.91706084298324,
              51.89334236454279
            ],
            [
              4.917102708375072,
              51.89336769957898
            ],
            [
              4.917132952178156,
              51.89339298811369
            ],
            [
              4.917170421977021,
              51.893421900907505
            ],
            [
              4.917906350354193,
              51.89403875060964
            ],
            [
              4.918141092152073,
              51.89423653399373
            ],
            [
              4.918605070570798,
              51.89460331445916
            ],
            [
              4.91867423122626,
              51.89465841951298
            ],
            [
              4.919129118345075,
              51.89506201409589
            ],
            [
              4.919512748735718,
              51.89533319371277
            ]
          ]
        ]
      }
    },
    {
      "type": "Feature",
      "properties": {
        "cho_uri": "https://linkeddata.cultureelerfgoed.nl/cho-kennis/id/rijksmonument/47002",
        "rijksmonumentnummer": "45970",
        "naam": null,
        "geometry_bron": "Polygon",
        "monumentenregister_url": "https://monumentenregister.cultureelerfgoed.nl/monumenten/45970",
        "oorspronkelijke_functie": "Archeologie (N1)",
        "oorspronkelijke_functie_begraafplaats": false
      },
      "geometry": {
        "type": "Polygon",
        "coordinates": [
          [
            [
              4.863156406598811,
              51.68839371955931
            ],
            [
              4.863053805845402,
              51.68838696844842
            ],
            [
              4.862513534957251,
              51.68833511209984
            ],
            [
              4.862137679168212,
              51.689568469255676
            ],
            [
              4.861312337933479,
              51.68952971113127
            ],
            [
              4.860288897611129,
              51.68948825854586
            ],
            [
              4.860354061730327,
              51.68972944763184
            ],
            [
              4.860508288784636,
              51.6903953017003
            ],
            [
              4.860216582593987,
              51.69048207859367
            ],
            [
              4.859984077826363,
              51.68970800797904
            ],
            [
              4.859937411828877,
              51.689492969048594
            ],
            [
              4.859830376371954,
              51.68949428495018
            ],
            [
              4.859611830780978,
              51.6895085815603
            ],
            [
              4.859572617385063,
              51.68939874332627
            ],
            [
              4.859755428058845,
              51.68934833126551
            ],
            [
              4.859679117432235,
              51.68882305006066
            ],
            [
              4.859358656035402,
              51.68864812536853
            ],
            [
              4.859295269917965,
              51.688379078854446
            ],
            [
              4.856768735327689,
              51.68752003464419
            ],
            [
              4.856859972218418,
              51.68738561785433
            ],
            [
              4.857001989498765,
              51.68723704899781
            ],
            [
              4.857095422355641,
              51.68716196712356
            ],
            [
              4.857066943248797,
              51.687124085861996
            ],
            [
              4.857080308656406,
              51.686847295603464
            ],
            [
              4.857260855263802,
              51.68686608988824
            ],
            [
              4.857781247205534,
              51.68713181081813
            ],
            [
              4.858170554230734,
              51.68710660374649
            ],
            [
              4.858922382386881,
              51.68712078327136
            ],
            [
              4.859554962699641,
              51.687315991778156
            ],
            [
              4.860131643433868,
              51.68746869863994
            ],
            [
              4.860938276069367,
              51.68762063825004
            ],
            [
              4.86105906772662,
              51.6876796071444
            ],
            [
              4.861433796517593,
              51.68778915359356
            ],
            [
              4.861505923406301,
              51.68780475802803
            ],
            [
              4.861668684227745,
              51.68786121803539
            ],
            [
              4.86172006506209,
              51.68791987481233
            ],
            [
              4.862329548950251,
              51.6882381092213
            ],
            [
              4.862468218441351,
              51.68825221347247
            ],
            [
              4.862979639081289,
              51.688297648866616
            ],
            [
              4.863193475188522,
              51.688314785218466
            ],
            [
              4.863453545225292,
              51.68833572337118
            ],
            [
              4.863579304418503,
              51.68834077992407
            ],
            [
              4.86377884623782,
              51.68834346945926
            ],
            [
              4.863936471791866,
              51.68834417368838
            ],
            [
              4.864231591692024,
              51.68833560411459
            ],
            [
              4.864289467083305,
              51.6883331658909
            ],
            [
              4.86475979391023,
              51.68830560194707
            ],
            [
              4.865178039684382,
              51.68827960176113
            ],
            [
              4.865261934462151,
              51.688278177874146
            ],
            [
              4.865535351771924,
              51.68827040717888
            ],
            [
              4.865747918702938,
              51.68827225249944
            ],
            [
              4.866025518933751,
              51.68827798226153
            ],
            [
              4.866509705349069,
              51.688302607149076
            ],
            [
              4.866495728563225,
              51.68838613949866
            ],
            [
              4.866401772931314,
              51.68838212634769
            ],
            [
              4.865712269635322,
              51.68835389055108
            ],
            [
              4.86558358686473,
              51.68835151986732
            ],
            [
              4.865457775595082,
              51.68835095956285
            ],
            [
              4.865259534602183,
              51.688360862801225
            ],
            [
              4.865013551246446,
              51.688372350616056
            ],
            [
              4.864213272364864,
              51.68841911681695
            ],
            [
              4.86388487062821,
              51.688429335395455
            ],
            [
              4.863628909388876,
              51.688428191609894
            ],
            [
              4.863156406598811,
              51.68839371955931
            ]
          ]
        ]
      }
    },
    {
      "type": "Feature",
      "properties": {
        "cho_uri": "https://linkeddata.cultureelerfgoed.nl/cho-kennis/id/rijksmonument/47325",
        "rijksmonumentnummer": "47123",
        "naam": null,
        "geometry_bron": "Polygon",
        "monumentenregister_url": "https://monumentenregister.cultureelerfgoed.nl/monumenten/47123",
        "oorspronkelijke_functie": "Archeologie (N1)",
        "oorspronkelijke_functie_begraafplaats": false
      },
      "geometry": {
        "type": "Polygon",
        "coordinates": [
          [
            [
              4.921711783762596,
              51.894683973120024
            ],
            [
              4.921719028896161,
              51.89468579949936
            ],
            [
              4.921413481851833,
              51.89543152554247
            ],
            [
              4.921081346790387,
              51.89537717705585
            ],
            [
              4.920530198989225,
              51.89528780217937
            ],
            [
              4.920588134178248,
              51.89516489103562
            ],
            [
              4.920603006754591,
              51.89513169297641
            ],
            [
              4.92064778282763,
              51.89501681912151
            ],
            [
              4.920756210716612,
              51.89478804511965
            ],
            [
              4.920863464286907,
              51.89453230112771
            ],
            [
              4.921711783762596,
              51.894683973120024
            ]
          ]
        ]
      }
    },
    {
      "type": "Feature",
      "properties": {
        "cho_uri": "https://linkeddata.cultureelerfgoed.nl/cho-kennis/id/rijksmonument/47615",
        "rijksmonumentnummer": "47132",
        "naam": null,
        "geometry_bron": "Polygon",
        "monumentenregister_url": "https://monumentenregister.cultureelerfgoed.nl/monumenten/47132",
        "oorspronkelijke_functie": "Archeologie (N1)",
        "oorspronkelijke_functie_begraafplaats": false
      },
      "geometry": {
        "type": "Polygon",
        "coordinates": [
          [
            [
              4.889812940132247,
              51.887284347151244
            ],
            [
              4.890293722446228,
              51.88623383556377
            ],
            [
              4.891719893359552,
              51.8865176008128
            ],
            [
              4.891177917784009,
              51.88758763436046
            ],
            [
              4.890766009208045,
              51.8875310653683
            ],
            [
              4.890523955893763,
              51.887483302612345
            ],
            [
              4.890197995236428,
              51.88740462380283
            ],
            [
              4.88991569030962,
              51.88731893810219
            ],
            [
              4.889812940132247,
              51.887284347151244
            ]
          ]
        ]
      }
    },
    {
      "type": "Feature",
      "properties": {
        "cho_uri": "https://linkeddata.cultureelerfgoed.nl/cho-kennis/id/rijksmonument/47695",
        "rijksmonumentnummer": "47135",
        "naam": null,
        "geometry_bron": "Point",
        "monumentenregister_url": "https://monumentenregister.cultureelerfgoed.nl/monumenten/47135",
        "oorspronkelijke_functie": "Archeologie (N1)",
        "oorspronkelijke_functie_begraafplaats": false
      },
      "geometry": {
        "type": "Point",
        "coordinates": [
          4.45082702516396,
          52.19479023254712
        ]
      }
    },
    {
      "type": "Feature",
      "properties": {
        "cho_uri": "https://linkeddata.cultureelerfgoed.nl/cho-kennis/id/rijksmonument/47830",
        "rijksmonumentnummer": "528081",
        "naam": null,
        "geometry_bron": "Polygon",
        "monumentenregister_url": "https://monumentenregister.cultureelerfgoed.nl/monumenten/528081",
        "oorspronkelijke_functie": "Archeologie (N1)",
        "oorspronkelijke_functie_begraafplaats": false
      },
      "geometry": {
        "type": "Polygon",
        "coordinates": [
          [
            [
              4.577405965678898,
              51.83548293407046
            ],
            [
              4.578167703657395,
              51.83507919897618
            ],
            [
              4.580979287990888,
              51.83363697472857
            ],
            [
              4.580998243586131,
              51.83363171167692
            ],
            [
              4.581606801297981,
              51.83343364317812
            ],
            [
              4.581609847312635,
              51.833425574223135
            ],
            [
              4.58228560158429,
              51.83303919998926
            ],
            [
              4.583188507435816,
              51.83252494023745
            ],
            [
              4.584535464827823,
              51.83265550624975
            ],
            [
              4.584890312065854,
              51.83301568358565
            ],
            [
              4.584885960021687,
              51.83301565383993
            ],
            [
              4.586050088100913,
              51.83420921799389
            ],
            [
              4.584804977365479,
              51.8347930708716
            ],
            [
              4.584563508018022,
              51.83490917241934
            ],
            [
              4.583468749072869,
              51.83544010680197
            ],
            [
              4.581873846917336,
              51.836188723755285
            ],
            [
              4.58124314126497,
              51.83648731545819
            ],
            [
              4.581142184347589,
              51.83653426255352
            ],
            [
              4.580897054720554,
              51.83669167964553
            ],
            [
              4.580233711356944,
              51.83711049077341
            ],
            [
              4.579308287929352,
              51.83741693347793
            ],
            [
              4.578973794525084,
              51.83705508179783
            ],
            [
              4.578896789212238,
              51.83697994513413
            ],
            [
              4.578901157759571,
              51.83697907634063
            ],
            [
              4.577405965678898,
              51.83548293407046
            ]
          ]
        ]
      }
    },
    {
      "type": "Feature",
      "properties": {
        "cho_uri": "https://linkeddata.cultureelerfgoed.nl/cho-kennis/id/rijksmonument/49176",
        "rijksmonumentnummer": "45623",
        "naam": null,
        "geometry_bron": "Polygon",
        "monumentenregister_url": "https://monumentenregister.cultureelerfgoed.nl/monumenten/45623",
        "oorspronkelijke_functie": "Archeologie (N1)",
        "oorspronkelijke_functie_begraafplaats": false
      },
      "geometry": {
        "type": "Polygon",
        "coordinates": [
          [
            [
              4.91618969285744,
              52.0623316357899
            ],
            [
              4.916217171421996,
              52.06235331730091
            ],
            [
              4.916218620151542,
              52.06235422191137
            ],
            [
              4.916250454392663,
              52.06237771846418
            ],
            [
              4.916276474827309,
              52.062399394132896
            ],
            [
              4.916298101812181,
              52.06242284987609
            ],
            [
              4.916309587678941,
              52.0624399733503
            ],
            [
              4.91631963427409,
              52.06245529343245
            ],
            [
              4.916325391396316,
              52.06246250699604
            ],
            [
              4.916325296851802,
              52.06247149481323
            ],
            [
              4.916326565953206,
              52.06248947627498
            ],
            [
              4.916326386318898,
              52.06250655312762
            ],
            [
              4.916326320137796,
              52.0625128445996
            ],
            [
              4.916326168866631,
              52.062527225107004
            ],
            [
              4.91631853754185,
              52.06255955211122
            ],
            [
              4.916302128677725,
              52.06259454049388
            ],
            [
              4.916281316836352,
              52.06263220773528
            ],
            [
              4.916253138330033,
              52.062677036084814
            ],
            [
              4.916245733873413,
              52.062687792323146
            ],
            [
              4.916205804596213,
              52.06274066306799
            ],
            [
              4.916183922157944,
              52.06274147441393
            ],
            [
              4.916172237652732,
              52.06274322534321
            ],
            [
              4.916143026385712,
              52.06274760266133
            ],
            [
              4.916119666826662,
              52.06275020572897
            ],
            [
              4.916112366372726,
              52.06275107536048
            ],
            [
              4.916107991775567,
              52.06275105787022
            ],
            [
              4.916064198505324,
              52.062755376866605
            ],
            [
              4.916017498288755,
              52.06275878540267
            ],
            [
              4.915978107985109,
              52.06276042551577
            ],
            [
              4.915953318596469,
              52.062760326373684
            ],
            [
              4.915908133343338,
              52.06275834800853
            ],
            [
              4.915736132098758,
              52.06275136816488
            ],
            [
              4.915717175511806,
              52.06275129231188
            ],
            [
              4.915698247326304,
              52.062748520110986
            ],
            [
              4.915674935079147,
              52.06274662918234
            ],
            [
              4.915673599959352,
              52.062734939185844
            ],
            [
              4.915661422959015,
              52.062645008503736
            ],
            [
              4.915643782495084,
              52.06252000199191
            ],
            [
              4.91563575293831,
              52.062451659571394
            ],
            [
              4.915633139547053,
              52.06242288688663
            ],
            [
              4.915626473524962,
              52.06236353811707
            ],
            [
              4.91574939661481,
              52.06232268432614
            ],
            [
              4.915807941706923,
              52.06230224571475
            ],
            [
              4.915882498376682,
              52.06228456758221
            ],
            [
              4.915933638895352,
              52.06227488512383
            ],
            [
              4.915992004080318,
              52.06227152327308
            ],
            [
              4.916003679008442,
              52.062270671143146
            ],
            [
              4.916029869547371,
              52.06227616879566
            ],
            [
              4.916056050632946,
              52.06228256522408
            ],
            [
              4.916098243373042,
              52.0622917221254
            ],
            [
              4.91618969285744,
              52.0623316357899
            ]
          ]
        ]
      }
    },
    {
      "type": "Feature",
      "properties": {
        "cho_uri": "https://linkeddata.cultureelerfgoed.nl/cho-kennis/id/rijksmonument/49424",
        "rijksmonumentnummer": "45462",
        "naam": null,
        "geometry_bron": "Polygon",
        "monumentenregister_url": "https://monumentenregister.cultureelerfgoed.nl/monumenten/45462",
        "oorspronkelijke_functie": "Archeologie (N1)",
        "oorspronkelijke_functie_begraafplaats": false
      },
      "geometry": {
        "type": "Polygon",
        "coordinates": [
          [
            [
              5.137603445009304,
              52.02688714769118
            ],
            [
              5.137478082751197,
              52.026896768964086
            ],
            [
              5.137447479472564,
              52.02689760289845
            ],
            [
              5.137391920826516,
              52.026931640059196
            ],
            [
              5.137314355834906,
              52.02699259496186
            ],
            [
              5.137264660310455,
              52.02702035279507
            ],
            [
              5.137242729161113,
              52.0270337884852
            ],
            [
              5.137196007834966,
              52.02705076682108
            ],
            [
              5.137105484224538,
              52.027083830819656
            ],
            [
              5.137070444409026,
              52.02709633983126
            ],
            [
              5.136988708177164,
              52.02712133306424
            ],
            [
              5.136936168426838,
              52.02713650130826
            ],
            [
              5.136861747510894,
              52.027156117104845
            ],
            [
              5.136796073968068,
              52.02717485263415
            ],
            [
              5.136750874681854,
              52.02718014943469
            ],
            [
              5.136708584501784,
              52.02718635121888
            ],
            [
              5.136672112543082,
              52.0271943629919
            ],
            [
              5.136621089966077,
              52.02719874854282
            ],
            [
              5.136586120280032,
              52.02719867415037
            ],
            [
              5.136540951102419,
              52.027198578044775
            ],
            [
              5.136425882782274,
              52.027191142618165
            ],
            [
              5.136010864650579,
              52.02714621644173
            ],
            [
              5.135702162814435,
              52.027110503983906
            ],
            [
              5.135550693415371,
              52.02709849590428
            ],
            [
              5.134250247945038,
              52.02696897767506
            ],
            [
              5.134400399824144,
              52.026181039172045
            ],
            [
              5.134379755863979,
              52.02596617804338
            ],
            [
              5.134392889410194,
              52.025962610970126
            ],
            [
              5.134499394465605,
              52.02593767267421
            ],
            [
              5.134528570511429,
              52.02593144355452
            ],
            [
              5.134640908593715,
              52.02590561882728
            ],
            [
              5.134734274819589,
              52.0258851462238
            ],
            [
              5.134864112164832,
              52.02585666234245
            ],
            [
              5.135014372985838,
              52.02582372796828
            ],
            [
              5.135119415286779,
              52.025799684795444
            ],
            [
              5.135265304658793,
              52.025766740746306
            ],
            [
              5.135408274722771,
              52.02573468909156
            ],
            [
              5.135701504382907,
              52.02566970201024
            ],
            [
              5.135618021233848,
              52.025487064256126
            ],
            [
              5.135538909789959,
              52.02530443577677
            ],
            [
              5.135725633788926,
              52.02526438786974
            ],
            [
              5.135979430101403,
              52.02521549457937
            ],
            [
              5.136180688148865,
              52.02518176865377
            ],
            [
              5.136320681320902,
              52.025160495330745
            ],
            [
              5.136638559381805,
              52.025116231161284
            ],
            [
              5.136791655107293,
              52.02509678277891
            ],
            [
              5.136927231557664,
              52.02508358868286
            ],
            [
              5.137099278087587,
              52.02506238253282
            ],
            [
              5.137277147444449,
              52.02504208730108
            ],
            [
              5.137647450661099,
              52.02500242570354
            ],
            [
              5.137654640588094,
              52.02501951842444
            ],
            [
              5.13765603254167,
              52.02503120597088
            ],
            [
              5.137676150364333,
              52.025081582239345
            ],
            [
              5.137696358281421,
              52.02511578002135
            ],
            [
              5.137715119230334,
              52.0251481771047
            ],
            [
              5.137723796223819,
              52.02515988007935
            ],
            [
              5.137736789213838,
              52.025181479160764
            ],
            [
              5.137783133309456,
              52.02523191094813
            ],
            [
              5.137823719480084,
              52.02526974711483
            ],
            [
              5.137852729642416,
              52.025293177721146
            ],
            [
              5.137843937594106,
              52.0253021472615
            ],
            [
              5.137819033438511,
              52.02532636254935
            ],
            [
              5.137799977299725,
              52.02534699495311
            ],
            [
              5.137769155028133,
              52.025387376372855
            ],
            [
              5.137748586809251,
              52.02541789253296
            ],
            [
              5.137742713742881,
              52.025425969431886
            ],
            [
              5.13772508952885,
              52.02545109893144
            ],
            [
              5.137701562197474,
              52.025489698152285
            ],
            [
              5.13765448239474,
              52.02557139060181
            ],
            [
              5.137633873980599,
              52.02560909717709
            ],
            [
              5.13760883942187,
              52.02565668133666
            ],
            [
              5.137583789794639,
              52.02570696190405
            ],
            [
              5.137558715083139,
              52.02576173648818
            ],
            [
              5.13755135487907,
              52.025775203116225
            ],
            [
              5.13754692373701,
              52.02578597950631
            ],
            [
              5.137545451695043,
              52.025788672831816
            ],
            [
              5.137541000526417,
              52.02580304443961
            ],
            [
              5.137538006380337,
              52.025817419135315
            ],
            [
              5.137534997214097,
              52.02583449024441
            ],
            [
              5.137531998057833,
              52.02584976374437
            ],
            [
              5.13753332993146,
              52.02587223694463
            ],
            [
              5.137533309906993,
              52.025875832162534
            ],
            [
              5.137533284876406,
              52.02588032618494
            ],
            [
              5.137533279870288,
              52.02588122498944
            ],
            [
              5.137533269858048,
              52.02588302259838
            ],
            [
              5.137536108822198,
              52.02589651084182
            ],
            [
              5.1375432938437,
              52.02591450237176
            ],
            [
              5.137563456984276,
              52.02595678941272
            ],
            [
              5.137564888986742,
              52.02596128652285
            ],
            [
              5.13757497808091,
              52.02598108183512
            ],
            [
              5.137583585126969,
              52.026005368081265
            ],
            [
              5.137595126266569,
              52.026026065283645
            ],
            [
              5.137602306327714,
              52.02604495561413
            ],
            [
              5.137618193564392,
              52.02607015609825
            ],
            [
              5.137625413676703,
              52.026081855991556
            ],
            [
              5.137636939843068,
              52.02610524960296
            ],
            [
              5.137639823888544,
              52.02611064860343
            ],
            [
              5.13764266790305,
              52.02612323803942
            ],
            [
              5.13765566113257,
              52.026144837126786
            ],
            [
              5.137662841238202,
              52.02616372745326
            ],
            [
              5.137674392461768,
              52.02618262703856
            ],
            [
              5.137693138831405,
              52.0262177205338
            ],
            [
              5.137707544127672,
              52.02624741194129
            ],
            [
              5.137711825199284,
              52.026263599679126
            ],
            [
              5.137714714266488,
              52.02626809987319
            ],
            [
              5.137716136289026,
              52.026274394590175
            ],
            [
              5.137723306436107,
              52.02629508252146
            ],
            [
              5.137726155488011,
              52.02630677315071
            ],
            [
              5.137726105464893,
              52.02631576119502
            ],
            [
              5.137728874482685,
              52.02634183269505
            ],
            [
              5.137730241484955,
              52.02635801426047
            ],
            [
              5.137730161449149,
              52.026372395131304
            ],
            [
              5.137728584351148,
              52.02639396335172
            ],
            [
              5.137728544332946,
              52.026401153787084
            ],
            [
              5.137727002249306,
              52.026416430376464
            ],
            [
              5.137725485176315,
              52.026427212943716
            ],
            [
              5.137722516059384,
              52.02643709362067
            ],
            [
              5.137721034001642,
              52.02644158455694
            ],
            [
              5.137716497781158,
              52.026471235844994
            ],
            [
              5.137711896520507,
              52.02651257158995
            ],
            [
              5.13771033441665,
              52.026531443396486
            ],
            [
              5.137708777314155,
              52.02654941639853
            ],
            [
              5.137707235218588,
              52.026564692987286
            ],
            [
              5.137705608074986,
              52.02659524925074
            ],
            [
              5.137702473849087,
              52.02663479047184
            ],
            [
              5.137697997631669,
              52.02665365610563
            ],
            [
              5.137694973460711,
              52.02667342362978
            ],
            [
              5.13768748306563,
              52.02671025917827
            ],
            [
              5.137675701545393,
              52.026732704597016
            ],
            [
              5.137669808279086,
              52.02674437670808
            ],
            [
              5.137650731451722,
              52.026768604300266
            ],
            [
              5.13764338612148,
              52.02677937451884
            ],
            [
              5.137630162516408,
              52.026799120432806
            ],
            [
              5.137625751309194,
              52.02680630160671
            ],
            [
              5.137618395957658,
              52.02681886943239
            ],
            [
              5.13761397473733,
              52.02682784821453
            ],
            [
              5.1376110155785,
              52.02683593127937
            ],
            [
              5.137603445009304,
              52.02688714769118
            ]
          ]
        ]
      }
    },
    {
      "type": "Feature",
      "properties": {
        "cho_uri": "https://linkeddata.cultureelerfgoed.nl/cho-kennis/id/rijksmonument/50408",
        "rijksmonumentnummer": "510541",
        "naam": null,
        "geometry_bron": "Polygon",
        "monumentenregister_url": "https://monumentenregister.cultureelerfgoed.nl/monumenten/510541",
        "oorspronkelijke_functie": "Archeologie (N1)",
        "oorspronkelijke_functie_begraafplaats": false
      },
      "geometry": {
        "type": "Polygon",
        "coordinates": [
          [
            [
              4.794932912450505,
              51.8906492253762
            ],
            [
              4.79412985535635,
              51.89139930928695
            ],
            [
              4.793882655230904,
              51.891307277562326
            ],
            [
              4.793295740958362,
              51.891858902479605
            ],
            [
              4.792397971057069,
              51.89152807910125
            ],
            [
              4.793239574434836,
              51.890721574282296
            ],
            [
              4.793770802321966,
              51.89020562235845
            ],
            [
              4.794932912450505,
              51.8906492253762
            ]
          ]
        ]
      }
    },
    {
      "type": "Feature",
      "properties": {
        "cho_uri": "https://linkeddata.cultureelerfgoed.nl/cho-kennis/id/rijksmonument/51473",
        "rijksmonumentnummer": "529084",
        "naam": null,
        "geometry_bron": "Polygon",
        "monumentenregister_url": "https://monumentenregister.cultureelerfgoed.nl/monumenten/529084",
        "oorspronkelijke_functie": "Archeologie (N1)",
        "oorspronkelijke_functie_begraafplaats": false
      },
      "geometry": {
        "type": "Polygon",
        "coordinates": [
          [
            [
              4.493869403953158,
              51.84506035826219
            ],
            [
              4.493863852882029,
              51.84526705859677
            ],
            [
              4.491785297024159,
              51.8447002101681
            ],
            [
              4.490231601695383,
              51.84459756301502
            ],
            [
              4.489747478518096,
              51.84456779568993
            ],
            [
              4.48979450060043,
              51.84432006390162
            ],
            [
              4.489882312926031,
              51.84421017270087
            ],
            [
              4.48985207442826,
              51.84419825612246
            ],
            [
              4.489918677025016,
              51.844133146842005
            ],
            [
              4.489887023369152,
              51.84411942169385
            ],
            [
              4.489997925861161,
              51.844015999055465
            ],
            [
              4.490018669614098,
              51.843994584430746
            ],
            [
              4.490215680586026,
              51.8437938415413
            ],
            [
              4.490452689719723,
              51.84355205531419
            ],
            [
              4.490571202275878,
              51.843430712643936
            ],
            [
              4.493329000023737,
              51.84413668990186
            ],
            [
              4.493884570153594,
              51.84444204367411
            ],
            [
              4.493872933503217,
              51.844882406725624
            ],
            [
              4.493868473439198,
              51.84488776607322
            ],
            [
              4.493864031200229,
              51.84489222667553
            ],
            [
              4.49386102217063,
              51.844897597064
            ],
            [
              4.49385801314031,
              51.84490296745242
            ],
            [
              4.493853588725129,
              51.84490652930917
            ],
            [
              4.49385056186693,
              51.844912798442465
            ],
            [
              4.493849003871451,
              51.84491817987195
            ],
            [
              4.493845994838311,
              51.84492355026002
            ],
            [
              4.493842985804448,
              51.84492892064799
            ],
            [
              4.493841427807496,
              51.84493430207738
            ],
            [
              4.493839869810167,
              51.844939683506695
            ],
            [
              4.493838311812462,
              51.844945064936
            ],
            [
              4.493836771641068,
              51.84494954762017
            ],
            [
              4.493835177989204,
              51.844956726539664
            ],
            [
              4.493833619990339,
              51.84496210796892
            ],
            [
              4.493833495203034,
              51.84496839918481
            ],
            [
              4.493833406069221,
              51.84497289291044
            ],
            [
              4.493831848069571,
              51.844978274339645
            ],
            [
              4.493831741108764,
              51.844983666810364
            ],
            [
              4.493833067360541,
              51.844989969067825
            ],
            [
              4.493832960399844,
              51.84499536153856
            ],
            [
              4.493832853439117,
              51.84500075400932
            ],
            [
              4.493834197518306,
              51.845006157521595
            ],
            [
              4.493835541597814,
              51.84501156103387
            ],
            [
              4.493836885677639,
              51.84501696454615
            ],
            [
              4.493838229757783,
              51.845022368058366
            ],
            [
              4.493839573838247,
              51.84502777157058
            ],
            [
              4.493842368959844,
              51.845033186124226
            ],
            [
              4.49384371304112,
              51.84503858963641
            ],
            [
              4.493846508163881,
              51.84504400418994
            ],
            [
              4.493849321113798,
              51.84504851999832
            ],
            [
              4.493852098411409,
              51.845054833296835
            ],
            [
              4.493854893536176,
              51.84506024785018
            ],
            [
              4.493869403953158,
              51.84506035826219
            ]
          ]
        ]
      }
    },
    {
      "type": "Feature",
      "properties": {
        "cho_uri": "https://linkeddata.cultureelerfgoed.nl/cho-kennis/id/rijksmonument/53296",
        "rijksmonumentnummer": "529848",
        "naam": null,
        "geometry_bron": "Polygon",
        "monumentenregister_url": "https://monumentenregister.cultureelerfgoed.nl/monumenten/529848",
        "oorspronkelijke_functie": "Archeologie (N1)",
        "oorspronkelijke_functie_begraafplaats": false
      },
      "geometry": {
        "type": "Polygon",
        "coordinates": [
          [
            [
              4.24068315911421,
              51.86744500040377
            ],
            [
              4.240815924990703,
              51.867420228169145
            ],
            [
              4.240945787383593,
              51.867395427445075
            ],
            [
              4.241034774052338,
              51.86737921672467
            ],
            [
              4.241099196722587,
              51.86735827166444
            ],
            [
              4.241166924585547,
              51.86726454721823
            ],
            [
              4.241510788263024,
              51.867160932317596
            ],
            [
              4.241838590636526,
              51.8670607554055
            ],
            [
              4.241945509370319,
              51.86719573554513
            ],
            [
              4.242112929801432,
              51.86740681385992
            ],
            [
              4.242145266456823,
              51.86744847895909
            ],
            [
              4.242197332145541,
              51.867513708032895
            ],
            [
              4.242235315616972,
              51.86756172052234
            ],
            [
              4.242273299169146,
              51.86760973299935
            ],
            [
              4.242312711619236,
              51.86765865830233
            ],
            [
              4.242350695335192,
              51.86770667075421
            ],
            [
              4.242399903973078,
              51.8677700740624
            ],
            [
              4.242557418255374,
              51.86797116713789
            ],
            [
              4.242591253126098,
              51.86801104889189
            ],
            [
              4.241557153597946,
              51.86830569531676
            ],
            [
              4.241526199944399,
              51.868266740278386
            ],
            [
              4.241485404762026,
              51.86821510449728
            ],
            [
              4.241352270808971,
              51.86825425644581
            ],
            [
              4.241326941102369,
              51.86822254749577
            ],
            [
              4.241286169070777,
              51.86817001296059
            ],
            [
              4.241271537715904,
              51.86817436473346
            ],
            [
              4.241158995020897,
              51.86803213784617
            ],
            [
              4.240938603141181,
              51.86796256871442
            ],
            [
              4.24088151027995,
              51.86786672711038
            ],
            [
              4.240835596188191,
              51.867788073865135
            ],
            [
              4.240791088152266,
              51.867711232143506
            ],
            [
              4.24075909594864,
              51.86765608639726
            ],
            [
              4.240678488817745,
              51.867628332193924
            ],
            [
              4.24068315911421,
              51.86744500040377
            ]
          ]
        ]
      }
    },
    {
      "type": "Feature",
      "properties": {
        "cho_uri": "https://linkeddata.cultureelerfgoed.nl/cho-kennis/id/rijksmonument/53542",
        "rijksmonumentnummer": "45829",
        "naam": null,
        "geometry_bron": "Polygon",
        "monumentenregister_url": "https://monumentenregister.cultureelerfgoed.nl/monumenten/45829",
        "oorspronkelijke_functie": "Archeologie (N1)",
        "oorspronkelijke_functie_begraafplaats": false
      },
      "geometry": {
        "type": "Polygon",
        "coordinates": [
          [
            [
              5.085077951604604,
              52.03715265048957
            ],
            [
              5.085028503425939,
              52.037137243803066
            ],
            [
              5.084977652456541,
              52.03711374415934
            ],
            [
              5.084926819731302,
              52.03708754809444
            ],
            [
              5.084881859060912,
              52.03705507536995
            ],
            [
              5.084841319132234,
              52.03701542345222
            ],
            [
              5.084806633072014,
              52.03697219128558
            ],
            [
              5.084787966144365,
              52.03693079786287
            ],
            [
              5.084779579778445,
              52.03687774623023
            ],
            [
              5.084782900989926,
              52.036817534129625
            ],
            [
              5.084812467093514,
              52.03675559176875
            ],
            [
              5.084857997515445,
              52.036703577342614
            ],
            [
              5.084919534676104,
              52.03665519923438
            ],
            [
              5.084992645802854,
              52.03661943420092
            ],
            [
              5.08505110431516,
              52.036595316140335
            ],
            [
              5.085129905351198,
              52.03658023836855
            ],
            [
              5.085226140255392,
              52.03657329457346
            ],
            [
              5.085328156166066,
              52.03657355603664
            ],
            [
              5.085438873926656,
              52.03658013140968
            ],
            [
              5.085534993808658,
              52.036590264558974
            ],
            [
              5.085628150596754,
              52.03660758056681
            ],
            [
              5.085725631192851,
              52.03663209808877
            ],
            [
              5.085791001322313,
              52.036663723898826
            ],
            [
              5.085846109474154,
              52.036704311574354
            ],
            [
              5.08587937522212,
              52.036742146910356
            ],
            [
              5.085905323922055,
              52.03678445759908
            ],
            [
              5.085919668035762,
              52.03681864926598
            ],
            [
              5.085931103456088,
              52.03685193467707
            ],
            [
              5.085938209055033,
              52.03687891730711
            ],
            [
              5.085933710004297,
              52.03689778092224
            ],
            [
              5.08591172237306,
              52.036916599810354
            ],
            [
              5.085870782712751,
              52.0369362690336
            ],
            [
              5.085829921607219,
              52.03694425384499
            ],
            [
              5.085825513187213,
              52.03694963545871
            ],
            [
              5.085815299418567,
              52.03695140695899
            ],
            [
              5.085799262164899,
              52.03695226474381
            ],
            [
              5.085753635830378,
              52.037018660329316
            ],
            [
              5.085713978006972,
              52.0370643984207
            ],
            [
              5.08570214957286,
              52.03708953497564
            ],
            [
              5.085712200086139,
              52.037112031079246
            ],
            [
              5.085687370059837,
              52.03712005686773
            ],
            [
              5.085652344355973,
              52.03712715773773
            ],
            [
              5.085595427563542,
              52.03713869662919
            ],
            [
              5.085529748253624,
              52.037152909500236
            ],
            [
              5.085488886889773,
              52.03716089419286
            ],
            [
              5.085423274103642,
              52.03716522020714
            ],
            [
              5.08534455085409,
              52.037168613776515
            ],
            [
              5.08525858304318,
              52.037165697018125
            ],
            [
              5.085182847261174,
              52.037158312353355
            ],
            [
              5.085127533127977,
              52.03714828356121
            ],
            [
              5.085080963350683,
              52.03713827716917
            ],
            [
              5.085077951604604,
              52.03715265048957
            ]
          ]
        ]
      }
    },
    {
      "type": "Feature",
      "properties": {
        "cho_uri": "https://linkeddata.cultureelerfgoed.nl/cho-kennis/id/rijksmonument/54250",
        "rijksmonumentnummer": "46176",
        "naam": null,
        "geometry_bron": "Polygon",
        "monumentenregister_url": "https://monumentenregister.cultureelerfgoed.nl/monumenten/46176",
        "oorspronkelijke_functie": "Archeologie (N1)",
        "oorspronkelijke_functie_begraafplaats": false
      },
      "geometry": {
        "type": "Polygon",
        "coordinates": [
          [
            [
              4.497098887513462,
              52.199364435724895
            ],
            [
              4.497070973186164,
              52.199370517091104
            ],
            [
              4.497034068104078,
              52.19938731665654
            ],
            [
              4.496983946068587,
              52.199406713047516
            ],
            [
              4.496946789639659,
              52.19943609435347
            ],
            [
              4.496902212630093,
              52.19947081268625
            ],
            [
              4.4968722612298,
              52.19950564130184
            ],
            [
              4.496830555376659,
              52.19954307775966
            ],
            [
              4.496790401784178,
              52.199576031744954
            ],
            [
              4.496760575894512,
              52.19960456944763
            ],
            [
              4.496735281308576,
              52.19962595065631
            ],
            [
              4.496664754679884,
              52.1996415976751
            ],
            [
              4.496589965976879,
              52.19965092066811
            ],
            [
              4.49651358896593,
              52.19966652346243
            ],
            [
              4.496441779214228,
              52.199673172337334
            ],
            [
              4.496369843716909,
              52.19968611205138
            ],
            [
              4.496290774930238,
              52.19969000956062
            ],
            [
              4.496216309416448,
              52.19968315576073
            ],
            [
              4.49612994571971,
              52.19968609927418
            ],
            [
              4.496021751213474,
              52.19968348493455
            ],
            [
              4.495922709523136,
              52.199662064099336
            ],
            [
              4.495828073615916,
              52.19963977761237
            ],
            [
              4.495732083073309,
              52.19961208782089
            ],
            [
              4.495646492417378,
              52.19957638699082
            ],
            [
              4.495601943700404,
              52.199536501897036
            ],
            [
              4.495526441058442,
              52.199435262340394
            ],
            [
              4.495755582977504,
              52.19931475148444
            ],
            [
              4.495855637107259,
              52.1993586509396
            ],
            [
              4.495936911699613,
              52.19939072370433
            ],
            [
              4.496006629632641,
              52.19941551850851
            ],
            [
              4.496080807205207,
              52.19943675160058
            ],
            [
              4.496165420422343,
              52.199448176244125
            ],
            [
              4.496266570976148,
              52.19943725480038
            ],
            [
              4.496363603194938,
              52.19941281969721
            ],
            [
              4.496414972554847,
              52.199404218977236
            ],
            [
              4.496453376364621,
              52.199385633245825
            ],
            [
              4.496500968551668,
              52.1993464436635
            ],
            [
              4.496553127906164,
              52.19929830018657
            ],
            [
              4.49673466500441,
              52.199290681267804
            ],
            [
              4.496984090471214,
              52.199106503884856
            ],
            [
              4.497057998802683,
              52.19914121683053
            ],
            [
              4.497098887513462,
              52.199364435724895
            ]
          ]
        ]
      }
    },
    {
      "type": "Feature",
      "properties": {
        "cho_uri": "https://linkeddata.cultureelerfgoed.nl/cho-kennis/id/rijksmonument/54504",
        "rijksmonumentnummer": "47130",
        "naam": null,
        "geometry_bron": "Polygon",
        "monumentenregister_url": "https://monumentenregister.cultureelerfgoed.nl/monumenten/47130",
        "oorspronkelijke_functie": "Archeologie (N1)",
        "oorspronkelijke_functie_begraafplaats": false
      },
      "geometry": {
        "type": "Polygon",
        "coordinates": [
          [
            [
              4.861787865393719,
              51.876887666777044
            ],
            [
              4.862963165972522,
              51.87435637253691
            ],
            [
              4.863593691627381,
              51.87445625999692
            ],
            [
              4.863530363148205,
              51.87453237967342
            ],
            [
              4.863516729653272,
              51.87458085661255
            ],
            [
              4.863500118743473,
              51.874635612202574
            ],
            [
              4.863485200429015,
              51.874669701865415
            ],
            [
              4.863468861376795,
              51.87470108865278
            ],
            [
              4.863471483173236,
              51.87472536919749
            ],
            [
              4.864693386688954,
              51.875046305370404
            ],
            [
              4.864085582686526,
              51.876364005781895
            ],
            [
              4.862758221122997,
              51.87624213660789
            ],
            [
              4.862667891150942,
              51.87639184067729
            ],
            [
              4.862663157598532,
              51.87642417801232
            ],
            [
              4.86266434786037,
              51.876446654486315
            ],
            [
              4.862666906468765,
              51.87647632784074
            ],
            [
              4.862660616001947,
              51.87651764668762
            ],
            [
              4.862644191892508,
              51.876556223747905
            ],
            [
              4.862578432308784,
              51.87671592476124
            ],
            [
              4.862548907204988,
              51.87675713984203
            ],
            [
              4.862518013715579,
              51.876791158033114
            ],
            [
              4.862503313990411,
              51.87680637276929
            ],
            [
              4.862495843616914,
              51.87682431633148
            ],
            [
              4.862495539728958,
              51.87685038151826
            ],
            [
              4.862490816482288,
              51.87688182004468
            ],
            [
              4.862476001445828,
              51.87690692157209
            ],
            [
              4.862451031730118,
              51.87693107889397
            ],
            [
              4.862415760593008,
              51.876966875197
            ],
            [
              4.862400861639838,
              51.87699916711072
            ],
            [
              4.861787865393719,
              51.876887666777044
            ]
          ]
        ]
      }
    },
    {
      "type": "Feature",
      "properties": {
        "cho_uri": "https://linkeddata.cultureelerfgoed.nl/cho-kennis/id/rijksmonument/54546",
        "rijksmonumentnummer": "45559",
        "naam": null,
        "geometry_bron": "Polygon",
        "monumentenregister_url": "https://monumentenregister.cultureelerfgoed.nl/monumenten/45559",
        "oorspronkelijke_functie": "Archeologie (N1)",
        "oorspronkelijke_functie_begraafplaats": false
      },
      "geometry": {
        "type": "Polygon",
        "coordinates": [
          [
            [
              5.136528052418192,
              51.81883222200664
            ],
            [
              5.136804892502623,
              51.81860270959924
            ],
            [
              5.137541031528612,
              51.81845506966391
            ],
            [
              5.137691491511188,
              51.818522802508866
            ],
            [
              5.137775475790571,
              51.818547249632736
            ],
            [
              5.137942078755978,
              51.81858086051638
            ],
            [
              5.138098718378228,
              51.81858029409648
            ],
            [
              5.138137877042231,
              51.818580377166306
            ],
            [
              5.138245245445608,
              51.818572515304574
            ],
            [
              5.138292689310361,
              51.81864811846935
            ],
            [
              5.138568130150952,
              51.818933634393076
            ],
            [
              5.13902886700579,
              51.819283359090655
            ],
            [
              5.139089281978877,
              51.81937426962093
            ],
            [
              5.139097519230105,
              51.81945877799842
            ],
            [
              5.139101553803659,
              51.81951631229105
            ],
            [
              5.139095346905876,
              51.81959000406522
            ],
            [
              5.139077507468382,
              51.81966906429831
            ],
            [
              5.139014652439505,
              51.81975791662881
            ],
            [
              5.138893911370701,
              51.819823276684716
            ],
            [
              5.138812552537147,
              51.81984827212841
            ],
            [
              5.139091626736876,
              51.820002563804266
            ],
            [
              5.139024885134275,
              51.8200069169591
            ],
            [
              5.138750651902527,
              51.82002701034331
            ],
            [
              5.138736143275248,
              51.8200278784833
            ],
            [
              5.138676658392936,
              51.82003134795542
            ],
            [
              5.138618648642368,
              51.82003032632
            ],
            [
              5.138560653761808,
              51.82002660816716
            ],
            [
              5.138499773027148,
              51.82002018735301
            ],
            [
              5.138427304248819,
              51.82001104543614
            ],
            [
              5.138392530155774,
              51.82000467987507
            ],
            [
              5.138357765992206,
              51.819996516644565
            ],
            [
              5.138317220218878,
              51.819984745788716
            ],
            [
              5.138285386583598,
              51.819971195707716
            ],
            [
              5.138250662160916,
              51.819955841808856
            ],
            [
              5.138217388126574,
              51.81994049097518
            ],
            [
              5.138124882513333,
              51.819882769016296
            ],
            [
              5.138054092824332,
              51.819832283785026
            ],
            [
              5.137769465413456,
              51.81963393466825
            ],
            [
              5.137494963084469,
              51.819440999426625
            ],
            [
              5.137486295833133,
              51.8194346891129
            ],
            [
              5.137481964696979,
              51.81943108454101
            ],
            [
              5.137355550356394,
              51.81947306110826
            ],
            [
              5.13731660508051,
              51.81943432810512
            ],
            [
              5.137123110735997,
              51.81928021448424
            ],
            [
              5.136528052418192,
              51.81883222200664
            ]
          ]
        ]
      }
    },
    {
      "type": "Feature",
      "properties": {
        "cho_uri": "https://linkeddata.cultureelerfgoed.nl/cho-kennis/id/rijksmonument/54555",
        "rijksmonumentnummer": "493578",
        "naam": null,
        "geometry_bron": "Point",
        "monumentenregister_url": "https://monumentenregister.cultureelerfgoed.nl/monumenten/493578",
        "oorspronkelijke_functie": "Archeologie (N1)",
        "oorspronkelijke_functie_begraafplaats": false
      },
      "geometry": {
        "type": "Point",
        "coordinates": [
          5.044690257138663,
          52.087634388431994
        ]
      }
    },
    {
      "type": "Feature",
      "properties": {
        "cho_uri": "https://linkeddata.cultureelerfgoed.nl/cho-kennis/id/rijksmonument/59594",
        "rijksmonumentnummer": "46191",
        "naam": null,
        "geometry_bron": "Polygon",
        "monumentenregister_url": "https://monumentenregister.cultureelerfgoed.nl/monumenten/46191",
        "oorspronkelijke_functie": "Archeologie (N1)",
        "oorspronkelijke_functie_begraafplaats": false
      },
      "geometry": {
        "type": "Polygon",
        "coordinates": [
          [
            [
              4.535256733467437,
              52.13514922444305
            ],
            [
              4.536359387957797,
              52.135387287144624
            ],
            [
              4.535972520665056,
              52.13606581537151
            ],
            [
              4.534869851523235,
              52.135827749047166
            ],
            [
              4.535256733467437,
              52.13514922444305
            ]
          ]
        ]
      }
    },
    {
      "type": "Feature",
      "properties": {
        "cho_uri": "https://linkeddata.cultureelerfgoed.nl/cho-kennis/id/rijksmonument/61809",
        "rijksmonumentnummer": "45431",
        "naam": null,
        "geometry_bron": "Polygon",
        "monumentenregister_url": "https://monumentenregister.cultureelerfgoed.nl/monumenten/45431",
        "oorspronkelijke_functie": "Archeologie (N1)",
        "oorspronkelijke_functie_begraafplaats": false
      },
      "geometry": {
        "type": "Polygon",
        "coordinates": [
          [
            [
              4.856768735327689,
              51.68752003464419
            ],
            [
              4.859295269917965,
              51.688379078854446
            ],
            [
              4.859358656035402,
              51.68864812536853
            ],
            [
              4.858174956645999,
              51.68870930154972
            ],
            [
              4.858102966092495,
              51.688682010425694
            ],
            [
              4.856961127847389,
              51.68874965547951
            ],
            [
              4.856927719684738,
              51.688762088372115
            ],
            [
              4.856768735327689,
              51.68752003464419
            ]
          ]
        ]
      }
    }
  ]
}