{"type": "FeatureCollection", "features": [{"type": "Feature", "properties": {"naam": "Zuid-Holland", "code": "28"}, "geometry": {"type": "MultiPolygon", "coordinates": [[[[4.986935307730507, 51.82115740404487], [4.987755984675112, 51.82105951126231], [4.989261982828608, 51.82098448588964], [4.990983728565874, 51.82089921277814], [4.992737351025585, 51.82081522599269], [4.992771206255561, 51.820814935289114], [4.9933970482540015, 51.820809675245854], [4.994569451131658, 51.820799266463254], [4.995716496004222, 51.820789336650385], [4.996520406305466, 51.820807313640124], [4.997141081781047, 51.82082245617269], [4.998252090143461, 51.8208471042017], [4.999281662628363, 51.82086793113881], [4.999501808346239, 51.82088800167753], [4.999672719721208, 51.820897114128854], [5.000134271472036, 51.82092079372286], [5.000361834834212, 51.82093348064792], [5.000362936658795, 51.8209335382102], [5.000897161290323, 51.82098190289781], [5.001314179118392, 51.8209979798357], [5.001840325472799, 51.82101762252766], [5.002344130214962, 51.82103961648501], [5.002854333985164, 51.82105965177471], [5.0037508704460025, 51.8210816847128], [5.004128043240529, 51.82108795888018], [5.004484664639929, 51.82109069527994], [5.004738775776442, 51.821091056216304], [5.004988329222203, 51.82108839062877], [5.005238723371198, 51.821087497971554], [5.005359868324673, 51.82108512371928], [5.005481607998931, 51.82108274228773], [5.005601231469993, 51.82108019205734], [5.005736899342615, 51.821079033132236], [5.006120114055247, 51.821077500579996], [5.00638865295255, 51.82107660146233], [5.006631512190945, 51.82107139389343], [5.0069141976477445, 51.82106474189119], [5.007181574781802, 51.82105711383247], [5.007426595352205, 51.821051857685404], [5.0077062132668395, 51.821042578209756], [5.007951843698665, 51.8210354982821], [5.008152249106478, 51.821025062914316], [5.008279656439377, 51.82101960485637], [5.008484908363605, 51.821005445371206], [5.0087061793248635, 51.820992236032225], [5.008963680598686, 51.820963584028675], [5.008977893460193, 51.82096200292105], [5.009566069172549, 51.820920212983836], [5.010027147675141, 51.82088836642599], [5.010067558354613, 51.820884649224816], [5.010514151050147, 51.82086441222854], [5.011010735163243, 51.82084291360075], [5.011652602658, 51.820811460214045], [5.012167593361092, 51.820782743927694], [5.012661190331163, 51.82074872583353], [5.012995075833064, 51.82072591750576], [5.01317805116784, 51.82070420938143], [5.013964750844568, 51.820634455582855], [5.014313429902845, 51.82060451776213], [5.0143926185445675, 51.82059442361414], [5.014749574483917, 51.82055798517135], [5.0151246093505675, 51.82052064119256], [5.015622016493093, 51.82046716272334], [5.016235534450052, 51.82040220241235], [5.017198074337339, 51.8203019005114], [5.017641466534274, 51.82025517328486], [5.0182037036709195, 51.820194193868744], [5.018658387898871, 51.82014268048953], [5.019196065581021, 51.82008366856539], [5.019939168023769, 51.82000237658283], [5.020357298355258, 51.81995807678549], [5.020578888643579, 51.81992773202988], [5.021031784562112, 51.81986006058036], [5.021730244834709, 51.819740291188864], [5.0224209839975, 51.819613518604896], [5.023007550259245, 51.8195033170526], [5.023708567464529, 51.8193672747215], [5.025081006882941, 51.81909816923159], [5.025616569927575, 51.81899644416141], [5.026162919659004, 51.818893095952454], [5.026350739777112, 51.818856910771245], [5.026448810064091, 51.81916912054426], [5.026588841329805, 51.81959738322035], [5.026763609242312, 51.82014578416746], [5.026835142013868, 51.82036551078946], [5.026835396687928, 51.82036631154357], [5.026916924440685, 51.82061678233385], [5.026944671350654, 51.82070023538553], [5.026945889525073, 51.82070388843567], [5.027111566887545, 51.821202042411905], [5.02719307522571, 51.82145714197566], [5.0271973489624076, 51.82147049394411], [5.027293420460082, 51.82177106572173], [5.027336496447544, 51.82190586275417], [5.027270263032368, 51.82204654462285], [5.027270144990377, 51.822046795937446], [5.027262207093837, 51.82206364291486], [5.027259093769373, 51.822070266843156], [5.027257160793689, 51.822074386613636], [5.027252911562853, 51.822083397985864], [5.027248883623629, 51.822091942637186], [5.027248676977991, 51.822092391425926], [5.027230794210481, 51.82213038468922], [5.027227489308866, 51.822137385543954], [5.027223254570367, 51.82214639695947], [5.027220598756936, 51.8221520335604], [5.027195544986434, 51.822205276199995], [5.027193597423157, 51.82220940491311], [5.02720518574777, 51.82227856163145], [5.02735989007626, 51.82227334633605], [5.027324242142598, 51.82229097125192], [5.027315828929718, 51.82231285030668], [5.027313984832249, 51.822340367283786], [5.027310442231355, 51.822393514109756], [5.027343929647998, 51.822515787783956], [5.027395020407325, 51.82260603563682], [5.027467388953681, 51.82257819552185], [5.027487204874231, 51.82265971856541], [5.027540065726253, 51.82287727517615], [5.027544430098723, 51.822895660938464], [5.027697064637751, 51.82353793070923], [5.027820642933435, 51.8240226696259], [5.027906240284472, 51.82437026271816], [5.027931219412336, 51.82453043213691], [5.027941335817546, 51.824595233739885], [5.028027541702056, 51.824999662382126], [5.028103910909532, 51.82529335034432], [5.028145227998876, 51.82545126864296], [5.028195128051987, 51.82567175467455], [5.028246154078008, 51.82589299016159], [5.028262560198301, 51.82591850455542], [5.028264537562871, 51.82592157565687], [5.02826971859305, 51.825977787164966], [5.028270239612163, 51.82598340652701], [5.028270679533963, 51.82598827960131], [5.028286571177163, 51.826160519547784], [5.02829037724973, 51.8262017611134], [5.028292913920205, 51.826229345372425], [5.028330274824947, 51.826408841696946], [5.0283595625811826, 51.82652187984313], [5.028433317078252, 51.82677283753419], [5.028473138900996, 51.826947631385366], [5.028545131082239, 51.827265331676436], [5.028615563252573, 51.82756954450185], [5.028675513621905, 51.82784569933893], [5.028723759943295, 51.82807596842219], [5.028771166103003, 51.82834813896138], [5.028813810791349, 51.828503930756916], [5.028849630386372, 51.82862959046687], [5.028895329969541, 51.82888118121723], [5.028958130346266, 51.82913500832207], [5.029004781928033, 51.82933992502151], [5.0290379193302694, 51.82947649741249], [5.02908969913812, 51.829474093696], [5.029126355107109, 51.82961337332175], [5.0292425650467445, 51.83010035214105], [5.029321317074583, 51.83046148652878], [5.029424651030586, 51.83089329984813], [5.029471719309794, 51.8310772655669], [5.02951063578609, 51.83127024877651], [5.029580894566452, 51.83155218701758], [5.029635701469901, 51.83180693309964], [5.029671825054927, 51.83195342859338], [5.029686191472608, 51.83199505279589], [5.029686418889025, 51.83199564672446], [5.029743845903451, 51.83214142508175], [5.029745054985388, 51.83214812513877], [5.029749377476401, 51.832172029529744], [5.0297794141442695, 51.832310479785704], [5.029833504805815, 51.83247276865445], [5.0298761694952425, 51.832619661499656], [5.029905728642405, 51.83272141053319], [5.029965051610353, 51.83293941650971], [5.030003584443098, 51.83310803072865], [5.030037274962432, 51.83325059972843], [5.030069970780515, 51.83335207961467], [5.030123868304344, 51.83352989074237], [5.030154093455515, 51.83371626771213], [5.030162581424423, 51.833870148332736], [5.030165544623572, 51.83399250773093], [5.030160195370323, 51.83400845489602], [5.030119139277016, 51.83405210362082], [5.0300631782677545, 51.83417147038278], [5.030024422821151, 51.8342690026665], [5.030018291740869, 51.83435068875339], [5.03003855833017, 51.83444435582967], [5.030076383648466, 51.834548601762094], [5.03008578706107, 51.83462532855954], [5.030089136600219, 51.834642066199535], [5.030104167366261, 51.834713551888335], [5.030120245541468, 51.8348030176007], [5.0301266515824805, 51.83483869414925], [5.030143327804466, 51.83493143346093], [5.030213001073803, 51.835209738084004], [5.0302921514185455, 51.83555747105443], [5.030359963300071, 51.83586772373591], [5.030440271768399, 51.83618122321083], [5.0305110331488505, 51.83655357672958], [5.030554172694455, 51.83676968122347], [5.030581566308488, 51.83688346778088], [5.030645633580023, 51.837137548901175], [5.030687864449018, 51.83736780730684], [5.030720870347102, 51.837568348975125], [5.030732700527472, 51.83768891940931], [5.0307267088691, 51.83777328435875], [5.03072297096801, 51.83782582821017], [5.03080740710686, 51.83823663894875], [5.030850680744977, 51.83844717088113], [5.030863745496316, 51.83851071361351], [5.030904993893859, 51.838703999612235], [5.030905581713968, 51.83870673387105], [5.0309810699994975, 51.8390603869864], [5.031106796850714, 51.83964706397655], [5.031222257505135, 51.840167051665766], [5.03128168787314, 51.84045814148928], [5.031288952442978, 51.84049373960771], [5.031306554430911, 51.84058008162659], [5.031307198212832, 51.84058308570438], [5.031315117739023, 51.840620276753235], [5.031316181013753, 51.8406252865162], [5.031400135960867, 51.84101934083287], [5.031401688894579, 51.8410266620979], [5.0314027662733585, 51.841031725832984], [5.031414099927947, 51.84108497151593], [5.030418131817653, 51.841174798980504], [5.030413383450503, 51.84117522498083], [5.029428986819083, 51.84125641440675], [5.028689552532104, 51.841319917708866], [5.0283611163075985, 51.84135275556437], [5.027890188433783, 51.841401416478895], [5.0278433461065175, 51.84140525496009], [5.0274931899139705, 51.841433961141625], [5.027209824968548, 51.84145739717813], [5.026709544509879, 51.841494521109546], [5.026687383251289, 51.8414967450976], [5.026618023950712, 51.84150371381005], [5.025984936145724, 51.84155031389634], [5.025441891600313, 51.841589071552285], [5.024481414604236, 51.84164201570391], [5.024358246772146, 51.841645589977816], [5.024276199713893, 51.841663960327615], [5.0242007436992155, 51.84168554188367], [5.02379743579025, 51.84181254063135], [5.02333278101857, 51.841952974282606], [5.023236697544279, 51.84197355648857], [5.023116924555095, 51.84200226257151], [5.023058639298684, 51.84200520076872], [5.022937056548171, 51.84200103046672], [5.022590440122942, 51.841991181757855], [5.022577412292329, 51.8419908087237], [5.022152372053897, 51.84196386185794], [5.021426578355462, 51.841933343156626], [5.020950266259875, 51.841910699409674], [5.020887980346232, 51.84190773664354], [5.020287415391516, 51.84188641921144], [5.019428339825626, 51.84190415265689], [5.018995970415398, 51.84192570867815], [5.018965093094444, 51.84192724771048], [5.018760788059368, 51.841935037756784], [5.0180401006614135, 51.84197070458069], [5.017607096501762, 51.84199164228015], [5.01706998687238, 51.84202537324313], [5.016870645926915, 51.84203643844365], [5.016543999992866, 51.84205457975006], [5.015998137402248, 51.84208141103083], [5.015548019367772, 51.84210627786964], [5.015533022717134, 51.84210710226343], [5.015393203622948, 51.842114829944386], [5.014633999035691, 51.84216446565357], [5.01463118370381, 51.84215394927275], [5.014571755382843, 51.8421581559691], [5.013835775285857, 51.84221026913151], [5.013365723511759, 51.84224655138302], [5.01281000770714, 51.842293865981866], [5.012397459484969, 51.84233039965279], [5.011951601684999, 51.84237637108503], [5.011484023599899, 51.84242885980835], [5.011470268699686, 51.8424304067302], [5.010719321122728, 51.84252752032027], [5.0099291655804805, 51.84263450720069], [5.009322160241355, 51.84271628176216], [5.009117534200869, 51.84274960803608], [5.008499156284399, 51.84285643734496], [5.00817699123277, 51.842915260350146], [5.008090452864042, 51.84293862040725], [5.007861514283629, 51.84299142474345], [5.007657610970415, 51.84304032771803], [5.007526245806894, 51.843074130756555], [5.007374466749874, 51.843129889192106], [5.00721090134544, 51.843215253042], [5.007101764453065, 51.84328548566037], [5.007024545448121, 51.84335308907688], [5.006954153478454, 51.843421595420764], [5.006942170272477, 51.84343325950802], [5.006934612930906, 51.843441495371884], [5.006850968797248, 51.84353271736708], [5.0067546255658355, 51.8436447242818], [5.006607285268367, 51.843798361871464], [5.006484810328079, 51.84391839137794], [5.006457782811769, 51.8439398399379], [5.006422179592663, 51.8439680828742], [5.006329002142221, 51.84403834856293], [5.006265725897637, 51.84407680237441], [5.006167539264057, 51.84413358704834], [5.006080313841424, 51.84417602577955], [5.005915382773724, 51.84424881759855], [5.005751945506272, 51.844313075055126], [5.005592236506113, 51.84436027542284], [5.0054085880795816, 51.84441370757634], [5.0053244147038525, 51.8444314645236], [5.005163365314269, 51.84446205836358], [5.004933388117296, 51.844505955095016], [5.004701838615275, 51.84454696996349], [5.004670794790314, 51.84455246858293], [5.004486226693097, 51.84458579822394], [5.004413265554551, 51.844598980020514], [5.004377167721409, 51.844604929479004], [5.00430677403619, 51.84461652863455], [5.004222080626237, 51.844630489988894], [5.004116618735475, 51.84464810470855], [5.0041099039986525, 51.8446493142072], [5.0035394527280745, 51.84475236386141], [5.003447044271314, 51.844769058882356], [5.003317312769635, 51.84449235808505], [5.003166189269751, 51.84417004289678], [5.003164664425931, 51.844166766128374], [5.003161913045823, 51.844160968593656], [5.002922298842631, 51.84365659998003], [5.002672089863313, 51.84370444386824], [5.002613978002216, 51.84371556091191], [5.002405010585857, 51.843759952965804], [5.002078507682604, 51.843830537819734], [5.001800603960923, 51.84388912900785], [5.001522673944005, 51.84395580003018], [5.001124269958543, 51.84405270672264], [5.000839019967371, 51.84412832248354], [5.0007054697545845, 51.84416211969405], [5.0003541151915005, 51.844266773878026], [5.0001101898353655, 51.84433756244488], [5.000020169560944, 51.84436338587776], [4.999470528974991, 51.84454161848574], [4.999295508017451, 51.844600004197886], [4.999432609455963, 51.84480153682559], [4.999450981361755, 51.84482855374514], [4.999452958903322, 51.844831472521186], [4.99946131374968, 51.84484375131689], [4.9994547971541525, 51.84484552747281], [4.99946809381846, 51.84486871654051], [4.999509971241277, 51.84494175083451], [4.999407641728962, 51.84496438719061], [4.999469582024631, 51.84506019249051], [4.999488515045423, 51.845089476335], [4.999519578421057, 51.845137523089356], [4.999356987622583, 51.84517785628145], [4.999264872105353, 51.8452007060281], [4.99911821998407, 51.84523709172207], [4.998894262831149, 51.845246427097265], [4.99882464545064, 51.84525523013328], [4.998825734785262, 51.84525680670848], [4.998942223329131, 51.84542528424207], [4.999050929749396, 51.84558248243918], [4.999070882250055, 51.84561133827672], [4.999201018539961, 51.84579953628852], [4.999405578060541, 51.846095346538654], [4.999777888985792, 51.846664786886144], [4.999986980208013, 51.84740046754041], [5.000001059826945, 51.8475759676169], [4.999932847364068, 51.84799362246265], [4.999902489901106, 51.84825172317218], [4.999885939650919, 51.84845172344546], [4.999797184307059, 51.84860130320502], [4.999763680139139, 51.84865796338446], [4.999735870249986, 51.848720772438725], [4.9996041028368285, 51.848945622768696], [4.999219160670581, 51.84962128520803], [4.9989673888187385, 51.85008907174487], [4.998941665735231, 51.85013684986941], [4.999159427490465, 51.8502262493905], [4.99904738427656, 51.850408109668955], [4.999034725752135, 51.850428642246094], [4.999012192545308, 51.85046834137762], [4.998933521197117, 51.850600633041886], [4.998925306977927, 51.850627535100465], [4.998920996102387, 51.850652850135], [4.998919730319439, 51.850685231130136], [4.998921506597297, 51.850770536858974], [4.998911294594902, 51.85076987389419], [4.998911931560406, 51.85078017669986], [4.998914105630369, 51.85079400803989], [4.9989142153157715, 51.85080486638188], [4.9989104360692895, 51.85081732078304], [4.998899010619807, 51.85082441977537], [4.998874118073441, 51.850849855483034], [4.99884061445817, 51.850860629593846], [4.998869114548109, 51.851004457271785], [4.998873467912892, 51.851026457282266], [4.998914209269881, 51.85123196783742], [4.998956363037054, 51.85130720527995], [4.998994686043024, 51.851375607848425], [4.999036593758588, 51.851445739039676], [4.999130768850421, 51.851603302323575], [4.999164378494316, 51.8516595279572], [4.999177670711732, 51.85168176423393], [4.999182463796446, 51.85168979772255], [4.999223585367477, 51.85175858697449], [4.999240740815036, 51.851787289677006], [4.99922525974584, 51.85187267318102], [4.999220459832314, 51.85189916408566], [4.999217077213898, 51.851917812807976], [4.999213024275764, 51.85194014455546], [4.9991505357492585, 51.85228475069877], [4.9989965167548895, 51.85228229998687], [4.998994485045265, 51.85228226630311], [4.998683835000021, 51.8522773106811], [4.998671371328704, 51.85274507026846], [4.998615486410552, 51.85334846473767], [4.9985946728743595, 51.85358585114121], [4.998576980635228, 51.853937643106974], [4.9985658287665515, 51.854099810673155], [4.998551229153955, 51.85419214501037], [4.998524923996147, 51.85430374765137], [4.998482387123966, 51.85445283205466], [4.998432642314845, 51.85458771788083], [4.998368268730312, 51.85473406935919], [4.9983044053559365, 51.854861609792266], [4.998233362339346, 51.854990169054396], [4.998151975633775, 51.85512139051072], [4.998049049370135, 51.85527093075451], [4.99791042367064, 51.85545138044952], [4.997801692663406, 51.855600577642214], [4.997775400177495, 51.85564654693098], [4.997740154178148, 51.85570902514568], [4.997695117230044, 51.85578580734434], [4.997619530804222, 51.85591736226124], [4.997514585699311, 51.85609181113937], [4.997379714378983, 51.85629749407493], [4.9971770581286, 51.856594947822245], [4.997022715732473, 51.85680929337547], [4.9965740275845025, 51.85741979360747], [4.996306979040882, 51.85779797197801], [4.996097951647582, 51.85809867438911], [4.995862172072732, 51.85842900285397], [4.995694577602694, 51.858653441357646], [4.995515516662647, 51.858872502262955], [4.995359146389803, 51.85904611245516], [4.995092880061977, 51.85933040694968], [4.994998423654606, 51.85943184894796], [4.994738170947348, 51.85969184914044], [4.9942308722302124, 51.8601712644927], [4.994147155675547, 51.86025593347054], [4.994001860492761, 51.860455159860585], [4.993945518685931, 51.860533547606515], [4.993903401567225, 51.86059383543033], [4.993870965141302, 51.86064936486279], [4.9938638677839045, 51.860667497620575], [4.993854005129001, 51.860708065107815], [4.9938541967327525, 51.86074932243183], [4.993857089989516, 51.86083366114216], [4.993863956421142, 51.86091685366126], [4.993883909986656, 51.86099256674579], [4.993906916713358, 51.861076082982386], [4.993930015053303, 51.86115077292781], [4.993967174850808, 51.861222795474], [4.994038214852747, 51.86130182555913], [4.9940947658570565, 51.86136433138157], [4.994183264077902, 51.86143577970487], [4.994238815451249, 51.86147311463785], [4.994298136830645, 51.861510974498565], [4.99435541308403, 51.86154364118905], [4.994438725442158, 51.861590551644355], [4.994508353278166, 51.86162521004835], [4.994578577385814, 51.861661425394516], [4.994728381539889, 51.861721447317855], [4.9948942191430845, 51.86177245334977], [4.99505927160208, 51.86181696691382], [4.995235526510779, 51.86185374269705], [4.995396564568633, 51.86187415352594], [4.995398319246073, 51.861874375102715], [4.995579968927541, 51.861875106992535], [4.995734231198557, 51.86187170251611], [4.995840304309872, 51.861865638444236], [4.995954503428592, 51.86184996581348], [4.9959643143116885, 51.861848623285006], [4.99601664739395, 51.8618304613709], [4.996235458277388, 51.86175456428753], [4.996427220837564, 51.8616654807038], [4.996638010864965, 51.861561773093996], [4.996885381947696, 51.86144314014822], [4.997335556700371, 51.861200349647255], [4.99789666050228, 51.86088929900546], [4.998236253207736, 51.860694729514464], [4.998629722241253, 51.86047578110635], [5.0001035658679145, 51.8596291442913], [5.000455112935639, 51.859433214532885], [5.000780477293775, 51.859260037034], [5.001249358317346, 51.85905865755305], [5.0017038189138185, 51.85890327634293], [5.0022434565018274, 51.858685227036034], [5.002987058114172, 51.8583853115583], [5.003552087918941, 51.85821486092065], [5.003909770117891, 51.85812743965411], [5.003939793865, 51.85812010427333], [5.004434836501286, 51.8580263524824], [5.004904905058401, 51.85796563049387], [5.005247206853863, 51.85793341565612], [5.005521374068927, 51.85791267222847], [5.00593894230142, 51.857892313025786], [5.006546795882081, 51.85789497746822], [5.0067490052819155, 51.857881197548345], [5.00697412419149, 51.85786014796724], [5.007270523430703, 51.857872765422904], [5.007518950065461, 51.85789020656565], [5.007745325360837, 51.85794577654008], [5.008010936627645, 51.8579497716294], [5.0081850687475935, 51.85795705720377], [5.008734343706663, 51.85798130903798], [5.009146726645776, 51.85800621416888], [5.009469707647933, 51.858042946592846], [5.009519747478121, 51.858046091716375], [5.009719461288796, 51.85807894835306], [5.010668200989325, 51.85828315481537], [5.010840213132397, 51.85832897182644], [5.011417968504254, 51.85848286090316], [5.011996134841407, 51.85865063548754], [5.012306830723968, 51.85874457681093], [5.0127491578814904, 51.85885656340705], [5.013340548677813, 51.85896949946796], [5.01402599521754, 51.85907009386923], [5.0146337261209295, 51.859126448553205], [5.015186783297864, 51.859160668257715], [5.015627389097483, 51.859178161689314], [5.016527375197951, 51.859189752187355], [5.017438343761308, 51.85918803162199], [5.018064493155982, 51.859158578550726], [5.0183588866003, 51.85913564860764], [5.019758711623819, 51.85898248053794], [5.020418515890161, 51.85889470460681], [5.020927536585057, 51.85879254070855], [5.0213481549732455, 51.85875600197291], [5.021867137243386, 51.85870491902272], [5.022224540757085, 51.85866771305108], [5.02459736103177, 51.858567437809086], [5.025081151434035, 51.858559537972376], [5.025441010111625, 51.85855236893834], [5.025786201102122, 51.85857674779474], [5.026142342007362, 51.858586094789885], [5.026515246544198, 51.85859761345685], [5.026907221510091, 51.858607841201355], [5.026980255809106, 51.85877103350644], [5.027025664532208, 51.85889078110622], [5.027079468695309, 51.85901175887734], [5.0271427072301655, 51.859143848217336], [5.027194777520786, 51.85924934263363], [5.027247292202359, 51.85935193514256], [5.02729105266694, 51.85943646112704], [5.027344982442081, 51.859541871287576], [5.0274094295310015, 51.859642765531575], [5.027452001167811, 51.859739907485675], [5.027495521351378, 51.85982371358255], [5.02751134637466, 51.85985442140161], [5.027507087421882, 51.85988423177798], [5.027494886879604, 51.85990324076641], [5.027445150761785, 51.85992711431558], [5.0273847278858605, 51.859947647374874], [5.027273317954003, 51.859979610136975], [5.027381644809436, 51.860142973253566], [5.0274028741814565, 51.86017499197248], [5.0274213155736165, 51.86020346971436], [5.027385841896495, 51.860208241703255], [5.027348538632854, 51.86021307099303], [5.027311248562391, 51.86021624645076], [5.027281956186138, 51.86021773862071], [5.02727638156913, 51.86021775748665], [5.02719337186233, 51.860218060290066], [5.0271698249045755, 51.860218140895824], [5.027138656361788, 51.8602182520563], [5.027110550438136, 51.86021841754242], [5.027091214768136, 51.86021832229116], [5.027129327458184, 51.86027574004863], [5.027281762673884, 51.86027653097534], [5.027309215821139, 51.86027630951718], [5.02736015543689, 51.86028540906607], [5.027407698360735, 51.86030903238388], [5.027413425751087, 51.860741022134235], [5.027332924882085, 51.86074153046934], [5.027296460483659, 51.86074123894163], [5.027301437043391, 51.86091980821153], [5.027335144850363, 51.86148372512646], [5.02736408529944, 51.86184654839959], [5.027381465190912, 51.86197172871668], [5.0273823161085245, 51.86197788835557], [5.027399777894889, 51.862103734057804], [5.0273999155338265, 51.86210467825807], [5.027406244232506, 51.86215026866984], [5.027403506695564, 51.862493283317804], [5.027412242263727, 51.862994033985906], [5.027416601593229, 51.86324638672224], [5.027453678944484, 51.86338843559868], [5.027446173049557, 51.86353035686857], [5.027439264964681, 51.86359736194363], [5.02738718996281, 51.86373913766178], [5.027277578504208, 51.86390834028268], [5.027194043037967, 51.864002713714015], [5.027110429738593, 51.864104969642625], [5.027026736143234, 51.86421904496429], [5.026956246719352, 51.864274035272125], [5.026757558360695, 51.86443112642097], [5.026469286912741, 51.86464315759491], [5.0262897468962215, 51.86479636986876], [5.026109952946215, 51.864981130244786], [5.0260204041792695, 51.86502816959742], [5.025732631379153, 51.86517710217939], [5.025534202244216, 51.865302660873404], [5.02534195557228, 51.86545189565758], [5.025162566791721, 51.86558539519024], [5.025021691292226, 51.86567958128714], [5.024836180661391, 51.86578152127143], [5.0245803011451375, 51.86592267563757], [5.024266403231138, 51.86615037886658], [5.023978236120454, 51.86634662966781], [5.023856222303434, 51.866472421861374], [5.023791830376457, 51.86655896031277], [5.023765792666192, 51.86662985184763], [5.023726785062666, 51.86672829750697], [5.023687077732989, 51.86691348767687], [5.023641696012342, 51.86701191357371], [5.02356437915032, 51.867122069252034], [5.023423000855402, 51.86727934118856], [5.023108450589932, 51.86758590318349], [5.022980280216607, 51.867684072109796], [5.0227112683396795, 51.86787249640905], [5.022391005352014, 51.868096237954894], [5.022057732981712, 51.86835542422973], [5.0218264018803875, 51.868607034991854], [5.02178107827775, 51.8686975775475], [5.021748246663199, 51.868819699120735], [5.021759683917007, 51.8689813903915], [5.021815904927974, 51.86911561774867], [5.02189759034736, 51.86925387018081], [5.022092821362008, 51.869526528032026], [5.022159219929705, 51.8696664495209], [5.022211950535013, 51.869803416261256], [5.022228441326185, 51.869864858012605], [5.022236111944702, 51.86996835585176], [5.022260472357777, 51.87010873985304], [5.022310116479701, 51.87027552032566], [5.022323861764851, 51.87032818088982], [5.022337981966173, 51.870429595478214], [5.022360061054249, 51.87048953553473], [5.022391954123824, 51.870533542747225], [5.0224461849801765, 51.87060555515311], [5.022503592533099, 51.87068157721794], [5.022570555895473, 51.87077359224901], [5.022656504921008, 51.87090957430851], [5.022678647603062, 51.87096352825074], [5.022694312816065, 51.871019457499195], [5.022716328119841, 51.87108737894711], [5.022712749597126, 51.87113127597168], [5.022728544000797, 51.8711712422907], [5.022760550857282, 51.87120128184189], [5.022852302874681, 51.871417107364195], [5.022942187180892, 51.87146528515162], [5.022970827396955, 51.87151127752506], [5.023049993443592, 51.87168915095337], [5.023147824045201, 51.871950898615694], [5.0231665669613985, 51.87202680047431], [5.023163117813111, 51.87205472559695], [5.023153044273945, 51.87210458874146], [5.023141118325763, 51.87238196842208], [5.023140312251336, 51.872481754660214], [5.023142278324128, 51.8726374301033], [5.023145032765671, 51.87269731008453], [5.023140666164307, 51.872837002571764], [5.023138360726738, 51.87312239370935], [5.023089297501114, 51.873210057843416], [5.023050035530077, 51.87327978462418], [5.023046229753436, 51.87335362115479], [5.023032611313065, 51.87344138617394], [5.022989978630571, 51.8735310656188], [5.022953955896266, 51.87359881598423], [5.022950377399536, 51.87364271300204], [5.02292700547904, 51.87374242923293], [5.022906905477935, 51.87383616936264], [5.022876700469747, 51.87398176791544], [5.022835725201413, 51.874265034696286], [5.022838141867416, 51.87436483992173], [5.022856983648173, 51.874426765236436], [5.02286642879595, 51.87445473035067], [5.022875648006017, 51.87451063956437], [5.022916134338239, 51.87468839305484], [5.022960023814323, 51.874842203111506], [5.022966471848769, 51.87486010993827], [5.022970533873534, 51.87487138494636], [5.0229979448791235, 51.87494754740007], [5.023012397573392, 51.874977631304205], [5.023012868928295, 51.8749786035083], [5.023034297941211, 51.87502592174435], [5.023104506348537, 51.87518091891165], [5.023132375261287, 51.8752579725969], [5.023142482776874, 51.875288474454806], [5.023147226436391, 51.87534300353656], [5.023157141313203, 51.8753991485743], [5.023174616242484, 51.87547937887131], [5.023189650486166, 51.875543566374084], [5.023204877559679, 51.87558209271735], [5.023217493919004, 51.87562381981023], [5.023222095172066, 51.8756959925864], [5.023226916660864, 51.87574090436297], [5.023249731472543, 51.875801907124995], [5.023277719136142, 51.87586613475357], [5.0233414088603565, 51.875997813743034], [5.023379737754331, 51.87606367330976], [5.023451548207413, 51.876153689401924], [5.0234746110433, 51.87618583127757], [5.023505428543248, 51.87621798817404], [5.0235361699244105, 51.876261380269604], [5.023554126334512, 51.8762838797897], [5.023564337882816, 51.87630155554653], [5.02357197917466, 51.87631921435632], [5.023579567142386, 51.87634168177002], [5.023589752818025, 51.87636256628687], [5.0236051503274295, 51.87638184903395], [5.0236487531600895, 51.87643489845362], [5.023669216891882, 51.87646703224388], [5.023684575601192, 51.87649113261786], [5.0236947355434705, 51.87651521689943], [5.0237072620472825, 51.87656817010925], [5.023719685106282, 51.87663394937825], [5.02372440371749, 51.87669168719032], [5.023713661585292, 51.87673975961511], [5.023718598514576, 51.87676863649825], [5.023759629945834, 51.87682006899961], [5.023790216764363, 51.876882704610786], [5.023808108883916, 51.87691322150188], [5.023813073318408, 51.876940498538424], [5.023810034224097, 51.87699500349952], [5.023830357717625, 51.87704637190103], [5.023873715745172, 51.87712989099109], [5.023922130606826, 51.87723106085414], [5.023942594967612, 51.87726318560585], [5.023957913702348, 51.8772904946591], [5.023983562398175, 51.8773226444255], [5.024016734861606, 51.87738527897999], [5.024031990682377, 51.8774222053661], [5.024060146913666, 51.877463980406084], [5.024096007812978, 51.87751380585786], [5.024113926249564, 51.87754111393832], [5.024131922136901, 51.877558813706315], [5.024155023368489, 51.877584537874796], [5.02418839005954, 51.87762312014661], [5.024237193699261, 51.877676185409726], [5.024273003340013, 51.87773241934219], [5.0242983813083, 51.8777982385684], [5.024318846122909, 51.8778303722408], [5.024401043002684, 51.877918819885146], [5.024431786480282, 51.87796220275051], [5.024467351346052, 51.878048897389526], [5.024477513699448, 51.87807458153094], [5.02449026102574, 51.87810027365434], [5.024544093444261, 51.87817099844913], [5.024567066161104, 51.878212757356096], [5.024582219480252, 51.87826250972657], [5.024602529831243, 51.87831388693069], [5.024620268199954, 51.87836364727607], [5.024635626490024, 51.87838613860107], [5.0247095507720445, 51.87853549251619], [5.024727302218052, 51.87858365295734], [5.024742363942918, 51.878643022557235], [5.0247523975144714, 51.878684750481646], [5.024754814897025, 51.8787055929394], [5.024752075085845, 51.878724828544236], [5.024746748695075, 51.87874244725207], [5.024736250650722, 51.87875845007313], [5.024733549516053, 51.878772877028986], [5.024746284242098, 51.87880017799749], [5.024756537237661, 51.87881463594094], [5.024766803110451, 51.87882749399671], [5.024777054466614, 51.878840352006755], [5.024784669199283, 51.87885961956279], [5.024794831916174, 51.87888530367439], [5.024802369303006, 51.87891418852587], [5.024837819529573, 51.87901531797646], [5.024863250586245, 51.87907472853615], [5.024886212776779, 51.879119696182855], [5.024935497267518, 51.8791909280799], [5.025019407934491, 51.87934305402727], [5.025048965372928, 51.87940409517051], [5.025112949671628, 51.87954375568026], [5.025124318715921, 51.87958201818081], [5.025140258149839, 51.87967504280768], [5.025153295279135, 51.87971537776717], [5.025202033421919, 51.879881848412886], [5.025262421253361, 51.880053532222654], [5.0252983467952514, 51.88015177771984], [5.025330872014002, 51.88025931566958], [5.025355254006664, 51.88034101398363], [5.025402713283581, 51.88045893451802], [5.025453388756926, 51.880592351861154], [5.025466428507519, 51.880630619467745], [5.025567155176092, 51.880767291872864], [5.025646414916427, 51.8808770409256], [5.025669569210077, 51.8809019020615], [5.0256978541632185, 51.88091542670014], [5.025736114559457, 51.88093104036298], [5.025772605376944, 51.88095904350003], [5.025794143466841, 51.88098080764587], [5.025824026254524, 51.881001554813665], [5.02587047187022, 51.881037857827366], [5.025905300978052, 51.88106482215048], [5.025934319286048, 51.88110101760055], [5.025969569405223, 51.88113344811459], [5.026011083312898, 51.881167183213456], [5.0260484311172045, 51.88119703150971], [5.026077525545443, 51.88121650883085], [5.026129477623449, 51.881248990645396], [5.02617317216798, 51.88126980714565], [5.026202349526238, 51.88127894809074], [5.026248176896682, 51.88129460281824], [5.0263440455462, 51.881322042199464], [5.026402437718099, 51.88133385250199], [5.026460798828177, 51.88134954564604], [5.026629598040611, 51.88139789094624], [5.0266900403149615, 51.88141488468666], [5.0267505137027, 51.88142799552538], [5.026846544136196, 51.88143346747106], [5.026934062525626, 51.88146088075013], [5.027009022496977, 51.88148954977486], [5.027056993390706, 51.88149874813713], [5.027194790647364, 51.881510118373214], [5.027253891032994, 51.88152787171902], [5.027160383214362, 51.881650141235006], [5.027133905547433, 51.88168477306508], [5.02700175163461, 51.881857600275204], [5.026955371224723, 51.881918264198454], [5.026927614950234, 51.8819111501792], [5.02670323161144, 51.88185362840818], [5.026649197675201, 51.881839773304506], [5.026107729194028, 51.88170098372684], [5.026038027591256, 51.88168311631251], [5.0259719495447035, 51.88166617681201], [5.025570389771175, 51.88155483391104], [5.025223593700412, 51.88146064639134], [5.0251079450222775, 51.88143129351992], [5.0239418579661335, 51.881108193113974], [5.023851969033595, 51.881083287003015], [5.023561162374524, 51.88100964432959], [5.023514057840158, 51.8809958272074], [5.023461302573709, 51.88098034769926], [5.022861450776834, 51.880804393197785], [5.0221300984642046, 51.88059562396467], [5.02183704303705, 51.88050272595707], [5.020676402310637, 51.8801747292549], [5.020535441503455, 51.88013519895308], [5.019458319288195, 51.879833166478704], [5.019251953164176, 51.879775255316915], [5.01848333749489, 51.87955956008339], [5.017230378126341, 51.87920693442767], [5.016503715753855, 51.87900282748109], [5.0158993497566575, 51.87883306074257], [5.0151390871250525, 51.87862095629457], [5.014517984813343, 51.87844790257503], [5.014150857598261, 51.878347029127546], [5.014118936682364, 51.878338262950265], [5.014137905472752, 51.87836255581665], [5.013957259855476, 51.878311440305396], [5.013645057367877, 51.87822310779662], [5.013629018396458, 51.87821857158828], [5.013464075580958, 51.878172385942015], [5.013280529211789, 51.87812099949185], [5.01303961632585, 51.87805244200332], [5.0126877671150245, 51.877952322718876], [5.012521586460897, 51.8779050352163], [5.0118666140716535, 51.87771911386232], [5.011835536780987, 51.87771029582797], [5.011133159315496, 51.87751333393591], [5.0110326994055265, 51.877484752795546], [5.010255827041686, 51.87726375481016], [5.010185055436578, 51.87724342965952], [5.0100036716680645, 51.87719135290558], [5.009322919593579, 51.87699956397428], [5.009150019639456, 51.8769508478757], [5.008443787092057, 51.87675230243516], [5.0079630639564465, 51.87661715702232], [5.007864339557562, 51.87658990005362], [5.007620793254069, 51.8765221498249], [5.00745932155555, 51.876468776240294], [5.007188981921091, 51.87639257929466], [5.006941803501509, 51.87632526531664], [5.0067745300993005, 51.876279826699836], [5.006638176106839, 51.87624278430288], [5.006634061303204, 51.87624166539991], [5.006587177977909, 51.87622865111358], [5.006273454726489, 51.87614153439042], [5.006124095855449, 51.87610035051644], [5.006010392628036, 51.87606899861291], [5.005987283959948, 51.8760626317477], [5.005769947236994, 51.876002710709805], [5.005472477499329, 51.87592069608791], [5.005374175975973, 51.875893591193886], [5.004662298385768, 51.87568993512621], [5.004337401163602, 51.87560619238843], [5.003518481563096, 51.87537488266952], [5.002361800776248, 51.87504614152151], [5.001241890144231, 51.87472595885044], [5.00126624123558, 51.87499226527609], [5.001211779493404, 51.87497428032894], [5.000429684364158, 51.8747159790913], [4.999292047187682, 51.874343901373464], [4.998241587597467, 51.8740001988522], [4.997969441672967, 51.87389286584784], [4.997660945660985, 51.87380287602098], [4.997327493853493, 51.87370560284374], [4.996817158171114, 51.873558376682695], [4.996805294963042, 51.87355495761658], [4.996796357781894, 51.873552375207225], [4.996791992186492, 51.87354841480006], [4.996716235305646, 51.87347971649531], [4.9966335628710645, 51.87340474822442], [4.996691667092548, 51.87331534544121], [4.996707252776507, 51.87329136238204], [4.996645727175442, 51.87327291137846], [4.996652970016763, 51.87325987537239], [4.996614005231383, 51.87324869906792], [4.996535221105473, 51.87322610089107], [4.996548555130698, 51.873207251706745], [4.99623755198522, 51.873119227218176], [4.996122798278747, 51.873361126500065], [4.99595251471811, 51.87372003995885], [4.995804262077825, 51.87397977706249], [4.99541584217554, 51.87477837459926], [4.995407606311142, 51.87479531715894], [4.995316443834299, 51.875003525113655], [4.995240759172577, 51.875206894986604], [4.995175630661362, 51.8753786160541], [4.99513320505198, 51.875546332167175], [4.995076599607526, 51.875744786068765], [4.995013099929583, 51.87601614852063], [4.994973199863155, 51.8762539193386], [4.994951345532386, 51.87653893933849], [4.994940838923478, 51.87675988321822], [4.99495160628046, 51.876954265627276], [4.994951907915598, 51.8769563159822], [4.994979379261687, 51.877145325206044], [4.995004938598224, 51.87736214702257], [4.995040248496402, 51.87754661631126], [4.9950468591844785, 51.87761633416818], [4.995091315922625, 51.87775273724118], [4.995146841121412, 51.877948976836265], [4.9951971337070935, 51.8780840421026], [4.995268115490522, 51.878256505073026], [4.995328450321748, 51.878404196490024], [4.995406025700437, 51.87857173777091], [4.995510736196929, 51.87878703479748], [4.995587886702783, 51.87892174902856], [4.995680193668658, 51.879065502101284], [4.995771028262423, 51.87921330394146], [4.995851932057918, 51.87933408954908], [4.995943813068133, 51.879446822145965], [4.996051382710804, 51.879589286497314], [4.99616411410573, 51.8797227705839], [4.996173340306331, 51.879745730616584], [4.996258124400874, 51.87984135245151], [4.996346489937033, 51.879941030906224], [4.996427690846869, 51.88003124767211], [4.996525648485303, 51.880143631495706], [4.996527546716268, 51.880145804005735], [4.996672860983189, 51.88028885173504], [4.996775751274593, 51.880388578158644], [4.99697382396109, 51.880559224385856], [4.997347808178092, 51.880862241720884], [4.997753127335876, 51.88115321848884], [4.9980355475803515, 51.88138756444592], [4.9982997933723246, 51.88162453704549], [4.998441660941197, 51.881774366323796], [4.998560789012378, 51.881900175188335], [4.99871432733189, 51.882098103501676], [4.998716234460299, 51.88210095013168], [4.9988357407841875, 51.88227909017985], [4.99892817087628, 51.882425726274], [4.999043616025177, 51.88262195522458], [4.9991132822630755, 51.88276084885369], [4.999139318354225, 51.88280870800843], [4.999153737431284, 51.88285630406295], [4.999177970014745, 51.88290952329821], [4.9991806530935445, 51.882915033037726], [4.999210109837673, 51.882975532118884], [4.999244808271404, 51.88306994360156], [4.999275305199804, 51.88317326663232], [4.999318763880222, 51.883301197643206], [4.999351552524647, 51.88343696719768], [4.99937927818921, 51.883583865582374], [4.9993998234789245, 51.88376344887433], [4.999426716768047, 51.88394633386868], [4.999440731667056, 51.884091560063546], [4.999447186576887, 51.88425281449585], [4.9994517734718436, 51.8842835158854], [4.999434477790262, 51.88441810434101], [4.999375595261742, 51.88461201343505], [4.99931538123813, 51.884769892772105], [4.999283847465118, 51.88485763180892], [4.999256197897716, 51.88493453472324], [4.9992008732158855, 51.88507272767452], [4.999121868344329, 51.8852400634906], [4.99902719912108, 51.88543672141915], [4.998875777727876, 51.885748143687906], [4.998830395556353, 51.88583302344955], [4.9986609687952415, 51.88614176128856], [4.998073000799566, 51.88729154662027], [4.997797784034773, 51.887834034527216], [4.997573542584067, 51.88826118152209], [4.997481103827274, 51.88844528892166], [4.997447574185614, 51.88848095131315], [4.997421647572434, 51.88852263416122], [4.9973816329086205, 51.888614389316345], [4.997346821971804, 51.8886889580177], [4.997333634609391, 51.88871720958649], [4.997294340128702, 51.888843176782004], [4.997256712364045, 51.88901148465018], [4.997204720069593, 51.88921140179226], [4.997145541185748, 51.8893756022827], [4.997036092130402, 51.8895642638459], [4.9969118699911945, 51.88976786878906], [4.99678492077831, 51.88994576682738], [4.996672218452588, 51.89010554663526], [4.996557752265458, 51.8903044467721], [4.99644327080046, 51.890515031603485], [4.996324541951828, 51.890757924304246], [4.996267978242711, 51.890995082509896], [4.996242211634621, 51.89107659301535], [4.996161400320444, 51.891332303302384], [4.996040582689414, 51.89167639759538], [4.99596122972599, 51.8919629606115], [4.995914202157911, 51.8921872970377], [4.9958594751956005, 51.89241324366627], [4.995858932695225, 51.89241548894667], [4.995840183025358, 51.89253522322651], [4.995808310014325, 51.89277249938665], [4.995774128493618, 51.892984519559526], [4.995758877523565, 51.8932798978572], [4.995768853132236, 51.89347759392509], [4.995805612034124, 51.893654238639336], [4.995825570244667, 51.89381330007381], [4.995877984105109, 51.8940374823727], [4.995924542925436, 51.89419323480621], [4.9959858775118136, 51.89435727874897], [4.996079842921601, 51.89459147752376], [4.996148840581147, 51.8947799502553], [4.996216930129491, 51.895006135028915], [4.996280917871291, 51.89523964958424], [4.996326421979626, 51.8954535888845], [4.996337348903853, 51.89569599605008], [4.996344653669104, 51.89594396392911], [4.996335924831396, 51.89619126723858], [4.9963215905783835, 51.896471718886396], [4.996301439402209, 51.896689205772795], [4.996270742917535, 51.89692477806004], [4.996228195187173, 51.897146441867804], [4.996185386999928, 51.89736626217662], [4.996130955959251, 51.89758265516213], [4.996087303836258, 51.89781422038219], [4.996031102693865, 51.898088726056855], [4.995964429238651, 51.89838952367821], [4.995912552527669, 51.898644413137234], [4.995854072505508, 51.89888499808729], [4.995775728556113, 51.89913410074116], [4.995705692582513, 51.89937673255484], [4.995654145827969, 51.89954660234425], [4.995636330198494, 51.89960531777583], [4.9955673432022385, 51.89988084136212], [4.995484854163919, 51.90020011111114], [4.995417358193177, 51.90042432508162], [4.995394240722798, 51.90051949750657], [4.99531825503224, 51.900528861566656], [4.995253372810336, 51.900659695215786], [4.995236867569981, 51.90069296893825], [4.9951828605758335, 51.901041455732745], [4.995121695522603, 51.90138923548224], [4.995057995723121, 51.90171263931492], [4.994993181747076, 51.90208874704777], [4.994967650252301, 51.90229229279696], [4.9948354784293345, 51.90228427422249], [4.994696635068958, 51.90227483102557], [4.994479671523573, 51.90226091098656], [4.994482492448956, 51.90224403131346], [4.9943767962294325, 51.90223923766444], [4.9943594593105916, 51.902237813458925], [4.994348190413485, 51.90234688531671], [4.994340169417473, 51.902345240589526], [4.994243612458677, 51.90232549381144], [4.994238898434451, 51.902324534265695], [4.9940139526900404, 51.90227791402277], [4.993754845638934, 51.902226388145856], [4.993321537895565, 51.90213456720468], [4.992910917421986, 51.90201746468366], [4.9927271908815225, 51.901974881258276], [4.992665727147759, 51.901953372455736], [4.992456473756433, 51.901945290031655], [4.992250731547802, 51.90188979651397], [4.991970002160968, 51.901814078249394], [4.991449122738817, 51.90167329278626], [4.9914547704623295, 51.90166059329941], [4.989971325070445, 51.90126969844423], [4.988569101510359, 51.90089656974611], [4.988290904537844, 51.900810298921556], [4.988281080196081, 51.900807254460716], [4.988077671066053, 51.90075526698354], [4.987703994362973, 51.900659771840644], [4.986358989436387, 51.90031694917862], [4.985854055485441, 51.900179357113544], [4.985113734774557, 51.89998575090506], [4.98503933680417, 51.89996526343193], [4.98481447645545, 51.899903345602375], [4.984590685939206, 51.89983235276945], [4.983537772331215, 51.89957551029902], [4.983531320730212, 51.89957394213122], [4.982893678311847, 51.89940216583978], [4.9818196463122835, 51.89911281421864], [4.980304622994942, 51.89870243499863], [4.979678432846306, 51.898532999975664], [4.979676969018462, 51.89853259940966], [4.97964548856641, 51.898524086080016], [4.979630849888021, 51.898520125355596], [4.978216302165776, 51.89813736496744], [4.977477029201952, 51.89794445107461], [4.975757004514559, 51.89749638215049], [4.974798638389581, 51.89725321174359], [4.974666348201129, 51.89721730608738], [4.974530513347404, 51.897167123308144], [4.974354551614871, 51.89709303412107], [4.9739032194415405, 51.89721431763903], [4.9738361722589115, 51.89722343856978], [4.973781526420284, 51.89723165933678], [4.97374860197749, 51.89723663085153], [4.973586658225196, 51.89726407737715], [4.9735492295251555, 51.89726907791588], [4.973522196817107, 51.897270061310444], [4.973492007510025, 51.89726830112019], [4.973460818007758, 51.897263130812306], [4.973429141753333, 51.89725559484386], [4.9734102768766055, 51.897249973580315], [4.9734060473571144, 51.897392361191486], [4.9734152463786225, 51.897434782682545], [4.973412517465537, 51.897674690239086], [4.973433346940786, 51.89822832041819], [4.9734804300506745, 51.899156641733576], [4.973490742885705, 51.899917084317266], [4.973498070128427, 51.89992926238716], [4.973511475150457, 51.90030128385822], [4.973519267749352, 51.9005172925785], [4.973528322271753, 51.900768315392405], [4.973526882282307, 51.901049789748086], [4.973533750136228, 51.90120045881549], [4.973553461917101, 51.901559837833005], [4.973561569455261, 51.90182540043593], [4.973585167770921, 51.90227575527316], [4.973622338464592, 51.903015349228546], [4.973629958117709, 51.903190208561554], [4.973667913508137, 51.9039299579746], [4.9736828795924115, 51.90424940284741], [4.973704688257808, 51.904714501098844], [4.973722389448777, 51.90525184222863], [4.973719280668468, 51.90545886001791], [4.973725559992728, 51.90555512041327], [4.973730056444785, 51.90562401398637], [4.973747547002901, 51.90597404603684], [4.9737492838463195, 51.90613292127241], [4.973750924798706, 51.90628325723291], [4.973765590596899, 51.90654380925705], [4.973765448038639, 51.90661624587937], [4.973764716098027, 51.906974186411254], [4.973770087346296, 51.90729104467927], [4.973773003139616, 51.907462381889296], [4.9737772352637615, 51.907520533433676], [4.973777453887678, 51.90752362619563], [4.973770069485076, 51.90758077510278], [4.973763097011244, 51.907632631320645], [4.973740238753415, 51.907667317807245], [4.973693359636078, 51.9077003198099], [4.973406176419904, 51.90783431356863], [4.9732686249540325, 51.907901025865215], [4.972966115239282, 51.908016826053604], [4.97272165722912, 51.908109352734826], [4.972369375060485, 51.90823261586379], [4.9721912026657895, 51.908296181340496], [4.972062496463024, 51.9083473376781], [4.9714451307853995, 51.908601906552434], [4.971187194359041, 51.90871647571032], [4.970500093537217, 51.90899587015011], [4.969885226740574, 51.909248597100856], [4.969020748699815, 51.909603277253495], [4.968672120127697, 51.90975322874213], [4.968554079243394, 51.909803700175274], [4.968325133802911, 51.90989980543515], [4.968097032489749, 51.90999723454898], [4.967791562627685, 51.910094000527366], [4.967606704351508, 51.910139010210194], [4.967111534609604, 51.910205983443156], [4.966718263797992, 51.91025177428884], [4.966716926044966, 51.910251850395795], [4.966657715369245, 51.91025527872858], [4.966431792681668, 51.91026837472518], [4.966157547059879, 51.91031255858756], [4.966007712047717, 51.910332622770724], [4.965615507229493, 51.91039313667072], [4.965262048289157, 51.91045192784488], [4.964954952321781, 51.910510381261744], [4.964655623931748, 51.910566470915214], [4.964484104837679, 51.91059416716738], [4.964268317947234, 51.91062026567133], [4.964151281318804, 51.91063272457164], [4.964127805329397, 51.91063788023771], [4.964129056406405, 51.910685648841074], [4.964132369396349, 51.91080623051259], [4.964132264026192, 51.91091941144726], [4.964137769938654, 51.911030895812914], [4.964143093212519, 51.911157165355505], [4.964156175663871, 51.911280523646596], [4.964172217893785, 51.91142914985601], [4.964163956919827, 51.911556494034144], [4.964162390867166, 51.911729172753624], [4.964163925686226, 51.91183330842098], [4.964188392275122, 51.91196859042913], [4.964192221634353, 51.912014202162155], [4.964159785134794, 51.91226733236942], [4.964135013933342, 51.9122818492489], [4.964114217822892, 51.912294034477426], [4.963562036678072, 51.91261665914712], [4.963358829909043, 51.91274410917915], [4.963292823376787, 51.91278507365948], [4.963261573412024, 51.9128038004945], [4.963325818184443, 51.912829487340744], [4.963484901056052, 51.91289328532216], [4.963657980019373, 51.912966400543255], [4.9638679552745995, 51.91306331481158], [4.9640653433858075, 51.91316039908687], [4.964307435695057, 51.913287206662645], [4.96467231866277, 51.91347377857586], [4.964674126835769, 51.91347469290306], [4.964784854507828, 51.91351883741842], [4.964678796824483, 51.91356393711637], [4.964377068211928, 51.913692247951424], [4.963148085654941, 51.91398684302977], [4.962709517543228, 51.91410657506325], [4.962132560582109, 51.91426066168871], [4.961417065771756, 51.91444766219582], [4.9606407550175255, 51.914663532877434], [4.960490360952071, 51.91475757121986], [4.960379867516118, 51.91482669479509], [4.960311643646091, 51.91475459398812], [4.960246167718211, 51.91467935720151], [4.959693047674597, 51.91404585967619], [4.959656431647647, 51.91409216029053], [4.959530900789719, 51.914250905181206], [4.95936681908969, 51.914440699143626], [4.9591131114671425, 51.91473636376642], [4.958917670194851, 51.91495262139577], [4.958733155609035, 51.91514157596629], [4.958557357459301, 51.91528508095951], [4.95844388892496, 51.91530144815692], [4.9582939542014355, 51.915313089063915], [4.957722561462639, 51.91535312100368], [4.956808834820371, 51.91543681133095], [4.956685107033942, 51.9154680149803], [4.956586600314108, 51.9154988615311], [4.956506028770539, 51.91552673568854], [4.956449458496048, 51.91555111144168], [4.956317540966523, 51.91561632359068], [4.956227445669702, 51.91560205216588], [4.956217678564506, 51.91560050629058], [4.956157087679507, 51.91559091812217], [4.956073048743988, 51.91579394439639], [4.95568432810806, 51.91676491377435], [4.95541200844574, 51.91740707513013], [4.955062545387738, 51.91825141481838], [4.954683999987602, 51.91918161097694], [4.954325059575773, 51.920038155593964], [4.954001377538694, 51.92079896826868], [4.953664400756944, 51.921642405817636], [4.953367489540645, 51.92238192314429], [4.9530857863217825, 51.92307203296687], [4.9528324196885425, 51.923721799255866], [4.95261043972136, 51.92425652258324], [4.9523637459236705, 51.924844778964314], [4.952175912608214, 51.92531556813735], [4.952060464446857, 51.92563424541404], [4.952020462398293, 51.92574469903627], [4.951979456393631, 51.925843203394926], [4.951844381333881, 51.92616763220264], [4.95175728320792, 51.926370230663416], [4.951668194167611, 51.926614680465605], [4.951601407237773, 51.92681550248552], [4.951473119540446, 51.92709606584773], [4.951377499015067, 51.9272940932881], [4.951200639543026, 51.927703090596935], [4.95107546631537, 51.92798580429236], [4.950946448175015, 51.92830499630552], [4.950771065844865, 51.92871976894584], [4.950565791163886, 51.92922699233776], [4.95028765125588, 51.929887186933435], [4.949745728333437, 51.93117902655085], [4.949654121034227, 51.931414189374294], [4.949595167794268, 51.93156590000813], [4.949519126247342, 51.931631348648], [4.94951585646695, 51.93163415881276], [4.949494008697129, 51.93165297095799], [4.948600929977041, 51.93125541180846], [4.948599308586992, 51.93125468668835], [4.94854507779555, 51.93123054827455], [4.948454332126474, 51.93147509724052], [4.948241646695208, 51.932120799380876], [4.94800199670327, 51.932827575061715], [4.947863511103844, 51.933211696028074], [4.947725699218943, 51.93362928297635], [4.947695920147562, 51.93372443916226], [4.947639306501415, 51.93371026850669], [4.947623115226632, 51.933706576649264], [4.947236410717595, 51.93361848180841], [4.946729784793515, 51.93350434642524], [4.946256345782071, 51.933400301461354], [4.946118486640241, 51.933361781346434], [4.946047903311667, 51.93333695122851], [4.945943911482184, 51.9332893359871], [4.945843729899085, 51.93322835130279], [4.945651025286812, 51.93304917260535], [4.945551573696613, 51.93290806821142], [4.945386357476517, 51.93270179360433], [4.945250740253251, 51.932531673381334], [4.945212031549666, 51.93247129682602], [4.945167984093615, 51.932403790385784], [4.945106898694066, 51.93233449406754], [4.944869035420124, 51.93211579312189], [4.944507810868654, 51.93182531339804], [4.9442850232256355, 51.93166496651695], [4.944039958132967, 51.93149468395489], [4.943909406204978, 51.931403040609574], [4.9437569434812865, 51.93130842018476], [4.943577350805926, 51.93120635365413], [4.943288480218788, 51.93105690991338], [4.943197852733027, 51.931004003600926], [4.9430129520045485, 51.93082283655403], [4.942872065975183, 51.930701814966504], [4.942772863111183, 51.930622252372956], [4.942688597933973, 51.930549523423345], [4.942525528954979, 51.93037971856017], [4.942383485651438, 51.93023780304199], [4.942292824890516, 51.93016649671691], [4.942183034534055, 51.93010211980995], [4.942077890934367, 51.93006039309365], [4.941790721378863, 51.92997089543447], [4.941493460637959, 51.9298683975767], [4.941316349187871, 51.929798713027274], [4.941248677303465, 51.92976702392818], [4.941008511638756, 51.929571136693674], [4.940798095917856, 51.92941180079936], [4.94071406274302, 51.929361641065015], [4.940519103233942, 51.929262396663354], [4.940364132628281, 51.929197729433945], [4.940163166715166, 51.9291221998624], [4.940004353765241, 51.92907849637705], [4.939620912241612, 51.929004015029925], [4.939460556331528, 51.92897664575871], [4.939455708500235, 51.928975818333626], [4.93944985920755, 51.92897481631336], [4.9393677280034, 51.92895726364152], [4.939364797298702, 51.92895664126322], [4.9393320232368065, 51.92894963126248], [4.9392347281515985, 51.92893788111258], [4.939227227219978, 51.92895526297764], [4.939201329310941, 51.92905630131454], [4.939175229426973, 51.92915133464748], [4.939087065545473, 51.929359726246794], [4.93857708229596, 51.930729602263746], [4.938099120398448, 51.93192132314233], [4.938096563367215, 51.9319298523131], [4.937981489228423, 51.932312882916065], [4.937564215036483, 51.93336517230892], [4.937276625970274, 51.934154543870314], [4.937214329612401, 51.93429868535636], [4.937194799652936, 51.93434386695917], [4.936423327084478, 51.93639172998154], [4.936375592207238, 51.93655650122665], [4.936353765430861, 51.93663187486063], [4.935819110876731, 51.93806285627513], [4.934546783517722, 51.94138806301627], [4.934407420048239, 51.94178756239524], [4.934286051651701, 51.94213149296279], [4.934247741455514, 51.942205373503455], [4.934186042833687, 51.94231556676562], [4.934093932197751, 51.942544172321455], [4.934005276130495, 51.94271855533225], [4.933977678086625, 51.94277567783278], [4.934009717236996, 51.94278292914304], [4.933401344884453, 51.94442763656984], [4.933240695729021, 51.94491663031013], [4.933258513990372, 51.94491792154112], [4.932860574279296, 51.94605516453768], [4.932615212010621, 51.94666273691864], [4.932387107411274, 51.947089305025436], [4.932235701719191, 51.947339943780285], [4.932126246003312, 51.94755146561508], [4.931982962702369, 51.94775094677676], [4.931943763122178, 51.94780552509028], [4.931582096327021, 51.94830900899261], [4.931517799710742, 51.94839852651167], [4.931365865327633, 51.94861003576091], [4.931295601648717, 51.94866683037016], [4.931164899362107, 51.948738131397256], [4.931043079729956, 51.948862866588414], [4.931021267288722, 51.94888520790044], [4.93081331735429, 51.94897175860807], [4.9307314284718515, 51.94900583910751], [4.930679511715638, 51.94897468159283], [4.930130638745048, 51.948645246644176], [4.9300333206592715, 51.94874617601614], [4.929963500259477, 51.94882211676555], [4.929949544359048, 51.94885422283283], [4.929707449925045, 51.94941124282824], [4.929641019463087, 51.949508391263265], [4.929580854608587, 51.94974585455137], [4.929586762301478, 51.94981421613478], [4.929553665874621, 51.9498789383932], [4.929475238613494, 51.95019127555891], [4.926301063977509, 51.950927766941994], [4.925465584961354, 51.94993120121015], [4.925289325709265, 51.949720953804494], [4.925209094110533, 51.94964280818558], [4.9251800028730255, 51.94961447035651], [4.9244934743071465, 51.94894575856837], [4.922716025879569, 51.947409567172166], [4.922593444276583, 51.947303613243754], [4.92256462616809, 51.947278709422186], [4.922357681987817, 51.94709984068705], [4.921328222176727, 51.94626578824253], [4.920684656623002, 51.945787040989785], [4.920514562742268, 51.94566050164492], [4.9203501996770225, 51.94553822732012], [4.920217503399369, 51.945442297649066], [4.919187346111166, 51.94472873932599], [4.918002420656626, 51.94398677105422], [4.9166363856589, 51.94331481320854], [4.916379620548805, 51.94317823128267], [4.915515191103459, 51.94287821200385], [4.9149195968287, 51.94269854260201], [4.914582324505758, 51.94259680472303], [4.914011076980219, 51.942435708685025], [4.913525232781168, 51.94235740446863], [4.908498479294604, 51.94164606639443], [4.908205490358952, 51.941609260771685], [4.907460213994384, 51.94152549651985], [4.906990406807304, 51.94147268576857], [4.906937939740776, 51.941466790736676], [4.906918344482466, 51.94146458940851], [4.906422305108596, 51.941408828857334], [4.904433488013192, 51.94112245927763], [4.900712917005828, 51.940631659557475], [4.898849328097237, 51.940373145983315], [4.897917955485279, 51.94024392923646], [4.89407294427057, 51.939785747294934], [4.892274607236947, 51.93950874289274], [4.8922813210807075, 51.93949861426983], [4.888702140800803, 51.93902672406169], [4.885109695740292, 51.93858640590177], [4.881802520230433, 51.93828455663585], [4.879787418961017, 51.938118576626444], [4.87786654800342, 51.93803361444275], [4.8777926382938315, 51.93803034590838], [4.877770613723491, 51.93885113570283], [4.877769072831856, 51.938987123780855], [4.877767783318507, 51.93903932291972], [4.877739150209139, 51.9390341023729], [4.877705453932899, 51.93902909356895], [4.8776506017678765, 51.93915851369086], [4.877648618712331, 51.93916282852208], [4.877634022905542, 51.93919447637723], [4.877630683435151, 51.93920170656281], [4.877584018700961, 51.93930286661305], [4.877497776163169, 51.9395111317701], [4.877357477114854, 51.93985024945385], [4.8772442566297665, 51.94011483565877], [4.877128777187186, 51.94038998232668], [4.8770261721260235, 51.940635190417204], [4.876989025286638, 51.940723969549005], [4.876986768096621, 51.940729361788755], [4.876983568934463, 51.940737024008705], [4.876983479130588, 51.940737248329285], [4.876983135477418, 51.940738055794974], [4.876979488212508, 51.9407467587258], [4.8769770217156925, 51.940752653408104], [4.876970428213248, 51.94076851630501], [4.8769184869403395, 51.94089351742497], [4.8769154070521346, 51.94090091949678], [4.87691486873495, 51.940902220479934], [4.8769135081444555, 51.940905495344744], [4.8769129549787555, 51.94090682322869], [4.876910667563485, 51.94091231420833], [4.876905120340766, 51.94092568286432], [4.876844312939241, 51.941071974968125], [4.876842503822338, 51.94107632649442], [4.876823036671605, 51.94112318845984], [4.876692394937377, 51.94143446519941], [4.87665587777369, 51.941521467252066], [4.876612798453179, 51.941624098606866], [4.876458092038462, 51.94199103466942], [4.876328550281452, 51.94229849569856], [4.876324123759887, 51.9423091996382], [4.876313744137696, 51.942334402981345], [4.876307595032954, 51.942349512744904], [4.876295072131315, 51.942380306552906], [4.876293815906383, 51.94238334816519], [4.876284913172507, 51.942405286142176], [4.876280544699171, 51.94241599932089], [4.876279063179212, 51.942419669142716], [4.876274485076425, 51.9424309117265], [4.876220027103887, 51.94256714609771], [4.8760994501448, 51.942841820149916], [4.875980135315435, 51.943134548301394], [4.875709587357927, 51.94377533284637], [4.8755137085819475, 51.94424428673538], [4.875484014710054, 51.944315372672094], [4.875462364910922, 51.9443671865092], [4.875435182636912, 51.944432270118895], [4.875424955645624, 51.944456754973025], [4.875202838982253, 51.94497880550154], [4.875118523855359, 51.94518575596936], [4.87511360504246, 51.945197491385215], [4.875105575530375, 51.94521672756242], [4.875098473727824, 51.94523240836921], [4.875090446452315, 51.945250170455466], [4.874975134374485, 51.94552107315678], [4.8746634832745075, 51.94626645404899], [4.874216931740832, 51.9473278532984], [4.874111635866035, 51.94758173883659], [4.874003585667723, 51.947835980779146], [4.873828362013686, 51.94824573440447], [4.873623340669222, 51.94873359271327], [4.873399418282925, 51.94926363201481], [4.873026879278673, 51.950150707088895], [4.872821675815999, 51.950633989056605], [4.872793751284694, 51.9506997250817], [4.872792136453825, 51.950703556074394], [4.872777710747665, 51.95073751415026], [4.872843048095351, 51.95074806479973], [4.872833768407323, 51.95076960541329], [4.872788072182291, 51.95086932083125], [4.872737735843535, 51.950979172848854], [4.872728471384019, 51.95099937424508], [4.872722846975544, 51.95101164580039], [4.872695431797796, 51.951081141192105], [4.872562658690755, 51.9514097072612], [4.87239411223083, 51.951814608047265], [4.8721587601061485, 51.95236587110789], [4.8719934686677036, 51.95275775235117], [4.871873858632863, 51.953036121021], [4.871762087852692, 51.953328455991425], [4.8715535348141925, 51.95381341084008], [4.871395364162439, 51.954185997343025], [4.871382017928574, 51.954270214257754], [4.871371835440152, 51.95433353797588], [4.871366610942606, 51.95434385174335], [4.871287502663375, 51.954517448643394], [4.871222762727551, 51.95464323619791], [4.871195150553826, 51.954671203850246], [4.871156201639959, 51.95470587204847], [4.870909304507968, 51.95486515967064], [4.870883949233855, 51.954881524117326], [4.870838876709579, 51.95484895887805], [4.8708019495658, 51.95480384560046], [4.870777051062166, 51.95481590657518], [4.870745028275437, 51.954831414773345], [4.870711118287836, 51.9548478404809], [4.870709026317198, 51.95484885597213], [4.870691515435207, 51.954857336032866], [4.870665051478108, 51.954870163112005], [4.870658087933265, 51.954873548122556], [4.870655393549033, 51.954875082295075], [4.870541324654178, 51.95493974720831], [4.870539363183956, 51.95494079922369], [4.87042898288417, 51.95499967371495], [4.870404082207258, 51.95502835419829], [4.870299982523979, 51.955148260608496], [4.8701878895277, 51.955280077397624], [4.86951845707991, 51.95605481950592], [4.869307642794263, 51.9562947000688], [4.868765390218955, 51.95693070441538], [4.868290875315166, 51.95748724195636], [4.867855922470983, 51.95799201722762], [4.867777448695993, 51.958078768452964], [4.86773248674559, 51.95813851364064], [4.86772986398798, 51.958143895108805], [4.8677074483734195, 51.95817251409946], [4.867670414097384, 51.95821977341128], [4.867663429453899, 51.95822869502293], [4.867539135370848, 51.95837382120325], [4.866771895763152, 51.959269576207625], [4.866526031917561, 51.95956096219568], [4.866029824662719, 51.96014904293436], [4.865804459716224, 51.96041587202151], [4.865749329045241, 51.96040610884541], [4.8657122490550995, 51.96040430853408], [4.86568867466872, 51.960399673830345], [4.865673955874428, 51.96043308144599], [4.865511889413744, 51.96076907794161], [4.865094924796834, 51.9616750584344], [4.865094790514685, 51.96167534546815], [4.865084879179263, 51.96169689168546], [4.864928966403386, 51.962035998161454], [4.864777536835903, 51.96236097654913], [4.8645592303497605, 51.962837571078175], [4.864304494629436, 51.96339715523331], [4.864071645144791, 51.96391099517394], [4.863733718954534, 51.96417756267091], [4.863460340732562, 51.964389991698155], [4.863383362749014, 51.96445284656353], [4.8630676955959, 51.96472526390162], [4.862933573264349, 51.964885613017515], [4.862619285011118, 51.965252575647575], [4.8625881282179195, 51.96529025101981], [4.862493170535686, 51.96540102334472], [4.86229957971145, 51.965630658931396], [4.86203811671771, 51.96594529140705], [4.861758371400179, 51.966273809664344], [4.861713277303037, 51.966326055714525], [4.86157329809426, 51.96653223611475], [4.861351770614826, 51.9668566361944], [4.8609365459390235, 51.96747539445433], [4.860885869667707, 51.96754561005656], [4.860821818721559, 51.96760477293555], [4.860789111730601, 51.96765277759669], [4.86079213969912, 51.967676277918734], [4.86079801056629, 51.967721686781715], [4.860806027916267, 51.96778385968556], [4.86051526952206, 51.96791298031038], [4.860425717238352, 51.96797882404601], [4.860200803800678, 51.968157567267085], [4.8599904202367, 51.96833927845017], [4.859803589768108, 51.968481725534275], [4.859648375740236, 51.96857368228752], [4.859484027992127, 51.96867258193949], [4.859382334387675, 51.968705122255976], [4.859273117038396, 51.968720334979416], [4.859006671101382, 51.96875107488946], [4.858593905529166, 51.96879896291457], [4.858385284207153, 51.96883008706971], [4.8582231881914115, 51.968864709830925], [4.8580719739116835, 51.968904531685965], [4.857951296716983, 51.9689462344868], [4.857827603001305, 51.96900433647056], [4.8577139680508274, 51.96907819537972], [4.8574874469962115, 51.96922525110097], [4.857044017306953, 51.969497346954334], [4.85667348029872, 51.969722176133885], [4.856292375861427, 51.96993333899676], [4.855774131154325, 51.970220255970965], [4.855109895796781, 51.97061709522189], [4.854525084396823, 51.97098392746534], [4.853811908993341, 51.97141799270153], [4.853238816693274, 51.971761906313496], [4.851211226003678, 51.972984453194755], [4.850388914751442, 51.97348126135217], [4.849812861942178, 51.97382493825441], [4.849235538617359, 51.97418283532761], [4.8489430827533235, 51.97435749150147], [4.84870736875674, 51.97449707309104], [4.848400514530469, 51.974680254986325], [4.848399547121429, 51.9746808258167], [4.848388728610871, 51.97468730188494], [4.848323921402699, 51.97472598796908], [4.848319305663851, 51.974728591454756], [4.847980989321114, 51.974919681816544], [4.847553358943587, 51.97513679663627], [4.84743117985042, 51.9751910657183], [4.847209289896348, 51.97524531755461], [4.846879889835658, 51.97519527679814], [4.845641933483871, 51.974988154501744], [4.845622063560821, 51.97498482720693], [4.845593676980113, 51.97504329221724], [4.845533232355009, 51.975167764597394], [4.845552520974652, 51.97519638271339], [4.845485755962327, 51.97524146699807], [4.845376332375504, 51.97535173676353], [4.845345027026248, 51.97538305215999], [4.845306879811499, 51.97541568430572], [4.8452846001472, 51.97543475404922], [4.84514756920158, 51.975552006313556], [4.845052468588543, 51.97562100390706], [4.845034771890646, 51.97567034982385], [4.845004090410224, 51.975698171500575], [4.844944816824986, 51.975751927897285], [4.844911515847579, 51.97578212840466], [4.844870305184891, 51.97582011239358], [4.844794712680225, 51.975889801919536], [4.844774975523236, 51.97590800242041], [4.8447361787652365, 51.975943732402655], [4.844714719690443, 51.97596350692147], [4.844605319853591, 51.976064275303514], [4.844469117234117, 51.976192172926446], [4.844307170620568, 51.97634264744218], [4.844285346454777, 51.976362492106844], [4.844250866381912, 51.97639383751041], [4.844150337949745, 51.97647693917418], [4.84411302546319, 51.97650779507852], [4.843996682367108, 51.976618031642175], [4.843859333288091, 51.976750183799176], [4.843811123196331, 51.976795128111775], [4.843693117978908, 51.97689344701505], [4.843648211137486, 51.97693481114145], [4.843473765982973, 51.977095329802545], [4.8433949821962194, 51.97716978554794], [4.843391669473899, 51.97717291619397], [4.843331998642432, 51.97723151472517], [4.84320977396547, 51.977347565825916], [4.843064725024903, 51.97748417569401], [4.842967865188898, 51.97757764801358], [4.84277174067137, 51.97775515241232], [4.842645949880826, 51.97786377096976], [4.84244095417637, 51.97805246033848], [4.84228054217418, 51.97819529903002], [4.842125157876638, 51.97834354487274], [4.84206809356423, 51.978396986489756], [4.841834169763506, 51.97859902346888], [4.84181390999546, 51.97862051082857], [4.8417940187612265, 51.97864161338976], [4.841668881593528, 51.97875354169409], [4.841502693069699, 51.97889700871692], [4.841321755517204, 51.979061116467605], [4.841160241412222, 51.979210213486326], [4.841000551717317, 51.97936001086458], [4.840844908397516, 51.979503741638815], [4.840699590156284, 51.97963380379387], [4.840512801164107, 51.97980102011075], [4.840297722065985, 51.979995114939605], [4.8401300161263014, 51.980145314331935], [4.840036060631002, 51.980228811611404], [4.839756313937893, 51.98049032371139], [4.839585212299883, 51.98065130169166], [4.839527228680125, 51.98070323677319], [4.839351109315874, 51.98085655993207], [4.8391276027399375, 51.98105690543562], [4.838983077868895, 51.981179553796125], [4.838774982340275, 51.981364456364965], [4.838637412619136, 51.9814823998041], [4.838492824667763, 51.981609990919885], [4.83828028408899, 51.98180453447872], [4.838174927854634, 51.981900803673845], [4.838029525142088, 51.98203648002624], [4.837866928314446, 51.982184228329224], [4.837745204230566, 51.98229515280986], [4.83773550332314, 51.982303997094114], [4.837687977103796, 51.98234677593158], [4.837694930641065, 51.9823495229061], [4.837259317229751, 51.98272606364755], [4.8369562709744836, 51.982991586132684], [4.836833580108286, 51.983102639988225], [4.836247246609299, 51.983633325088846], [4.835713823536685, 51.984119384904226], [4.83546065477886, 51.98434390727231], [4.83523761037889, 51.98453816246294], [4.835049735807892, 51.98471572888716], [4.834961718671553, 51.98479892648022], [4.834526661727024, 51.9852009780274], [4.834244344295193, 51.98545327006243], [4.834120232079891, 51.98557462419018], [4.83411474725998, 51.98558026113813], [4.834110190307848, 51.98558620805282], [4.834106605668606, 51.98559240222407], [4.834104052233526, 51.98559878999801], [4.834102530888284, 51.985605299471324], [4.834102056964677, 51.985611867796976], [4.834102660351276, 51.985618432196304], [4.834104298042237, 51.985624938536574], [4.834106985701337, 51.98563129700685], [4.834110680101348, 51.985637471450225], [4.834115353125022, 51.98564338083848], [4.8341209470988895, 51.98564897995826], [4.834127419127463, 51.985654205688796], [4.834134697090968, 51.985659003760425], [4.834142708648225, 51.98566333787935], [4.834151381568604, 51.98566716276372], [4.834160629064595, 51.98567043306353], [4.8341703496811705, 51.98567311234813], [4.834180456188049, 51.98567519121924], [4.834202950856187, 51.985679665285076], [4.834225103089257, 51.98568475794052], [4.834246840104171, 51.985690468843835], [4.834268147455519, 51.98569678893894], [4.834288967248724, 51.98570369098881], [4.834309255814013, 51.98571117478858], [4.834328969702784, 51.98571922215752], [4.834348080133719, 51.98572780599541], [4.834366528879985, 51.98573692602909], [4.834384301827459, 51.985746546238815], [4.834401340859699, 51.985756657363545], [4.834417617084358, 51.98576724129091], [4.83443310183017, 51.98577826193294], [4.834447751537162, 51.98578971009687], [4.8344547871660675, 51.985797643977016], [4.834461077414083, 51.98580581704455], [4.834466578942216, 51.98581420213076], [4.834471306749256, 51.9858227633524], [4.834475231942346, 51.98583148259696], [4.834478325849742, 51.98584032377619], [4.834530824338985, 51.98585186875168], [4.834574278162131, 51.98586140277178], [4.83469285042807, 51.98588744162381], [4.834760303340487, 51.98590224758574], [4.835083514304963, 51.98597321774252], [4.835139280007937, 51.985985460890916], [4.835132336296328, 51.98600675789843], [4.835153178735005, 51.9860379017286], [4.835189588725604, 51.98609230874174], [4.835218241018882, 51.986143039045665], [4.835132529063563, 51.98621140765478], [4.835131102901534, 51.9862125514866], [4.835116974609423, 51.986223801671976], [4.835107285921023, 51.986231540220835], [4.834804910581294, 51.98647268371973], [4.834333944262734, 51.986845641078666], [4.834003752818029, 51.98710464663026], [4.8337066805549105, 51.98734449084325], [4.833393141804166, 51.98759007236464], [4.83289772654264, 51.98797454001467], [4.832452335868704, 51.98831928774849], [4.831881588327176, 51.988755933547736], [4.831327344142827, 51.98918277624324], [4.830754556776323, 51.989634228930996], [4.830281145705269, 51.990002862169185], [4.829775729851295, 51.99039580850739], [4.829369178856489, 51.99071828445957], [4.828899636274262, 51.99109479540796], [4.828543639360112, 51.99136563600221], [4.827965723028122, 51.99181525322082], [4.827654533658696, 51.9920577117733], [4.82733498452975, 51.992307104782974], [4.82696914898096, 51.992594783145826], [4.826811561801145, 51.992718936459745], [4.826501989585939, 51.99296031209109], [4.826115706734024, 51.993268509917996], [4.825637619200116, 51.99365102546066], [4.825070694380067, 51.994106550479195], [4.824734329700781, 51.994375576838436], [4.824296444235932, 51.99471436153875], [4.8239203039209215, 51.995005549657], [4.823551561083605, 51.99529049807079], [4.823078625049695, 51.99565124899795], [4.8226233526666284, 51.996002033673236], [4.822382726598294, 51.99618080111885], [4.822039927150682, 51.99644258025636], [4.821936284869451, 51.99652441679845], [4.821793065991301, 51.996633927356484], [4.821319625147635, 51.997010533452816], [4.8206637388928835, 51.99751966631198], [4.820649753892525, 51.997530528958904], [4.82005130058414, 51.997991037684265], [4.819410225531545, 51.99847578647], [4.819301136345127, 51.9985638054806], [4.819188012762962, 51.99865184987123], [4.819108004266061, 51.99871673791971], [4.818869659301683, 51.998897019363845], [4.818746632060797, 51.99901150445628], [4.818689928227487, 51.99906320179613], [4.818667491051352, 51.99908366796896], [4.818663174549196, 51.9990876020344], [4.818662850447476, 51.999087897087534], [4.818497338898277, 51.99923957746186], [4.818351795292339, 51.9993748243574], [4.818262798574576, 51.99945469696894], [4.818185890990081, 51.99950792332336], [4.818063019619542, 51.99959028366918], [4.817945264096632, 51.999671104633734], [4.81780652105641, 51.99976707735246], [4.817946107417146, 51.99981015065211], [4.818055254165178, 51.99983636717864], [4.818167748884728, 51.99985810557036], [4.81827792952296, 51.99986366249818], [4.818362056877189, 51.99986243304324], [4.818457777944956, 51.999861034816426], [4.818463254396247, 51.999860953406795], [4.8184675510328425, 51.99986089326367], [4.818480280994966, 51.99986069408404], [4.818480601345669, 51.99986069563131], [4.818585834299278, 51.99985908257678], [4.818588246367557, 51.999859498703636], [4.818591021559962, 51.999859988491316], [4.818696916896737, 51.99987851260578], [4.818959599507129, 51.99992389573365], [4.819271990425584, 51.999979117669156], [4.819282699688499, 51.999980949028654], [4.819480687606465, 52.000009848772635], [4.819783380072378, 52.00005589936073], [4.8200969973839, 52.0001028467272], [4.820519761405559, 52.000165823622574], [4.820969080074693, 52.000230607528636], [4.821260856001767, 52.00027642206695], [4.821659998838617, 52.00032702110901], [4.822331650970292, 52.00041329812722], [4.8228606716322355, 52.00047949077783], [4.823227071761391, 52.000526242302676], [4.824079917777861, 52.000634427901886], [4.824565656349628, 52.000695408302846], [4.824955695662704, 52.00074442459979], [4.824955870177129, 52.00074444340988], [4.825558603371269, 52.00081963168787], [4.825854093091062, 52.00085561019341], [4.825898077741444, 52.000860970235145], [4.825898484906288, 52.00086101711812], [4.826030901973171, 52.0008773330499], [4.826752400126773, 52.000966222206266], [4.826790547517883, 52.00100757071123], [4.82677814117481, 52.00102148865115], [4.826778460747248, 52.00102155309101], [4.826794817863036, 52.001024785873966], [4.826906412460916, 52.00104683519657], [4.826983160867114, 52.00105938865636], [4.827228013821518, 52.001103958386985], [4.827434254182811, 52.00113161661451], [4.827642306173194, 52.00115882467925], [4.827790452820285, 52.001178610991104], [4.827873863266944, 52.00119064722409], [4.8278743138982065, 52.00119071228355], [4.82812122696114, 52.00122317355121], [4.828253740244309, 52.00124126713533], [4.828374294893466, 52.001257245469986], [4.828451646219107, 52.0012670503749], [4.82845221733317, 52.00125626698841], [4.828471736482315, 52.001207885092725], [4.828481382467148, 52.001180534177166], [4.828668040185472, 52.00120443903304], [4.82883466185404, 52.001228185665404], [4.829019130212735, 52.00125252001299], [4.829084843737022, 52.001261343526814], [4.829207511987416, 52.001280701679136], [4.829335649069573, 52.00129943844691], [4.829464872812025, 52.001318629642284], [4.8296060588824075, 52.001340834529415], [4.829742537833224, 52.00136097659253], [4.829847801055531, 52.00137706977677], [4.830006068612642, 52.00140052352611], [4.830127656658265, 52.00141897676278], [4.830278041121954, 52.00144165580067], [4.830292169609519, 52.001443789957065], [4.830306603340136, 52.00144597049744], [4.830469179940923, 52.00147193379065], [4.830632903071424, 52.001495879884914], [4.830756308974231, 52.0015145747605], [4.830736517252758, 52.001540493694684], [4.830958361221424, 52.00157027780913], [4.831188234448596, 52.00159966797372], [4.831414114576044, 52.00162813999953], [4.831406551047359, 52.001642692490385], [4.831621916939881, 52.00166883143151], [4.831754464205654, 52.00168557295912], [4.83188409929067, 52.001702291614954], [4.832022815910394, 52.00172065288218], [4.832146649530449, 52.00173665178749], [4.832149296140791, 52.001736960880365], [4.832311190084182, 52.00175588047567], [4.832412873885368, 52.00176834114831], [4.832600246918495, 52.00179246782536], [4.8329118778994955, 52.0018301314743], [4.8330262242858275, 52.00184673195778], [4.833110787702267, 52.00185995636214], [4.833117125754203, 52.00186087603822], [4.833344944867162, 52.001894099349215], [4.833522851171858, 52.00191837776999], [4.833631740240238, 52.001934709315385], [4.833635490816008, 52.00193524827479], [4.833794016093202, 52.001958194771056], [4.833809178151749, 52.0019603872915], [4.83400555362219, 52.00198915609558], [4.834009362233696, 52.00198971329246], [4.834112703344695, 52.00200484983446], [4.834297642993976, 52.00203160496193], [4.834299954266223, 52.00203194838539], [4.834339319263753, 52.00203774197918], [4.8345519602802876, 52.00206903108144], [4.83476196954669, 52.00209882436412], [4.834985974785042, 52.00212974353833], [4.83498979831456, 52.002130273808106], [4.835282989409992, 52.00217328266752], [4.835446110957538, 52.002195637261195], [4.835453045820632, 52.00219658657266], [4.835548955266674, 52.00221098593116], [4.835706283894614, 52.002233106290994], [4.835812624286667, 52.002248390207605], [4.8358180176766075, 52.00224916149984], [4.835819631313942, 52.00224939376577], [4.835865321516288, 52.00225600744429], [4.835968971220737, 52.00227101795733], [4.836245104057081, 52.00231102332484], [4.836247124887764, 52.00231130243215], [4.8363991680329725, 52.00233221965122], [4.836493641045329, 52.002345047535435], [4.836598271912844, 52.002360835083664], [4.836603752372189, 52.00236163371207], [4.836782469092914, 52.00238780753031], [4.836873301894715, 52.00240060910488], [4.836967025940114, 52.00241634535059], [4.837097096030548, 52.002434732120115], [4.8372133495541645, 52.00245282051617], [4.837391366798078, 52.00247908901167], [4.837403199085259, 52.00248088800739], [4.83755667073252, 52.00250416535714], [4.837703427368429, 52.002527572962414], [4.837710346888351, 52.002528593976], [4.837713850225103, 52.00252911367442], [4.837882913343999, 52.00255406328689], [4.838104504508616, 52.00258863251086], [4.83827128471041, 52.00261214176184], [4.83844313451995, 52.00263791251309], [4.838596427665469, 52.00266158315955], [4.83881809856478, 52.002692097636334], [4.839023761372475, 52.00272051478405], [4.839220339458113, 52.00274754103525], [4.83936629198367, 52.00276776092232], [4.839368225590262, 52.00276803058164], [4.839576081670248, 52.00279578283422], [4.839722403779821, 52.00281675005225], [4.839779144457335, 52.002824878704004], [4.839780641851624, 52.0028250923986], [4.839935795347812, 52.00284674758778], [4.840195587485988, 52.00288373754959], [4.840306045498708, 52.00289954888242], [4.840618557168326, 52.002941294928156], [4.840780617638164, 52.002963879900015], [4.840884886951095, 52.002979670957295], [4.840981541405604, 52.00299293681164], [4.841157774931638, 52.00301649483491], [4.841257697767662, 52.00303045873622], [4.841447747608273, 52.003056776900735], [4.841600710271149, 52.00307908487382], [4.841761945310018, 52.00310975422406], [4.841818747271528, 52.00311769341594], [4.84191346561141, 52.00313094054608], [4.842124937577782, 52.003160952172095], [4.842443212384717, 52.00320810408182], [4.842647039795915, 52.003238079399516], [4.842651168218687, 52.0032387007143], [4.842747299241302, 52.003253185114225], [4.842858126896196, 52.003269885602485], [4.843033609965313, 52.0032954507375], [4.843250230363232, 52.003327362700524], [4.843251247992299, 52.003327511215744], [4.843431445146912, 52.00335467948937], [4.843565525930207, 52.003374192194336], [4.843700320174041, 52.003393726015744], [4.843862374475313, 52.00341707970035], [4.843871344296668, 52.00341837946431], [4.843872914433925, 52.00341860243064], [4.8439917402279455, 52.003435132017906], [4.844283148976015, 52.0034763125335], [4.844462635640737, 52.003502118697924], [4.844693735057378, 52.00353514636982], [4.844798317996109, 52.003550512935384], [4.844842337638734, 52.00355698060463], [4.8450573249009095, 52.00358806376159], [4.845057804704881, 52.0035881288894], [4.845235455663852, 52.00361527367803], [4.845408782361162, 52.00363993548086], [4.845590832337369, 52.00366462816209], [4.8456516376767125, 52.00367280861992], [4.845656610268166, 52.00367347865312], [4.845866633752967, 52.00370325215693], [4.845970227191746, 52.00371740868305], [4.846030158699772, 52.00372560290495], [4.8460433755036725, 52.00372737144046], [4.846190417951325, 52.00374704856997], [4.846291542945428, 52.003759404780624], [4.84630345281835, 52.00376086167797], [4.84666102184502, 52.00380975559184], [4.846751860053625, 52.00382254955797], [4.846905246760238, 52.00384393573819], [4.846908837887123, 52.0038444375886], [4.847207910883981, 52.00388452244962], [4.8476577805178245, 52.003947121398426], [4.847847106217494, 52.00397251804199], [4.848012464160549, 52.003993984569874], [4.848132608939131, 52.00401007556801], [4.848136025880624, 52.0040105316415], [4.848359525677525, 52.00404014664925], [4.8485294464485085, 52.00406249621281], [4.848733397445929, 52.00409010655315], [4.848887540032955, 52.00411054981511], [4.849104910914545, 52.00414248135408], [4.849358671318265, 52.00417726623083], [4.8494058759829395, 52.00418420514151], [4.849511334201744, 52.00419970632536], [4.849839603167769, 52.00424537373514], [4.850130395241102, 52.00428541335227], [4.850252222779611, 52.0043021839824], [4.850569587379229, 52.0043464423788], [4.850853704761721, 52.0043869711108], [4.850980367016411, 52.00440503935607], [4.851227191549109, 52.00444158628243], [4.8513188434606604, 52.00445474893719], [4.851450229683476, 52.00447362016198], [4.8515754371040485, 52.00449160024974], [4.8518647947471685, 52.00453372333442], [4.852044490676939, 52.00455978849249], [4.852134527769694, 52.00457284429855], [4.852347911802452, 52.00460362815938], [4.852619456927351, 52.004642297830316], [4.852695850834606, 52.00465390705732], [4.8527532297868925, 52.004662634547806], [4.852946974838817, 52.004690415946946], [4.853132010201887, 52.004717042965204], [4.853263601750628, 52.004737144497525], [4.853337388557784, 52.004747572994965], [4.853402232741296, 52.00476661672549], [4.853442999897469, 52.00477858529036], [4.853587119242921, 52.00481805928441], [4.85360262822858, 52.0047985798213], [4.853897326037413, 52.00488431575658], [4.854089183446184, 52.004953442279316], [4.854265451575327, 52.00501576563488], [4.85436337601197, 52.00505032867426], [4.854352353466769, 52.005059950301295], [4.854516384019541, 52.005109175755656], [4.854694187088892, 52.00516497983796], [4.854928245464951, 52.0052371990504], [4.855216709770495, 52.00532831448211], [4.855368368903533, 52.00537703342993], [4.855480501824878, 52.00541100354593], [4.855594811724431, 52.00544563054528], [4.855784222775478, 52.005505305429246], [4.855943706950693, 52.00555500272039], [4.855985250421082, 52.00556794464404], [4.856136564231102, 52.005616445313436], [4.856292697282493, 52.005672481801], [4.8563955032873585, 52.00570953694465], [4.856533099840867, 52.005756707906244], [4.856652265602617, 52.005798357699966], [4.856653222847459, 52.005798694582744], [4.8566562106632745, 52.00579974170751], [4.856797449874747, 52.00584805231545], [4.856902459674892, 52.005883552958984], [4.8570157955521, 52.00592315374192], [4.857078092937849, 52.005943541207685], [4.857121559047226, 52.00595775874304], [4.857127143529131, 52.00595968042854], [4.8571161287651075, 52.005974839189285], [4.857085231259838, 52.006017349975075], [4.857060381774419, 52.00604596497729], [4.856994329020533, 52.0061239923581], [4.856908664860812, 52.00622362934461], [4.856888611144612, 52.00624694478457], [4.856776501750221, 52.00638198466599], [4.8566459101193304, 52.00653422583217], [4.856514227993543, 52.006686237230454], [4.8563954023307385, 52.00682742150224], [4.856394058117111, 52.006829015375196], [4.85639070486443, 52.00683300009032], [4.856386288145864, 52.00683823838517], [4.856378754272695, 52.00684720179578], [4.8562459514641745, 52.00700145493921], [4.856159484760964, 52.007103397778685], [4.856077099586429, 52.00720132317993], [4.855988439570577, 52.00730393013103], [4.855915715353063, 52.00738909954366], [4.855801431470556, 52.00752278942215], [4.855726836899883, 52.00761087150268], [4.855654839778287, 52.00769605302465], [4.855553939588166, 52.007812509427374], [4.855493058617759, 52.007886298824886], [4.8554080741963395, 52.00798577600284], [4.855330910740148, 52.008075419200125], [4.855237856877933, 52.00817979443261], [4.85513513401072, 52.00829624224505], [4.855029104369348, 52.0084151468303], [4.854952699611513, 52.008502096695366], [4.8548711026659355, 52.00859575533848], [4.854781711601992, 52.00869813337149], [4.854719682826099, 52.00877393057893], [4.854637280139019, 52.00887035383872], [4.854633203917661, 52.00887632166663], [4.85460204443517, 52.00891231404277], [4.854542227501625, 52.00898700660074], [4.854488815752933, 52.009048479229634], [4.854446109419275, 52.009100122033445], [4.854385990458812, 52.00917076837527], [4.854318798781365, 52.00925193504217], [4.8542575566158055, 52.00932391550508], [4.854193317403518, 52.00940172481894], [4.854143912474654, 52.00946299970493], [4.854081958751316, 52.00953475214676], [4.854030746417896, 52.00959488626801], [4.853966826494184, 52.00967517769703], [4.853901915450173, 52.00974937947062], [4.853843593863764, 52.00982184033986], [4.853776292535842, 52.00990839024105], [4.8536994106273434, 52.01000320196732], [4.853633978526867, 52.01008684801998], [4.8535859192538355, 52.01015487005342], [4.853498985382443, 52.010286497446934], [4.853491438350023, 52.010300143559434], [4.853453740467704, 52.01036156109216], [4.85344246680336, 52.010377473360634], [4.8534237399150255, 52.010397917945134], [4.853393657940884, 52.01044111457781], [4.853382411288899, 52.01045475290314], [4.853341095156074, 52.01050930485505], [4.853322259619051, 52.01053887213546], [4.853198475127491, 52.01069114035196], [4.853006962670409, 52.010943447522536], [4.8529430703401895, 52.01103211569109], [4.852841912937505, 52.01114571030876], [4.852748290031066, 52.011247923790236], [4.852699587916127, 52.011302442000854], [4.852613390517472, 52.01140241501466], [4.852545797218581, 52.01149106616964], [4.852504629579048, 52.01153421224522], [4.852429772265771, 52.01161142400427], [4.8523810690575795, 52.01166594200855], [4.852309979787875, 52.01173861370017], [4.852246111674002, 52.01182499844193], [4.852110975546221, 52.01199773420208], [4.851968480892096, 52.01216816231019], [4.851889664375956, 52.01226815921895], [4.851784679756856, 52.01239313263712], [4.851676022083727, 52.01251581520422], [4.8515411814207585, 52.01266345613494], [4.8514626082154475, 52.012742933424775], [4.851365278491029, 52.01284513780405], [4.85133403475039, 52.01287674256561], [4.8512958116294955, 52.01288535927626], [4.851164017726513, 52.01302772847979], [4.850950831908555, 52.0132414451595], [4.850929101890138, 52.01326797874901], [4.85086361617399, 52.01334792869332], [4.850815067892112, 52.01340500843997], [4.850728239940048, 52.013498505451366], [4.850463652945501, 52.013810068159145], [4.8502574810244585, 52.014046915646304], [4.850010594200684, 52.01433227604606], [4.849820628056777, 52.01456932251607], [4.84963262828417, 52.0148001397286], [4.849400075123938, 52.01508970790132], [4.84927829351451, 52.01523550033574], [4.849126776007231, 52.015426503103505], [4.8489745393510475, 52.01561663051837], [4.848794444192404, 52.01586658278344], [4.848592135114006, 52.01613201901753], [4.848456453364409, 52.01631517458353], [4.848293321669323, 52.01651802374646], [4.84828017000679, 52.01651415250759], [4.848268608971346, 52.016530656176386], [4.848281745962943, 52.01653453633778], [4.8482021009383764, 52.01664880949286], [4.8480853444047085, 52.0168012570976], [4.847991424495597, 52.016948038600226], [4.847960348018825, 52.016976200690046], [4.847852832075233, 52.01714144485339], [4.847687440684495, 52.01739117511517], [4.847621776119469, 52.01749832121884], [4.847586469519653, 52.01755593667301], [4.847522890426866, 52.017647119954695], [4.847476284276871, 52.017713968582264], [4.847474905624997, 52.01771594869326], [4.847302138428975, 52.017881001205055], [4.84730172578622, 52.017881394801606], [4.847204148839592, 52.01797458827047], [4.847191385991904, 52.0179867898862], [4.847189100330433, 52.01798424468949], [4.8471843263526395, 52.017985094674216], [4.847169535236419, 52.01798789415037], [4.84715941515256, 52.017989924064395], [4.847152186520672, 52.017991374002484], [4.847001288857294, 52.01810642520932], [4.846953549167406, 52.018108857828246], [4.846896508003847, 52.018181995161726], [4.846875332007509, 52.01817787123993], [4.846860593502884, 52.018175089145906], [4.846876011310538, 52.01816502099801], [4.8468618158065135, 52.01816190882552], [4.846061686072911, 52.01798628831421], [4.844759317502571, 52.01771794554613], [4.844259154209538, 52.01759182641953], [4.844220094261002, 52.01758128278401], [4.843559097970654, 52.01740287087631], [4.842829874064924, 52.01718464504623], [4.842100184851618, 52.01700647366391], [4.840992194211587, 52.0167984014754], [4.840178815224468, 52.0167072329005], [4.839570587392584, 52.01673353792286], [4.838625337176402, 52.01670000808675], [4.8379944748994275, 52.016646086232655], [4.837345424393585, 52.01663212827064], [4.836035779303402, 52.01658231483], [4.834957337933546, 52.01652553542413], [4.834533218932146, 52.01649697654915], [4.833757192351977, 52.016444714682194], [4.833736639980202, 52.01644333277356], [4.833335551270432, 52.01642323697971], [4.832797995226956, 52.016460769201046], [4.832165760832495, 52.01651969461589], [4.831638336775923, 52.016584665860215], [4.831295625775871, 52.01661582051912], [4.830742423520422, 52.01662489321675], [4.830639671624267, 52.01662657394023], [4.83043374514972, 52.01662995109689], [4.829452499731494, 52.01670824449441], [4.827515290743583, 52.016815589707576], [4.826882268798112, 52.01688177261282], [4.825231216550272, 52.01723078147289], [4.8251070981959, 52.01724475040401], [4.8249950528523575, 52.01723693506867], [4.8247242532114685, 52.01718101982559], [4.8241723495154885, 52.017046541418445], [4.823754979490474, 52.01691344109418], [4.8231040154568126, 52.01658258196403], [4.822103990892118, 52.016147910011256], [4.820046466250817, 52.01538511750496], [4.819193515563787, 52.01516250850998], [4.818958514220291, 52.0150776211698], [4.818399968466131, 52.014807286863814], [4.818088498603525, 52.01465653905949], [4.817643307734979, 52.01449986766123], [4.817207169359559, 52.01434637532395], [4.815859699319148, 52.014030313294214], [4.81561700183533, 52.01398104782798], [4.814272103798002, 52.0139271713864], [4.813186348709761, 52.01391460410931], [4.81234186493784, 52.01395658674696], [4.811334866741252, 52.01401707590032], [4.811318305937324, 52.01401807353276], [4.8112834057770355, 52.01402017694288], [4.811265139365848, 52.014021274088286], [4.811035271169757, 52.014035079515295], [4.810895772828328, 52.01404345730526], [4.810694213552375, 52.01402622883788], [4.810346130775448, 52.01400636793559], [4.810250586176264, 52.014009791906275], [4.809978321751808, 52.01401955852109], [4.809661199915987, 52.01403429983975], [4.808869963154331, 52.014113856464945], [4.808285897159531, 52.014143578933826], [4.807733974774341, 52.01413760195316], [4.807039402632222, 52.014135809470844], [4.806311830848633, 52.014152438136975], [4.806148082275574, 52.01415030909863], [4.805542869403879, 52.014142449997316], [4.8051734154731625, 52.014119430167874], [4.8048451906182255, 52.01409944439092], [4.804830541571097, 52.01409791583608], [4.80382230738856, 52.013992561632705], [4.803615803105474, 52.01396824064782], [4.803523936820758, 52.01395650497055], [4.8035210334086855, 52.013961335327906], [4.803473996033455, 52.01403974169653], [4.803435654339589, 52.01410364792037], [4.803432854859365, 52.01410832598786], [4.803406082752809, 52.01415293752776], [4.803393530980551, 52.01417381827569], [4.803376317647104, 52.0142025407622], [4.803089597197515, 52.01463973491866], [4.8026725434233155, 52.01536036884683], [4.80223703883185, 52.01610405474294], [4.802124426914824, 52.016303136636154], [4.8015806298427295, 52.01724133920816], [4.801103836748624, 52.01805595865442], [4.800988339784747, 52.018264346041214], [4.800404791565307, 52.01929190554686], [4.799988466935865, 52.02007482291988], [4.799891923198023, 52.02024912083708], [4.799675461974365, 52.020616826007895], [4.7994377769872285, 52.021020576111866], [4.7992593499723615, 52.021323672926805], [4.798960858376916, 52.02183072765277], [4.7987009716674285, 52.022272143534515], [4.798743804397934, 52.02229006466862], [4.798756121043855, 52.02229521363227], [4.798821558367538, 52.022322595594325], [4.798877635196358, 52.02234605676851], [4.798904382498525, 52.02235736293656], [4.7990235429804615, 52.02240772676858], [4.799116898035736, 52.02225503078041], [4.7992417029727115, 52.0223071573341], [4.799249310420243, 52.02231033225748], [4.79958060346201, 52.022448707943894], [4.799747228375842, 52.02251830026808], [4.800126837402956, 52.02267769641234], [4.8004294195598645, 52.02280474492947], [4.800659276271016, 52.022900204886476], [4.8011431813720975, 52.02310205683628], [4.801181263350485, 52.023117940027184], [4.801213680390511, 52.02313138613612], [4.801711879321804, 52.02333802573637], [4.801786637841903, 52.02336925443449], [4.802306081449896, 52.02358622586109], [4.802762480353798, 52.02377675295144], [4.802800899976844, 52.023792529427865], [4.803190561714412, 52.02395251375947], [4.803213199141236, 52.023961812121705], [4.803247295460157, 52.02390571387352], [4.80326988540315, 52.02389516563713], [4.803276013012817, 52.02389230175365], [4.80328810679829, 52.02388666306931], [4.803208148767218, 52.02401955542806], [4.8031471774371015, 52.024120902555765], [4.803301942239833, 52.02418460634991], [4.803435273101368, 52.024239485004514], [4.803493051725018, 52.02414383852913], [4.803521941002624, 52.02409601078615], [4.803688355089264, 52.024164751347946], [4.803742628570716, 52.0241871675185], [4.8039460567355885, 52.02427119149776], [4.80397322978783, 52.02428241768284], [4.803962016787308, 52.024300977063604], [4.803947051341128, 52.02432573781037], [4.8038953050956374, 52.02441134740967], [4.803884181552861, 52.024429745435285], [4.804093237213722, 52.02451585535618], [4.804141715033915, 52.0245358247802], [4.804184755888744, 52.02449774739257], [4.804894714047914, 52.024793291065606], [4.804889227919563, 52.024803969084324], [4.804874682777535, 52.024832291415386], [4.8050226560453355, 52.02489426055275], [4.805057131550861, 52.024908695467595], [4.805098041492176, 52.02492581373616], [4.805147747754332, 52.024946624730646], [4.805158007860331, 52.024950917934916], [4.805162224938365, 52.02495268251439], [4.805282476781376, 52.025003018228624], [4.80530059146118, 52.025010595021236], [4.8053140687579825, 52.02501623438207], [4.805360775549215, 52.02503578108655], [4.805377093319159, 52.02504260295749], [4.805553499332909, 52.02511658548223], [4.805554122557405, 52.02511684023368], [4.805601948032614, 52.025136653028014], [4.805608773669346, 52.02513950907415], [4.805610048908751, 52.02514004568377], [4.805626585765178, 52.0251468326481], [4.805892957484471, 52.025256259481814], [4.8059680261893725, 52.02511465875525], [4.806067863440107, 52.02515621017249], [4.8061047898553655, 52.0251715736828], [4.806268886246266, 52.025239876678626], [4.806882488943348, 52.0254957437783], [4.807585480015202, 52.02578729088017], [4.8078056866151275, 52.0258786083422], [4.807923309524019, 52.02592758914158], [4.807925468925559, 52.02592848960826], [4.808396122726656, 52.026124466338736], [4.8085979664354195, 52.026208420494456], [4.808603386804106, 52.026210676231436], [4.808916958424625, 52.02634110009456], [4.80892642238748, 52.02634503851339], [4.809240310749476, 52.0264759034923], [4.809529620608782, 52.02659652620743], [4.809791890173769, 52.0267056903348], [4.809934228725324, 52.026764938109245], [4.809933972231321, 52.02676561996745], [4.809912094558761, 52.026824925791885], [4.809867192091857, 52.02694660582342], [4.809857302868174, 52.02697338759964], [4.809726624411519, 52.02732756242082], [4.8097248426677295, 52.027332398410245], [4.809660657776685, 52.02750634998936], [4.809658589332502, 52.027511948582294], [4.809652277716902, 52.02752907640893], [4.809645346926481, 52.02754789101038], [4.809628345645237, 52.027593962860664], [4.809628194610894, 52.0275943755845], [4.8096245711763475, 52.02760417310307], [4.8096153459350965, 52.02762916044147], [4.809613866236403, 52.02763317098128], [4.809604112245519, 52.027659611839816], [4.809603508453989, 52.02766123577163], [4.809602964798218, 52.02766271618466], [4.809594423910209, 52.0276866102974], [4.809509677881925, 52.02792382887381], [4.809481529580835, 52.028002635555424], [4.80934184226071, 52.028375830028374], [4.809006709944098, 52.02901488448558], [4.808607506062512, 52.029776053636795], [4.808318727889139, 52.030326663616215], [4.808021964456094, 52.0308924688571], [4.8079044252277, 52.031116572752005], [4.8077370415862495, 52.03143569889444], [4.8076763359232215, 52.03155143090339], [4.80744286300537, 52.03199656275108], [4.807259305981818, 52.03234650155354], [4.807060392604656, 52.03272069589992], [4.806895974122311, 52.03297200032501], [4.806705153026389, 52.03316776124178], [4.806909347158429, 52.033199606273925], [4.806947657464767, 52.03320542168488], [4.807126788216533, 52.03323260376973], [4.8072576312087785, 52.03325245606903], [4.807382003815422, 52.03325992638475], [4.807877427031509, 52.03328967032999], [4.808749933498576, 52.03336216133082], [4.8096722691629825, 52.03342217163627], [4.809826615533889, 52.033429966072234], [4.80990100803886, 52.03343364735003], [4.8099247147676545, 52.03343734088281], [4.809978585941824, 52.03344572132857], [4.810190993139632, 52.03348285009521], [4.810256221759738, 52.033494252195936], [4.810287353005778, 52.03349968980201], [4.8105577028272615, 52.03353690389982], [4.810732314261613, 52.03356221575605], [4.8107402709842635, 52.03356336924579], [4.810760780960208, 52.03356634587608], [4.810922745460359, 52.033598264919306], [4.8111737345794925, 52.03366446918076], [4.8113415421065335, 52.033707840404226], [4.811389837903694, 52.03372031860002], [4.811544690188046, 52.033756884949966], [4.811759848394375, 52.03380810007041], [4.811767342472766, 52.033810105123614], [4.811823025726441, 52.03382496518342], [4.811883747448982, 52.03384807415931], [4.811952429206615, 52.03388343713482], [4.812137389681532, 52.0339893509904], [4.812243863080723, 52.03405177341744], [4.812609788999506, 52.03426630388962], [4.8126419873691635, 52.03428518365131], [4.812916499427214, 52.034446119202734], [4.813145962563274, 52.03457893477873], [4.813274755758583, 52.034653491423], [4.813277171662156, 52.03465488739758], [4.8137893832044645, 52.03495139033761], [4.814053301339161, 52.03511173233696], [4.8140535906107385, 52.035111904522786], [4.814055499504161, 52.03511306431757], [4.814107502430101, 52.035144659655096], [4.814779570357286, 52.03555296875657], [4.815000820803824, 52.03569751549096], [4.815449078355388, 52.03599037478041], [4.8155629589266855, 52.03606124319885], [4.815701780708876, 52.03615802004843], [4.815817188853415, 52.03622916527752], [4.8159012449734675, 52.036272015865805], [4.81590467670075, 52.03627376725698], [4.816002306865318, 52.03631619822517], [4.816045223028431, 52.03633485036839], [4.816146215033465, 52.036361675778494], [4.816148335623556, 52.0363622433345], [4.816151068519653, 52.03636279588175], [4.8162242590069395, 52.03637772971338], [4.816292282493863, 52.036400134736425], [4.8163630832439726, 52.03642304753551], [4.816434846087417, 52.03645395558743], [4.816437092690703, 52.03645492822406], [4.816523037428099, 52.03650519390663], [4.816702268386156, 52.036619755298716], [4.816905394502076, 52.03674862460485], [4.817190987377441, 52.036929818118765], [4.817193734355498, 52.03693155716724], [4.817195437539824, 52.03693285972604], [4.817781612460538, 52.03738234199593], [4.818244244605024, 52.03773708106232], [4.818550242592213, 52.03798568329368], [4.818877171905236, 52.038235545178054], [4.81887891845322, 52.0382368838745], [4.818879979230477, 52.038238282181055], [4.818937824889828, 52.03831417094955], [4.818979511122506, 52.03837712845571], [4.81903479944741, 52.038473093733174], [4.819088642362354, 52.03855894015414], [4.819148782762214, 52.03864241703162], [4.819194033896136, 52.03870359398187], [4.81925088065082, 52.038758364212356], [4.819253631902399, 52.038760930157764], [4.819258889727091, 52.03876581818422], [4.8196809432928385, 52.03915834945893], [4.819716872856914, 52.039192660145964], [4.819822041174372, 52.039293071780335], [4.820037152085808, 52.03951521106444], [4.820149024422613, 52.03963073706456], [4.820314513082572, 52.039792792784304], [4.820541534634321, 52.040015105270655], [4.820734960839549, 52.04022140939463], [4.820900632563414, 52.04039007155741], [4.820901956472896, 52.04039141717942], [4.821031043110712, 52.0405233658073], [4.8210622897584265, 52.04055702438711], [4.821569773698382, 52.04107399776257], [4.821638612760118, 52.04114563250351], [4.821739792906737, 52.04125092186119], [4.821741778108979, 52.04125299870052], [4.822163964495009, 52.041692691990725], [4.822300874460752, 52.0418347795616], [4.822867716618218, 52.04242302142184], [4.822979449873453, 52.04253570367302], [4.823047517970686, 52.04260872705972], [4.823405953690482, 52.04299329078816], [4.823410039875258, 52.042997534845846], [4.823813589760212, 52.04341614514681], [4.823835108564169, 52.043438979469606], [4.8241724350570845, 52.043796996249185], [4.824369218794653, 52.04399742290351], [4.824382071095942, 52.04401050835266], [4.82443337947661, 52.04406275977017], [4.824698881796881, 52.04434421107431], [4.824893596825097, 52.04454840203762], [4.82492330627943, 52.04457956246115], [4.825456415844267, 52.04513859824121], [4.825714084112369, 52.04540878343667], [4.825717882371548, 52.04541277436708], [4.8258615154543, 52.045563392634996], [4.826044414380335, 52.04575516642056], [4.826217264454745, 52.04593468595388], [4.826258735788889, 52.04597777557594], [4.826429947049773, 52.04615559718394], [4.8265030913282, 52.046231572850125], [4.826560838592262, 52.04629154793769], [4.826561630162166, 52.04629236065127], [4.826639178204412, 52.04637291425296], [4.826700508997492, 52.046436609498734], [4.826736828105124, 52.04647795767323], [4.826824883429818, 52.046565787721164], [4.8268970362099965, 52.046640724764494], [4.826944006211182, 52.046689502914745], [4.827018174011045, 52.046766534748485], [4.827067763244024, 52.0468180397672], [4.827068786595753, 52.04681897042703], [4.827213051520012, 52.046948943862375], [4.827216857129755, 52.046952368514674], [4.827341326951809, 52.0470764862129], [4.827383296149349, 52.04711956880333], [4.827704630624314, 52.04744944665741], [4.828008064819914, 52.04776093847954], [4.828084647559531, 52.04783982368198], [4.828375278013029, 52.04813924540386], [4.828614716909627, 52.04838591408018], [4.828678328296763, 52.04845421209492], [4.828881694071224, 52.04867249495096], [4.828939048823707, 52.048734057903864], [4.8290062865731285, 52.04880622889604], [4.829285228008964, 52.049100559373876], [4.829372020674599, 52.049189891387805], [4.829362882079545, 52.04926805520875], [4.829361494036807, 52.04927999407071], [4.829368551427707, 52.04928221163317], [4.829503542315717, 52.04932462813745], [4.829541786762463, 52.04934639899459], [4.829563649072517, 52.04937604695034], [4.8295925564463005, 52.04941358400104], [4.829612773331631, 52.04943021811099], [4.829638107038765, 52.049446867439755], [4.829664792142881, 52.04945802232577], [4.829707172038892, 52.04947668477084], [4.829679670754504, 52.04957896719136], [4.829663843772696, 52.04962066087469], [4.829634911433275, 52.049662301535854], [4.829594959721784, 52.0497119705166], [4.829561687711377, 52.04975088515046], [4.82949095491295, 52.049813881870236], [4.829504963697747, 52.049819817520486], [4.829568670204003, 52.0498468232014], [4.8295958611523835, 52.04985834901525], [4.829596760370686, 52.04985872178996], [4.829712664111155, 52.04990628789725], [4.829873219537244, 52.049980967017554], [4.8301037862772835, 52.050092730018484], [4.830372291983083, 52.050222882106766], [4.830538128256334, 52.050300982836774], [4.830715284724211, 52.050384412912564], [4.831051007815948, 52.05053986827409], [4.831282120282785, 52.05064807216065], [4.831776422038672, 52.05088090753388], [4.832202157826935, 52.051079028738144], [4.832280934776391, 52.05111486749079], [4.832747684469557, 52.051327192565736], [4.833078598205988, 52.05147658832775], [4.83358085873738, 52.05170160671059], [4.8337793036395755, 52.05179041725365], [4.833921537291341, 52.05185406601972], [4.834271888348717, 52.052015620917686], [4.834402717186677, 52.05207615956921], [4.834992560670122, 52.05234906777773], [4.835090649394503, 52.052392823917764], [4.835511381937807, 52.05258050118052], [4.835954239259883, 52.052783209954306], [4.835966194897845, 52.05278671737819], [4.836100525099224, 52.052826139061466], [4.8363171151980335, 52.05292218481503], [4.8363935649466425, 52.05295692233153], [4.836441220981757, 52.05297858211034], [4.836549046527588, 52.053032224695464], [4.836599389347027, 52.05305592831502], [4.8366723260195, 52.05308828531764], [4.836776927846003, 52.05313855101603], [4.836821628011453, 52.053158749720595], [4.836998862977928, 52.05323885394861], [4.8372567124014445, 52.05336375420249], [4.837592462091939, 52.05352070988834], [4.837780307464525, 52.05360727105538], [4.83791659316302, 52.05366824466943], [4.838069953821493, 52.053733827781876], [4.838250098000364, 52.05381009668374], [4.838558333939181, 52.053945160806485], [4.838868805014317, 52.05408120524938], [4.83909406581646, 52.054167875470455], [4.839080393723064, 52.05419254761459], [4.83916459284385, 52.05423416842493], [4.839332977088192, 52.054317400809886], [4.839441581556412, 52.054369893843024], [4.8396563560095585, 52.054473717791986], [4.840034109718581, 52.05463678475544], [4.840506748356418, 52.054855101167995], [4.841177702783706, 52.05515644249451], [4.841211488488778, 52.05517168133922], [4.841640930984603, 52.055365416838384], [4.84205617729417, 52.05554828119048], [4.842433960885511, 52.05573908731836], [4.842762539782841, 52.05589268718471], [4.843007868847474, 52.056012555275124], [4.843082562901543, 52.056052223825965], [4.843143653844985, 52.05608467487143], [4.8431647757028315, 52.056095890863304], [4.843263967248205, 52.05614857953302], [4.843250951539626, 52.056160186237854], [4.843232703096068, 52.05617645167907], [4.8431697622891505, 52.056232535596365], [4.843173983109311, 52.05623435273356], [4.843204848723787, 52.05624764504307], [4.843843022928242, 52.0565224481338], [4.84439130738101, 52.05678467264831], [4.844428091666436, 52.05678249611684], [4.84451190313631, 52.05677754302834], [4.844551518428295, 52.05675834672367], [4.844599102690236, 52.05676733835269], [4.844608776592999, 52.05676917155462], [4.844694479010718, 52.05678863019237], [4.844704933693444, 52.05679100627644], [4.844712800466257, 52.05679276823384], [4.84473630625017, 52.05680224220121], [4.844849656586553, 52.05684792092055], [4.84491424677203, 52.05688178032173], [4.845230954205157, 52.05702015540138], [4.845343171492625, 52.05706918105552], [4.845563699016146, 52.05717446761727], [4.845663091022449, 52.05721705235285], [4.845670155244502, 52.057220077904155], [4.845803403571671, 52.05727716335028], [4.845904313008866, 52.057318496493366], [4.846001741686512, 52.05735709910934], [4.846244902549191, 52.057452673122505], [4.846336301978022, 52.05749193089469], [4.846654748498093, 52.057590887552934], [4.846944887772335, 52.05772301512108], [4.8471099133824085, 52.057798032513844], [4.847268691727184, 52.05786397885821], [4.84727773039043, 52.05786773241864], [4.847284389617442, 52.05787050434563], [4.847618380281283, 52.05799396868199], [4.847727151686268, 52.05803776307504], [4.847811430370958, 52.05807886564729], [4.847903098408686, 52.058109368851795], [4.847968047252024, 52.058136801592816], [4.848049024337308, 52.05816515251583], [4.848104760354432, 52.058182718862795], [4.848193868575267, 52.05820183098691], [4.8482965762304335, 52.05821408426096], [4.84830836994677, 52.05821549541321], [4.848390576812055, 52.05822530893176], [4.8486408561201335, 52.05825849599074], [4.8488222532075405, 52.05828693667781], [4.848965301459533, 52.058309368581554], [4.84900604542551, 52.0583126555892], [4.849243167651736, 52.05833177756919], [4.849395942641334, 52.05834444714736], [4.849722644048561, 52.05837878953549], [4.849933032879866, 52.058400898151234], [4.8502162148256565, 52.0584202820501], [4.8508861958516105, 52.05846615267944], [4.851430795831049, 52.058471721491365], [4.8514453169625735, 52.05847186839362], [4.851796863537389, 52.05846754258652], [4.8520541798984205, 52.058483245211136], [4.852182928140421, 52.05849454372012], [4.852209962543726, 52.058496913500484], [4.852384162383115, 52.05851171678175], [4.8526352642322585, 52.058530140344864], [4.8529032406383354, 52.058558005638666], [4.85323159630396, 52.05859214803924], [4.853605888546027, 52.058650307403866], [4.853707855994981, 52.05866614790583], [4.854036962878708, 52.05872423618715], [4.854211018355104, 52.05876106633886], [4.854509475698935, 52.05882902761549], [4.854512253197015, 52.05882966035854], [4.85489383538116, 52.05890166352359], [4.854983911750529, 52.05891942663125], [4.8553074860527206, 52.058983238856094], [4.855412230330151, 52.05899620517784], [4.855418403742555, 52.058996970068726], [4.855971013246965, 52.05906536397137], [4.856063582178859, 52.059089402302774], [4.856064497983736, 52.059089640124476], [4.856305558496165, 52.05915224182821], [4.856398252964777, 52.05918784835165], [4.856635264373972, 52.05927965197501], [4.856841562931347, 52.059352216871034], [4.857083754548169, 52.05944262274967], [4.857555171573322, 52.05964980920683], [4.857881697768282, 52.05980501122116], [4.8579034480250325, 52.05981410614327], [4.858224348626993, 52.059948303340626], [4.8584913831437, 52.060046988119325], [4.858754731097742, 52.060144316509536], [4.859089001896466, 52.06026545740864], [4.859091281459931, 52.06026628555381], [4.859308844453125, 52.06034513441782], [4.859811205000425, 52.06053535466793], [4.8598884595367435, 52.060565046961486], [4.859940311045866, 52.060584972185964], [4.860156695809222, 52.06066131544058], [4.860322341776244, 52.0607198594645], [4.86049199617388, 52.06077981434518], [4.860754178595993, 52.06088145634302], [4.860772877313859, 52.060887256385946], [4.861014842248045, 52.060962319114395], [4.861377842261282, 52.0610891723705], [4.861476771347192, 52.06112723848464], [4.861798745758054, 52.06125112108744], [4.862504960775713, 52.06150055399736], [4.862692622694344, 52.06156486421299], [4.86280154993523, 52.06159609765232], [4.862934544443242, 52.061634242138936], [4.863075381460138, 52.061646508236535], [4.863210021925985, 52.06165248181289], [4.863541610158879, 52.06168457833368], [4.864008991021096, 52.06178378074697], [4.864302772082419, 52.061854275858956], [4.864468208680663, 52.06189913292508], [4.8648292602545755, 52.06199702457764], [4.86516392103492, 52.06209727000899], [4.865191821617793, 52.06210562680181], [4.865322719122553, 52.06214757929634], [4.865478718024425, 52.062201615087965], [4.865539779039047, 52.062221228032605], [4.865784573724833, 52.062297524750115], [4.865996176198559, 52.062369108167644], [4.866043223330948, 52.06238501864561], [4.866100749841668, 52.06240765369642], [4.866181045331266, 52.062437310309186], [4.866291354507577, 52.06247924262159], [4.866361066704675, 52.06250736029259], [4.866672109060042, 52.062632834903546], [4.866848485038204, 52.06269046426459], [4.8669282879998175, 52.06272117880231], [4.86696802245838, 52.062736481384206], [4.867056477990105, 52.0627705327061], [4.8670569570997575, 52.06277071458511], [4.8671410429696, 52.062803083736426], [4.867266315436107, 52.0628513099961], [4.867371742511991, 52.06289189848297], [4.867539372182953, 52.062954431763345], [4.867577370286302, 52.06296860295313], [4.867681984433872, 52.0629988780644], [4.867703727027218, 52.063005166787214], [4.867752894863774, 52.063019396134436], [4.867814009609717, 52.06303707565724], [4.867858721518299, 52.063054530081], [4.867868617397126, 52.063065071945175], [4.867984675914037, 52.06318859627101], [4.868095981328298, 52.0633070751206], [4.868195360155955, 52.06341285489619], [4.868225415403815, 52.06344677401791], [4.86824250411614, 52.06346708178094], [4.868381666880968, 52.06362052140831], [4.868640916923774, 52.06390006389677], [4.868898519609847, 52.06417103275957], [4.8691248213125435, 52.06441506055004], [4.869258803970453, 52.064545358589065], [4.869271950224151, 52.06455862007242], [4.869316823431768, 52.064603884249244], [4.869397028906407, 52.06468340499037], [4.8694617325939795, 52.06475789608332], [4.869484408953679, 52.064780619071975], [4.869683974763332, 52.0650092123684], [4.8698484671977535, 52.06517750210919], [4.86992479740829, 52.06525559431777], [4.869964631325854, 52.065294103937106], [4.870005749033783, 52.06533384157524], [4.870135603781107, 52.06547223685073], [4.870178345280386, 52.06552670427975], [4.870190558290311, 52.06554757459971], [4.870206590604479, 52.0655673201629], [4.870270831756034, 52.06562527940042], [4.87047234959559, 52.06583327883595], [4.870777688703784, 52.0661702285942], [4.8711205075853625, 52.066529111124765], [4.87132313135136, 52.06674434043656], [4.871469275494121, 52.06690122236527], [4.8716514203950325, 52.06709675815951], [4.8720010460331435, 52.067467343521784], [4.872036503591306, 52.0675012133397], [4.872057224802782, 52.067520448826386], [4.872079072430629, 52.067543185653804], [4.872087823156581, 52.06755582539331], [4.872355925888078, 52.06783809456917], [4.872424843912576, 52.067912188920616], [4.872606129672244, 52.06810706329413], [4.872759353514078, 52.06827178524304], [4.8730763775297055, 52.06860383629337], [4.87320071151264, 52.068745835238616], [4.8731476382640135, 52.06875980522211], [4.873147053362285, 52.068759937495045], [4.872805864025459, 52.06883717711311], [4.872737342242206, 52.06885269738281], [4.872736523376372, 52.06885288256203], [4.8726670161257815, 52.068852642123176], [4.872340767796344, 52.06885698814504], [4.87218068261201, 52.06886122341044], [4.87202722083897, 52.06886528067431], [4.871569547489288, 52.068874973389065], [4.871211373770642, 52.06888180120111], [4.871181403885586, 52.06888167900621], [4.8710982025032745, 52.0688838944023], [4.871097677277722, 52.068883910079336], [4.8707167712100565, 52.06889407935577], [4.870313514528794, 52.068904841497044], [4.869904489103317, 52.06890995929989], [4.869813872152292, 52.06891273447167], [4.868518198955404, 52.06895239538411], [4.86811023947776, 52.06896488199873], [4.867844094098773, 52.068976661806836], [4.867566780904053, 52.06898432011783], [4.867504809310068, 52.06898320203861], [4.867436967609724, 52.068985203926516], [4.867352420693507, 52.06898770735694], [4.867026289971462, 52.06900186332042], [4.8667485361640646, 52.069007252726934], [4.866609995867579, 52.069014856246305], [4.866533027372309, 52.069019082343374], [4.866507564109854, 52.06902145961635], [4.866176467788564, 52.06903240047258], [4.865925730113588, 52.06904105322337], [4.865801143573812, 52.069045203094156], [4.865747524237251, 52.06904698827834], [4.865560417914742, 52.06904824575122], [4.865402672812346, 52.06904930032875], [4.865038883618294, 52.06904970287636], [4.864821657370094, 52.06904993592282], [4.864384330119005, 52.06905303060538], [4.863975190119936, 52.06905528703478], [4.863902286190549, 52.06905364216066], [4.86418449463526, 52.06869739653801], [4.864251108375773, 52.068613310518586], [4.864249509315617, 52.068612863001455], [4.8642194621840975, 52.068604397610336], [4.864188281212651, 52.06859561259285], [4.86404032775292, 52.068553951751234], [4.863828541284857, 52.068626679239074], [4.863125165987036, 52.068882523369886], [4.86304648991617, 52.06891296726708], [4.8629946476985815, 52.068928627946114], [4.862943158238116, 52.068945296853485], [4.862886269329284, 52.06895849922939], [4.862836935586625, 52.068969182525805], [4.862708872601198, 52.068994912390984], [4.8625478048730315, 52.06902309283154], [4.862485924632153, 52.069034079670786], [4.862373921092139, 52.06905092837168], [4.862291065273615, 52.069063394663594], [4.862263395670217, 52.06906485338371], [4.862160030332765, 52.069065193006345], [4.862023600280972, 52.06906564589764], [4.861505494302165, 52.06906326467641], [4.861324293665946, 52.069059634180405], [4.860839381226743, 52.069049919887476], [4.860034907596622, 52.069033804487525], [4.859109744936453, 52.069015264354135], [4.859005232072991, 52.069013960188975], [4.857725573347743, 52.068997990677], [4.857352806557812, 52.06900024358844], [4.857266268584965, 52.06899838949701], [4.857256343247258, 52.068997814570224], [4.857237516651123, 52.068995168282505], [4.857165558933638, 52.068985074535284], [4.857162137263141, 52.06898459176143], [4.857063738000487, 52.068970774771486], [4.856713938944924, 52.06890815298042], [4.85628851093183, 52.06883521260139], [4.85620737627529, 52.06882297368727], [4.856174925192539, 52.06881809070198], [4.856119874216635, 52.06881268344237], [4.856064392826434, 52.06881158857201], [4.855744643607148, 52.068812520301464], [4.855729617468042, 52.06881285702541], [4.855608858441688, 52.06881273494945], [4.855605810317107, 52.06881273019155], [4.85544711718182, 52.068812571695396], [4.8550644595353445, 52.06881515024958], [4.854857953644485, 52.06881781313334], [4.854778328786846, 52.06881721982168], [4.854693063253307, 52.068823674718864], [4.854688289741646, 52.06882403964893], [4.854463163055557, 52.06884107080822], [4.854405621070291, 52.0688476687648], [4.854084369638881, 52.06889015980453], [4.853960277545986, 52.06890656831303], [4.853622191291591, 52.06895666688196], [4.853494065653493, 52.06891874969989], [4.8533871052065995, 52.069052846281195], [4.852886057087929, 52.06888127372159], [4.852812104674174, 52.068958848548725], [4.852807334036549, 52.06896385134727], [4.8527994031327895, 52.06897212951424], [4.852766881860186, 52.06900608345477], [4.852713625067624, 52.06906166794298], [4.85250338121051, 52.069068237613585], [4.852049526894832, 52.069077440304646], [4.851607328788354, 52.069091242259205], [4.851606876472105, 52.0690912581805], [4.851423128102208, 52.0690969935534], [4.851231046212503, 52.069105629903454], [4.85101754214988, 52.069111597863824], [4.850785992561951, 52.06911791475608], [4.850529413373386, 52.06911833780282], [4.850224453739309, 52.06911779388545], [4.85016984165261, 52.0691171585997], [4.850074650461108, 52.06911932248665], [4.8500733228936985, 52.06911935239035], [4.849995025473246, 52.06912112580252], [4.849976970272429, 52.06912107048239], [4.849275827995272, 52.069122043497565], [4.84921306890628, 52.06912213459012], [4.848867892652785, 52.06911850040478], [4.84848506761187, 52.06911170905723], [4.848420077455417, 52.069110558141865], [4.848226570575562, 52.06911031168665], [4.848204433624038, 52.069110093619734], [4.848136420630483, 52.069105630041165], [4.8481210022452315, 52.069104615764864], [4.84809953405029, 52.06910578492583], [4.848043093377502, 52.06910318984265], [4.847783601071772, 52.0691008791351], [4.847471609486784, 52.069098102780494], [4.847108095843366, 52.06909002916475], [4.846800931496653, 52.06907521991817], [4.846755662194439, 52.06913541336267], [4.846507194340113, 52.06913322229429], [4.84619922349613, 52.06912599385629], [4.845921372751345, 52.069119756808604], [4.845816609536136, 52.069115042236504], [4.84587388770931, 52.06903159778557], [4.845799251055395, 52.069033367243755], [4.845762151647599, 52.0690342394783], [4.84575065563922, 52.0690345102503], [4.845599515135596, 52.069038076337115], [4.845357940697895, 52.06903876378886], [4.845095890520027, 52.06903815215608], [4.844975183012212, 52.06903613188618], [4.8449296676284055, 52.06903585060307], [4.844860607744746, 52.06903236003452], [4.84479800443452, 52.069031640549376], [4.843935266601488, 52.069021672385276], [4.843819961014024, 52.06901919945058], [4.843593457318424, 52.069018298918195], [4.84354135508625, 52.06901757326277], [4.843075161601949, 52.069011107842634], [4.842781643505395, 52.06901003120998], [4.842481676914554, 52.069006730915206], [4.842318641719178, 52.06900736158733], [4.842262589817931, 52.069006410379195], [4.842217999184845, 52.069005646958146], [4.8422041967233245, 52.06900608648535], [4.842190627592104, 52.06900533165323], [4.842011932017588, 52.068993710421175], [4.841869160939145, 52.06898428646481], [4.841808496193702, 52.06898008692008], [4.841673439506646, 52.06897074336041], [4.841449287512074, 52.06895523470175], [4.840621331174963, 52.068897954342965], [4.840448666307831, 52.06888819230314], [4.840428407670522, 52.068887046709364], [4.840376857273251, 52.06888056973634], [4.8403533331156865, 52.06887811467353], [4.840265820584435, 52.06886896309057], [4.839871140439828, 52.068827708692595], [4.839755154442334, 52.06881296865043], [4.839556427288357, 52.06878771432342], [4.8392445228562595, 52.068751776793995], [4.839144376240551, 52.06873700188217], [4.8391406784549575, 52.06873645438146], [4.839129628739949, 52.06873482106976], [4.838864952838824, 52.06869389794057], [4.838228109790951, 52.06859457947817], [4.837442340616752, 52.06847202948506], [4.83713941177751, 52.0684240570188], [4.836910662488724, 52.06837710424515], [4.836700097115553, 52.068333984056764], [4.836099005225435, 52.06821024715845], [4.835451428116409, 52.06807888326661], [4.834718870407632, 52.067918112409586], [4.8341762442780025, 52.06780846363599], [4.834170281168225, 52.06780713236022], [4.833885927579485, 52.067743724939554], [4.83337641972182, 52.06762991357908], [4.83305943346723, 52.0675590703317], [4.8327322819717144, 52.06748595830974], [4.8324683101348995, 52.06742696668417], [4.831356900393959, 52.06717987460327], [4.830766823622012, 52.067048854899845], [4.830763362096936, 52.06704809253279], [4.830487563942656, 52.06698706320284], [4.830111429446544, 52.066902531110394], [4.829888213188706, 52.06684463412442], [4.829808346860487, 52.066823916029755], [4.830017925648462, 52.067186144875635], [4.830153958555636, 52.067395117599], [4.830333102718857, 52.06767442918205], [4.830545481834074, 52.06799514453077], [4.830755792800142, 52.06830650192842], [4.830875625744574, 52.068450115619186], [4.831147843268016, 52.068776325434534], [4.831235077067401, 52.06890156576253], [4.831598160788364, 52.06942277170645], [4.8319209420812825, 52.069832260424036], [4.832101992096104, 52.07007604759653], [4.832350642061911, 52.07042828133269], [4.832399338139605, 52.070499104248505], [4.83262140222824, 52.07081971742062], [4.832648604931094, 52.07085607703054], [4.832797359505248, 52.07105492269598], [4.833000820256266, 52.071318893566826], [4.83310981520225, 52.071457932834335], [4.833254994532872, 52.07168314158554], [4.8333540593681565, 52.07181738815317], [4.833622420501257, 52.072191930619525], [4.833897583677014, 52.072544042751865], [4.83402362187425, 52.07269949277415], [4.834023979827774, 52.072700033748674], [4.8340309222370275, 52.07271068144506], [4.834035753222415, 52.072736365551066], [4.8340156788214905, 52.07274966382233], [4.833969724114366, 52.07275627920479], [4.8338910465212805, 52.07276224661174], [4.833560463655252, 52.07278516031423], [4.833147554959123, 52.07281178478181], [4.832944213413387, 52.07282459878063], [4.832666223567039, 52.07284423387867], [4.832692884578945, 52.07296551183957], [4.832695342147999, 52.072976695787446], [4.832702314860341, 52.073008394170785], [4.832703364241518, 52.07301316287638], [4.832707033571878, 52.07302660857348], [4.832749961524381, 52.07318407780097], [4.832761671826632, 52.07323718149469], [4.832790838601539, 52.073369329008635], [4.832843448121127, 52.07369061849433], [4.832853780142391, 52.07375372859382], [4.832919751882269, 52.07403618873446], [4.833034453324444, 52.074535539172885], [4.8330654973303036, 52.074698785633224], [4.833072732647658, 52.074765826938545], [4.833072329769843, 52.07479832650185], [4.833061364905022, 52.07481563123626], [4.83304559612242, 52.074827448538365], [4.833022177668337, 52.07483035848599], [4.832994738806099, 52.074829294702894], [4.832950728340439, 52.07482126800538], [4.832839719774929, 52.074792208334294], [4.832751534026387, 52.07476593440806], [4.832627817761569, 52.07473006459672], [4.832351062267005, 52.07465868989805], [4.832267652473186, 52.074637840018454], [4.831935468072169, 52.07455481527752], [4.831709305152111, 52.074503047029395], [4.831487970681319, 52.074454815509675], [4.831399036791186, 52.07443721068674], [4.831307710589758, 52.07441962147879], [4.831159559998538, 52.07439345902409], [4.831022698333923, 52.074370908991405], [4.83089818486015, 52.0743535853138], [4.830894553463937, 52.07436759881249], [4.830892875780466, 52.07437347818949], [4.830892815200861, 52.07437365766829], [4.83086629617722, 52.074466309083626], [4.830819962333468, 52.07454539359742], [4.830814071536269, 52.07457686057164], [4.830782220074377, 52.074658440252975], [4.830664419989251, 52.07493483863558], [4.830649711981779, 52.07495512754512], [4.830634746673949, 52.07497147839054], [4.8306237379546335, 52.07497113878613], [4.830610046226504, 52.074970723593985], [4.830605569832154, 52.074970585609485], [4.830585885231708, 52.07496998931608], [4.830554943842559, 52.074969061225275], [4.830449106116415, 52.074962943719655], [4.8303264502641845, 52.07495563212392], [4.830205301463684, 52.07495146441615], [4.8300338126327365, 52.07494624071529], [4.829851505407986, 52.074939455587845], [4.829648298078035, 52.074928958048915], [4.829477117146861, 52.07492128120514], [4.829311881099286, 52.07490828424884], [4.829199191281851, 52.074900731023554], [4.8291858410092665, 52.07489984090567], [4.829042537128414, 52.07488384645541], [4.8288822123104636, 52.07486538932705], [4.828755444124983, 52.07484752240179], [4.828625644280633, 52.074824805301795], [4.828533453334613, 52.07480756937518], [4.828510425412834, 52.07480138418161], [4.8284927987820785, 52.07479836148023], [4.828472450232553, 52.074794876462185], [4.828448550174497, 52.074790781381736], [4.82842651316625, 52.07478700971656], [4.828365584019824, 52.07477657314616], [4.82835923665158, 52.07477558131159], [4.828309607406008, 52.074767858803554], [4.828182928057357, 52.07474876029331], [4.827960547608052, 52.07472487530479], [4.827802661657828, 52.074706266487034], [4.827684890370403, 52.07469570360034], [4.827564151092631, 52.07468103685602], [4.827514728229273, 52.07467549014581], [4.827445069915359, 52.07467025179239], [4.82732398955417, 52.074661865960074], [4.827188058786827, 52.074654748697036], [4.827048782585009, 52.07464920629704], [4.826914539046309, 52.074645970666914], [4.826697613297737, 52.0746338658347], [4.826598554778509, 52.074625808678064], [4.826527864014136, 52.07462381861373], [4.826466092236697, 52.074624792113745], [4.826434291459069, 52.07462844285322], [4.8264186682949655, 52.07464944594546], [4.826310749159608, 52.07464540008719], [4.826276020202458, 52.074644102307296], [4.82627723496189, 52.07467167501567], [4.826478547786865, 52.0792051212211], [4.826478583768078, 52.07920574158028], [4.8264807779092544, 52.079255268187104], [4.826481492472095, 52.07927156725054], [4.826484418026758, 52.079337213235554], [4.826484475853338, 52.0793384179337], [4.826492881730065, 52.07952770513531], [4.8263793903451715, 52.07956918522577], [4.826324597076541, 52.0795901097904], [4.826275781262957, 52.079606676516335], [4.826100778251265, 52.079665004179], [4.826023425170277, 52.079688742393245], [4.825960386453055, 52.079705241278226], [4.825885484455366, 52.07972313973328], [4.825806999232148, 52.07974175811101], [4.825746383944979, 52.07975461920113], [4.825690196803332, 52.0797645262488], [4.825629309222129, 52.079774671535844], [4.825634607386788, 52.0799590633802], [4.825637334787483, 52.080054315671916], [4.8256374976047685, 52.08005993409208], [4.825622587848962, 52.08023411789924], [4.825616171360174, 52.08026875493781], [4.825582855476022, 52.08044836981953], [4.825572135136321, 52.08050623890235], [4.82555670457707, 52.08058949526958], [4.825542901885601, 52.080663941936], [4.825527878848474, 52.08074494419351], [4.825366177276364, 52.081523740762805], [4.825353876981622, 52.08158655480141], [4.825237374725304, 52.08229275288673], [4.825208679309621, 52.082466664137904], [4.825196816862128, 52.08253058579136], [4.825125564420958, 52.082909800955235], [4.82511844919121, 52.08294889278312], [4.825095468172122, 52.08304191022819], [4.825062081415123, 52.08320710744037], [4.825032876087384, 52.08335882426322], [4.824998074789879, 52.08352973121667], [4.824963825376481, 52.08383416987755], [4.824918571661465, 52.08405306002388], [4.824892149505756, 52.08416206903223], [4.824858251185346, 52.084345761489374], [4.824856258602396, 52.08435570194991], [4.824792650495855, 52.08464293183447], [4.824758250741833, 52.084854808931716], [4.824731220612691, 52.085021321652995], [4.824719115621352, 52.08509628860661], [4.8247002079935735, 52.08521327001311], [4.824681388195152, 52.08531978954078], [4.824641642306604, 52.08554481781008], [4.824611494478633, 52.08566685985566], [4.824596109249769, 52.0857531812387], [4.8245645931090095, 52.085979237448214], [4.824489969034392, 52.08638780048035], [4.824232586063976, 52.08777141352621], [4.824130072412589, 52.08829472130452], [4.824105865268556, 52.08846847375337], [4.823979532181111, 52.089133294898964], [4.823687622432687, 52.09080273721283], [4.823637514708935, 52.091067641009715], [4.823620882134947, 52.091134568631965], [4.823531283046473, 52.09168324818877], [4.823488268172433, 52.09203582985702], [4.823394815524137, 52.092801753854324], [4.82334800903495, 52.09336906360347], [4.823356337743846, 52.09342602577015], [4.823363030508365, 52.09356522223305], [4.823363009216124, 52.09362473306865], [4.82336296844455, 52.09374708038448], [4.823362915710612, 52.09395132820478], [4.823347704915057, 52.09476700731151], [4.823344934450958, 52.09489172342555], [4.823341835668506, 52.09503089100506], [4.823335289545445, 52.09532527742611], [4.823318875018781, 52.09606279814146], [4.823303958822096, 52.09673358851013], [4.823277554382821, 52.0973849003499], [4.823251716918789, 52.09773455273615], [4.823249914223806, 52.097849620087715], [4.823246546764787, 52.098065527596354], [4.823214905069306, 52.09959071904996], [4.823189093245611, 52.10038002913853], [4.8231553592984024, 52.101762198673335], [4.823142783321468, 52.10213409705386], [4.823104874867821, 52.10339116650618], [4.823056952766305, 52.105150987268374], [4.823056631798183, 52.10516253555949], [4.823056424136309, 52.10516973410776], [4.823055919860711, 52.10518770807904], [4.8230558924966695, 52.10519334354447], [4.823504211190718, 52.10527093445681], [4.8235958673993835, 52.10528565481783], [4.823770760090187, 52.10531375180688], [4.823981759582403, 52.10534460061341], [4.824012170327238, 52.105346444632154], [4.824088378717357, 52.10534070560936], [4.824088880409583, 52.1053645986173], [4.824204663605478, 52.10536786591802], [4.824236177538863, 52.10537020050841], [4.824260244553044, 52.10537506117298], [4.824289764140959, 52.10538276116615], [4.82432053150283, 52.105391060328735], [4.82438950312316, 52.10540361348729], [4.824477880119956, 52.10550953865761], [4.824716919974265, 52.105870943807346], [4.824784272439867, 52.105972768699075], [4.824881314643631, 52.10611523591915], [4.82493302628014, 52.10618523984661], [4.824941465448692, 52.10619666812293], [4.824987480257476, 52.10628092709412], [4.825049843273813, 52.1063895950118], [4.825050028612996, 52.10638994643471], [4.825116569410257, 52.10650303844363], [4.825150608669744, 52.10656577646563], [4.825167600047413, 52.10659707343245], [4.825218587462709, 52.106692240702984], [4.8252532947190785, 52.1067564379628], [4.825290458357956, 52.10682380177088], [4.825332287599633, 52.10690786088653], [4.825372157076601, 52.10699571265204], [4.825383846834442, 52.107021456589216], [4.825388391573003, 52.107041953334594], [4.8253885113868495, 52.107063768237765], [4.825383461492283, 52.10707763991665], [4.825379802150196, 52.10708772520524], [4.825363890416342, 52.107108681753196], [4.82534699183122, 52.107125696770595], [4.825314741614415, 52.107151626823835], [4.825102652069497, 52.10725308136752], [4.82502337550231, 52.10728895280707], [4.824912211941783, 52.10733925098807], [4.824857290696108, 52.10736410208506], [4.824469093930181, 52.10754112411126], [4.8243623334177075, 52.10759058890891], [4.8242404077513426, 52.10765497350835], [4.82409988534197, 52.107723934048074], [4.823765926705613, 52.107883586917005], [4.823593271217247, 52.10795969172275], [4.823534084868277, 52.10798578915357], [4.823429481184153, 52.10803190183566], [4.8231228097778445, 52.108173491250355], [4.823045620261786, 52.10820913765314], [4.822764803659137, 52.10833878768237], [4.822616032600016, 52.10840747328082], [4.822445999516969, 52.108485979823215], [4.822421713165738, 52.108497197611186], [4.821987876338405, 52.10869749699252], [4.821582625864288, 52.10887412219219], [4.821256606209553, 52.10900605052393], [4.821003746332145, 52.109105953802484], [4.820868591093838, 52.109167628872065], [4.820728633878978, 52.10923151877798], [4.820505335833809, 52.109333450514434], [4.820210574452101, 52.10946799792433], [4.820001294292565, 52.10956369538843], [4.8196773633672185, 52.109711996897595], [4.819396685983412, 52.10984292478674], [4.819334885977168, 52.109870966925385], [4.81915309428231, 52.10995255788581], [4.81908640374918, 52.10997714284648], [4.819059328571751, 52.109987124101785], [4.81844437419692, 52.110263925733314], [4.818268273059772, 52.11034318787615], [4.818188679422255, 52.110379008222225], [4.817982757052833, 52.11047169818876], [4.817816338603234, 52.11054822905088], [4.817652034112719, 52.11062379017722], [4.8173433799574985, 52.11076572338855], [4.817013240239996, 52.11091752878578], [4.816707254636066, 52.11105823286991], [4.8166271359622, 52.111094957430815], [4.816175452134481, 52.11130204284915], [4.815844392530508, 52.11145323831744], [4.81569522783229, 52.11152135595815], [4.815471069085349, 52.11162372329847], [4.814990515682322, 52.11184317572008], [4.814931116160949, 52.11187030141656], [4.814402503844919, 52.112112069549475], [4.814360137741312, 52.112131440004575], [4.814180890639807, 52.112213556977416], [4.813364401440151, 52.1125876383675], [4.813329376673233, 52.11260368259851], [4.812977467862556, 52.11276490720827], [4.812800741593445, 52.11284586589936], [4.812385534925309, 52.11303597401042], [4.811972979847595, 52.113223963398006], [4.811776136533456, 52.1133136488153], [4.811289458243602, 52.113535402211454], [4.811191666812742, 52.11357995535437], [4.8104330012620045, 52.113925644605374], [4.810213220039433, 52.11402631562789], [4.809589779965657, 52.114321976698264], [4.809531932099608, 52.1143494038913], [4.809478828944913, 52.11437458029172], [4.809057299503971, 52.11456595800494], [4.808630773059329, 52.11475961067172], [4.8084060007843945, 52.11486286940552], [4.808142333184366, 52.11498530625198], [4.807837668983614, 52.11512678479211], [4.807738478746736, 52.11517283821948], [4.807485808005267, 52.115289125793275], [4.807239566275203, 52.11540379960928], [4.807215453024745, 52.11541459266543], [4.806891596755162, 52.115559578630005], [4.806562877339394, 52.115706750854066], [4.806442445982304, 52.115761435114194], [4.80614917959183, 52.11589460642461], [4.805389623965145, 52.11624318007047], [4.805151956549176, 52.1163522472622], [4.804934008786154, 52.11645267483508], [4.804840207844667, 52.116495894198586], [4.804636418354342, 52.11658868827061], [4.80398528158259, 52.116880965169294], [4.803928959111585, 52.11690622202346], [4.803641088823769, 52.11703535114173], [4.8036125947438775, 52.11704829692344], [4.803188764081469, 52.11724095458991], [4.802874322407916, 52.11738413359428], [4.802835649883496, 52.11740164867789], [4.802577381183483, 52.11751867099995], [4.802372721771702, 52.11761139393844], [4.802043405241482, 52.11776060892433], [4.8014313623887555, 52.118041911404305], [4.801321970649824, 52.11809218714562], [4.800972485221203, 52.118253486915854], [4.800717747676507, 52.11837104404311], [4.800635513294168, 52.11840899659026], [4.800357666441961, 52.11853722380947], [4.800230964537857, 52.118595699500304], [4.800077027607451, 52.118665571297335], [4.799548203402154, 52.11890560906677], [4.799503578626168, 52.11892587072535], [4.799258362472342, 52.11903717132693], [4.798816479932719, 52.119237273175465], [4.798774057243298, 52.11925436373036], [4.798684361882686, 52.11929980075709], [4.798577857149225, 52.119346582925346], [4.79850783283072, 52.1193773504305], [4.797999243497554, 52.119600782050036], [4.797972446414939, 52.119613231600134], [4.797438133199771, 52.11986140255909], [4.7973880644646, 52.11988465621962], [4.7972986498792425, 52.11992410746994], [4.797116390298918, 52.12000290271886], [4.796938247895507, 52.12008389343724], [4.796707823603481, 52.120188665468525], [4.796498830904808, 52.12028368437999], [4.795938452134251, 52.12053846810636], [4.795844721263593, 52.120580593068595], [4.795626778814948, 52.12067855861905], [4.79552232690445, 52.12072530339308], [4.795478339971427, 52.1207456386385], [4.795470142029444, 52.12074942646487], [4.795279957217362, 52.120837374022486], [4.795366628492961, 52.12091378617674], [4.7952167372556955, 52.12097908790589], [4.7947297493335, 52.121193994241615], [4.794745053343417, 52.12120931509326], [4.794691366507815, 52.121234311116694], [4.794689530306084, 52.12123513779097], [4.794594182946286, 52.12127783787097], [4.7944878750706845, 52.12132450948631], [4.794463905001273, 52.121335039992246], [4.7942986620217045, 52.121404919265075], [4.794161993625389, 52.12146277202306], [4.793953069533314, 52.12155836202341], [4.793883413060118, 52.12159281379529], [4.793852781196301, 52.12160796653541], [4.793700533160732, 52.121683258330016], [4.793608769500473, 52.12172864514308], [4.793483081154779, 52.121790803799726], [4.793453477879148, 52.12180435273079], [4.793246747159668, 52.121898379595635], [4.793137819389811, 52.12194858713252], [4.793038015364783, 52.1219945801442], [4.7929923719052425, 52.12201302758775], [4.79290180427718, 52.1220496294372], [4.792855162443225, 52.12206847626417], [4.792727539498604, 52.122120045276326], [4.79253073852617, 52.122199569082696], [4.792505340075842, 52.122209831330814], [4.792379287156092, 52.12226076972436], [4.792079959381127, 52.122287913738134], [4.792082553273586, 52.12230584926458], [4.79204250207129, 52.1223122174837], [4.792060690621836, 52.12238170703868], [4.792084238745343, 52.12243143166251], [4.792088997272101, 52.122442529118395], [4.792144687490967, 52.12258086863844], [4.792188404746295, 52.122763010038554], [4.7921957018639905, 52.12279839737692], [4.792212137518846, 52.12293264689037], [4.792292137615232, 52.1230734998424], [4.792304593407405, 52.12309543991458], [4.792325596128292, 52.12313130085437], [4.7923451425579495, 52.12316467370584], [4.792353194953956, 52.123174062034906], [4.792369979445374, 52.12319004679582], [4.792424139460167, 52.12324165148894], [4.792461591397772, 52.123280309801736], [4.792534941889506, 52.123342698177225], [4.792571289287467, 52.12337658714821], [4.792596619597489, 52.12339343289401], [4.792622875139849, 52.12341756372554], [4.792628680276392, 52.123422455601904], [4.792853202504964, 52.1236117909764], [4.792895585132999, 52.12365197502501], [4.792905146013208, 52.12366104734322], [4.792995678700003, 52.123746972179276], [4.793102191227778, 52.12381941429125], [4.793113214457975, 52.12382504249883], [4.793124843277291, 52.12382905588404], [4.793171795971861, 52.1238484552195], [4.793238267615692, 52.123875916381735], [4.793384292689976, 52.12393103030471], [4.793430485567222, 52.12394938308122], [4.793490623593039, 52.123973270864994], [4.793688833761657, 52.124035433214004], [4.793692760140055, 52.12403666638007], [4.793813196159296, 52.12407245221741], [4.793913630076158, 52.12407937512918], [4.79405229031586, 52.124108592171396], [4.794079870955769, 52.12411440244114], [4.794226511530656, 52.12414529526558], [4.79430002922574, 52.12416898026587], [4.79437308175068, 52.12417490224381], [4.794407808930952, 52.12418138652521], [4.794604242117659, 52.12421805690732], [4.794671213404763, 52.12422997920586], [4.794817847905076, 52.12425808492659], [4.794913880617855, 52.12427649872853], [4.794957583915534, 52.12428444806395], [4.794976238634483, 52.124287238206925], [4.795059566278449, 52.1243023972785], [4.795203280479932, 52.124322802963015], [4.7952382764470975, 52.1243288569159], [4.795268143972702, 52.12433402224997], [4.79534373071539, 52.12434709295813], [4.795453293772723, 52.124366032625886], [4.795476908458467, 52.12436920710643], [4.795477419288632, 52.124369227646135], [4.795496465548479, 52.1243700242962], [4.795508142347233, 52.1243704424148], [4.795521051066005, 52.12437046224567], [4.7955686015606895, 52.12437020647662], [4.795584357385464, 52.12437136410702], [4.795633336639085, 52.12437790155283], [4.795817985399178, 52.12439815230709], [4.796019331638643, 52.12442787013905], [4.796145126025088, 52.12447167093482], [4.796229623734978, 52.12450109927583], [4.796403765308264, 52.12456174324013], [4.796433476942945, 52.124572093673954], [4.79644060838669, 52.12457501460551], [4.796611344436541, 52.124650291924866], [4.796619706753032, 52.12465289543582], [4.796642350543441, 52.124659938722935], [4.7966596534360395, 52.12466669460183], [4.796704937342776, 52.12468437640772], [4.796738709585508, 52.12469245511308], [4.796751540392148, 52.12469395746762], [4.796764969534768, 52.12469438423571], [4.796836937546498, 52.124685217095625], [4.7968611722085495, 52.12468569794939], [4.796874907641005, 52.12468504765733], [4.796886066952501, 52.124680429670725], [4.796890490317893, 52.124677216071206], [4.796900934996742, 52.12466037058817], [4.796913511756507, 52.12465899543747], [4.796952341328442, 52.12466008862116], [4.796969270205069, 52.12466089241065], [4.7969781336481105, 52.12466093677464], [4.796981535925266, 52.124660953803826], [4.796992923148083, 52.12466119056221], [4.796998737847582, 52.12466319706375], [4.7970512838555415, 52.12468718882917], [4.797070729525696, 52.12469645408378], [4.797075584059281, 52.12469929167658], [4.797079713951056, 52.12470171218678], [4.797083201946935, 52.12470519008919], [4.797096721215645, 52.12471869506446], [4.797099888562202, 52.124722126420835], [4.797103936781593, 52.12472520265822], [4.797127653896663, 52.12474275839876], [4.797182536420491, 52.12477339506945], [4.797242888847462, 52.12479898076167], [4.797289198838544, 52.12481860892082], [4.79745648992353, 52.124889535472654], [4.797490500072034, 52.12490395181401], [4.7974864631340015, 52.12492988947222], [4.797517154642992, 52.12501650918663], [4.7975334729019545, 52.125031502167666], [4.797574578570652, 52.125069287264026], [4.797673078540782, 52.12510788959402], [4.797695257275586, 52.125109258814746], [4.797720947653824, 52.12511010629528], [4.797727973309317, 52.125108883071405], [4.797750835738188, 52.1251027056335], [4.797807776806028, 52.125081418632035], [4.797927683936967, 52.12511347649494], [4.798007592472509, 52.12515665948848], [4.798031395910052, 52.12516992811693], [4.798083395185674, 52.125198923097834], [4.798341425323244, 52.12529926155637], [4.798357464117563, 52.12530113928172], [4.7983811079337775, 52.12530215616196], [4.7983933785704, 52.125301857905335], [4.79840535242385, 52.12530191769249], [4.798418492089317, 52.125302163062784], [4.798425128622035, 52.12530165690828], [4.798429601651299, 52.12530131971476], [4.7987220739507865, 52.12527257038416], [4.798762389845243, 52.12526729777277], [4.798819938070991, 52.12525976521789], [4.798866924638495, 52.12525360906085], [4.799065282735782, 52.12522566561049], [4.799132566962689, 52.125215125482484], [4.799158255329059, 52.12521169426939], [4.799257585801964, 52.12519841069144], [4.7992727156247454, 52.12512953785391], [4.799272202498695, 52.125124142391996], [4.799501129537744, 52.12508357842226], [4.799642185426098, 52.12506217042945], [4.800021550306767, 52.124997367641434], [4.800106443586055, 52.12498251039711], [4.800135991894146, 52.12497870269584], [4.800215109571283, 52.12498107391335], [4.8002495257802735, 52.12498466071382], [4.800269019461554, 52.12499033039936], [4.800369364655886, 52.125008680269616], [4.8003890483448055, 52.12500210899018], [4.800421101914701, 52.12498878622074], [4.800467052227003, 52.12497587413263], [4.800513358747283, 52.12496252337827], [4.800526290475569, 52.12495857898528], [4.800553458708453, 52.12495030120601], [4.800589209094952, 52.1249423627193], [4.800619824944586, 52.124933985227386], [4.800676005872237, 52.12492375747788], [4.800732554723185, 52.1249155358937], [4.800757731759228, 52.12490987271166], [4.800772423768282, 52.124908660461216], [4.800782920129147, 52.12490779586125], [4.801134718023159, 52.12485584931105], [4.801150344320207, 52.124853545099576], [4.80115233032525, 52.12485354598058], [4.801340640231071, 52.12485328618432], [4.801403502373203, 52.12484802578565], [4.801664366742047, 52.12484392836904], [4.801708203692988, 52.124841809087776], [4.801796998646642, 52.1248411713098], [4.801838737127272, 52.12484317612235], [4.801864700622775, 52.12484546215165], [4.80198048362936, 52.12485808091324], [4.802056314641219, 52.124878356999766], [4.802063867246532, 52.12488037187095], [4.8020966239834655, 52.12488913607331], [4.802209673781323, 52.124932067138595], [4.8023173164328945, 52.12498759067024], [4.802409217513512, 52.12503527925422], [4.802439226666334, 52.12504645654239], [4.802550830079953, 52.125056016015414], [4.802600673046213, 52.12506028980148], [4.802664062964678, 52.12511403868764], [4.802725171618412, 52.12515352998242], [4.8027793677150505, 52.12518561668989], [4.802828118996896, 52.12523205746515], [4.802849067706492, 52.12525379579298], [4.802892694067018, 52.12529906964913], [4.802984586232492, 52.125394439977], [4.802996706254734, 52.12540789238986], [4.803118453542052, 52.12554304832825], [4.80312578121726, 52.125563397883106], [4.803117155059083, 52.125597689969474], [4.803113658586474, 52.125645085247704], [4.803110763162517, 52.12568448403134], [4.803108096721713, 52.12575439878424], [4.803106023769558, 52.12582359742217], [4.803137718061215, 52.125901412174095], [4.803151042932844, 52.12593330527148], [4.803183497767103, 52.126011042882176], [4.803190660719782, 52.1260250100154], [4.803204146119935, 52.126051331236056], [4.803213337094571, 52.12606991035278], [4.803277807055092, 52.12617750337305], [4.803298713303267, 52.12620924523725], [4.803351501697518, 52.12628213098709], [4.803400875360181, 52.12633472250036], [4.803416762061942, 52.12635163598111], [4.803426109618094, 52.1263615962015], [4.803474103860801, 52.12640465339641], [4.803497537968167, 52.12641618435663], [4.803594873079942, 52.126464078651495], [4.803667347924264, 52.12649671378586], [4.803718927235741, 52.126528068046625], [4.80375664298456, 52.12654748931822], [4.803803120372391, 52.126566953919784], [4.803845245160997, 52.12658423981289], [4.803897603598687, 52.12660067748977], [4.803951763678503, 52.12661334902287], [4.8040082907245045, 52.126623695312084], [4.8040264332632985, 52.126621088575746], [4.804044318940715, 52.12661578411619], [4.804061919598769, 52.12660993895461], [4.804080132513764, 52.12660193965741], [4.80409571693868, 52.12659392736142], [4.804151544719742, 52.12656609737659], [4.804188146661858, 52.12658359852325], [4.804245741084056, 52.12660167979932], [4.804298665035738, 52.126619558199735], [4.804346049383759, 52.12663669014534], [4.804350687071925, 52.12663940951564], [4.804250496660147, 52.126678183623554], [4.804244173054388, 52.12672072931512], [4.804291136440892, 52.12672648018154], [4.804301636334972, 52.12672761065817], [4.804539997820818, 52.12677013409585], [4.804570696181887, 52.12677562472867], [4.804709667823113, 52.1268000399621], [4.804729352320688, 52.12680349875799], [4.804823671881216, 52.12681626036752], [4.804854052370013, 52.12682037416716], [4.8050434565003535, 52.126846601963926], [4.805271126981526, 52.1268960369742], [4.8053231693501175, 52.12691774850882], [4.805362255481348, 52.126934066118324], [4.805522361826804, 52.12697962595455], [4.805526392179399, 52.12698076935364], [4.80563764315244, 52.127014457374045], [4.8057855983438005, 52.12706348927967], [4.805802829494451, 52.127069200818624], [4.8058121168348675, 52.12707374068578], [4.80582374063292, 52.127078292070046], [4.805865398938599, 52.127111322203405], [4.80589106198292, 52.127130081167884], [4.805914926103726, 52.12714792345538], [4.805966611657506, 52.12717465732933], [4.806057819343647, 52.12722577309019], [4.806128047307895, 52.127260723562344], [4.806245135369103, 52.12733077891659], [4.8063054231259015, 52.12736648925051], [4.806365489030648, 52.12739680556142], [4.80641568575902, 52.127422399394554], [4.806473841596899, 52.127501925434856], [4.8065714829144355, 52.12758623879962], [4.806594214359666, 52.12760587300331], [4.8066289472072246, 52.12763585773142], [4.806635034939689, 52.127642763645554], [4.806679180328808, 52.12768902731833], [4.806681371998989, 52.12770018343044], [4.8066853604164805, 52.12770793288401], [4.806686708606054, 52.12771656815804], [4.8066862553779135, 52.12772896959421], [4.806684414251434, 52.12773579153674], [4.80668200768787, 52.12774117258969], [4.806678727275389, 52.127746369577935], [4.806668049558037, 52.12775890044875], [4.806663412570989, 52.127762850392266], [4.8066550540294655, 52.12776998180284], [4.806668726504235, 52.12780795219427], [4.806674152952672, 52.12782304306871], [4.806742730190232, 52.12789972607666], [4.806765661208494, 52.12792537430967], [4.806930458868407, 52.1281183432123], [4.8070189912279355, 52.12821938328719], [4.807041055339322, 52.12825220874241], [4.807064607818831, 52.1282828843553], [4.807080776716661, 52.12829734495048], [4.8071099415062335, 52.12832319455177], [4.807278817610785, 52.12838784102575], [4.807331612340213, 52.12840805433702], [4.807355791196072, 52.12842762360028], [4.807481989463865, 52.128529792253914], [4.807504528912847, 52.12854965902504], [4.807575092970461, 52.12858146441357], [4.807623012610455, 52.128604871395495], [4.807722207536328, 52.12861705242118], [4.80776595068952, 52.12862242654595], [4.807777216439634, 52.12863548776559], [4.807898478120482, 52.12877609205875], [4.807919689469825, 52.128797039793], [4.807955666609866, 52.1288348229674], [4.808045513249971, 52.128928273707025], [4.808064981296198, 52.128948520764965], [4.80809395487175, 52.1290229951337], [4.808075836090861, 52.12908454697835], [4.808071042811268, 52.1291129440087], [4.808062429612893, 52.129128451233726], [4.8080520366422626, 52.12914718545659], [4.807973906723289, 52.12929330880173], [4.807938579357101, 52.12935067750533], [4.8079311275858965, 52.129370091286816], [4.807897104415789, 52.129458646314696], [4.80789583866647, 52.12946165113149], [4.8078272718080814, 52.12962368545117], [4.807808748787494, 52.12968595431746], [4.8077975930262555, 52.129720692684124], [4.807784671405815, 52.129760959081416], [4.807787555583229, 52.129777304739015], [4.80778804483033, 52.12978012043688], [4.807790069158024, 52.12985825547533], [4.8078197656688495, 52.1299400588023], [4.807877628380222, 52.130071911730425], [4.807910316714784, 52.13011110787074], [4.807971681540064, 52.13018466276638], [4.807992002022182, 52.13020115696623], [4.808008188926018, 52.130214305243896], [4.808027309781074, 52.130229831813175], [4.808028205783209, 52.13023056425416], [4.807996052763298, 52.13032015313323], [4.808035385739313, 52.13036392088856], [4.808152727039825, 52.1305054313933], [4.808194065535833, 52.13055900603362], [4.808265912398567, 52.13065213450817], [4.808298090535021, 52.130695822110226], [4.8082985641986005, 52.13069646259447], [4.808313784728049, 52.130733487623786], [4.808320200035014, 52.13074897874519], [4.808364427274452, 52.130855795378075], [4.808359599812023, 52.130896973405925], [4.80835214708561, 52.13096041120623], [4.80834958416055, 52.130975606592216], [4.808345755421974, 52.13099831885436], [4.808348807137083, 52.131081779896725], [4.808349021720345, 52.13109790570632], [4.808349430949981, 52.131128314655044], [4.8083471410490235, 52.131134837807636], [4.8083208601761545, 52.13120970601387], [4.808320753870253, 52.13121002007764], [4.808320176277024, 52.13122528812381], [4.808317987955616, 52.131282576892474], [4.8083151707453835, 52.131352329149294], [4.80831229831614, 52.13139140455065], [4.808332606242822, 52.131461890490385], [4.808334875351766, 52.131469370786526], [4.8083357575697, 52.13147229626784], [4.808352286133669, 52.131526746756485], [4.808432648342561, 52.13158616636868], [4.808472687834825, 52.13161384862933], [4.808538912575079, 52.131648454398345], [4.808687043395555, 52.131696629559805], [4.808749227978086, 52.13172068127186], [4.808806935607653, 52.13173067149418], [4.8088238136619665, 52.13176833374864], [4.808840697038764, 52.13180220302412], [4.808846732674122, 52.131814330680555], [4.808882025720848, 52.13188827853389], [4.808877570909608, 52.13189280469776], [4.808844532329518, 52.13194027992437], [4.80882392900093, 52.13197487317665], [4.8088055308361275, 52.132042194130484], [4.808750112796766, 52.13212605149587], [4.808727130996501, 52.132179634028816], [4.808702455247062, 52.132233190272075], [4.808690864011605, 52.132251936641865], [4.808688850261071, 52.13225518047721], [4.808681469820105, 52.13226230783699], [4.8086299837847, 52.13231205640035], [4.808540603251991, 52.1324018590053], [4.808511748704156, 52.13244198437612], [4.808381859972231, 52.13263710905671], [4.808334856581089, 52.13270718373375], [4.808299527776204, 52.132764489595175], [4.808290169833879, 52.132777683217704], [4.8082765107727985, 52.13282748246359], [4.808260065610281, 52.13289052556189], [4.808243976899943, 52.132954235530576], [4.808275571050413, 52.13296760320146], [4.808327734126119, 52.13298967348261], [4.808318717018238, 52.13300135876968], [4.80831195312283, 52.13302739122339], [4.808305008406258, 52.13308991470101], [4.808257678301963, 52.133180642521474], [4.808128911134258, 52.13333406737333], [4.808092707334588, 52.13340022220599], [4.808069175544834, 52.13345781062021], [4.808063965143083, 52.133544251088466], [4.808028784904491, 52.133689147162784], [4.808023779504758, 52.13375976948059], [4.807998668572652, 52.133984170272186], [4.807996445116004, 52.1340204714972], [4.808005104043168, 52.13405107374332], [4.808021844642095, 52.13417932702856], [4.8080222400528925, 52.1341938897799], [4.808022102534598, 52.13420449512643], [4.80802150043164, 52.13422840065964], [4.808021795617305, 52.13425069273116], [4.808019812241223, 52.134268479536686], [4.808013295794773, 52.13429792868246], [4.807996836133454, 52.134328227815345], [4.807984313669222, 52.134347760496105], [4.807936786667489, 52.134408466773735], [4.8076754645791695, 52.134668738352055], [4.807577812611033, 52.13478762118687], [4.807565684580383, 52.13479924618582], [4.807548642035049, 52.13480689224386], [4.8075359950951455, 52.13481348132372], [4.807528601423701, 52.13482045574633], [4.807521703316092, 52.13483426360069], [4.8075123353653355, 52.134858305810795], [4.807497508823268, 52.134897780815535], [4.807481404168048, 52.13494569840038], [4.807480878754781, 52.13496367212447], [4.807480463471728, 52.13499566790886], [4.8074853784743645, 52.13502211723661], [4.807577812751896, 52.13519280713217], [4.807586445427074, 52.135202916285785], [4.807598894199905, 52.13521160608669], [4.807618888862158, 52.13522410799007], [4.807696270692964, 52.13524911574605], [4.807811241613653, 52.135281498624735], [4.80782989006451, 52.13528518548953], [4.807839782191165, 52.135288290051705], [4.807850831104308, 52.1352922991103], [4.807860391486965, 52.13529845801312], [4.807916936484227, 52.13535338370421], [4.8079743479057155, 52.13538656229358], [4.808037659915558, 52.13541527575213], [4.808159521017054, 52.13545703979926], [4.808460730898825, 52.1355510511536], [4.808477242485597, 52.13555621047547], [4.808583358237038, 52.13559573966857], [4.808613048956302, 52.13560397465359], [4.808630501215361, 52.13560981267962], [4.808680920329204, 52.13561904813867], [4.8087237305575306, 52.135629324837154], [4.8087580834942685, 52.135638481466174], [4.8088136117284765, 52.13565924675804], [4.808842921969956, 52.13567431081418], [4.808863700426717, 52.13569400686837], [4.8089090966891845, 52.13575951938062], [4.808915319658945, 52.135768502089576], [4.808966639967169, 52.13584353511037], [4.808999865612258, 52.135917221065874], [4.809019690040209, 52.13596549473437], [4.809024323251328, 52.13599122355743], [4.809027353949265, 52.13602791006884], [4.809023698564047, 52.13606204712349], [4.809023874028315, 52.136097011889845], [4.8090240177038925, 52.1361276621879], [4.809020386912791, 52.13620503236666], [4.809013698725403, 52.13627034343558], [4.808999204863224, 52.1363518847918], [4.808978440262718, 52.13642135128353], [4.808901834812188, 52.13662950080756], [4.808825558146219, 52.136789655171356], [4.808796985100136, 52.136852971399364], [4.808755207158734, 52.13694336707549], [4.808674349784001, 52.137073658214504], [4.808666309953607, 52.13710795351288], [4.808663805355823, 52.137120884163814], [4.808663969438266, 52.137130771933336], [4.808663864677961, 52.137138860754256], [4.808664313899388, 52.1371492892113], [4.808670811568975, 52.13716639856575], [4.808679641572965, 52.137183878885246], [4.80868939503126, 52.13720111206499], [4.80872676647219, 52.13726716051267], [4.8087365473765376, 52.137278893075376], [4.808957101014117, 52.13750226043489], [4.808998391583186, 52.137544320658456], [4.809064453429282, 52.13760802890099], [4.809093219373482, 52.13764268438323], [4.809145204278561, 52.137689138243985], [4.80920345885529, 52.13772519655198], [4.809308621838915, 52.13779366223244], [4.8093199078301385, 52.13780198662246], [4.80933642653804, 52.13781231403984], [4.8093686247979255, 52.13783008854927], [4.809492811464416, 52.13789595081085], [4.809543462724428, 52.13791004062716], [4.809554799927274, 52.13791441046001], [4.8095637908104845, 52.137919487853324], [4.809573363627437, 52.13792474785862], [4.809581753988092, 52.13793108065039], [4.809589233101642, 52.13794010542363], [4.809597855163713, 52.13795111318577], [4.809655188079092, 52.138026876390946], [4.809712047076434, 52.13810202605245], [4.809736304689483, 52.1381340707136], [4.809739460019507, 52.138138580234944], [4.809746118580292, 52.13814328666969], [4.809754240113765, 52.138147820503185], [4.8098742112303885, 52.1382008985486], [4.809925702227381, 52.13830828927794], [4.809924777052379, 52.13831205977188], [4.80992472362306, 52.13831619405813], [4.80992569004367, 52.13833183816407], [4.809929341394357, 52.138343181099536], [4.8099597347290945, 52.13843285178753], [4.810037517300077, 52.138472600497444], [4.810054933719306, 52.13848131433799], [4.8100945841892635, 52.13851027041039], [4.810158622870807, 52.138551030372085], [4.8101746042253755, 52.13855775978195], [4.810191730894242, 52.13856629242165], [4.81020308922424, 52.138569044427996], [4.810212124428411, 52.138570706491734], [4.810228818164275, 52.13857091398445], [4.81024054975513, 52.13856851760494], [4.810246872663392, 52.13856302981059], [4.810250565875347, 52.13855983011883], [4.810325386945671, 52.138482817113925], [4.8103319086433105, 52.13848455675723], [4.810439865545478, 52.13851339734754], [4.810562647414863, 52.138665717564386], [4.810588867214946, 52.138694068520735], [4.810613747035698, 52.138713065248815], [4.810662150476578, 52.138742962728415], [4.810710609659433, 52.13876854615015], [4.810776608523135, 52.13879331645206], [4.810968227336895, 52.13884117082899], [4.811194135306667, 52.138903393612175], [4.811505305839497, 52.1389919179865], [4.811600373130456, 52.139032684781654], [4.8116096125406225, 52.13903664869944], [4.811690569521497, 52.139077373529666], [4.811714981463959, 52.13908965359509], [4.81182402788887, 52.139152032992925], [4.811919733799047, 52.13920677920795], [4.8120794628253165, 52.13930373126489], [4.812311948984791, 52.13949073940573], [4.812424742638688, 52.139579912182555], [4.812491025687705, 52.13965088195934], [4.812521817453913, 52.13968734408111], [4.812677419570039, 52.13983281117984], [4.812748925457982, 52.13988960497869], [4.812819718245728, 52.139953019522196], [4.812895621452492, 52.14001777117253], [4.812996297817246, 52.140095199804946], [4.813056488111555, 52.14014025374289], [4.813110983528045, 52.14017377511026], [4.8131523977061885, 52.14019420897303], [4.813198472828853, 52.140211160126725], [4.813260954487199, 52.14022798436513], [4.813316990680193, 52.1402393843265], [4.813356637653514, 52.14024615653081], [4.813370057775222, 52.14024765991995], [4.813467313822034, 52.14025029016101], [4.813586480638881, 52.14025302687423], [4.813685837107344, 52.140251352840934], [4.813881681355866, 52.1402336365174], [4.814038193778623, 52.140222137303816], [4.81404095785418, 52.140169525162996], [4.814325115434935, 52.14011244668761], [4.81440576121747, 52.14008892987205], [4.814532542886718, 52.14004460474389], [4.814664185145916, 52.140005120716374], [4.814787974981873, 52.1399924550048], [4.814797921623861, 52.13999142469593], [4.814843270397346, 52.13998643162731], [4.814853801320231, 52.13998540414882], [4.81492959303546, 52.139953055043954], [4.814941037220155, 52.139949155783], [4.814950171905786, 52.13994308816267], [4.815291466034721, 52.13971087196338], [4.8154264533936795, 52.139632466674655], [4.8156614207957675, 52.13954458685297], [4.815966113854879, 52.139437018671515], [4.8161188386884435, 52.139392448963605], [4.816222865428555, 52.13937609080899], [4.816287335270301, 52.139374506367474], [4.816565189788229, 52.139367671667635], [4.816665628488222, 52.139387464047594], [4.816913934172935, 52.139468515457125], [4.816976875743108, 52.139501977001174], [4.817098404463208, 52.13958619010157], [4.817136717989049, 52.139620754911626], [4.817160669639666, 52.139644060068164], [4.817171927741811, 52.139654720480586], [4.817188058176009, 52.13967277471283], [4.817232868182652, 52.13973285226384], [4.817235373584927, 52.13974257156218], [4.8172660729611705, 52.13978658202534], [4.817328098345092, 52.13989420010018], [4.817390669328429, 52.140004876742964], [4.817445593122222, 52.140142480833], [4.817473853621376, 52.140217398659374], [4.817480784816453, 52.14022372383461], [4.817489146925593, 52.14023239283688], [4.817496020808189, 52.14024321180437], [4.817497937423382, 52.140253287778], [4.817515380887241, 52.140305862761544], [4.817521974106307, 52.14031578155789], [4.817550647486537, 52.140358344053816], [4.8175745126372655, 52.140388479690145], [4.817606459304944, 52.140426384146046], [4.817645081811812, 52.14046773632035], [4.817697713612632, 52.14051023469658], [4.817720175143673, 52.14054506432239], [4.817802041473538, 52.14063428032493], [4.817844415558584, 52.140680459195316], [4.817916380293941, 52.14075574064715], [4.81803068479075, 52.14083752704405], [4.8180323978096, 52.140838371206605], [4.818233026996437, 52.140937058151586], [4.81828779302332, 52.140948566462704], [4.818292120090761, 52.140949477157875], [4.818292921437726, 52.140949642809225], [4.818475161355123, 52.14102985091434], [4.818546774345432, 52.141062895015445], [4.818549359481403, 52.141064084923954], [4.818689913571284, 52.14112893772688], [4.818720941595196, 52.14114272227043], [4.818732359126558, 52.14114780166377], [4.81883854575169, 52.141194997741515], [4.818997798798597, 52.14128171852725], [4.819026396519266, 52.14129823266475], [4.819026672004314, 52.14129839577818], [4.819080691665794, 52.14132958414464], [4.819265863660628, 52.14142529169653], [4.819402841978729, 52.14149809890106], [4.819443732078589, 52.14152100874149], [4.819586780069914, 52.141618589284285], [4.819657770447234, 52.14166512988455], [4.819859462468746, 52.14179570898264], [4.819869096685175, 52.1417962946042], [4.81987640052325, 52.141796329729715], [4.819884569406061, 52.14179726782845], [4.819896536285191, 52.14179822419122], [4.819906690883486, 52.14180384566855], [4.819917016636848, 52.14181899539253], [4.819929967215169, 52.141834517263014], [4.81993685562586, 52.141844257574235], [4.8199338496174216, 52.14185089434017], [4.819932607946544, 52.1418566407766], [4.819933714921882, 52.14186149969321], [4.819938537712804, 52.14187284793589], [4.819944529122566, 52.14188420179773], [4.819952556482985, 52.14189628450001], [4.819960036065183, 52.1419054883642], [4.819978898254228, 52.14191564577276], [4.8199976508811515, 52.14193443126213], [4.820108840829455, 52.14201352213203], [4.820121681954039, 52.142014662437084], [4.820151997606884, 52.14202020104383], [4.820187941863387, 52.1420426643921], [4.820415965395263, 52.14217067264021], [4.820461790754358, 52.14219731791998], [4.820494558081574, 52.142216889707484], [4.820533551945989, 52.14222930088719], [4.820547237685325, 52.14223296188071], [4.820565326297507, 52.14223502615663], [4.820587511942572, 52.14223657082015], [4.820612050802628, 52.142236868442794], [4.8206901204102, 52.142232210020815], [4.820812965150326, 52.14222183436013], [4.820839898238584, 52.14221764936292], [4.820872421038146, 52.14221043522816], [4.820929057888419, 52.14219093321267], [4.821157829852502, 52.14209873429985], [4.821271317066916, 52.14204283329835], [4.821284881471097, 52.14203301142144], [4.821303757042385, 52.14201908047876], [4.821363793899156, 52.14198485402306], [4.821456629391827, 52.14194467290327], [4.82147802725441, 52.141939202876145], [4.821509025538981, 52.14192891630121], [4.821572577617786, 52.14191009428354], [4.821576566054617, 52.141908917985106], [4.821582425697847, 52.14192263501035], [4.8215930556799265, 52.1419230365145], [4.821614625030463, 52.141927094708194], [4.821685714986756, 52.14194289511327], [4.821753002431549, 52.14195903677451], [4.821780109099924, 52.14196420005553], [4.821809870196968, 52.141967398662615], [4.82184899390175, 52.14196956355588], [4.822109351455843, 52.1419901354999], [4.822391992503644, 52.14201377065604], [4.822397187635437, 52.1420142089834], [4.822436530928752, 52.1420174982497], [4.8225821108283276, 52.142057563142785], [4.8227836167743705, 52.1421111978845], [4.822828166688099, 52.14212327536161], [4.8228369990207725, 52.1421248995277], [4.822895743917975, 52.14213619101476], [4.822968039730077, 52.14215258064126], [4.8229943378540945, 52.14215932168679], [4.8230403646974604, 52.14216897935082], [4.8231009941822895, 52.142177960809335], [4.823228094584544, 52.14219840531953], [4.823246497644153, 52.142201027951536], [4.82326826217488, 52.142204691297], [4.8232908955754725, 52.14220896099682], [4.823376807079366, 52.142228812971005], [4.823554794863341, 52.14221645096278], [4.8237430170696864, 52.142183734506176], [4.823904081672611, 52.14219270087366], [4.82409251076969, 52.14218525947956], [4.824260152428118, 52.14218007348056], [4.824426666302822, 52.14217511555467], [4.824498975296354, 52.142171955113795], [4.824537694482603, 52.14217262515458], [4.824601969517115, 52.14217171830549], [4.824724299488881, 52.142170809610796], [4.824832041583863, 52.142170568275034], [4.824894497106108, 52.142171459207496], [4.825242911474337, 52.14219838507897], [4.825241812947813, 52.14219861353749], [4.825402860491458, 52.142186896082166], [4.8255745047177, 52.14217474349726], [4.825680417345824, 52.14216663704864], [4.826005432848973, 52.142142100085955], [4.826237697179536, 52.14215016159033], [4.82647180199874, 52.142176863783604], [4.826693874289542, 52.14222763248832], [4.826698613713842, 52.14222830215223], [4.826923244557694, 52.14230107653846], [4.827117911734098, 52.14234487431237], [4.8272391634809635, 52.142374068129975], [4.827303176096736, 52.14238828558801], [4.827339246979746, 52.14239629443072], [4.827400239317795, 52.14241021886998], [4.8274038948592715, 52.142411117053534], [4.827464517993989, 52.14242885966335], [4.827514186858869, 52.14244525598049], [4.827606599564108, 52.14247692813871], [4.827658849004459, 52.142500742855766], [4.827719841839615, 52.14252747521817], [4.827749069816343, 52.14254297454725], [4.827770623122284, 52.142554213053046], [4.82778377264645, 52.14256341633889], [4.827901368276871, 52.14263150175317], [4.827906480094916, 52.14263510326454], [4.827955073660027, 52.14266857174505], [4.828002563688595, 52.14270384158845], [4.8280493193802965, 52.142737094590444], [4.828060288841811, 52.142745406675004], [4.828079644953171, 52.14275596059965], [4.828100834333679, 52.14276944435205], [4.828119101353968, 52.14278180871089], [4.828132250359174, 52.1427898974265], [4.828146126524606, 52.14279708178543], [4.828166959727323, 52.14281101324438], [4.828243653195381, 52.1428579621338], [4.828320369317634, 52.14290311345388], [4.82833096065951, 52.14290896097375], [4.8284060962894175, 52.14293682956359], [4.828434499927032, 52.142944693893256], [4.8284883366293805, 52.14295965346021], [4.828523465168707, 52.14296947307754], [4.828552028075266, 52.14297745497866], [4.828570895283744, 52.14298273047418], [4.82859621847759, 52.142989267910664], [4.8286213960476205, 52.14299576869961], [4.828656140904084, 52.143004732588146], [4.82867319639597, 52.14301002645378], [4.828693294870802, 52.1430149751982], [4.828711390355384, 52.14302004927869], [4.828718496514008, 52.143023057991165], [4.828748518276791, 52.14303120853719], [4.828841217142483, 52.14306235976261], [4.828924858644424, 52.14308999863435], [4.829061472939633, 52.14314097858745], [4.829179615718814, 52.14318659497686], [4.829242279390472, 52.14320836401197], [4.829272942111835, 52.1432166792415], [4.829303992614577, 52.14322318968292], [4.829336868108201, 52.14322745272576], [4.8293832524870925, 52.143234413158225], [4.829416489239697, 52.14323665555802], [4.829446804828208, 52.1432400166417], [4.82948479227326, 52.143242038803436], [4.829523500085154, 52.143241358931455], [4.8295629451896795, 52.14324247116962], [4.8295922556844735, 52.14324208840313], [4.8296321924446985, 52.143238924592566], [4.829728747005395, 52.1432269413324], [4.829877077099962, 52.14322890950284], [4.8300216321682425, 52.14326531115521], [4.830144307979837, 52.14330835041437], [4.8302156691753035, 52.14334967322679], [4.830380874193586, 52.14344647328474], [4.830559772258047, 52.14355470770085], [4.830597001522717, 52.14358476888569], [4.830723760445698, 52.14365666071517], [4.830749688003503, 52.143671029196945], [4.830759560627919, 52.14367597429382], [4.830816180068707, 52.1437080952654], [4.83090692246815, 52.1437534548471], [4.831022651797101, 52.14381131780196], [4.831147169207106, 52.14386387412874], [4.831229693683145, 52.14390284910629], [4.831375863244601, 52.143970607282384], [4.8314397401378235, 52.14400775954294], [4.831501502262465, 52.14403523957047], [4.831647859300443, 52.144104436389135], [4.831805232975287, 52.14418767041458], [4.831915265744288, 52.14424445405398], [4.831960763237142, 52.14427468854058], [4.831982398907111, 52.14429708092097], [4.831987144574654, 52.14431489974573], [4.831993529304449, 52.14434189417282], [4.8319946169784345, 52.14437191963322], [4.8319920673227585, 52.14438898507361], [4.831970091573504, 52.14445857557771], [4.832053818781349, 52.14446793076744], [4.832130869283362, 52.14447495352308], [4.832302905100754, 52.14449062920084], [4.832360256981863, 52.14449571658404], [4.832384883687542, 52.14446787933303], [4.832460995390283, 52.144532843904386], [4.832580508320195, 52.144626343045694], [4.8326474511076585, 52.14467087931949], [4.832731259730492, 52.144721966275064], [4.8328007744952695, 52.14474763948565], [4.832857854505108, 52.14476289091764], [4.833033987070085, 52.14471342985614], [4.8330530935220555, 52.14470658976101], [4.833066701762137, 52.14470015526711], [4.833077136685459, 52.144688079300074], [4.8331734716543195, 52.14458327181677], [4.833222437782656, 52.14453772524117], [4.8332744216291665, 52.14448679993934], [4.833294845878829, 52.14446557600401], [4.833368651582586, 52.144376131141755], [4.8335470442079425, 52.14416776087784], [4.833554067997229, 52.144158598988334], [4.833591458871112, 52.144109825126364], [4.833608586939571, 52.1440857723847], [4.833702523300418, 52.14395386299784], [4.833746662812428, 52.14389098242663], [4.833851552505134, 52.14375339886869], [4.833937107838242, 52.143637511761085], [4.833966902388517, 52.14360278654632], [4.834013447157225, 52.14354852777809], [4.834056860146099, 52.14350767357976], [4.834096938421973, 52.1434694821924], [4.834120295289173, 52.143448496565256], [4.834134819828454, 52.14343172989843], [4.834146431057024, 52.14341427546261], [4.834150631940283, 52.143380589681946], [4.834139834751252, 52.14325916340137], [4.83413049644984, 52.143115489354344], [4.834119435842366, 52.142964616726516], [4.834128175621199, 52.142877023459945], [4.834619345807946, 52.142932184336146], [4.834745848581305, 52.14294602531557], [4.835109075958965, 52.14298575451367], [4.83548901441323, 52.14302920992428], [4.835574437926846, 52.14276385745401], [4.836119647208047, 52.14282135898833], [4.8367046328765335, 52.14288045475284], [4.836862161734433, 52.14233618570847], [4.837017046640267, 52.14178565733414], [4.837084244927114, 52.14161969035369], [4.83709767076574, 52.14159710287897], [4.837106847054396, 52.14158743849084], [4.837118050698121, 52.14157922165599], [4.837145114706675, 52.141564247796595], [4.837158675481544, 52.14155442408549], [4.837169943301844, 52.141540994430805], [4.837214509931248, 52.14143334468072], [4.837237432800993, 52.141375028716375], [4.837245579846914, 52.14133030581951], [4.837250048430932, 52.14127585859494], [4.837257573515251, 52.14121046010203], [4.837259890781678, 52.14114090279138], [4.83725606847489, 52.14107167638358], [4.837246068999015, 52.14098210800692], [4.837243353346351, 52.14094164876778], [4.837241193219193, 52.14092725769143], [4.83724019726064, 52.14091323156754], [4.837243030217031, 52.140896706617724], [4.837245834399035, 52.14088251844719], [4.837321706402468, 52.140747510911375], [4.837347913258093, 52.1407071864857], [4.8373583818133925, 52.140687461396], [4.83736622103778, 52.1406677240503], [4.837366423058894, 52.14065012623521], [4.83746084840987, 52.14067045703478], [4.837492286087202, 52.14065376876791], [4.837520567384157, 52.140644283252826], [4.8375535905220275, 52.14063526923131], [4.837580264793479, 52.14062935348959], [4.8378224363434095, 52.140608190981766], [4.837899563014006, 52.140608550138836], [4.83792843246415, 52.140612998864555], [4.837946488077173, 52.14061775675972], [4.837972385235074, 52.14062632617488], [4.837988955812321, 52.14063305453785], [4.8380011154616485, 52.140642099276825], [4.83800773316804, 52.14065039916398], [4.838187723877062, 52.14083908885386], [4.838418680720147, 52.14094604363525], [4.838697231098497, 52.14107928483075], [4.8387436792637, 52.14110358896919], [4.838798797668009, 52.14113680467706], [4.838891010083993, 52.14119235749818], [4.839111510039485, 52.141279137887274], [4.839759914066961, 52.14148798569591], [4.839928671819774, 52.14153200154607], [4.840071099738572, 52.141552633777515], [4.840137957875573, 52.14155898384298], [4.840201070489561, 52.14156342000968], [4.840220550376058, 52.14156286318206], [4.840235383166933, 52.1415624376044], [4.840276081905203, 52.141561278067556], [4.840330195695493, 52.141556171997756], [4.840380829475889, 52.141550132984435], [4.8404468050568905, 52.14154027319256], [4.840515665435809, 52.14153103792418], [4.840617276653136, 52.14151235503622], [4.840793342732287, 52.14147729900839], [4.840918700906596, 52.14144000357644], [4.8409634464032685, 52.14142328611834], [4.84100299229101, 52.141399318117166], [4.841075687340954, 52.14133928141054], [4.841189453630138, 52.14122964951911], [4.841241455652781, 52.141184536096404], [4.841312592964865, 52.141122811254675], [4.841375286195662, 52.14107904153199], [4.841425301809801, 52.14105419605085], [4.841482420764949, 52.14103023727862], [4.841640492194787, 52.14095886561243], [4.841702134399003, 52.14092216451136], [4.84173960903586, 52.14089787210162], [4.841780611173652, 52.14086343940522], [4.841803997500666, 52.140839630117114], [4.841821028078752, 52.140818308118405], [4.841850998244916, 52.14077571710762], [4.84187995466033, 52.14072641626064], [4.8419238572227, 52.140572841323056], [4.84196213200697, 52.140406378346356], [4.84197395864583, 52.140335058286176], [4.842036370760038, 52.140159781619055], [4.842042136976366, 52.14010863885468], [4.842066506630257, 52.140007805802604], [4.842131129649152, 52.13989907840473], [4.842186196682525, 52.13981925758416], [4.842231087932761, 52.13978084297794], [4.842289359633425, 52.13972329151714], [4.842353063178681, 52.139668308754096], [4.8423903033260265, 52.139642765702995], [4.842411741875496, 52.13962766578113], [4.842460659968418, 52.13959321547096], [4.842529901780651, 52.139554814316945], [4.842583828820426, 52.13953365355858], [4.84268066700511, 52.13950583290292], [4.842748798368911, 52.139488998002854], [4.842835800241884, 52.139469985130965], [4.842871914419792, 52.13946008506362], [4.843033323559199, 52.139443842132195], [4.843079323791736, 52.13943901196533], [4.843160816370453, 52.139429752527064], [4.843350765694371, 52.13941616643658], [4.843491005308485, 52.13940613495309], [4.843747598454689, 52.13939706179353], [4.843940456417018, 52.139396520937936], [4.844244707360013, 52.13937841736537], [4.844440624773794, 52.139380945736036], [4.844524372322992, 52.13938203207742], [4.84481604810266, 52.13941184780906], [4.844967714843877, 52.13943756794749], [4.845008740508039, 52.13944781421783], [4.84508104886074, 52.13946587110261], [4.845195823098597, 52.139477822374005], [4.845320392123047, 52.139490357811276], [4.845406744291874, 52.13949952682702], [4.845626039330342, 52.13952938562227], [4.846019667824633, 52.13953964081003], [4.846251168819057, 52.139545933636704], [4.846633176174012, 52.139426506730594], [4.846674696858306, 52.1394079477436], [4.846723438496997, 52.13937571493105], [4.846884888428206, 52.13921949482439], [4.846900231772415, 52.139206981718296], [4.847037276080257, 52.13912403767959], [4.847159517884192, 52.13904508835504], [4.847207523126268, 52.1390108745833], [4.847245437925998, 52.1389896653693], [4.847362990286545, 52.138955410301385], [4.84741258630275, 52.138945471667896], [4.847452449947042, 52.13893825682968], [4.847484864669535, 52.13893821637784], [4.847527673067982, 52.138939958172244], [4.847613640003521, 52.1389434792685], [4.847851617365768, 52.13896845793298], [4.847942259135171, 52.13898042203627], [4.8480034819163, 52.13899475031288], [4.848043977708113, 52.1390150328428], [4.848164506676891, 52.13907542656276], [4.8483610702271775, 52.139140544685496], [4.848481093836791, 52.139179921532225], [4.848594760634276, 52.139219520901875], [4.848660072838873, 52.139237588589964], [4.848791314987465, 52.13935458385412], [4.848877266169907, 52.139374030913245], [4.8490337980235285, 52.139403507077226], [4.849153566055844, 52.139429040356056], [4.849391306417569, 52.139480053420804], [4.849419899687497, 52.13949776453836], [4.849455116970292, 52.139522201995504], [4.849534487246533, 52.139578721556056], [4.849860928993672, 52.13961867803326], [4.849973305653501, 52.13962727913619], [4.850089179393988, 52.13963661510341], [4.850289124773428, 52.139651726478704], [4.850379808147511, 52.13966161263496], [4.850460483671171, 52.13967041056727], [4.8506173987314085, 52.13968031922009], [4.85089235919574, 52.13969635496714], [4.851101298383856, 52.13970215820044], [4.851220639940187, 52.13969765811429], [4.851340989789478, 52.13969312653478], [4.8514786384805175, 52.13967493054661], [4.851535320311337, 52.13961617190433], [4.851621181016063, 52.13956411602296], [4.851679699763202, 52.139536096045894], [4.851739029548094, 52.13951109074244], [4.851754577583798, 52.139505768436486], [4.851766907772773, 52.1395007910491], [4.85178716019658, 52.139492973415294], [4.851893066276465, 52.13945642294081], [4.852152432144486, 52.13939257045158], [4.852316069937669, 52.13897154475999], [4.852324214721869, 52.13893668978847], [4.852330620033238, 52.13890925112063], [4.852346556153737, 52.13884099564793], [4.852483484641223, 52.138384839851206], [4.852511315146099, 52.138354046840135], [4.8525308863158205, 52.13832986760288], [4.852574238452904, 52.13829590919698], [4.852607567705663, 52.13826945538217], [4.852633692166582, 52.13825914753689], [4.852722586967112, 52.138225431386786], [4.852948970967513, 52.138070378011165], [4.853031609364028, 52.1380137764922], [4.853045451234437, 52.138004491515666], [4.85307867897164, 52.137986485945966], [4.853123879691169, 52.137968894095884], [4.853291969935499, 52.13791719125517], [4.85345222197687, 52.137802616726404], [4.853494623814093, 52.1377722938734], [4.853504607714826, 52.13776802473987], [4.853513423101148, 52.13776375031931], [4.853552808780382, 52.13774379508589], [4.853751998158021, 52.13760142522926], [4.853771998029811, 52.137590190625055], [4.853794912721528, 52.13757950848435], [4.853844644885473, 52.13754935347088], [4.853900357127642, 52.13753216837129], [4.85407195094208, 52.13749878907135], [4.854345183771701, 52.13744923162903], [4.854475127054814, 52.13741872855944], [4.854601305522466, 52.137389116150906], [4.854665134623778, 52.137364929632625], [4.854878191242005, 52.13728419812429], [4.854949607808751, 52.13727661080476], [4.8550811245478265, 52.13724637482324], [4.855238698373419, 52.137210144270405], [4.855285713306225, 52.137211794362976], [4.85533071761397, 52.13721055917176], [4.855387089097581, 52.137211532357114], [4.85555363794273, 52.13721278637436], [4.855619076666363, 52.13720916243788], [4.856042812907838, 52.13722132649094], [4.856632836400477, 52.13722728019296], [4.85706783688746, 52.1372343679901], [4.857236648138219, 52.13723331086049], [4.857590716136509, 52.13724121956018], [4.858229930331017, 52.137231656874086], [4.858633564468866, 52.137234256983916], [4.858837073765855, 52.13723759541579], [4.859083227376067, 52.13726016125377], [4.859258868043307, 52.13726461455738], [4.859667146492215, 52.13725987962027], [4.859991699480609, 52.13725245910248], [4.8606378346287995, 52.13725169550587], [4.860893534177518, 52.13726003594581], [4.861168170817604, 52.13727404189125], [4.861486107865243, 52.137276447733115], [4.861611632651427, 52.13728704673472], [4.861720932718373, 52.137298580008796], [4.86180762897615, 52.13729951439606], [4.86206642161972, 52.13730198783384], [4.86236771384695, 52.13730504524794], [4.862515101760206, 52.13730602438307], [4.862516679235724, 52.1373060313985], [4.862581058053221, 52.13730803441994], [4.862663426191122, 52.13731059375846], [4.86297951992646, 52.13732073513889], [4.8631941431813654, 52.137326766869876], [4.863547869049368, 52.13733530320304], [4.863652973951434, 52.13733966151977], [4.863906827530832, 52.137354791239716], [4.864088887786041, 52.13735619183312], [4.864175791856194, 52.13735685575674], [4.864278670423643, 52.13736049358422], [4.864376745331174, 52.137363957236744], [4.864639688095058, 52.137377561723056], [4.864733602570114, 52.137385806307734], [4.864915099851684, 52.13739164326391], [4.865118839902139, 52.13741405359628], [4.865286964260301, 52.137429295292854], [4.865574302510551, 52.137462824416275], [4.865760853483765, 52.137491251584166], [4.8659205393662885, 52.13751116485525], [4.866018211235987, 52.13752792777883], [4.866237384446115, 52.13756853338936], [4.866616608596004, 52.13762414501569], [4.866826121826081, 52.13765771414737], [4.866974866262368, 52.137681541489], [4.86715999814681, 52.13772285813264], [4.867345727668923, 52.137764311939705], [4.8675642455123205, 52.137814996859326], [4.8676832400895425, 52.13783721821911], [4.867868626092514, 52.13786558298581], [4.867998074773459, 52.13788948588137], [4.868209307673374, 52.13792610708899], [4.868519464214327, 52.13797629449765], [4.868714544199655, 52.138003945546636], [4.868906645847964, 52.13803148431914], [4.8691833498094805, 52.13806811274312], [4.869410175157875, 52.13810054887491], [4.86948034668049, 52.13811708935925], [4.869750393466493, 52.13816230684207], [4.870032220937013, 52.1382056878409], [4.87016247802092, 52.13822555623329], [4.870228867838824, 52.13823568914661], [4.8702484556077215, 52.13822817102708], [4.870256063505819, 52.13822712578768], [4.870301734341435, 52.13820620381233], [4.870341874475116, 52.13820753014529], [4.870437045255791, 52.138274090588986], [4.870444588835457, 52.13829249534137], [4.870445540652543, 52.13829481844452], [4.870529735322888, 52.13833414168229], [4.870543726639541, 52.13834067439694], [4.870637594911946, 52.13837970735804], [4.870762474707464, 52.138456653048216], [4.871133801801874, 52.13872153978624], [4.871229667138312, 52.13878128063746], [4.871312084650238, 52.13883675617048], [4.8713153749570575, 52.13883897264594], [4.871407357647248, 52.13883904224806], [4.87151284137754, 52.1388375259652], [4.871642793941251, 52.13884222843243], [4.8717677325237245, 52.13885104338515], [4.871863227671297, 52.138854336733786], [4.871992625076217, 52.13885651971806], [4.872131625661623, 52.138861980206144], [4.872253158234064, 52.13886215118395], [4.872269047614224, 52.13886373053689], [4.872315606889035, 52.138868355886366], [4.872336874782704, 52.13887348204347], [4.872367115501721, 52.138884615459766], [4.872710613585731, 52.13885399033102], [4.873058445584516, 52.13881102443033], [4.873083781847614, 52.13880789012743], [4.873436251316235, 52.13881379372739], [4.8735891915957215, 52.138816356107924], [4.873599166572771, 52.138816525364795], [4.873725453337282, 52.138818638977874], [4.874518546537018, 52.138831929922326], [4.8744935116087245, 52.13942225035252], [4.874467036514556, 52.14002344007839], [4.874444425390739, 52.14065700373478], [4.874435066663763, 52.14120374583531], [4.874435026468351, 52.14120597471218], [4.874433770578975, 52.141279743669195], [4.874420940538902, 52.141341166588035], [4.8744083560001545, 52.141737487569785], [4.8743926778679105, 52.14225055062228], [4.874383034399365, 52.14231432428582], [4.8743516553138075, 52.1429593543563], [4.874328347245182, 52.14343831920488], [4.874318944814938, 52.14359557021775], [4.874295532327258, 52.144072116755545], [4.874207242988447, 52.145868572057296], [4.8741924491416455, 52.14604866529386], [4.8741902250028515, 52.14607567386387], [4.874125771392296, 52.14654957000174], [4.8740917874256375, 52.147030330662226], [4.874090565774183, 52.14704764542304], [4.874089501629541, 52.14706269586696], [4.874087495534479, 52.14709106258233], [4.874085628617957, 52.14711748847264], [4.874073435398085, 52.14728987218789], [4.874061764254581, 52.147504547186145], [4.874050343112014, 52.14781189058749], [4.8740439566142335, 52.14811974122506], [4.874037582207817, 52.14842653130321], [4.8740268199252705, 52.1485747881512], [4.874009657304939, 52.14973768362024], [4.874006148518228, 52.15032270361441], [4.874006267615728, 52.15040260831305], [4.8740063067186705, 52.15042336199849], [4.874006365995955, 52.150460159524165], [4.874006398018444, 52.1504828006789], [4.874006422231202, 52.15049595036954], [4.874006428935006, 52.15049790980379], [4.874006464712453, 52.15052403835616], [4.873973565849053, 52.15100916258469], [4.87392297981892, 52.15140585685602], [4.873896275965402, 52.152038322808714], [4.873866860217146, 52.152601568572905], [4.873866145017655, 52.15318489269938], [4.873774312554298, 52.15341953179362], [4.873745825499356, 52.15386749119236], [4.873713483598714, 52.154376139343526], [4.873713614826769, 52.15498733006038], [4.873684793363623, 52.15539688176847], [4.87364389600985, 52.1558551412706], [4.873634064371269, 52.155965409294396], [4.873623563514635, 52.15608303564724], [4.876718448188207, 52.15692315244076], [4.877513614336389, 52.157141512575535], [4.878601415380983, 52.157440233013936], [4.879153299926806, 52.157599263544675], [4.879235320451073, 52.157622895759964], [4.879501397295106, 52.15769046270089], [4.879578532128854, 52.15771197044584], [4.87990529598382, 52.157803076573614], [4.879953339775419, 52.15781646859718], [4.8801138485832185, 52.15786349193455], [4.880230705621494, 52.15789772625259], [4.880523279396621, 52.1579820865166], [4.880659828064815, 52.15801963166827], [4.881593720667021, 52.15827639015803], [4.8827148287877575, 52.15859130357425], [4.883101733333591, 52.158699986872456], [4.883128057323099, 52.15870737965322], [4.883451886637554, 52.15878914272149], [4.883509040005162, 52.1588035698494], [4.883804332914916, 52.15888632467378], [4.8838204742274645, 52.15889085160889], [4.883955140999675, 52.15892859162665], [4.884969388169361, 52.15921284582625], [4.886231372517377, 52.15956626374922], [4.88748799123242, 52.15993339714284], [4.887574546823202, 52.15995868753105], [4.8885610608698356, 52.16029371073239], [4.888715499061126, 52.16034545134838], [4.888815512058658, 52.16037895883169], [4.889700769656481, 52.160675552218], [4.8903092736798826, 52.16088475148839], [4.891232115465938, 52.161237514195676], [4.8912168362361985, 52.16125785291072], [4.891270314313604, 52.161272099029055], [4.891592723198194, 52.16136369358499], [4.891544548557939, 52.16142461016711], [4.891754307566294, 52.161474062432816], [4.8920790778752545, 52.1615506195249], [4.892188260313617, 52.16157615422018], [4.892272734596266, 52.16159328022767], [4.8921783706164055, 52.16179844162459], [4.891862571135418, 52.16177990450704], [4.891765182305516, 52.16177283557352], [4.891742662126328, 52.16177138383873], [4.891715903470299, 52.16178837580044], [4.891691058223542, 52.161804153411886], [4.891582213608331, 52.16186794311071], [4.891508903466611, 52.16191280028517], [4.891481270431113, 52.16192823358535], [4.891453042780169, 52.16194325093026], [4.891424249742682, 52.16195785244225], [4.891394876804382, 52.16197202907185], [4.891364968108182, 52.161985754039904], [4.891334538069167, 52.1619990453827], [4.891301981873529, 52.16201427819529], [4.891274754672858, 52.16202474275], [4.891153077449405, 52.16209111163529], [4.891111496454633, 52.16211619334058], [4.891064765501471, 52.16214439021871], [4.891032904688315, 52.16216410193869], [4.891000564968158, 52.16218350604231], [4.890967731826534, 52.16220259348003], [4.890934419778019, 52.1622213733006], [4.890900629022577, 52.16223982752828], [4.890838926273337, 52.162272473369356], [4.890778185829936, 52.162301375201025], [4.89064263780195, 52.16237032770961], [4.890542227672477, 52.16242190119668], [4.890291629693397, 52.16249988747119], [4.890055138197169, 52.162573609373446], [4.889768529426041, 52.162702477103586], [4.889694767563511, 52.16273512545005], [4.889545715978682, 52.16280109865583], [4.889425126972858, 52.16285465336287], [4.88940653161015, 52.162862933838795], [4.889388356256182, 52.16287155762994], [4.889370615625682, 52.162880515810485], [4.88935333894782, 52.162889808504005], [4.889336526423007, 52.162899417735225], [4.889320192665843, 52.162909343566184], [4.889236277273656, 52.162950730137204], [4.889153257016393, 52.16298785109324], [4.88901257851851, 52.16304988623258], [4.8889444316659985, 52.163079573772634], [4.888867738319154, 52.163108937570065], [4.888820882516519, 52.16312584401864], [4.888749373008805, 52.16315953491355], [4.888662972154218, 52.163199598322464], [4.888512560077022, 52.16326148389469], [4.888318901608648, 52.1633507169397], [4.887369875258223, 52.16380605491821], [4.887270508810041, 52.1638577738526], [4.8870540612162685, 52.16395858379305], [4.886970395046496, 52.163998235112935], [4.886940522651882, 52.16401239054177], [4.886920965291505, 52.164021655236404], [4.88688346676315, 52.16403942748131], [4.886754851831143, 52.16410038756024], [4.886610834997348, 52.16415582641837], [4.886418691183832, 52.16418623586622], [4.886279905894484, 52.164437034198954], [4.8862313040692165, 52.16452855114861], [4.886109203268785, 52.16457669422424], [4.8855407597706755, 52.16484344516008], [4.885356300691783, 52.16491671368671], [4.885293079051777, 52.16494076656706], [4.885075978820624, 52.1650324651939], [4.884889411908214, 52.165120158860574], [4.884714063969406, 52.16521223224461], [4.88464434386688, 52.165253882711376], [4.884524630109377, 52.16531166952135], [4.884377075016015, 52.16536921177078], [4.884058755682336, 52.16550870724027], [4.883980564239662, 52.16554065004215], [4.88376141970634, 52.16564463321305], [4.883547352102368, 52.16575455178993], [4.883414385579929, 52.16582078363294], [4.883202420623225, 52.16591520614378], [4.882736959595281, 52.16613149285464], [4.882017487102695, 52.166489978557365], [4.8815705687778825, 52.166694125253244], [4.881323005974978, 52.166821926363944], [4.881272857536515, 52.16684502646083], [4.881046862554141, 52.16694360036731], [4.880572327965417, 52.167138403099344], [4.880324819407463, 52.16726353289513], [4.880089430534103, 52.16739090733234], [4.880028631366833, 52.16742246385087], [4.879871317584649, 52.16748740964695], [4.8796918008972865, 52.167563872348964], [4.879597716140889, 52.167604633099806], [4.879344296063847, 52.16773881331255], [4.879000943468908, 52.16789288285744], [4.878837923269287, 52.16797344190938], [4.878539187240767, 52.168110067692574], [4.87836221172113, 52.168192696115256], [4.878104555857825, 52.168318289781055], [4.877983708986564, 52.16837014191525], [4.877849751948342, 52.1684256853721], [4.8777402235951834, 52.168477064794786], [4.877517614016208, 52.16858623445996], [4.877402660251474, 52.16865311252983], [4.877270277700133, 52.16871783894556], [4.877176549554797, 52.16876279672576], [4.877043440494039, 52.16881941251298], [4.876831302860982, 52.168926486988994], [4.876680510431387, 52.16900442648379], [4.876521987122747, 52.16907322742643], [4.876432605302798, 52.16911506658737], [4.876366817199859, 52.169151677876286], [4.876177116688983, 52.16927384936639], [4.8760929178432235, 52.169319998018004], [4.87601480536802, 52.16936565166243], [4.8759237467225045, 52.16940320485705], [4.875730202894204, 52.16948681815767], [4.87559560546344, 52.169549232154615], [4.875524086009077, 52.16957946356897], [4.875412399976725, 52.169624764536394], [4.875272828093812, 52.16967857299367], [4.875212603267513, 52.169707909460826], [4.874910650831639, 52.169843873967736], [4.874716026108111, 52.16993344899153], [4.87455353506785, 52.17003915303639], [4.8744234705731735, 52.17010369758207], [4.874366758218074, 52.170128752583146], [4.8739857084943425, 52.17023886289611], [4.87384789018132, 52.170287320409514], [4.873646343457933, 52.17036832490416], [4.873559936640556, 52.17040777502402], [4.873476984628417, 52.17045312730022], [4.873203746127322, 52.1705928885399], [4.873037854472965, 52.1706798445649], [4.872865962355942, 52.1707534089571], [4.87250100924402, 52.17094492661212], [4.872370998165342, 52.170999285655334], [4.8719817399840375, 52.1711773663897], [4.871765201515333, 52.17129260967656], [4.87160460291854, 52.17136886404346], [4.871475399076199, 52.17143286083282], [4.871288756736704, 52.171494611080874], [4.871224197215919, 52.171519117954475], [4.871184892829699, 52.17154153313223], [4.87106269948872, 52.171599654961234], [4.87101463812612, 52.17163222425325], [4.870862675419551, 52.171718671891696], [4.870689859789964, 52.171798116261606], [4.870441189141054, 52.171897757035815], [4.870211910882053, 52.172016761626374], [4.869775241088637, 52.17225798427974], [4.8697042912632, 52.17229132454038], [4.869656954214069, 52.17231675094491], [4.869596551079872, 52.17234318961209], [4.869245849302802, 52.17247080963708], [4.869131301499343, 52.17251086105954], [4.869005217534459, 52.17256744470192], [4.868892769223466, 52.172644437064235], [4.868828861410358, 52.17267299012035], [4.868690363416806, 52.172746101883845], [4.868488889759444, 52.17284295285131], [4.868367081207977, 52.17290383292013], [4.868175024325898, 52.17294882766681], [4.868172863261648, 52.17294986976736], [4.867958632864775, 52.17305362049616], [4.867666239049536, 52.17319344645081], [4.867634191728449, 52.17320877384391], [4.867603320418777, 52.173223540157295], [4.867517248333714, 52.1732646950657], [4.8674985050614525, 52.17327365453186], [4.867130091305612, 52.173449788752734], [4.86712292868075, 52.17345475455622], [4.867023830399568, 52.17351095165494], [4.866868769037968, 52.17358610947045], [4.866479107146101, 52.173761141328306], [4.866179582328021, 52.173898658166145], [4.865971952378324, 52.17399974699881], [4.865670689889381, 52.174151833482824], [4.865636322386038, 52.17416918138124], [4.864575496516366, 52.174672907758], [4.864087511004358, 52.174909477975305], [4.8637712076012285, 52.17506402758965], [4.863566143745226, 52.17516727170188], [4.863392655526383, 52.175251951431825], [4.86324118272118, 52.17531802448128], [4.862996953367788, 52.175421057792526], [4.862786885184375, 52.175508216664454], [4.86222009110458, 52.17577752305432], [4.8614525145564444, 52.176153843244826], [4.861209120835157, 52.176270826054996], [4.860897017654104, 52.17642086570254], [4.860789431124819, 52.176469146174384], [4.8600954639491585, 52.17679410446169], [4.859570862355222, 52.177035993196235], [4.858974732807643, 52.177333465144144], [4.858840521586095, 52.17739754251629], [4.858525083936777, 52.177527787172835], [4.858404840140328, 52.1775752897124], [4.858288090242885, 52.17762279879811], [4.857834066704445, 52.17782675177428], [4.8577809038898385, 52.17785292025218], [4.857447910906676, 52.17803773968529], [4.857053974818375, 52.178228917660135], [4.856814324166339, 52.17833408888392], [4.8565755324496225, 52.17844193293743], [4.856359402387118, 52.17854231947052], [4.856175507788556, 52.178629350571924], [4.8559759206289455, 52.178726539174605], [4.8558739367011, 52.17878101516284], [4.85579462430966, 52.17881625083146], [4.85564122606369, 52.17889101487468], [4.855581972204041, 52.178917712193744], [4.855514878056432, 52.17894225298507], [4.85546522571993, 52.17895825276427], [4.855428637364573, 52.178966240101886], [4.855370312931426, 52.17897259253596], [4.855298923143807, 52.17897357412248], [4.855135302625869, 52.17896749777888], [4.855040440350294, 52.17896042795542], [4.854989113340677, 52.17895501042659], [4.854941249497878, 52.17894852992484], [4.854835990979479, 52.17892806578762], [4.854666345854578, 52.17889145614532], [4.854637638484263, 52.17888714717594], [4.854495807413299, 52.17887091287779], [4.854288665140771, 52.17886210429918], [4.85417812655822, 52.178861434407196], [4.854073642656637, 52.17887040898348], [4.853979609568678, 52.178882073168914], [4.853844632754364, 52.178902792003214], [4.853636501533074, 52.178940005668856], [4.853543303253069, 52.178961308481725], [4.853095615510132, 52.17906783236513], [4.852943183423388, 52.179102968926564], [4.852864802474014, 52.1791200060258], [4.852659230273442, 52.17915215130193], [4.85258962218418, 52.17916303517393], [4.8524973279798, 52.17917469706835], [4.852381528550071, 52.179184724420345], [4.852331930362697, 52.1791814527275], [4.8522753655723845, 52.17917389808919], [4.852212726338262, 52.179162037574834], [4.852155312918956, 52.17914966143178], [4.852015275575431, 52.17911309230123], [4.851937885852688, 52.179088905043514], [4.85186220742857, 52.17906954309698], [4.851775209940544, 52.17905284415172], [4.851660371593478, 52.17903396954972], [4.851578573328823, 52.17902263295699], [4.851514179514919, 52.17901933871907], [4.851445395474737, 52.1790224689592], [4.851408828589812, 52.17902616784471], [4.851311303669348, 52.17903997119101], [4.851178886304673, 52.17907995102896], [4.851062135426776, 52.179120487235366], [4.850959267333555, 52.17917496396502], [4.850871246478403, 52.17921179259959], [4.850747532594385, 52.17925500226349], [4.850642114194257, 52.179288057563795], [4.850469643785756, 52.17933334623639], [4.850400836272087, 52.1793493197027], [4.850319828710193, 52.179365812874025], [4.8501256287270875, 52.179400369329734], [4.849978458544264, 52.179423203379116], [4.84990793911585, 52.17942954255286], [4.849750359197625, 52.17943898166115], [4.849642428134539, 52.17943778011354], [4.849586717193252, 52.17943824542638], [4.84944311318497, 52.17943325003526], [4.849335205785223, 52.1794240219748], [4.849248205618476, 52.17940999060905], [4.849177712432566, 52.17940080708249], [4.849061101265843, 52.179393165936894], [4.848983646119977, 52.17939146457375], [4.848954042857582, 52.179393567612976], [4.848843430051064, 52.179415910817376], [4.848728436294402, 52.17944628723685], [4.848593408158798, 52.179487870122315], [4.848519346891368, 52.17951507157479], [4.848468790323224, 52.17953909961922], [4.848448747390611, 52.1795449672242], [4.84839389450495, 52.1795518533675], [4.84827635810947, 52.179560268892004], [4.84815797812437, 52.17956226297026], [4.8480378562614534, 52.17955837078014], [4.847855938135325, 52.17955760259188], [4.847792388909797, 52.17956180622855], [4.847701849957172, 52.179565976354354], [4.847666148284144, 52.179571817195594], [4.847592137260784, 52.179580296162136], [4.847518108546596, 52.17959144445617], [4.847452795367309, 52.17960367517343], [4.847293399248806, 52.17963986915104], [4.8468743939100465, 52.17975335856937], [4.8465093949325215, 52.179847652723865], [4.846366546204105, 52.17988279774287], [4.846206033233247, 52.17991689091947], [4.8459022336785065, 52.17996790752456], [4.845787904923694, 52.17998536828822], [4.8455393851537245, 52.18000999688672], [4.845446129876957, 52.18001742447504], [4.845374708548502, 52.18001964027115], [4.845259844938774, 52.180017306352376], [4.845156331320326, 52.18001343355624], [4.845034622391915, 52.18000410223345], [4.844933845948108, 52.17999276374507], [4.844811422390414, 52.179974872271536], [4.844630051841758, 52.17994215805081], [4.84451807368541, 52.17992379297764], [4.844350215907469, 52.17996658626436], [4.84423996690256, 52.17999957769227], [4.8439543471454956, 52.18010632701066], [4.843920993809232, 52.18012216326856], [4.843883210563437, 52.180142778752874], [4.843845393073568, 52.18016500293102], [4.843809289308887, 52.18018937414571], [4.843536719481725, 52.18039729825646], [4.843007256434746, 52.18080631403236], [4.842981781042645, 52.18082591639177], [4.842872417821534, 52.18088312447489], [4.842839059872991, 52.180901656825675], [4.842767103504683, 52.180939209647875], [4.842724904699542, 52.18096570955389], [4.842699396273531, 52.1809832084931], [4.842632189481773, 52.181049688756026], [4.842470366789299, 52.18121085305722], [4.842367819722547, 52.181310830371686], [4.842186965420671, 52.18141032921379], [4.841942884091661, 52.18154475995194], [4.841732181399918, 52.18166012795729], [4.8415189144730615, 52.18177226600661], [4.841423339525262, 52.181817168915735], [4.841318155219656, 52.181864687775565], [4.8411480638866164, 52.18194338249663], [4.84064308771573, 52.18217520241769], [4.8400538369377815, 52.182451462039786], [4.8395487213710355, 52.182691311947714], [4.8391031474637805, 52.18290797724122], [4.838669407607756, 52.18311914123032], [4.838494300016454, 52.18320543964418], [4.838405465250011, 52.18324750423056], [4.838287494962357, 52.183308056527274], [4.838208345964243, 52.18334485406326], [4.838094717462995, 52.18340544433797], [4.8379942626222485, 52.183461332126925], [4.8379229153966055, 52.18349980160024], [4.837810053580272, 52.18356575205483], [4.837696193512668, 52.18363080793629], [4.8375506722254284, 52.18371397103235], [4.837251134833721, 52.18388603643322], [4.837106177468872, 52.18397076553284], [4.837046435377109, 52.18400951326328], [4.836955782914934, 52.18406830406199], [4.836808895340087, 52.18416479816121], [4.836643526822659, 52.18427294428815], [4.8365203170424556, 52.184358340353015], [4.836412866740395, 52.184436880032116], [4.836285939295243, 52.18453670232111], [4.836225968420213, 52.184585569127094], [4.836158018826947, 52.184643476597905], [4.836094311060795, 52.184708369582516], [4.836071204475151, 52.18473820093212], [4.8360480370537795, 52.18477177102682], [4.836025631729481, 52.18481230143557], [4.836007623181733, 52.18484965262132], [4.83600211203947, 52.18486727943974], [4.835991953837553, 52.18490360669007], [4.835981782406347, 52.18494100345694], [4.835978011239158, 52.18495863839945], [4.835980391519527, 52.184973102318494], [4.8359809364964095, 52.18499290556351], [4.835990080686823, 52.185019723701295], [4.836004249027239, 52.18505886995579], [4.836011720824334, 52.18508139297656], [4.8360147333472145, 52.1851097823542], [4.836013451105111, 52.18513545525847], [4.836010496327125, 52.18515684203521], [4.836008445173058, 52.1851761028609], [4.835992971690242, 52.18521774419756], [4.8359821942848145, 52.185239085455315], [4.835936667263231, 52.18534375452984], [4.835919978866708, 52.18536536478185], [4.835903272389568, 52.18538725357691], [4.835834788014729, 52.18545872134504], [4.835762803389175, 52.185531790572135], [4.835724217453669, 52.185566978324694], [4.835603167721684, 52.1856794825245], [4.835538264177687, 52.18573919249326], [4.835523296114294, 52.185760010791384], [4.835510028392616, 52.18578404577237], [4.835497632712119, 52.18580969369053], [4.835488615471974, 52.185847122769644], [4.835478619057529, 52.18589633061871], [4.835462597983267, 52.18593962312653], [4.835449241672536, 52.18597436246622], [4.835420137667838, 52.18602082052721], [4.835385818646838, 52.18606565432681], [4.835350635453347, 52.18610941449698], [4.8352988441057185, 52.18616115030718], [4.83525851721603, 52.18619632976639], [4.835205164128808, 52.1862277182523], [4.835148387698947, 52.18625213394512], [4.834990416997523, 52.186305098696046], [4.834801002743937, 52.1863713352656], [4.834603726524753, 52.186441822031746], [4.834522587017478, 52.18646508075259], [4.83441788009645, 52.18649736092291], [4.834342819460651, 52.186523317439224], [4.834176883257653, 52.18659231443626], [4.834121839311913, 52.186617268044664], [4.834069362292548, 52.18664866011803], [4.834029108238, 52.1866731347156], [4.834002815903742, 52.18669552658613], [4.833982625265192, 52.186715250630044], [4.833941318655054, 52.18676327796649], [4.833921097469632, 52.18678781945607], [4.833911392274547, 52.18680277503526], [4.833902584367563, 52.186816125957094], [4.833847511308138, 52.186945978932116], [4.833781839393957, 52.18709560085717], [4.833753456436324, 52.18715918412872], [4.833736701867161, 52.18718481141838], [4.833653659992995, 52.18733062177996], [4.833609505410161, 52.18740539309095], [4.833556676638396, 52.18747799353155], [4.833523299667921, 52.18751266570467], [4.833489982427319, 52.18754252054956], [4.833461959898938, 52.187561686458075], [4.833390346581425, 52.18759247613962], [4.833319631806591, 52.18761684353274], [4.833245553570033, 52.1876294297319], [4.833108776317655, 52.18764500223183], [4.83300864669627, 52.18765106649677], [4.832899771097362, 52.18766192518301], [4.832799588142809, 52.18767227632398], [4.832740320140477, 52.18768276564208], [4.8326967131426795, 52.18769331951121], [4.832663566958094, 52.187702295668934], [4.8325885098845, 52.1877277207931], [4.8325378145248985, 52.18775323338012], [4.83249322227771, 52.18777715677505], [4.832458239964569, 52.18779736830748], [4.8324249511279955, 52.18782133580876], [4.832385528528725, 52.18785170093276], [4.832288251240254, 52.18793056328763], [4.832181346185122, 52.18801688532268], [4.832097259779224, 52.1880792085983], [4.832027203656021, 52.18812926618625], [4.831921320353117, 52.188196861679195], [4.831857406928581, 52.188242130463], [4.831803077000954, 52.1882858174649], [4.831760991919375, 52.18832206601923], [4.831700538604573, 52.1883689418855], [4.8316418439066195, 52.188413156544534], [4.831605081819989, 52.18843764675183], [4.831507117818704, 52.18848454369884], [4.831471086101153, 52.188502044594], [4.831339675288219, 52.18855965049721], [4.831278404595854, 52.18858286573147], [4.831160075915025, 52.18862098401942], [4.829941594103332, 52.18902780795613], [4.829633323092114, 52.1891574700684], [4.829336648352657, 52.18929054771492], [4.829133599211623, 52.189408131451295], [4.829076527548272, 52.189441530890925], [4.8289843062587, 52.18949775554285], [4.82892795657404, 52.189542393396934], [4.828897945917514, 52.189570590809005], [4.828827023283232, 52.18965903039906], [4.8287659300897765, 52.18973093348036], [4.828695919129682, 52.18980374707201], [4.828646417584158, 52.18984918117643], [4.8285694331190365, 52.18992178193514], [4.828539666284832, 52.18995382729811], [4.828493232579053, 52.19000883914967], [4.828426633564478, 52.19009056690593], [4.828285490488796, 52.19027646381766], [4.8282679714818375, 52.1902962264987], [4.82824435001704, 52.190318647710846], [4.828107031602191, 52.19044196070184], [4.827866458015418, 52.19066136099982], [4.827766718393803, 52.19075585617461], [4.827606551266876, 52.190915506867675], [4.82758296697019, 52.19093258022993], [4.827532302034638, 52.19096564078537], [4.82746072108378, 52.19100241308082], [4.827410992182226, 52.19102263409025], [4.8273822089718506, 52.19103327427477], [4.82733251774536, 52.19104815652457], [4.827242735192251, 52.19107043450765], [4.8271503549698735, 52.191091100224696], [4.827068452984489, 52.19110538014041], [4.826965648677653, 52.19112227519575], [4.8267539903406895, 52.19114750665118], [4.826605014769625, 52.19116912561203], [4.826569282356905, 52.191177611416514], [4.826439380817263, 52.19121639806058], [4.82635913169461, 52.191244580872365], [4.826323351174246, 52.191262701570764], [4.826299751694165, 52.191279765617594], [4.826226971504979, 52.19137806370458], [4.826196178262613, 52.19143686104351], [4.826164560237494, 52.19149029757269], [4.826124949148437, 52.19156994122741], [4.8260897630914155, 52.19163728327631], [4.826080073423368, 52.1916565255875], [4.826061672194895, 52.1916800317672], [4.826037134610125, 52.191708865655556], [4.826004756082082, 52.191742506826095], [4.825947029293241, 52.1917926823425], [4.825893712997547, 52.19183055617718], [4.8258299557473965, 52.19186948586847], [4.825754059976264, 52.19190141901574], [4.825684239877208, 52.19193284173076], [4.825525551115364, 52.191982267119776], [4.825461915592119, 52.19199870907607], [4.8254130430261, 52.19202161176239], [4.82538771345738, 52.1920354766338], [4.825366743242104, 52.19205041384989], [4.825341361174081, 52.19207657412213], [4.825293187730091, 52.192131046138954], [4.825266025926357, 52.19216148522615], [4.82520206592428, 52.19223732755953], [4.8250967214747105, 52.19239869189768], [4.825041434495737, 52.19248258379715], [4.825015982400293, 52.19251890915616], [4.824996703833388, 52.192543489557835], [4.824956463764439, 52.192577641271875], [4.824914515726127, 52.19260805479399], [4.824875215821459, 52.19263258475107], [4.824835939520871, 52.192651757926534], [4.824767007519716, 52.192681036186286], [4.824725137949469, 52.19269592764346], [4.824628389270253, 52.192718197419254], [4.824570882336797, 52.19272984151745], [4.8245037645791, 52.19274628433942], [4.824420919469682, 52.192771253717225], [4.824353764510301, 52.19279411374846], [4.8242708471810545, 52.19283406576547], [4.8242018603913985, 52.19287458749257], [4.824144186522536, 52.19291565748098], [4.824049808222612, 52.19298180878847], [4.82399302735993, 52.19301699578694], [4.823951139150775, 52.193035634900745], [4.823895296406694, 52.19305906096379], [4.823725201957333, 52.19312290028661], [4.823616152061043, 52.19316599876062], [4.823539331910819, 52.19320597038559], [4.823475569653601, 52.19324382021838], [4.823444982732294, 52.19326622518581], [4.823430229583842, 52.193284436436], [4.823411672803682, 52.19330735723624], [4.8233940578927434, 52.19334370169837], [4.823377253784278, 52.1933934242563], [4.823376062264112, 52.19345067247688], [4.823381031464177, 52.19349723635911], [4.823398133678591, 52.193552387851106], [4.823423061558278, 52.193608619327215], [4.823453175502178, 52.19367343219089], [4.823528961233904, 52.19382073977645], [4.823552966563958, 52.193889819734146], [4.823575264484604, 52.19394818676161], [4.823584622732123, 52.19398887542153], [4.823586271698727, 52.194006535832365], [4.823595565749909, 52.194055780811844], [4.823593708002802, 52.194076642204045], [4.823579996348708, 52.19419646839243], [4.823565276357837, 52.194273389782694], [4.823561888001756, 52.19428111231951], [4.823554093084173, 52.1943030598823], [4.82353239639133, 52.19434642251718], [4.8235028757408305, 52.19439781906144], [4.823482036533607, 52.194428872147746], [4.82345597697637, 52.19446099684418], [4.823391667298851, 52.194532755940976], [4.823336913251602, 52.19458790578065], [4.823289112969574, 52.194642531551835], [4.823210051285633, 52.19474157971632], [4.823170955653461, 52.19479137549938], [4.823139684982521, 52.19483421595164], [4.823118840703766, 52.19486794738853], [4.823097147717782, 52.1949155882723], [4.823079879518303, 52.19499962494562], [4.823070394341338, 52.19505689643367], [4.8230522340084185, 52.19513398107342], [4.823021099955788, 52.19525388570839], [4.823009849960327, 52.1952945657988], [4.822989887044892, 52.19533953648878], [4.822974264184538, 52.19536630913562], [4.822956887612095, 52.19538718622428], [4.822932540936371, 52.195407544640965], [4.822877767581353, 52.19545252868524], [4.8227925769820805, 52.19553178253988], [4.822729973340308, 52.19558640921211], [4.8226630463844415, 52.19565441636311], [4.8226204517724724, 52.19569511729605], [4.822599593741339, 52.19571600464662], [4.822523983210609, 52.19580327652506], [4.822467510950179, 52.195876097237566], [4.822404941433045, 52.19595106386158], [4.8223380233988475, 52.196021749309516], [4.822311069189461, 52.19604584313922], [4.822253679488655, 52.19609404108511], [4.822209333937095, 52.196125107286925], [4.822173664657481, 52.196144395709496], [4.822141480029238, 52.19615993480636], [4.822119733365743, 52.19617011304912], [4.822016174005755, 52.196202819180165], [4.8219065243064145, 52.196237122895795], [4.821760340777693, 52.19628965007743], [4.821683761427108, 52.19631699343685], [4.821627210498956, 52.19634163741359], [4.821550638426926, 52.19637646776887], [4.821425364843165, 52.19643861306801], [4.821268774301859, 52.196514701380366], [4.821146962730533, 52.1965656099401], [4.821091273049505, 52.19658918821234], [4.8208163050952635, 52.196692085832126], [4.820619651986549, 52.196762300630866], [4.820462146243951, 52.19681697394575], [4.8203994882092545, 52.19683637494921], [4.820299399756618, 52.196867361549344], [4.820096617563512, 52.19691563317831], [4.819945158436415, 52.1969467502029], [4.819777167829379, 52.19697466872578], [4.819628321381116, 52.19700043202938], [4.819612652358223, 52.197004185604605], [4.819516935992313, 52.197044378325174], [4.8192716040273975, 52.197164923516226], [4.819157624319958, 52.19721957075137], [4.819088908216623, 52.19725974923397], [4.8189575634634245, 52.19734330816391], [4.818856661499859, 52.19740811164047], [4.818737462743918, 52.197467047609905], [4.8187174444788745, 52.19747347653921], [4.818566944915604, 52.19755758094596], [4.818311170751129, 52.197693650143705], [4.818145874006939, 52.19777722431729], [4.81807974899235, 52.19781365769861], [4.8179797135618685, 52.197868829414], [4.817884022052191, 52.19792400401757], [4.817796138345197, 52.19796793619835], [4.8177274015404326, 52.19799580016031], [4.817558578869243, 52.19805635608148], [4.817408902726368, 52.198108878976406], [4.817186993761806, 52.1981903449948], [4.8169563963231505, 52.19828090049007], [4.816756719508801, 52.19836002833983], [4.816516411294658, 52.19845717822579], [4.816309604268233, 52.198542427669366], [4.816160397083388, 52.198602636039126], [4.816066178090415, 52.19863618205672], [4.815997255105934, 52.19866014329973], [4.8158934305694645, 52.19869902654653], [4.815796917478878, 52.19873007155766], [4.815658760701201, 52.19877137697949], [4.815596776162201, 52.19879147975413], [4.815468378806526, 52.19883594207308], [4.815270096458435, 52.19890744331472], [4.815149565734978, 52.19894979525417], [4.8150421630493065, 52.19898471466183], [4.814948711422213, 52.19901646589805], [4.814857830620286, 52.199053047115754], [4.81477476890807, 52.19909126605011], [4.814630381332153, 52.19916884279099], [4.8144745520067245, 52.19926029532747], [4.814400077573863, 52.19930977274572], [4.814341308405776, 52.19935503902687], [4.814273716148774, 52.199414175962836], [4.814182206391605, 52.19951441597166], [4.814105490645643, 52.19961418844336], [4.8140490083998095, 52.19969316188104], [4.813979194430882, 52.19979990655145], [4.8139242564679945, 52.19989867911275], [4.813887709226124, 52.19998575762516], [4.813849287308366, 52.20008780111187], [4.8138125636797024, 52.20019199198904], [4.813717075638856, 52.200430799044575], [4.813685811408356, 52.20051307656978], [4.813661731414995, 52.200571301016225], [4.813620893039324, 52.2006530107037], [4.813606658562606, 52.20067474655243], [4.8135915346014775, 52.200696262364545], [4.813575506990222, 52.20071752211869], [4.813558590354798, 52.200738525885534], [4.813540814179364, 52.20075925583187], [4.813522178578641, 52.20077970296985], [4.813502698409978, 52.20079984939511], [4.813482373903823, 52.20081967713233], [4.813461234429093, 52.200839177335766], [4.813439294727803, 52.20085834108852], [4.813416554915032, 52.20087715940273], [4.813393044591182, 52.20089560545757], [4.8133036291829665, 52.20096001061827], [4.813215926612176, 52.20102656319459], [4.813201009283521, 52.201039954765065], [4.813186950548186, 52.20105369205406], [4.813173765265026, 52.201067757158015], [4.813161483035727, 52.20108212325698], [4.81315010409223, 52.201096772376324], [4.8131396725478215, 52.20111168675466], [4.813130188865926, 52.20112683044233], [4.813121653163039, 52.20114219445206], [4.813114109784007, 52.201157743047446], [4.8131075442183375, 52.20117346717011], [4.8131019861839155, 52.20118933101256], [4.813097421285989, 52.20120531652874], [4.813093879126868, 52.20122139689864], [4.813092812975497, 52.201241722679725], [4.81309422220957, 52.20127543471419], [4.8131049274728435, 52.201337000974505], [4.813111552657854, 52.20137233824443], [4.8131251732551075, 52.201402882947754], [4.813149130164408, 52.20144524326358], [4.813179199798356, 52.201485476163384], [4.813223113876478, 52.20153432399735], [4.813280838009022, 52.2015944650206], [4.813374091662693, 52.20167185599923], [4.813594530719519, 52.20184763688625], [4.813372844408038, 52.201834758296634], [4.813189894147543, 52.20182412589358], [4.812900793046208, 52.20180733239648], [4.81286286119379, 52.20180512556257], [4.812827019546923, 52.20180304573005], [4.81192497584041, 52.20174811398851], [4.811897993325071, 52.201746472515374], [4.811751760395226, 52.20173698750549], [4.811715517640744, 52.2017342582405], [4.811683849174095, 52.20173186584473], [4.811154179709496, 52.20169195528087], [4.810587063004541, 52.201648650714695], [4.8099130114227355, 52.20159209350254], [4.809086753926461, 52.20152212305154], [4.808682854170496, 52.201490699699704], [4.808660554153872, 52.20148896358587], [4.808482863535645, 52.20147451175394], [4.808067380644741, 52.2014407195836], [4.807358472764384, 52.20138670014933], [4.8072031488699185, 52.20137340784032], [4.806743577537664, 52.20133409144823], [4.805237218404585, 52.20120535485774], [4.804873560790751, 52.20117543805709], [4.80469188557664, 52.20116049347582], [4.80425704461384, 52.20112193654337], [4.803936956772373, 52.201098253976554], [4.803621248667546, 52.201071904761356], [4.80343771270908, 52.201058369161444], [4.803070013626443, 52.20103676772724], [4.8029253078306935, 52.20102826800868], [4.802899044070623, 52.20109353512344], [4.80286866697287, 52.20115008143471], [4.8028219640468555, 52.20125470493258], [4.802756337959339, 52.201405774888], [4.802719346267971, 52.20149487011611], [4.802669892772781, 52.20161398665441], [4.802597099133516, 52.201779464833], [4.802483026309991, 52.20203514937453], [4.802447797244377, 52.20211133740632], [4.802374447794931, 52.2022699907527], [4.802322162243801, 52.202400795553835], [4.802305119302566, 52.202436555483274], [4.8022125849278545, 52.20264473672525], [4.80212536998985, 52.20283541754626], [4.80197809093066, 52.20315640599305], [4.801950143720238, 52.203215984087414], [4.801925070100217, 52.20327953116362], [4.801893005271224, 52.20334520070773], [4.801848504387497, 52.20343327871943], [4.8017950422527615, 52.203545391275114], [4.801761104082084, 52.20362335613758], [4.8017342962008716, 52.203686364275825], [4.801728122502616, 52.20370533440495], [4.80172118932683, 52.20372421088695], [4.801713511536481, 52.20374297581931], [4.801705089248663, 52.20376162021435], [4.801695937208432, 52.203780135157096], [4.801686055650925, 52.203798502672335], [4.8016761758529904, 52.2038178498932], [4.801675018352812, 52.20382021699871], [4.801666996536732, 52.20383732641995], [4.801664856715838, 52.20384208846367], [4.80165853244894, 52.20385692333783], [4.8016555999971215, 52.20386411721256], [4.801650769080503, 52.203876631586915], [4.801647233923896, 52.20388627621067], [4.801643721178262, 52.203896442252514], [4.801639787871368, 52.203908556615815], [4.801637388861105, 52.203916346347256], [4.8016332327028675, 52.203930949295625], [4.801624138587769, 52.20396621824978], [4.801615901135631, 52.20400309132538], [4.801610299671797, 52.20403752373615], [4.80160542924705, 52.20407198673654], [4.801601274999025, 52.20410649822904], [4.801597837283371, 52.20414103125126], [4.8015979375654165, 52.2041712765447], [4.801597350327798, 52.20420151842786], [4.801596061059033, 52.204231747840694], [4.801594069757696, 52.204261964783285], [4.801591391168476, 52.20429216034057], [4.801588010661859, 52.204322334440015], [4.801583532014577, 52.20449296836733], [4.801577221937413, 52.20467161054728], [4.8015741227075965, 52.204796232483524], [4.801570735092059, 52.20484922720682], [4.801569991340525, 52.204974948376815], [4.801574267795686, 52.20505258140871], [4.80156440489036, 52.20520542821902], [4.8015565979037556, 52.205362132108064], [4.801554897820931, 52.205437012110835], [4.801552429208446, 52.20582109519447], [4.801547859609329, 52.20599974596516], [4.801548606493456, 52.20614563469798], [4.8015460272335275, 52.20617048284817], [4.80154071349885, 52.206210830807116], [4.80158031665739, 52.20627206508508], [4.801603377540607, 52.20628732432648], [4.801615396521726, 52.20631122923091], [4.8016531587780795, 52.206322148243345], [4.801627882851922, 52.20635970977727], [4.801605014774821, 52.20635427543463], [4.801520526751587, 52.20643012894708], [4.801520289131379, 52.206433740963995], [4.801516367208786, 52.20649398637587], [4.801515567883827, 52.206502494092874], [4.801515265820951, 52.20651101326459], [4.801509457863025, 52.206564481319276], [4.801507221748159, 52.20660887118653], [4.801501669906206, 52.206797682541456], [4.801498402795665, 52.206937286673245], [4.801498764229464, 52.20698328929541], [4.801499422918331, 52.20699774534388], [4.801490175813586, 52.20708025469143], [4.801489830923734, 52.20708757823945], [4.801485055082237, 52.2071883285382], [4.801478206794609, 52.20731431597927], [4.80147676152423, 52.20734081456128], [4.801476477145683, 52.20734910013018], [4.801472263513451, 52.207415950298916], [4.801464643727183, 52.2075550025275], [4.801460146964631, 52.207647862696625], [4.801457354713347, 52.20772567634172], [4.801452729068595, 52.20783725796948], [4.801451359814118, 52.20787021933136], [4.801447253019244, 52.20794786466712], [4.80144469459898, 52.2080201248554], [4.801444580238222, 52.20802549015166], [4.801444626918151, 52.208030847258804], [4.8014436526129005, 52.20808386290986], [4.80144423642708, 52.208171966634], [4.801450496575123, 52.20824338075119], [4.801453410064385, 52.20827664198641], [4.801457455358387, 52.20832286959805], [4.801457081410445, 52.20838253039047], [4.801456833611612, 52.208421447398834], [4.801461711236883, 52.208522380383016], [4.801463409929159, 52.20857016027121], [4.801471052843608, 52.20878582138994], [4.801474304402418, 52.20895709572708], [4.801474077736145, 52.209030050561424], [4.801470366319266, 52.20912771421861], [4.801478053675353, 52.209296556813435], [4.801478796720666, 52.20938479612863], [4.8014809135321075, 52.20963467424854], [4.801487200030712, 52.209738634180525], [4.801486926571919, 52.20978841759673], [4.801492738190255, 52.209806000073634], [4.801494154469602, 52.20982293158462], [4.80148243256609, 52.209845406463394], [4.801480945061071, 52.20987622807312], [4.8014819833061635, 52.210035564264196], [4.80149277224087, 52.210394923778026], [4.801497794906925, 52.21077223973669], [4.801515060853057, 52.21136925715701], [4.801521973140671, 52.211753107710976], [4.8015323624110975, 52.21201928608911], [4.801536523113362, 52.21230629479779], [4.80155039800334, 52.21241070575032], [4.80155021681236, 52.212734202312596], [4.801550179389744, 52.21279943730398], [4.801561204841984, 52.21301275114902], [4.801561756237726, 52.213137876348306], [4.801562897348954, 52.2133941219489], [4.801572492519306, 52.21366064683838], [4.801588297008673, 52.21392566555364], [4.801609789743002, 52.214423835128336], [4.8016125613388905, 52.21463394418479], [4.801618577064802, 52.2147563640819], [4.801622066259469, 52.21491072390858], [4.8016312058598345, 52.21504263267741], [4.801754049509808, 52.21504685496008], [4.801758523915744, 52.215080528341446], [4.801766712475152, 52.215162315103996], [4.80178012469965, 52.215243004257026], [4.80180016395131, 52.215359480656296], [4.8018184605905, 52.21546269106211], [4.801835242098593, 52.21557320122309], [4.801840728690395, 52.215606690866515], [4.801854017044949, 52.21568791867171], [4.801882830577081, 52.215853881705186], [4.801898939906795, 52.2159632290604], [4.801924246470009, 52.21612995665098], [4.801927417421584, 52.2161537007711], [4.801950135276642, 52.21632368716304], [4.801986578432876, 52.21655058187328], [4.801993357178074, 52.21659601401174], [4.801999705338753, 52.21663857683367], [4.802001517312133, 52.21665437778351], [4.802017412236932, 52.21682246981158], [4.802028925666883, 52.21689850268778], [4.802043107653034, 52.21695406506332], [4.8020558560355875, 52.21700402078992], [4.802081453275704, 52.21715983828312], [4.802099421578127, 52.21724245540347], [4.8021098829586135, 52.217290512303535], [4.802118722399822, 52.217372958356485], [4.802135847691072, 52.21750198547578], [4.802152316813344, 52.21760853926508], [4.802152726091867, 52.21761414982308], [4.802152681645686, 52.21761976712122], [4.8021517969054965, 52.217626971137605], [4.802149976511585, 52.21763410760238], [4.802147235567761, 52.21764114063823], [4.802143618796645, 52.217648007550395], [4.802139111919206, 52.21765468130399], [4.802133759422297, 52.217661117179205], [4.802127591160341, 52.217667270383686], [4.802120651502386, 52.21767310518493], [4.8021129848175645, 52.217678585850614], [4.801903884721032, 52.2177880305366], [4.801808635872441, 52.21783925756486], [4.801708186932425, 52.21789086319642], [4.801508159809784, 52.21799568738022], [4.801325198212484, 52.218092434761715], [4.801122809706895, 52.21820866137755], [4.801028453764728, 52.21826084494162], [4.800986171377183, 52.21828243103055], [4.800872611304478, 52.21833606508099], [4.800757295595722, 52.21839075987987], [4.800664873404865, 52.21843493543554], [4.800548450689651, 52.218500320287916], [4.800387903276622, 52.21859155106165], [4.800350044451652, 52.21860943786044], [4.800182681375182, 52.2186936597762], [4.800069019599815, 52.21875264042908], [4.7999896976895595, 52.21879425608437], [4.799927917132945, 52.21883065598224], [4.799875892333216, 52.21885965329099], [4.799767438805321, 52.21891867753325], [4.799639573693425, 52.218989316497186], [4.799549958065525, 52.219035752129905], [4.799448072095903, 52.21908937097467], [4.799368973245688, 52.219130609805696], [4.7992703920284505, 52.21917994867069], [4.799129415466387, 52.219252615984246], [4.799014699138535, 52.21931253408668], [4.798800927937309, 52.21942209378657], [4.7987196855294085, 52.21946377090555], [4.798686214487502, 52.21948061844133], [4.798588398908073, 52.21953170423307], [4.7984386133439845, 52.21960857815509], [4.7981414595392415, 52.2197620049331], [4.7979382947942595, 52.2198648480002], [4.7976078138313865, 52.22003719771001], [4.7975232715978855, 52.22008145507508], [4.797436710518313, 52.220126753896885], [4.797370680361156, 52.22015884393288], [4.797335438251897, 52.22017674282906], [4.797286064732092, 52.22020308278633], [4.797256061061136, 52.22022102580318], [4.79724204934171, 52.22022816420327], [4.797003174266522, 52.22034856064306], [4.79694790290342, 52.220478781584475], [4.796910579532657, 52.2205985672327], [4.796899622167523, 52.22062148586187], [4.79689516366047, 52.22063326485666], [4.7968729354398745, 52.22069503631833], [4.796825656333228, 52.220816219241065], [4.796796214399815, 52.220896676686145], [4.796773681341003, 52.22095823987857], [4.796716723503697, 52.2211062935066], [4.79668656713581, 52.221196463407466], [4.796662826083933, 52.2212696510439], [4.796624766628311, 52.22137640026955], [4.7965624419104484, 52.22155499525758], [4.796528947057211, 52.2216485638663], [4.796527891964436, 52.22165087750002], [4.796527085170411, 52.22165322832778], [4.796502081908101, 52.221715606006065], [4.796465939666769, 52.22180572792678], [4.796417691554751, 52.22192917979454], [4.796362280425689, 52.222071875120925], [4.796319839832426, 52.222226391655724], [4.79629727173469, 52.22226952013034], [4.79628964416494, 52.22228407851932], [4.796276074684999, 52.222318515654095], [4.796248375161469, 52.222406486669136], [4.796229222309535, 52.22247680302282], [4.796216122466767, 52.22249788629334], [4.796169818012057, 52.222600468592425], [4.796156356153617, 52.22265105773334], [4.7961547688747235, 52.222657080754665], [4.796144886177319, 52.22269049371344], [4.796136464976963, 52.222724057794444], [4.796109030198608, 52.222808578695606], [4.7961040407804525, 52.222823941222444], [4.796081478229387, 52.2229041362983], [4.796058143522319, 52.22297523162213], [4.796048045468112, 52.22302818346061], [4.796019527395041, 52.22309283537933], [4.795983860781752, 52.22317673081783], [4.795965918579392, 52.22322964337821], [4.795929043925675, 52.22334832539561], [4.7958885031923515, 52.223485189793884], [4.795715152808766, 52.22347701443901], [4.795478213186608, 52.223464313839145], [4.795356741180032, 52.223465278049794], [4.795343961982234, 52.22346546567096], [4.795295171900285, 52.22346734231832], [4.795095351055397, 52.22345770315177], [4.79505387170176, 52.22345569757406], [4.794869579590762, 52.2234493266351], [4.79483790788226, 52.22344607589677], [4.7948061433553875, 52.223443202181386], [4.794774300643775, 52.22344070556232], [4.794742379866081, 52.2234385770521], [4.79468476822122, 52.22343578035854], [4.794627039686101, 52.2234340706015], [4.794593926244146, 52.22343248433624], [4.794430197216252, 52.22342389698308], [4.794419368534797, 52.22356135043747], [4.794461367103146, 52.2246380388441], [4.794461595543263, 52.22464397208497], [4.794464759795042, 52.224725185754274], [4.794495746406529, 52.225400701172546], [4.79449659030788, 52.225415382845256], [4.794514404354779, 52.22572338384246], [4.794516915909483, 52.22576674566664], [4.794525946589071, 52.225923011757494], [4.794529814151834, 52.225989875067704], [4.794539964032519, 52.226153337182694], [4.79455875549034, 52.226456120995735], [4.794562137732659, 52.22650995822373], [4.794565328603035, 52.226560576780145], [4.794565388633337, 52.22656156576344], [4.794566282340843, 52.22657580726935], [4.794566366263803, 52.22657720083334], [4.794576042676768, 52.22673116021572], [4.794002902855093, 52.2268106760859], [4.793521541124997, 52.22689939590266], [4.7933102180194895, 52.22695547028746], [4.793108153504202, 52.22700868773858], [4.79296379973182, 52.22704660101405], [4.792823650742093, 52.22707760551219], [4.792684864093384, 52.227106315769454], [4.792534803406581, 52.22713859127101], [4.792447375571399, 52.22715090503386], [4.792319741898701, 52.22717410744307], [4.792112970435742, 52.227208074115886], [4.79185539395562, 52.22725196776688], [4.791675680332393, 52.227281899625254], [4.791424176138171, 52.22732915751219], [4.791203679934084, 52.22737581635151], [4.791039077611413, 52.22741724727299], [4.7907124708688835, 52.227512623887144], [4.790260208560426, 52.22764277737089], [4.7898474841143805, 52.227760438024845], [4.789695686066245, 52.22780407099085], [4.789577231905402, 52.227836682403115], [4.789485910330544, 52.22785976889093], [4.7894103329052085, 52.22787559178488], [4.7893130765201555, 52.22789045102585], [4.789194234927625, 52.22790499417252], [4.789024725480025, 52.227924610489026], [4.788927460791943, 52.22792589745962], [4.7888226165758345, 52.22792482703981], [4.788624096522035, 52.227917205902855], [4.788488584414882, 52.22790769279869], [4.788317083435773, 52.22788923373426], [4.788204420687735, 52.22787746332583], [4.7880718359054955, 52.22786361438638], [4.787867822947965, 52.22784000138503], [4.787718638298259, 52.22782411740976], [4.787645922091592, 52.22782305621817], [4.787552945048753, 52.22782551428848], [4.787422876887417, 52.22783133420101], [4.787298940637302, 52.22783504596726], [4.787126509706146, 52.22784439837676], [4.7870478719040515, 52.22785482038739], [4.786875388946323, 52.22788323576249], [4.7867851443130744, 52.22790015087008], [4.786675116824088, 52.227926375782346], [4.786599061582116, 52.227949330942], [4.786538847120276, 52.22797309464618], [4.786425707710853, 52.22801298327131], [4.786326905983571, 52.22804791144026], [4.786258500370595, 52.228074500508384], [4.786223350819823, 52.22809558732005], [4.786174611403269, 52.22813128240698], [4.786105761664789, 52.228185354500866], [4.785999629391057, 52.22826669519103], [4.785920843423275, 52.228328158681585], [4.785872206882948, 52.22835836248605], [4.785799822795701, 52.228394449350155], [4.785656083061202, 52.22845980627483], [4.785563326998316, 52.22849132218738], [4.785476994995077, 52.22851102454223], [4.78539441309839, 52.22853158182866], [4.785295687423418, 52.22855423188783], [4.785138126937149, 52.22859157398745], [4.785070185737019, 52.22860426026677], [4.784936699961729, 52.22862666090583], [4.784783996306407, 52.228645754649925], [4.784256012016033, 52.22870481716559], [4.784129512890096, 52.228722488909064], [4.784017013767566, 52.228737481681584], [4.783927784797041, 52.228740791933625], [4.7836702773568325, 52.22874590279393], [4.783406394347523, 52.22875054907467], [4.783393439657637, 52.228750608679164], [4.783007022909914, 52.22875246145841], [4.782697279030389, 52.2287562154148], [4.782564635952649, 52.22875630042637], [4.781963379961585, 52.228748079711195], [4.781630275823347, 52.22875608832736], [4.781236524197509, 52.22876235576672], [4.780985909367457, 52.22874171847956], [4.780888960705258, 52.22871424776369], [4.780749155071977, 52.228664158754945], [4.7806406083167685, 52.22861668384895], [4.780432989560304, 52.228521449852636], [4.780035729238015, 52.22832559047086], [4.7799320381327295, 52.22827958693846], [4.779794895749905, 52.22822972619236], [4.77970375782168, 52.228202401221395], [4.779321431586704, 52.228088146552864], [4.7789312290116195, 52.22798058209364], [4.778398521463186, 52.22784851747032], [4.777950547428318, 52.22773589725882], [4.777916316112825, 52.22772915940204], [4.777615842052646, 52.22767093933867], [4.777386213003451, 52.227636102684144], [4.777047724212777, 52.22756964058524], [4.776739325801636, 52.22750452846032], [4.776687638582833, 52.22748991637938], [4.776607654067986, 52.2274638779989], [4.776505195909146, 52.227426551231275], [4.7764510778308225, 52.22740135655029], [4.7764003969363475, 52.22737314166602], [4.7763593886512, 52.227347232784965], [4.7762935108395, 52.227300100335405], [4.776259376809004, 52.22726816005577], [4.776196569340232, 52.2271999395332], [4.776152213276481, 52.22713212902577], [4.776110559573479, 52.22704551154253], [4.7760203925637255, 52.226838868459026], [4.775922178965817, 52.22658401677374], [4.775793729974447, 52.22627352532614], [4.775702118251262, 52.22607532323165], [4.77558812212962, 52.225833862562034], [4.775531230466715, 52.22572087592377], [4.775361614234545, 52.22545523671986], [4.775174101928723, 52.22518946855464], [4.774900980867301, 52.224833546634684], [4.774737794779333, 52.224668165413355], [4.774650488549036, 52.22458322503509], [4.774603403180501, 52.224547163463754], [4.774150571207639, 52.22426733485896], [4.774024490399628, 52.22419775999372], [4.773639061519214, 52.224004115120756], [4.773613996388579, 52.22398031038837], [4.773558729428201, 52.2239273622828], [4.773204096689821, 52.22370404463315], [4.772884959824434, 52.22351036436778], [4.772498807698895, 52.22327441417056], [4.772322741504029, 52.22316530847584], [4.77224107620045, 52.223111206632446], [4.772163642391064, 52.22306440708559], [4.772078309954895, 52.22302366023827], [4.772015392592092, 52.22300034107405], [4.771557645580216, 52.22286989392315], [4.770653654617549, 52.222549283805854], [4.769958525986023, 52.2222852328157], [4.768094877633911, 52.22153838502171], [4.767308283877238, 52.221154333558886], [4.767238049432193, 52.22109453584858], [4.767096128513001, 52.22097626290511], [4.766894482357418, 52.22085183383062], [4.7666969633974885, 52.22077687835692], [4.766418637897568, 52.22068476201964], [4.766244087132373, 52.22059263350801], [4.765198065465159, 52.219926982700215], [4.764213775356849, 52.21929147948228], [4.763131551011982, 52.21859556288773], [4.762605230164916, 52.2183396133977], [4.7620745529082775, 52.218130735899926], [4.761502731052678, 52.217985435233544], [4.760876118371508, 52.21782391432182], [4.759847899917807, 52.21758695937085], [4.7591027019783345, 52.21753805742799], [4.758399320147882, 52.217575820654424], [4.75755945241011, 52.21762272086565], [4.756811971383095, 52.21758740019605], [4.755797850310273, 52.21756057209111], [4.7553080117242414, 52.21753750387035], [4.755151654082271, 52.21753015066567], [4.7544156499676795, 52.21751744528342], [4.753773184885256, 52.217541737688464], [4.753298493054398, 52.21746825639561], [4.753015764668165, 52.21739069015843], [4.752648601001301, 52.21722171023864], [4.752330731733696, 52.21699680079792], [4.7519925820142195, 52.21668679017388], [4.7514634461734335, 52.216259714372825], [4.751086922438056, 52.21598274132663], [4.750668789228412, 52.2157210022243], [4.7505479675731275, 52.215662413685436], [4.750475958594245, 52.215633748906555], [4.7502983756015595, 52.215577262805844], [4.750168140725402, 52.21554360994481], [4.749271120945911, 52.21533560041695], [4.749043117127747, 52.21526267942374], [4.7482281433700075, 52.214950259406436], [4.747971489674455, 52.21486834599272], [4.747905430529415, 52.21485150419964], [4.747793569323199, 52.21482867095798], [4.747732276565864, 52.21481822742683], [4.747603144711959, 52.21480079218138], [4.7474413015634696, 52.214787952224675], [4.7472200902131805, 52.21478555798546], [4.7469410977670305, 52.21478905179286], [4.746572528469563, 52.21481464599379], [4.7461782974102675, 52.21483179474232], [4.745918497115286, 52.214833637654344], [4.745744250481641, 52.21483776041354], [4.745557037876521, 52.21482673045587], [4.745441754048084, 52.21481608219362], [4.7453247362786675, 52.21479374887579], [4.745237369492058, 52.21478020521765], [4.7451963432283435, 52.21477385227588], [4.74500917919519, 52.21475947814574], [4.744803030954319, 52.21475362898874], [4.744497678365945, 52.21477382625207], [4.744382643134875, 52.21478452500018], [4.744270120973582, 52.214803596236415], [4.744158626031621, 52.21481535666202], [4.744020850031271, 52.21482412460033], [4.743942274964441, 52.214825988505595], [4.743826777611438, 52.21482103594529], [4.7437391105776, 52.2148121004267], [4.743629769163283, 52.21479326767096], [4.7434787357785115, 52.21472503371942], [4.74338891463321, 52.214658580444826], [4.743231673036425, 52.2145167358753], [4.743150204518187, 52.21442721960799], [4.743049626262364, 52.214321501369795], [4.7430008217491055, 52.214247937279175], [4.74287469333388, 52.21404825287258], [4.742812389323098, 52.21397430044497], [4.742735523174895, 52.213900565104666], [4.742692065648498, 52.21385396735097], [4.742646683456367, 52.21379071314128], [4.742585643805284, 52.213735624491065], [4.742518300306783, 52.21367429062129], [4.742422997735553, 52.21358947994879], [4.742348217029874, 52.21353047821767], [4.742286896232795, 52.21346453026483], [4.742086301961186, 52.21323811208779], [4.741821027538278, 52.212898063161], [4.741761761324021, 52.21283281823427], [4.741544583055468, 52.212613256217004], [4.741335107745125, 52.212409545967056], [4.7411165447000165, 52.21224644771085], [4.740994869078061, 52.21217459614884], [4.740870195578358, 52.212108714114464], [4.7407301293939925, 52.212039835522944], [4.740621052687061, 52.211981112246605], [4.740435552957631, 52.211856959392755], [4.740197195608063, 52.21170923743488], [4.739915619566383, 52.21151908795055], [4.73962717648502, 52.21130828145583], [4.739408484530104, 52.211139750471425], [4.73925130213855, 52.21100461485575], [4.739073094736985, 52.210829267730716], [4.738988661308897, 52.210745457619694], [4.738755714216136, 52.210514200118915], [4.738464349758381, 52.21027874729036], [4.738184542036424, 52.210063733257876], [4.738015613353751, 52.20994803552912], [4.737383640805578, 52.20930042701619], [4.736481919042474, 52.20845786866752], [4.735961813275403, 52.20794023443348], [4.735846696587288, 52.2078273829486], [4.735377370911926, 52.20741492629227], [4.7355662515548325, 52.2073355524755], [4.735616419361827, 52.20731447365032], [4.734999274816187, 52.20676727676336], [4.734781611897783, 52.20686308265158], [4.734506510836057, 52.20664803168492], [4.7343432508704915, 52.2065204056992], [4.734338709155913, 52.20651684825866], [4.734038490212543, 52.20667149970398], [4.73362935866614, 52.20678653013218], [4.733445507066811, 52.2068231723085], [4.733261655165492, 52.2068598141979], [4.732833388991021, 52.206972488861126], [4.732584763547438, 52.207116088599605], [4.731883928901728, 52.20757742462796], [4.731331104933721, 52.20799140265734], [4.73048147471112, 52.20862986811028], [4.729570484392028, 52.20932011669582], [4.729245522520803, 52.209558737847516], [4.728951013405676, 52.20974620584156], [4.728765730366455, 52.20981923461196], [4.728876570219619, 52.20995233733781], [4.728908771839853, 52.209991075848244], [4.728949053137393, 52.21003950363042], [4.728981913021367, 52.210064386137745], [4.7290567418132134, 52.21007493288937], [4.729244785132173, 52.21020948126157], [4.729455383880593, 52.210053938206926], [4.729569741300891, 52.21012828667205], [4.729702909990696, 52.21021486473413], [4.7295622727136575, 52.21027156932136], [4.728910226686388, 52.210540580503036], [4.728197298544149, 52.21086554076538], [4.727970456409927, 52.21096528264469], [4.727603669409521, 52.21110615384769], [4.727298769750593, 52.21113148625782], [4.726328746241188, 52.211629960419494], [4.725872993076267, 52.211866150426665], [4.725488521458444, 52.212067819434246], [4.725444355368161, 52.212090985899195], [4.725431252524631, 52.2121279524263], [4.725192724627918, 52.21225408448484], [4.72523154858348, 52.212286218917775], [4.72510374914814, 52.21236338421382], [4.724853774259384, 52.2125143124889], [4.724655414597423, 52.212634053559796], [4.724652594610954, 52.21263575446265], [4.724460257743513, 52.212751861859594], [4.724485170782566, 52.21277977493452], [4.724487027291554, 52.21278186160665], [4.724497808009024, 52.21281454892801], [4.724497147969586, 52.21283926250321], [4.724486662562126, 52.21286544890618], [4.724470062922815, 52.2128895337249], [4.724447008996875, 52.21290486385277], [4.724315905519756, 52.21304263450016], [4.724296283390763, 52.213053489815465], [4.72432294896335, 52.21307080680273], [4.724654976961591, 52.21328568845792], [4.72466816043156, 52.213293573096294], [4.724665029146024, 52.213295541895604], [4.72458736869178, 52.21334132289759], [4.724519416439078, 52.213380713869796], [4.724469099909914, 52.213409993312865], [4.724436440551684, 52.21342969166748], [4.724395486045305, 52.21344929850634], [4.724343379699715, 52.21347691403803], [4.724309106539139, 52.21349885931085], [4.7242874437856415, 52.213516057755015], [4.724283709709038, 52.21352116899514], [4.724274957000712, 52.21355282987118], [4.724289938637285, 52.213609035689124], [4.724303365057096, 52.21365175062182], [4.724335462791656, 52.213737731237046], [4.724357387324777, 52.21379936888271], [4.724389499766601, 52.21388535855076], [4.724409756900803, 52.21394105467811], [4.724421909617332, 52.21398481405155], [4.7244474346080025, 52.21404050378925], [4.724474915570924, 52.21410045587066], [4.7244883153257975, 52.214148923011265], [4.7244895694200055, 52.21418956524879], [4.724483387646567, 52.21433470633442], [4.724465096885805, 52.21444494157624], [4.724455785054545, 52.214482711229785], [4.724429513813699, 52.214551987841524], [4.724402212802213, 52.21458718478279], [4.7243240975333505, 52.214646651933826], [4.724117230641279, 52.21477587172619], [4.723946718194151, 52.214883903704845], [4.723898556088537, 52.21491871370089], [4.723852775394067, 52.21495180235352], [4.723795285561418, 52.21500081502756], [4.723734917491372, 52.21506820115084], [4.723676408710622, 52.21517679913661], [4.723660055946946, 52.2152274630324], [4.723654899945869, 52.21527794717113], [4.723660221050882, 52.21535398942391], [4.723665625597475, 52.21543130845421], [4.723687705500723, 52.21566927558739], [4.7237157405927706, 52.21596135755165], [4.723737466701614, 52.216187737005555], [4.723758864765626, 52.21641060924441], [4.723764128840142, 52.21657406938179], [4.723301684122726, 52.216354281738106], [4.723355318373351, 52.216586898636564], [4.72341891902833, 52.21686271438888], [4.723604682482462, 52.21763770546469], [4.723677077253923, 52.21800617477042], [4.723678170805889, 52.218025118829935], [4.7236815464514965, 52.218083434577196], [4.723684139872353, 52.218128434561024], [4.723674163435765, 52.21818519224221], [4.723649314301168, 52.218235385929354], [4.7234067809888245, 52.218647564943026], [4.723233719845247, 52.2189520882442], [4.7230719269222865, 52.219305560898555], [4.722962132864035, 52.21955946813257], [4.722896801242807, 52.21982583123138], [4.72289634077315, 52.22036432318055], [4.722923695559652, 52.220977788416505], [4.723098498713961, 52.222331703702466], [4.7231240321230965, 52.2225422134841], [4.723124057105544, 52.222542501243396], [4.7232855444862, 52.223873466260805], [4.723699407763587, 52.22696104106358], [4.724280549434791, 52.23165004844129], [4.724319378621992, 52.231963293899746], [4.724308471296176, 52.23200473060091], [4.7242810391046905, 52.23210900002793], [4.7242741593316495, 52.23212373779961], [4.724238336487349, 52.23220064537572], [4.7242326205302385, 52.2322129179584], [4.724225105365351, 52.2322290363232], [4.724148018344028, 52.23223501208168], [4.7241496661002, 52.23227084777773], [4.724150632681232, 52.232291471835715], [4.72415077561233, 52.23229465441476], [4.724154341635759, 52.232371756118276], [4.7240659153813604, 52.23237143943466], [4.723975327293097, 52.232357044216336], [4.723788444177157, 52.23234287206877], [4.723679220404227, 52.232346240228416], [4.723342108357287, 52.2323592121611], [4.7232351715746175, 52.232363329786715], [4.7222929644731035, 52.23242723742991], [4.720909937277307, 52.23252103561067], [4.720457048151328, 52.232558377908525], [4.7189670679109454, 52.23268121032814], [4.71847844295403, 52.23272149776508], [4.718145089440914, 52.23274905487922], [4.7177394188445385, 52.232782591707604], [4.71676626427955, 52.23286303385957], [4.716685197183378, 52.2328697371762], [4.715291799734445, 52.23298074905018], [4.715144533424406, 52.232992485530005], [4.71461536803596, 52.233034638531805], [4.712685027494701, 52.23317555615518], [4.7125955335672955, 52.233182810747124], [4.712449581767472, 52.23319465024873], [4.711552851934881, 52.23326736085988], [4.710925760775863, 52.233318203863355], [4.7093507787022295, 52.233445893352865], [4.709222076428493, 52.23345632685567], [4.709004699669659, 52.23347395388203], [4.708998367901445, 52.233474465798786], [4.70899398552706, 52.23347481813497], [4.708985895884226, 52.233475409838235], [4.708789533026644, 52.233489669753816], [4.708703859626883, 52.23349589174017], [4.708596291541357, 52.23350370459849], [4.70839789135068, 52.233518113944285], [4.708224316661194, 52.2335307242424], [4.708146512795741, 52.23353637987286], [4.70794912354312, 52.2335507133852], [4.707928415847656, 52.233552221140904], [4.707923242617228, 52.23355259585349], [4.707885520412936, 52.2335553359862], [4.707885359262567, 52.23355534404748], [4.707884582511758, 52.233555402496734], [4.706842179062343, 52.23363109538311], [4.706351604033659, 52.23366727686372], [4.705620875821323, 52.23373988362406], [4.704875645205485, 52.233813930070795], [4.704848214335832, 52.233815677079505], [4.704833649090334, 52.23381659960051], [4.7047068251294695, 52.23382468416465], [4.704464108473848, 52.23384015208375], [4.7044277098195115, 52.23384246733631], [4.704352076238564, 52.23384303677275], [4.7042548769735255, 52.23384376908807], [4.704075411403364, 52.23383369825147], [4.703966960258961, 52.2338207123524], [4.703713891063921, 52.23378959651741], [4.703605832805072, 52.233766285249075], [4.70335214604004, 52.233711544372824], [4.70328584008752, 52.23369574589657], [4.703186685522556, 52.233671299369284], [4.7031730933749305, 52.233667957979954], [4.703017514254316, 52.23362963049635], [4.702912199093261, 52.233607907393946], [4.702628722659889, 52.23354944207233], [4.702038252721608, 52.23343216623372], [4.701719792883178, 52.23336697042846], [4.701266533814201, 52.23327841292771], [4.700309245699087, 52.233094238393896], [4.700243286067319, 52.23307984235488], [4.69914543955259, 52.23284022028019], [4.6982233337584995, 52.2326550295503], [4.697339417290536, 52.23245631183664], [4.696942552549974, 52.23236188332468], [4.696493687492464, 52.23221687899384], [4.696243701423184, 52.23210967197448], [4.6960307515600315, 52.23199963418016], [4.695838867128285, 52.231894321202006], [4.6956792300152435, 52.23181363533605], [4.69553810382666, 52.231737174195544], [4.695299209538811, 52.231605097118376], [4.695189644624122, 52.231541826203895], [4.695034466761121, 52.23145222242034], [4.694889972562866, 52.23137692718278], [4.694811126096373, 52.23133583881682], [4.694595376958797, 52.231211418999415], [4.694287364865358, 52.231037157846465], [4.6939897786172855, 52.23085623396614], [4.693884093952919, 52.230796885423985], [4.693656139282971, 52.23066887786427], [4.693307678089327, 52.23046626181526], [4.692699318908909, 52.2301242213783], [4.691922315552072, 52.22968362827196], [4.691462148092466, 52.229439363303236], [4.690658596336385, 52.2290066227264], [4.6905797919450505, 52.228961487084504], [4.6894864860666345, 52.22833517795122], [4.688769948774318, 52.22792468948609], [4.6887575309748835, 52.22791757836513], [4.68868350315128, 52.227875175099385], [4.688175787426854, 52.22758332942989], [4.687932127860527, 52.22745084943506], [4.687669791540439, 52.227308218592135], [4.687667846900445, 52.22730715546552], [4.687378415308881, 52.227146162556906], [4.687308920649614, 52.22710512450121], [4.687262602046468, 52.22712146902888], [4.687182258929822, 52.227129980975576], [4.687103329274197, 52.227124920211374], [4.687031154125844, 52.22711289769882], [4.686965119556749, 52.22709106956737], [4.686910702644293, 52.2270564572851], [4.686799858314857, 52.22697734278704], [4.686673497503185, 52.226886253867264], [4.686584907104333, 52.22682820446551], [4.686536531799185, 52.22679570409934], [4.686408044660354, 52.226727270291306], [4.686301086016973, 52.22667294061714], [4.686210075922003, 52.22663385047292], [4.686150506143644, 52.22661052328203], [4.686060668207827, 52.22658625238769], [4.68595934921645, 52.22656515796623], [4.685810385653263, 52.22654144361366], [4.685564276251605, 52.226506779713226], [4.685289037899, 52.22646763688033], [4.685062039187189, 52.22644539023094], [4.684832733010962, 52.22642561912932], [4.684635288759795, 52.226413398384906], [4.6845011281717746, 52.22641075767697], [4.684425305150675, 52.226412984983185], [4.684430229775889, 52.226419980074766], [4.684427555371524, 52.22641972148204], [4.6838208313980445, 52.22636014969406], [4.683707730807053, 52.22635671671724], [4.683621387371832, 52.226354108153245], [4.683296826670393, 52.22635202143699], [4.683055772139414, 52.22634777123877], [4.682931460741654, 52.226353555401964], [4.682879521553092, 52.22635596907402], [4.682880489360113, 52.22638085394872], [4.682855045648405, 52.22647285735885], [4.682854641833251, 52.22647432900149], [4.682847485547719, 52.226500190071384], [4.682744089483968, 52.22650966705253], [4.6827101566222336, 52.22651278126585], [4.682602172441792, 52.22652268914915], [4.682588276832658, 52.22652396345516], [4.6825615995911685, 52.22652641085102], [4.682555487340997, 52.22652696759984], [4.682060229035392, 52.22657234983386], [4.681289753229811, 52.22664296881902], [4.681274450429862, 52.226644369381795], [4.679974600414315, 52.226763496193826], [4.679753495402384, 52.22654804807574], [4.6781487690648405, 52.22637452726172], [4.677931797305906, 52.22630468115668], [4.677057060699481, 52.22612304228506], [4.67703568937687, 52.226109404645264], [4.676921979531572, 52.226036851888836], [4.676873471688236, 52.22600673759011], [4.676845604293907, 52.22599386977883], [4.676718748688544, 52.22593526821822], [4.676698480277892, 52.225925906508], [4.676340006228556, 52.22621858692907], [4.676319200246933, 52.22623557509011], [4.675674000600772, 52.22676229485972], [4.6756525860283285, 52.22677978257222], [4.675576804839681, 52.22684164066664], [4.675547684807983, 52.226867782436514], [4.675173649553206, 52.22720361640523], [4.674690104850911, 52.2275946947566], [4.6741918109637295, 52.22800139333603], [4.67388276320325, 52.228250143121535], [4.673535169025538, 52.22853746991069], [4.673321678861774, 52.2287141715456], [4.672757819484925, 52.22910133210793], [4.67238597328931, 52.22935662797721], [4.671986711528023, 52.22963076655488], [4.671656476210458, 52.22985750516277], [4.671223251900919, 52.23015494834813], [4.670882189218126, 52.230389106274295], [4.670571465724618, 52.2306024330672], [4.670347535106551, 52.230756173267665], [4.670295253416493, 52.23072584464211], [4.670265653686942, 52.230708677446756], [4.670254689456476, 52.23070233719226], [4.6696625089963915, 52.23035993426379], [4.669617381170668, 52.23039806635685], [4.669559216452647, 52.23035953145932], [4.669450854531306, 52.23029128239558], [4.669248535625554, 52.230163841663604], [4.669246854614996, 52.23016278882422], [4.669240058695594, 52.23015849613641], [4.669150616003115, 52.2300989364515], [4.668864012774024, 52.229908092772796], [4.668856004008389, 52.22990276804071], [4.668736499546359, 52.22981035338983], [4.668683316341178, 52.22975982224395], [4.668446664459525, 52.22963768996263], [4.668418298908815, 52.22962304647914], [4.668316130183206, 52.22956399293414], [4.668281580987543, 52.22954250777436], [4.668128066523716, 52.22944703625506], [4.6679126351600795, 52.22929179398757], [4.667740518861844, 52.229184497150804], [4.667210021010967, 52.228851715133004], [4.667006782957053, 52.228722170639074], [4.666597649222139, 52.228467432593895], [4.666029285942914, 52.2281094361419], [4.665914929030879, 52.22803785750432], [4.665650102990266, 52.22787866917667], [4.665496445857176, 52.227787282887924], [4.665436317724217, 52.227752014583025], [4.665360160168347, 52.22770964653616], [4.6653170710834315, 52.227686032042676], [4.6652628933020885, 52.227662044161924], [4.6651766645122335, 52.227626984702525], [4.665044602739464, 52.22757417204562], [4.664910726793939, 52.22752764882326], [4.664909955341426, 52.227527383450024], [4.664716811222834, 52.2274612359997], [4.66470561270402, 52.227457707071], [4.664588298317088, 52.22742070434178], [4.664582936688751, 52.22741917951063], [4.664466320853297, 52.22738604582826], [4.664462575596575, 52.22738503421719], [4.664300147962718, 52.22734099607331], [4.66422130954894, 52.2273196251199], [4.664155148060828, 52.22730358078383], [4.664146323132553, 52.22730171115929], [4.664021578055158, 52.22727528634341], [4.664003341494959, 52.227271624374474], [4.66388297968957, 52.2272474912579], [4.66385970723904, 52.22724298050777], [4.663803882297544, 52.22723217643738], [4.663500016908506, 52.22716854858899], [4.6630438046320934, 52.22707662615008], [4.662216390229497, 52.22691019546662], [4.6614602918359, 52.22675543233714], [4.660774501851996, 52.2266166013042], [4.660062624516398, 52.226472059991046], [4.659569128003351, 52.22637415114432], [4.659327328287114, 52.22632159980428], [4.659010582386333, 52.22624715824865], [4.658764112780204, 52.22618220928593], [4.658613367176553, 52.22614045544705], [4.658473116710378, 52.22609866729362], [4.65827850972188, 52.22603524166795], [4.658259394091979, 52.22602901177112], [4.658219507558368, 52.226015741808546], [4.658039246848932, 52.22595577487358], [4.6578725615732735, 52.225899846262855], [4.657667899665632, 52.22583025459336], [4.657550865270222, 52.225788401993206], [4.657483915860475, 52.22576445747211], [4.657184682237195, 52.22565158702635], [4.657146963578917, 52.225637359377444], [4.657121177554269, 52.22562734900212], [4.6567336182439645, 52.22547686436149], [4.656468074463919, 52.2253724155768], [4.6564492653334195, 52.22536537834797], [4.656216922942138, 52.22527844554478], [4.656120041248415, 52.225242190002746], [4.655931325916021, 52.225168900997716], [4.655793541942776, 52.225115395382396], [4.655698246648916, 52.22507883472903], [4.6554648959011615, 52.2249893145901], [4.655449100648278, 52.224983257601984], [4.655196783279103, 52.22488746255109], [4.655125889713318, 52.224860544126884], [4.65496178203228, 52.224797859273956], [4.654899720027802, 52.22477415029815], [4.654788046340787, 52.224731492270045], [4.654566573859293, 52.2246479042578], [4.6544168226351115, 52.22458984669668], [4.654329578222737, 52.22455602232747], [4.654097736075524, 52.22445965086668], [4.653982365101986, 52.22440607549326], [4.653924018959981, 52.224378973571454], [4.653853123351876, 52.22434605028343], [4.65355645039986, 52.224203237954434], [4.6532576028167725, 52.22403795897605], [4.653245260274134, 52.22403113218722], [4.652751545702644, 52.2237652499356], [4.652451043720181, 52.22358883122838], [4.652265838658879, 52.223480090886675], [4.651943988610686, 52.22329916080422], [4.65174545478092, 52.22318765819215], [4.65173040899111, 52.223180598692934], [4.651247576448617, 52.2229543346344], [4.650845181931185, 52.22276895382473], [4.650802740728046, 52.22274940066042], [4.650511881825392, 52.22261467015848], [4.650410948500402, 52.22257005258186], [4.650271760381981, 52.22250853221785], [4.650053099219971, 52.22241365504757], [4.6499001619493825, 52.22234729369926], [4.649657469897257, 52.22224455394371], [4.649621862100854, 52.22222955507086], [4.6492885886525155, 52.22208918172913], [4.648999158675343, 52.22197915581841], [4.648941199243998, 52.22195205380914], [4.6488258022644136, 52.22190346157334], [4.648539490191092, 52.22178824088598], [4.648351132930287, 52.2217091085284], [4.648320946422918, 52.221696426161735], [4.648265238597837, 52.221673032032406], [4.648083975881355, 52.22158622280431], [4.648081809517886, 52.221585364361395], [4.648053269313792, 52.22157402247419], [4.647799184911014, 52.22147305911748], [4.647788907726144, 52.2214688602296], [4.647635971182771, 52.22140637879844], [4.64757210637298, 52.221378061683076], [4.647494483701224, 52.22134364529645], [4.647351529400396, 52.22128025528742], [4.647347692771698, 52.22127863136341], [4.647301494223067, 52.221259026423304], [4.647127584773895, 52.22118524965345], [4.646925481516539, 52.22110137299752], [4.6468744942401266, 52.22108021887622], [4.646609210703557, 52.22097011368259], [4.646372625227685, 52.22091557290656], [4.646195139341594, 52.220880142751994], [4.645966060745007, 52.220833620747364], [4.645715285049581, 52.22078412182913], [4.645567744802024, 52.220759116227796], [4.645310175171189, 52.22072921290741], [4.645224489613999, 52.2207168911858], [4.644982674662484, 52.22068654682982], [4.644738799044291, 52.22065868773128], [4.644595710645656, 52.22063883214561], [4.644229585601954, 52.220605250828086], [4.643705616124152, 52.22044602708257], [4.643704858956293, 52.2204457976123], [4.643423496967169, 52.2203597621363], [4.643253602488013, 52.22030905952099], [4.6432544592208895, 52.22030595501433], [4.642913340599211, 52.22018960234657], [4.642718446070582, 52.22012347052712], [4.642732388437926, 52.22010883580368], [4.642653669542797, 52.22008169869136], [4.642634005926366, 52.220075265044805], [4.642637000086115, 52.220071239248085], [4.642231682623784, 52.21993482275796], [4.642050717237879, 52.21988385981513], [4.641903992192458, 52.2198287893569], [4.641812600847188, 52.21979465981593], [4.641728999551955, 52.21974102113369], [4.641722835153905, 52.21973684767141], [4.641714600974672, 52.219731303932356], [4.640485338751391, 52.21926111563177], [4.640468689379185, 52.21925474561869], [4.640367626081402, 52.21921543953113], [4.640263247823382, 52.219174854048866], [4.640117868982413, 52.219118315800955], [4.639994517464997, 52.219070347626854], [4.639869697823832, 52.2190218037785], [4.639744776630999, 52.21897322320138], [4.639509212735769, 52.21888161689774], [4.639090966495975, 52.218718970226114], [4.638969889830035, 52.21866465179887], [4.638497611841443, 52.21845280103958], [4.638317599901481, 52.218379691585454], [4.6382541997835665, 52.21835394295799], [4.637568488853058, 52.2180754628154], [4.637556832300178, 52.21807072397468], [4.637280518340025, 52.21795851433412], [4.635800643538079, 52.217396777036875], [4.635277430447889, 52.217193307719214], [4.634435889950173, 52.21686925368327], [4.633794740328223, 52.21661931216904], [4.6337939992773265, 52.216619001844094], [4.633369290302047, 52.21644209214678], [4.633365103905245, 52.216440438567886], [4.63293647273746, 52.21627067482431], [4.632804123110325, 52.21623306791542], [4.632633763978891, 52.21618466591502], [4.6324558138768355, 52.21614298325414], [4.6322238489489695, 52.21609464536377], [4.6319767454857725, 52.21604680343552], [4.631730649157852, 52.216013815894286], [4.631528884500792, 52.21599676888601], [4.6314091216194795, 52.21596949644246], [4.631235762714117, 52.21594021803043], [4.631010893314169, 52.21591280269324], [4.630712017426168, 52.21588065254086], [4.630440674296114, 52.215859257127846], [4.6302336613282185, 52.21583251198425], [4.6296752675666175, 52.215771227777346], [4.6294537683184105, 52.21574278845397], [4.629247146366639, 52.21571892928939], [4.629055388109561, 52.215698724492604], [4.628912703031753, 52.215669414847966], [4.6288576898433655, 52.215662994614924], [4.628692697185447, 52.21564098368063], [4.628549091868332, 52.21562019746533], [4.6284910318561145, 52.215613110341295], [4.6284682461593745, 52.21560980012835], [4.628263088501725, 52.21560055443264], [4.628213844866633, 52.21559561806937], [4.62804307712959, 52.215578503622616], [4.627861731296409, 52.21555100249149], [4.627696722323926, 52.215530859597806], [4.627470791573463, 52.21550328686453], [4.627173609664247, 52.21546563786411], [4.62658289782456, 52.21539079256448], [4.62656552218372, 52.21538859540567], [4.6260480793142325, 52.215325733124196], [4.625923358735724, 52.21531058415106], [4.6257522492817476, 52.21529131600506], [4.625599264481571, 52.215274087957305], [4.62556904727236, 52.21527068432075], [4.625461936068372, 52.21525862350189], [4.625385261260382, 52.21524998566728], [4.625304727678153, 52.21524109818577], [4.624769854042767, 52.21518203668948], [4.624332831080128, 52.215131541398854], [4.623695130148029, 52.21506082724451], [4.623126523785835, 52.214996282127316], [4.623104982448219, 52.21499383280383], [4.62296742415, 52.21497822014155], [4.622926619654282, 52.214973587843794], [4.62285318932594, 52.21496523900134], [4.62265937617107, 52.21494319487927], [4.622658967270437, 52.214943147291415], [4.6224647454094745, 52.21492105526244], [4.622464526405361, 52.21492102687985], [4.622331963763751, 52.2149059491602], [4.622270509266209, 52.214898953832474], [4.622269019669588, 52.21489878239762], [4.622076273163268, 52.21487686107061], [4.622075207098639, 52.21487673731793], [4.621882052040337, 52.214854759097285], [4.621877174206194, 52.21485420617458], [4.62168694526501, 52.21483567109306], [4.621603663583576, 52.21482755422902], [4.621433673754753, 52.21480720848433], [4.621365829659627, 52.214799092673935], [4.621301942553898, 52.21478891722615], [4.621273676310497, 52.214784419592505], [4.6210924181805, 52.21475990166673], [4.621007441135048, 52.21474827698005], [4.6207849788653474, 52.2147211363646], [4.6205766105012165, 52.21469045558616], [4.620493307841643, 52.214685285925476], [4.620269316661764, 52.21465689404096], [4.620210884254336, 52.21464948582963], [4.6201125442486255, 52.21463638054728], [4.620109230278199, 52.214635936578574], [4.620004554242777, 52.21462199010521], [4.620004276872396, 52.214621952350704], [4.619919629084934, 52.21461163230451], [4.619891301251412, 52.21460817656823], [4.619807945152178, 52.21459847603018], [4.619637126279653, 52.214578787440104], [4.619578972746863, 52.21457304355559], [4.6194435877056605, 52.21455968798018], [4.6192810338097665, 52.214544411899645], [4.618994965114448, 52.21451901155041], [4.618848085879315, 52.21450696471101], [4.61866552254055, 52.21448955324463], [4.618470641827476, 52.21447704977098], [4.618419523558378, 52.214475737339], [4.618149057240446, 52.21446880834683], [4.617832609337724, 52.214472400996925], [4.617242551374203, 52.21447909902508], [4.616662181888533, 52.214485686536555], [4.615943375334517, 52.21449383903357], [4.612211443959676, 52.21452932578765], [4.612209043858745, 52.21452934599187], [4.612067830434696, 52.21453068434049], [4.611898664071146, 52.21453228844265], [4.607070210024415, 52.21457799066068], [4.607040367759917, 52.21457835081201], [4.606907197304084, 52.214579951832825], [4.606753214700895, 52.2145818106624], [4.602760898966582, 52.21455868818365], [4.602730208450652, 52.214566501816016], [4.602599921476155, 52.21458632721962], [4.602419600296345, 52.214603114587995], [4.602136843396008, 52.214629431434275], [4.601706810366076, 52.21465147854338], [4.600393471931207, 52.214984459109786], [4.5977966791382885, 52.21564279264382], [4.597462466967406, 52.21572751927585], [4.5854550638388085, 52.2185129433526], [4.585061953832778, 52.21860305055626], [4.584353508308939, 52.21876543580987], [4.58409002955535, 52.2188088732454], [4.583891547561022, 52.218839728253315], [4.583639682601382, 52.218866390789486], [4.583552534154776, 52.2188746422603], [4.583356096612599, 52.21888542164379], [4.583193273607497, 52.218889706342736], [4.583082560570945, 52.21889085816673], [4.582853908427057, 52.218884879099456], [4.582610531732091, 52.218874188338305], [4.582458443263855, 52.21886669869235], [4.582370567315674, 52.21886012278476], [4.582204168624927, 52.21884767268166], [4.582001110406392, 52.21882962445557], [4.581853760310716, 52.21881260288104], [4.581730934467874, 52.21879491246209], [4.581507597730621, 52.218758847555314], [4.579339724331294, 52.21835611787399], [4.573744582112742, 52.21725535390121], [4.573560831504215, 52.21721191552064], [4.573408336639083, 52.217166975463684], [4.572828456945673, 52.217077923127135], [4.572630136174314, 52.21705031893307], [4.572292566277347, 52.217008954508486], [4.57193758503095, 52.21697228661756], [4.571788104464817, 52.21696587077872], [4.571768228151093, 52.21696529313129], [4.571564741498227, 52.21695934902994], [4.571395607537818, 52.21695936735638], [4.5713515957820094, 52.21695985431395], [4.571100924659349, 52.21697022964981], [4.570671643627883, 52.21699223193994], [4.570326585122776, 52.21701942615824], [4.570252116952303, 52.217024124260995], [4.570221660435954, 52.21702834478416], [4.569518757334524, 52.217135078324475], [4.56920072999384, 52.21718193385903], [4.568651105671267, 52.21726334330147], [4.568250245110977, 52.217321630442584], [4.568007900141866, 52.217358931721726], [4.56755608127122, 52.217427684874956], [4.5671266883626185, 52.217491199084805], [4.566036669710249, 52.217660423980554], [4.565504205472178, 52.21773988879751], [4.563790977602338, 52.21799553669209], [4.561802652169812, 52.21829642578533], [4.561801463479134, 52.21829660623102], [4.561601955857495, 52.21832679644079], [4.5615181900240716, 52.21833949547489], [4.561291531926838, 52.21837385464316], [4.560402124843459, 52.21850867513741], [4.560232750340815, 52.218533150734736], [4.559060786655937, 52.21870633044081], [4.55905720605338, 52.21870686260415], [4.558432520204699, 52.21879899631679], [4.557445961778595, 52.21899863677477], [4.557306527738946, 52.219020622019656], [4.5571059630060375, 52.21906243692545], [4.556980473589124, 52.21909627638694], [4.5568560209770235, 52.2191404324956], [4.55672049515134, 52.21920708003861], [4.5566147391273475, 52.219273505349605], [4.556531178335042, 52.219341749491164], [4.556399493202033, 52.21947704875508], [4.556189472732722, 52.21970946274997], [4.555977821583885, 52.219943662537595], [4.555636132351797, 52.22032176468772], [4.553933367633611, 52.22220587404439], [4.553594560689467, 52.222576683171695], [4.553284547002206, 52.222914069689494], [4.552949857208094, 52.22327624138483], [4.5526745638740795, 52.22357302007113], [4.552432805395266, 52.223834226063964], [4.5521916327160055, 52.224092927926904], [4.551913393895746, 52.22439329705972], [4.551665173887683, 52.22465521060461], [4.551383991746347, 52.22495917991258], [4.551245180261508, 52.225103608836015], [4.551133418038333, 52.2252221722413], [4.55099636348459, 52.2253680424327], [4.550898706633024, 52.22547115586949], [4.550816340570594, 52.22556277372135], [4.550760421103991, 52.22563105665407], [4.550720985192247, 52.225682801141744], [4.550672070438337, 52.22575685013939], [4.55063489286986, 52.22582549943793], [4.550592408740121, 52.225907827146486], [4.550559314034863, 52.22598585307642], [4.550521375766061, 52.22610199963589], [4.550479100214064, 52.22628073630975], [4.550459157972708, 52.226444764677], [4.5504544928065815, 52.226597288494816], [4.5504583677059, 52.226660610908745], [4.5504697623246955, 52.2267451628093], [4.550497492037723, 52.22684917304382], [4.550565381857404, 52.22703129662278], [4.55062288351372, 52.22716881001294], [4.550717111174467, 52.22735456250899], [4.5507666469105885, 52.22742838290049], [4.550852908432041, 52.227550460338016], [4.550932033340444, 52.22764883921093], [4.5509544890852265, 52.22767677175037], [4.551024388870205, 52.227763679212714], [4.551185793299163, 52.22796792818634], [4.5513434100716195, 52.228167395363364], [4.552155658215659, 52.229181589833594], [4.552330930230808, 52.229391543826495], [4.552429108880134, 52.22950612721462], [4.552487007952162, 52.22957369622327], [4.552522890351405, 52.22961558313503], [4.552686247798492, 52.22981006457917], [4.552884040147481, 52.230044894363374], [4.55306894861361, 52.23027215463651], [4.553457522716731, 52.230736046529834], [4.553624391430631, 52.230933409639036], [4.553674030986869, 52.23098024689143], [4.553721926407587, 52.23102564269197], [4.553937508245061, 52.23120292786068], [4.55399769426866, 52.23124942591101], [4.5541064020448205, 52.231329792128484], [4.5542075221588965, 52.23139792572825], [4.55430282837694, 52.23145525038473], [4.5544133540929, 52.23151908185916], [4.554486485890071, 52.231555154731154], [4.5546566909702415, 52.23164099631651], [4.554855009554177, 52.23173193432036], [4.555002451977532, 52.23179904539015], [4.555149313339109, 52.231859671690735], [4.555271615464766, 52.2319091322797], [4.555430215444043, 52.23196438506386], [4.555582412528119, 52.23201135038012], [4.5557832629728585, 52.232056240127285], [4.5559202624333395, 52.23208771024548], [4.556170872276979, 52.23214344770235], [4.556548575876661, 52.23221950189804], [4.556829648671203, 52.23227923618982], [4.556941486192898, 52.232302052369725], [4.55718509164118, 52.23235202194053], [4.558429773239183, 52.23257726878272], [4.558729349760661, 52.232632508421766], [4.5589842905396365, 52.23268634678149], [4.559212320020119, 52.23272869780299], [4.559524327895245, 52.23279411629169], [4.559850572196175, 52.232856811340405], [4.560035109996512, 52.232895314763354], [4.560210043779998, 52.2329267938021], [4.560451415320318, 52.23297288498627], [4.560568605848384, 52.23300324928629], [4.560675034339983, 52.2330290260988], [4.560783086552496, 52.23306039584063], [4.56088882324199, 52.23309664785005], [4.561028019260163, 52.23314422520175], [4.561117853116741, 52.23317761539661], [4.561219854656242, 52.23321717560574], [4.561315309998214, 52.23325688769983], [4.561412185575892, 52.233298173589105], [4.561501560843228, 52.23334606722193], [4.561615286412034, 52.23340629198743], [4.561672141993282, 52.23343640427818], [4.56177816389421, 52.23349921757655], [4.561879045291785, 52.23356374756094], [4.561988111486183, 52.23363373653484], [4.562100687660457, 52.23371893996119], [4.562191054924881, 52.233782910873494], [4.562272050729651, 52.233843868147204], [4.562331521599794, 52.233895650923735], [4.5624202583257505, 52.23397656199395], [4.562491438783875, 52.234049009392756], [4.562565692406327, 52.23412864178543], [4.5626148819727845, 52.234183876013276], [4.562660568990238, 52.234246438110034], [4.562756211096708, 52.23439882624189], [4.562817147249556, 52.23449726768211], [4.562848336552887, 52.234558542087036], [4.562874399359814, 52.23462155138303], [4.562909128091579, 52.23469804050369], [4.562936348917826, 52.234758604089215], [4.562967575193901, 52.23484242108836], [4.562997148535646, 52.23492063589327], [4.563347182768921, 52.23601239165914], [4.563370990177498, 52.23608661133693], [4.563388139550789, 52.23614246665976], [4.563437751458074, 52.23630405165091], [4.563509696513831, 52.23652700185259], [4.5635117597383035, 52.23653338885718], [4.56351262426002, 52.23653651378311], [4.563545637192879, 52.23665526208496], [4.5635935991955625, 52.236827765033546], [4.563679386146064, 52.237100318391455], [4.563775923067658, 52.2373774586646], [4.5639023379397905, 52.23775935753795], [4.564040232525796, 52.23815791941661], [4.564094050261439, 52.23833459746582], [4.564195379652598, 52.238669582649514], [4.564200315064421, 52.23868613729758], [4.564268427321969, 52.23891489344099], [4.564269185459749, 52.23891744237547], [4.564389813193099, 52.239334093500716], [4.5644617260853595, 52.23954980716578], [4.564564647653098, 52.23986785133497], [4.564709410598948, 52.24031534673253], [4.564836841341221, 52.240735873592826], [4.564999268384794, 52.24125944154176], [4.565039585888434, 52.24138501721585], [4.56503973796445, 52.24138550363535], [4.565058831602435, 52.24144492247821], [4.5650609917770995, 52.24145163369738], [4.565099952417032, 52.24157300242779], [4.565103081470051, 52.24158274940118], [4.565119405444417, 52.241633583233025], [4.565124320663515, 52.24164888833524], [4.565148868691061, 52.24172535073023], [4.56515339591653, 52.24173946669289], [4.565170024659985, 52.24179124639423], [4.565174634926268, 52.241805623590565], [4.565266433069268, 52.242092256831356], [4.565315730994475, 52.24224858047222], [4.565387022061999, 52.24247467942591], [4.565645483564136, 52.243294301374966], [4.565755924583476, 52.24363029196071], [4.56600492006015, 52.244391468962554], [4.566124787445385, 52.24476208412799], [4.566238609820465, 52.24510408376477], [4.566362242583773, 52.24547240584693], [4.566429795782561, 52.245677832226626], [4.566471282095799, 52.245803981658696], [4.566485182870263, 52.2458545737152], [4.566532019610587, 52.24602491912504], [4.566622973896886, 52.24635589275829], [4.566711411026447, 52.24667891227102], [4.566742523619054, 52.24675861063156], [4.566767175933129, 52.24682256180625], [4.56679452740636, 52.24690453500162], [4.566871578299251, 52.24707314859343], [4.5669295975647595, 52.247219276446465], [4.566979315918766, 52.24733431951414], [4.566991260606075, 52.24738145544895], [4.567009729198022, 52.247454414710695], [4.567014896129932, 52.24751335897169], [4.567069818571434, 52.24765435996865], [4.567118007777467, 52.24780715160387], [4.567158589342341, 52.24794526667898], [4.567167519496499, 52.248001055238745], [4.56719231307711, 52.248082848779305], [4.567211374576135, 52.24816578896797], [4.567237854803894, 52.24824585948731], [4.56729021100138, 52.248393502772245], [4.567337730071746, 52.24853982715693], [4.567377880783769, 52.24866880717703], [4.567421482768612, 52.24880282651739], [4.56745896978801, 52.248919024838735], [4.567496437515821, 52.24902673818193], [4.567525002812131, 52.249124062328065], [4.5675501465877035, 52.249216338352255], [4.567566937371158, 52.24932246109387], [4.567586039058375, 52.24942238006077], [4.567610271999315, 52.249571311052335], [4.5676310101386255, 52.249686557167536], [4.567632072507378, 52.249692487728126], [4.567670090228604, 52.24987858145021], [4.567698556239998, 52.250041814953526], [4.567729996900873, 52.25021132482814], [4.567767110487861, 52.25040839574643], [4.56779021899157, 52.25054607469721], [4.567817801788386, 52.25067458979189], [4.567842744529902, 52.25080731099859], [4.567862586992632, 52.25093627573484], [4.5679798494869495, 52.251553711747], [4.5679799690362275, 52.25155437769878], [4.567984186262274, 52.25157668855654], [4.567997009307034, 52.2516446559534], [4.5679987979984, 52.2516540969216], [4.568019427575381, 52.2517634099881], [4.568023659152679, 52.25178573891926], [4.568054004821051, 52.25194644165773], [4.568058221954778, 52.251968761498496], [4.568088567868619, 52.252129464223515], [4.56809278503645, 52.252151784062455], [4.5681231313611095, 52.252312477787044], [4.568127348563043, 52.25233479762406], [4.568157001306616, 52.252491810374096], [4.568157694967831, 52.25249550032229], [4.5681577620666625, 52.25249583334882], [4.56816195613373, 52.25251782046201], [4.56819687199066, 52.252700818455146], [4.568231788460687, 52.252883798458804], [4.56825559280847, 52.253008476224174], [4.568262003527891, 52.253042127330914], [4.56826671952596, 52.253066796522496], [4.568302491585551, 52.2532542495289], [4.568303053217339, 52.253257156592056], [4.568341510399428, 52.2534586856461], [4.5683468537636305, 52.253488266706796], [4.568365129727691, 52.25358947402981], [4.568388005494134, 52.25371053208092], [4.568398122215751, 52.253764063666615], [4.5684082376389386, 52.25381766714701], [4.568422746236458, 52.253894391609215], [4.56848193761679, 52.254207688014134], [4.568494136369127, 52.2542722534754], [4.568527316026372, 52.25444786899593], [4.5685280911656045, 52.25445191004257], [4.568551709492756, 52.25457564266295], [4.568552003233478, 52.254577190658544], [4.568574887335642, 52.25469705328298], [4.568576944523769, 52.25470783532966], [4.568697698013195, 52.25534038540973], [4.568697979928818, 52.25534178052442], [4.568714408891077, 52.25542483689142], [4.568714891799103, 52.255427249058215], [4.56877365058909, 52.25572446243577], [4.568787115476907, 52.25579588557847], [4.568787222552875, 52.25579643459664], [4.568801461845386, 52.2558719437159], [4.568881506588367, 52.2562964326812], [4.568881879627696, 52.25629844860785], [4.568884147814299, 52.25631050842256], [4.568913656263825, 52.25646689068104], [4.568913709555561, 52.256467178670526], [4.568914202834566, 52.2564698245994], [4.568923972250966, 52.2565216010165], [4.5689243186481105, 52.2565234729482], [4.568934141214461, 52.25657554634047], [4.5689404262636, 52.25660891788233], [4.568940480216482, 52.25660916992382], [4.5690329249957715, 52.257102638664655], [4.569105639148463, 52.25747436118565], [4.569116779842549, 52.257531243343394], [4.569198874109354, 52.25797922314507], [4.569259160793203, 52.25831718991484], [4.569293919572333, 52.258517191822605], [4.569329183884441, 52.25868332093059], [4.569365958436949, 52.25887488790739], [4.569409381768988, 52.259109581006946], [4.569457778363835, 52.25935104959614], [4.569500498600996, 52.25957303754048], [4.56952030796142, 52.25969151238081], [4.5695221661485395, 52.2597051782132], [4.5695319777142025, 52.25977706128941], [4.569533944417337, 52.25981432172107], [4.569537078619953, 52.25986058735207], [4.569535111309955, 52.25990468749434], [4.5695291427196025, 52.25996566662592], [4.569522984038752, 52.26005134382924], [4.569508565623922, 52.26017999006402], [4.569498481817267, 52.26026244931451], [4.5694916371746, 52.26031529710691], [4.569455340902002, 52.26048108369127], [4.569409241861319, 52.260684507630415], [4.569368329541496, 52.2608599334617], [4.569325496702285, 52.26105934429118], [4.569284845792663, 52.26123565272977], [4.569246600144038, 52.26139982584667], [4.569193019831074, 52.26163879981253], [4.569137139236105, 52.26186980328657], [4.569085287689537, 52.262109499173896], [4.569039718475197, 52.262304639449574], [4.568992124159238, 52.262518281217496], [4.568946411258298, 52.262718004394095], [4.568897273266318, 52.262926323440006], [4.568862893054577, 52.263068133672284], [4.568823334191053, 52.263227875286766], [4.568784784796235, 52.26340121391858], [4.568754338313683, 52.26353618442702], [4.568717809618405, 52.263655374594016], [4.568667326309348, 52.26382362413362], [4.568608324840116, 52.26404400866948], [4.568558436164528, 52.26423961312898], [4.568446307111686, 52.26471369675318], [4.56840947081694, 52.26487737587513], [4.568397024085412, 52.26493044538308], [4.568359099086521, 52.26507684177174], [4.568332047004732, 52.26521031666613], [4.5683076714972035, 52.26532092634398], [4.568242559748798, 52.265592132080386], [4.568224521879459, 52.26567595611676], [4.568192128800763, 52.26581940671776], [4.568161591793558, 52.265955922354365], [4.568132910889486, 52.26608550302867], [4.568094593325324, 52.26626188095281], [4.568077183026574, 52.26633068117286], [4.56805316895433, 52.26644705466922], [4.568047132405659, 52.266474956887485], [4.568030478420358, 52.266552004446055], [4.568018180138006, 52.266614467514025], [4.567964481471025, 52.26679391156532], [4.567942112696011, 52.26692910856854], [4.567913208902425, 52.2670731135549], [4.567889600381399, 52.26718412391015], [4.567868124403991, 52.26729388171954], [4.567858971101964, 52.26734782785685], [4.567844990752285, 52.2674506988015], [4.567845470517929, 52.26761480717489], [4.5678681576127085, 52.267795751457456], [4.5679219545385505, 52.26797710015841], [4.567971517494008, 52.26807252903688], [4.568039483130752, 52.26817582422313], [4.568097632529119, 52.268262450279295], [4.568222924443891, 52.2684167547583], [4.568335351042142, 52.268553712770554], [4.568467149768356, 52.26867057263517], [4.568706659216376, 52.26885117609531], [4.568978786186143, 52.269018846295396], [4.569302078443297, 52.26920626632706], [4.569588868580888, 52.269370306509984], [4.5700149693966425, 52.26961441375701], [4.570786255788373, 52.27007294312157], [4.571611522543895, 52.27056079060301], [4.5727485929016405, 52.27124034064382], [4.572925311606979, 52.271343905963036], [4.572997602746833, 52.27138626164826], [4.573142591021683, 52.27147122734719], [4.573841578138447, 52.2718808284134], [4.574088493267314, 52.27202551027779], [4.574597056614477, 52.272323512433026], [4.575687065082736, 52.272962209669906], [4.5770560785141825, 52.27376433471394], [4.577190905068619, 52.27384332950203], [4.5776186272339014, 52.27409393627359], [4.577657712971057, 52.27411683603385], [4.579910154329205, 52.27543646047625], [4.5811387379439354, 52.27615619032284], [4.584052804584149, 52.27786316401235], [4.584193459727975, 52.277944536100904], [4.584260182528426, 52.27798157988865], [4.584700748891982, 52.27823372170994], [4.5847833497542085, 52.278281730607766], [4.584894143685193, 52.278344401640005], [4.5851688108862225, 52.27849722062596], [4.585307255236337, 52.278575457497794], [4.585623650959095, 52.27875231401052], [4.585667562734026, 52.27877945920542], [4.585752369600125, 52.278827140826294], [4.5858605318022905, 52.278891258148036], [4.586003797927697, 52.27897691508226], [4.586166786292309, 52.27907328447428], [4.586321291161551, 52.27916393366329], [4.5864806952357275, 52.279259235709695], [4.586651599219028, 52.27936046666755], [4.586837573196658, 52.27947038303716], [4.586931346656595, 52.2795256295596], [4.587054008439991, 52.27959933535129], [4.587181298435127, 52.279671571330645], [4.587271140598212, 52.27972464281797], [4.58732653910139, 52.27975771636311], [4.587413735074011, 52.27980475680768], [4.58751836914588, 52.27986731174772], [4.587604130460584, 52.27991347948729], [4.58777330633418, 52.28000596068956], [4.587828279157531, 52.28003666725152], [4.5878929104363335, 52.28007301171175], [4.5879429554590425, 52.280099056034885], [4.58799937251976, 52.28013584822223], [4.588040600904718, 52.2801689514451], [4.588092754196293, 52.28021061326015], [4.588132977588615, 52.28024175025442], [4.588172551409461, 52.28027478831569], [4.588215411121338, 52.28030845976453], [4.5882544228520965, 52.28034016376254], [4.588295235821253, 52.280374387595494], [4.588368241784838, 52.28043813012434], [4.588417759396548, 52.2804829737335], [4.5884392690557485, 52.28050190417518], [4.5885981892177, 52.28068099586959], [4.588643918608095, 52.28074750201177], [4.588663494917595, 52.280772917727674], [4.588682093555226, 52.28079810213324], [4.588716354468746, 52.28085122841378], [4.58880033391499, 52.280980513936846], [4.588825616145438, 52.281020340098515], [4.588849371633075, 52.281060317727515], [4.58889070337729, 52.28114816770545], [4.588919655506686, 52.28121215161263], [4.588934979747036, 52.28124506158097], [4.589002190049241, 52.28138936062154], [4.589094586519057, 52.28159032871839], [4.5891365639211505, 52.28167981878711], [4.589226157171866, 52.28186229734765], [4.589325677595717, 52.28205837888083], [4.589366087050023, 52.28213974204287], [4.589434553177488, 52.2822746387677], [4.589497258806843, 52.28239736267402], [4.5895238968109915, 52.28244828910145], [4.5895493958842986, 52.28251369660861], [4.589569071389563, 52.282559803372585], [4.589575676723685, 52.282573923267066], [4.589595903955859, 52.28260887955166], [4.589658618307864, 52.28271318686119], [4.58970450501385, 52.282789104126344], [4.589768508085258, 52.28289267405716], [4.589811348196112, 52.282971788452706], [4.5898486282248045, 52.283050415920556], [4.589887943752747, 52.28312995591244], [4.589948677276116, 52.28325736700864], [4.589981848413955, 52.28332814709316], [4.590002029719838, 52.28337142594423], [4.590064031340132, 52.28350007689112], [4.590129085435009, 52.28363342218122], [4.590158816617963, 52.2836950111811], [4.590163267751861, 52.283704235990626], [4.5901915734505625, 52.283758687829824], [4.590215320813072, 52.28380744644278], [4.590218628504501, 52.2838142367614], [4.590235584685773, 52.28384941354701], [4.5902562142940155, 52.2838922369798], [4.590257867582228, 52.283895663592936], [4.5902773067405915, 52.283935405075546], [4.59029719842752, 52.28397606638845], [4.590298313720942, 52.28397843776979], [4.590320647955502, 52.28402591951387], [4.590342474024696, 52.28407231925901], [4.590349039084519, 52.28408625907162], [4.590365780334152, 52.284121173733055], [4.590389797002929, 52.28417128233195], [4.590421754039811, 52.28423791957981], [4.590490148983137, 52.2843820548704], [4.5906186222620615, 52.28465359640441], [4.590660978927285, 52.28473369588334], [4.590691735425519, 52.28479621741119], [4.590721565597915, 52.284859730363664], [4.590765356252836, 52.28494816241332], [4.590801768695284, 52.28502386257153], [4.590858879282419, 52.28513862947997], [4.590900544795448, 52.28522463835385], [4.590939275779312, 52.28531084315674], [4.591055823835493, 52.285520196280046], [4.591156730087541, 52.28569625101206], [4.591172286470419, 52.285727831980374], [4.591486367608692, 52.286168420445755], [4.591631842125285, 52.28632998039351], [4.59208448212142, 52.28683268125883], [4.5921783396816735, 52.28693691791136], [4.592259484004146, 52.28702676000021], [4.592279245479451, 52.28704864399665], [4.59331280704319, 52.288193055572506], [4.59334830218003, 52.28823349752597], [4.593469889119631, 52.28836031755475], [4.593545853804176, 52.2884442008079], [4.593605695860818, 52.28852234924933], [4.593688430179035, 52.28861047527543], [4.593724792124703, 52.28864919722212], [4.59369881746712, 52.288658370442086], [4.593774172056469, 52.28874199777919], [4.593992487312121, 52.28898775823153], [4.594179336736775, 52.28920059964673], [4.5945081972523845, 52.28956911346967], [4.594617673272681, 52.28969489831146], [4.5948103883475735, 52.28991121144093], [4.594888772237887, 52.290000278132034], [4.595032363947595, 52.290162773725946], [4.595304123963759, 52.29047003547686], [4.595310474773538, 52.29047721453244], [4.595380951056092, 52.29055691628739], [4.595381798949655, 52.290557865712096], [4.595393983411263, 52.29057163612682], [4.595533882140796, 52.290730178565475], [4.595696653410211, 52.2909114699333], [4.59588339995175, 52.291122761880345], [4.595964645788672, 52.291225041433904], [4.596047716009659, 52.29136897476584], [4.596078434441384, 52.29142607469233], [4.596116784719071, 52.29152217988232], [4.596125948469879, 52.29154510679954], [4.59614906672766, 52.291605103924795], [4.596170787803416, 52.29166701513757], [4.596177301110538, 52.29168155644211], [4.596194931098036, 52.29175097225774], [4.596218862751279, 52.291840239891094], [4.596227383367678, 52.29189603178412], [4.596236724529278, 52.291945249915585], [4.596245713254345, 52.29199038511431], [4.596247677144486, 52.29215438517034], [4.596250581652914, 52.29233060626986], [4.5962510840049875, 52.29236087238336], [4.596256932185432, 52.29279516895679], [4.5962575042990785, 52.29285694762216], [4.596257562569941, 52.29286273631338], [4.596258367979509, 52.29294683385567], [4.596258409406586, 52.292951921366594], [4.596258775833619, 52.29299065330572], [4.596258571425872, 52.293003792460375], [4.596258567589136, 52.29300400814778], [4.596258346715241, 52.293018072960905], [4.596261410826217, 52.293247953727075], [4.5962614077887896, 52.29324812447957], [4.596262018981881, 52.29329369795629], [4.596264263508735, 52.29341885352], [4.596264268573666, 52.293419392836576], [4.596264677754599, 52.29344171288894], [4.5962645088133645, 52.29349735674221], [4.596270053077075, 52.29355732611646], [4.596287505520507, 52.29372329926052], [4.59630266632155, 52.29386071103767], [4.596306125801853, 52.29390356221086], [4.596338401539514, 52.29402980848388], [4.5963749039154935, 52.29417556909655], [4.596378344434075, 52.294184876760696], [4.5964143844050716, 52.29427587910478], [4.5965349399837, 52.294608011681234], [4.596722154254274, 52.29508596242585], [4.5967758535917325, 52.29530265463917], [4.597086851935892, 52.29608443707262], [4.597475395550601, 52.29667644181833], [4.597969925093175, 52.297375813796975], [4.598137858247035, 52.297596925935316], [4.598297613124732, 52.29780727849597], [4.598308983410235, 52.29782165433338], [4.598364236518052, 52.29788529878623], [4.598393170349102, 52.29792276522289], [4.598444016615359, 52.2979885733136], [4.5984683657598415, 52.298021694886], [4.598470398614436, 52.29802444979886], [4.598500001458891, 52.29806470696181], [4.598502191732851, 52.298067678637096], [4.598532997399688, 52.298109552673715], [4.5985650197529555, 52.298153088616246], [4.598581753824959, 52.298175841101894], [4.5986647515942, 52.298288691214665], [4.598760117762963, 52.29841836845816], [4.599490844436216, 52.29941185097555], [4.600430036401099, 52.30068867920168], [4.601386457824719, 52.30197338856662], [4.602029322174995, 52.302836222308265], [4.602985622212739, 52.30411971264064], [4.603163319355659, 52.30438195706387], [4.60328794033245, 52.304543659889774], [4.603411827756645, 52.30470543860516], [4.603454074956134, 52.30475836146535], [4.603494089265358, 52.3048165185111], [4.6035765163362425, 52.30492821063821], [4.6036554062842985, 52.305035133591446], [4.603656852791155, 52.305037084588655], [4.603657755025421, 52.30503830394977], [4.6036661261103005, 52.305049180994445], [4.603903604004998, 52.305357515433215], [4.604023852617002, 52.30549555897474], [4.604152528947672, 52.30565047477624], [4.604227288838407, 52.30573729973485], [4.604326753510135, 52.30584338774879], [4.604445725180619, 52.305987480304516], [4.604604220928203, 52.3061319961231], [4.604737436609117, 52.306279148691054], [4.604824319151626, 52.30635880014852], [4.6048863971891665, 52.306413192896834], [4.604938453974964, 52.306458800940405], [4.605073097393393, 52.306565768167765], [4.6051043568672485, 52.30659253451219], [4.60519652784007, 52.30667253524661], [4.605311306482208, 52.30678020669803], [4.60541972048716, 52.30687128902328], [4.605437408737453, 52.306888528134074], [4.6055735077911, 52.30700041185102], [4.606390883250914, 52.30767230013405], [4.606922139889771, 52.30809282370698], [4.607426418525675, 52.30851542290207], [4.608314464209101, 52.30926879934389], [4.609117985777129, 52.3099359840279], [4.609188448565453, 52.30999448320205], [4.609898130107207, 52.31058372115093], [4.609950570276224, 52.31062726219162], [4.610099059862615, 52.310750546853775], [4.610549202876975, 52.31110327229287], [4.6111074218263814, 52.311607613827974], [4.611324652510419, 52.31189372517797], [4.611419615784629, 52.31205191679485], [4.6115326913987555, 52.312240309961005], [4.611622486536368, 52.3124989173356], [4.611679241666906, 52.31277774664435], [4.611696501434028, 52.31303239085862], [4.61170088583799, 52.31309711519558], [4.611675631805011, 52.31356012786795], [4.611423682447156, 52.31362573241334], [4.608588604256445, 52.31436391546423], [4.608581031650167, 52.31436588790275], [4.606891891957578, 52.31477269578483], [4.60631309915445, 52.314912089883], [4.6056556439747, 52.31509521819722], [4.605550213680976, 52.31514432384647], [4.6055457699335305, 52.315145993204936], [4.605298913424359, 52.31523868127361], [4.605025055165985, 52.31531643194516], [4.604766459290466, 52.315378571952515], [4.604549322451385, 52.31543074846568], [4.604201955485276, 52.31551438320077], [4.603781809791931, 52.31564323875953], [4.603717887393945, 52.31566284951344], [4.60371681104581, 52.31566317493813], [4.6036620604252665, 52.315679970268995], [4.603566005120251, 52.31569707609124], [4.603486018847713, 52.31572110123239], [4.603127596708514, 52.31581180501564], [4.603106415267774, 52.31581783932784], [4.603105250767517, 52.31581817315052], [4.603056004146546, 52.315832209429196], [4.602971826085143, 52.31586353164595], [4.602913664271913, 52.315894082609105], [4.60290643306401, 52.31589994875257], [4.602871912909227, 52.31592799604159], [4.602865704132399, 52.315934929547424], [4.602827148826284, 52.31597804090659], [4.60275738028076, 52.31604380168202], [4.6025992552433905, 52.316107529158145], [4.602463196776699, 52.31614000778505], [4.602448350849398, 52.31614354940667], [4.601973057585151, 52.31625701365306], [4.601913908946353, 52.31628358487996], [4.601864766302109, 52.31631575014524], [4.601821976161731, 52.31636438763759], [4.601808206588527, 52.316380043159356], [4.601807458276413, 52.3163808920492], [4.6017869685423465, 52.31640418767416], [4.601687892869053, 52.31643936475549], [4.601657637271053, 52.31645011116105], [4.60152432090718, 52.31649744611056], [4.601495482075859, 52.31650768957172], [4.601317534545489, 52.31657087019148], [4.6013158814749255, 52.31657146140169], [4.601055388685042, 52.31665389359748], [4.601053988402635, 52.31665428874859], [4.600789341293575, 52.316729421454355], [4.600785480261103, 52.316730465350076], [4.600521499212978, 52.31680188984562], [4.600520497091493, 52.31680216180713], [4.600254759667559, 52.31687664792096], [4.6002525929935265, 52.31687725367458], [4.599988951059412, 52.316950962194404], [4.599987108591399, 52.31695148022139], [4.599724480197639, 52.317025877988904], [4.599722107089621, 52.31702654527424], [4.5994574590063975, 52.317100659340696], [4.599455646015726, 52.317101168567646], [4.599192886104811, 52.31718206258081], [4.5989761652185726, 52.317248783225374], [4.598875312921858, 52.31727144380537], [4.598841503922364, 52.31727904696791], [4.598813084352516, 52.31728543671927], [4.598793823845664, 52.317289766359465], [4.598645143930886, 52.31732318108466], [4.598495435546962, 52.31735420694491], [4.59849268431287, 52.31735469192356], [4.59821749587903, 52.317403530578154], [4.598022374139887, 52.31743816262402], [4.597937075158956, 52.31745378074129], [4.5976566488295285, 52.317505135728055], [4.597455620529921, 52.31754196541815], [4.597372209713018, 52.31755777549892], [4.597233377946746, 52.31758409079549], [4.597183092936966, 52.31759362369905], [4.597172178081497, 52.31757481979236], [4.597083592077381, 52.31759297691632], [4.597082340776336, 52.317593238195876], [4.596820518221669, 52.31764494020364], [4.596756944967912, 52.31765778157646], [4.596703969672668, 52.317668482710594], [4.5965621816798325, 52.31770923016317], [4.596544770240768, 52.317722541823926], [4.596541409770583, 52.31772511688781], [4.596504936349397, 52.31775300546058], [4.596166806959351, 52.31779536059358], [4.59601737630591, 52.31780154235584], [4.595882594298061, 52.317791436828514], [4.595351786585815, 52.317686615944815], [4.595079688971915, 52.317670367927825], [4.595053785799597, 52.31766883722983], [4.5949455361105835, 52.31767518562469], [4.594622489902799, 52.31769413377239], [4.594390486090868, 52.31770774137614], [4.594341081427122, 52.31771063684343], [4.594235843026271, 52.31771753507083], [4.594140560171744, 52.317723780929214], [4.593964795775683, 52.31773529313978], [4.59382016067315, 52.317744775925725], [4.593702029866077, 52.31775251294781], [4.59357344401725, 52.31776094366865], [4.593408119513318, 52.31777177012275], [4.593327020963097, 52.31777708590454], [4.593276259121961, 52.3177804122288], [4.592833145613187, 52.31780784295204], [4.592349439599018, 52.317823503531784], [4.591921172426066, 52.31782199039134], [4.5912213842358645, 52.31778189648197], [4.5910495582117825, 52.31779128273972], [4.590984286552637, 52.317794851938814], [4.59082766994985, 52.317803405524906], [4.590636303276722, 52.317813863982416], [4.590623119753247, 52.31781458409975], [4.59060943037405, 52.31781570526828], [4.590586031907418, 52.317817632868895], [4.590434096934467, 52.31783010028889], [4.590351430562826, 52.31783694041745], [4.5903397542831, 52.31783785041952], [4.589553269077975, 52.31790008405079], [4.588853408705093, 52.31795546420886], [4.58879715323392, 52.317951875701375], [4.5877761019869405, 52.317886816382], [4.587686137320311, 52.31788108501959], [4.587716334753178, 52.31772302835333], [4.587730954689445, 52.31764655836101], [4.58774960675621, 52.31754895785589], [4.587662308414368, 52.31754261533653], [4.587712203921565, 52.31728179713008], [4.587720719781507, 52.317237265196724], [4.587731355268875, 52.317181710318756], [4.587751997000638, 52.31707377805935], [4.5878092302874816, 52.31705555978466], [4.587873023298147, 52.31704772203084], [4.587905949548722, 52.31704363034096], [4.587970253813858, 52.31705628864799], [4.588016175132966, 52.316965730238806], [4.58800922667521, 52.31696064999583], [4.587995095778395, 52.31695045197532], [4.587980328169853, 52.3169405911942], [4.587964952693763, 52.31693109481122], [4.587948969026813, 52.316921980799975], [4.587932421162559, 52.31691324945757], [4.587915338106623, 52.31690491895581], [4.587852507969162, 52.316875552886735], [4.587770624258317, 52.31683733961152], [4.5876723585042365, 52.3167966786383], [4.5876346103592, 52.316783480683966], [4.587619417298277, 52.316778524432884], [4.587603729153195, 52.316774185004874], [4.5875876040961705, 52.316770489757076], [4.587571130113504, 52.31676743928431], [4.587554365538982, 52.31676505195686], [4.587537383532561, 52.31676333725734], [4.587520257254141, 52.3167623046685], [4.58750305986359, 52.31676196367285], [4.587485850179782, 52.31676230568024], [4.58746873069152, 52.31676334037186], [4.587451745714979, 52.316765050071226], [4.587434968571806, 52.316767435274464], [4.587418502074414, 52.316770487688906], [4.587402375874636, 52.316774189539245], [4.587386692946797, 52.31677852354603], [4.587371497445592, 52.31678348102009], [4.587356863340116, 52.316789026509895], [4.587342849449742, 52.31679515142544], [4.5873295150793, 52.316801820216156], [4.587006988967861, 52.31697364608656], [4.587008428241686, 52.31699145208282], [4.586685801454401, 52.31700266068362], [4.5866079330229415, 52.31700536922287], [4.586090048127775, 52.31731536376716], [4.586132974276819, 52.31734234894262], [4.586021026673522, 52.31746752154996], [4.585900171868675, 52.31760267330242], [4.585867316232739, 52.317639409361746], [4.585864292518802, 52.31764279532766], [4.586071975082474, 52.31779304386666], [4.586219720954907, 52.3178999234056], [4.586203026224567, 52.317911539677894], [4.586148366870708, 52.31794959317244], [4.585798292082263, 52.318193321962795], [4.585792246773036, 52.31819753232288], [4.584998245313122, 52.3182602330443], [4.584798139979631, 52.318276033570214], [4.584706694326257, 52.3182832506028], [4.584263587254011, 52.31831784869704], [4.583566106202121, 52.318372296995655], [4.583461325313731, 52.318380474042435], [4.583272194318901, 52.31839520509984], [4.579385909206391, 52.31721453514019], [4.576093544435689, 52.316203119165515], [4.573240336025687, 52.31535567269606], [4.573158916777302, 52.31539780535625], [4.573152668479121, 52.31540104297222], [4.572998523226931, 52.3154798762897], [4.572984177442652, 52.315487219598516], [4.573036448928913, 52.31550710148367], [4.572886526390753, 52.31554514911196], [4.572883181678972, 52.31554599791794], [4.5727136792577, 52.31558728100422], [4.572683862325191, 52.31559454468008], [4.57179000636639, 52.3158158354692], [4.571789313854268, 52.315816010454526], [4.571786720929636, 52.31581664870095], [4.571328996982151, 52.31592920343064], [4.571031428837223, 52.31600237082023], [4.569910649097299, 52.31627830116173], [4.568983758063605, 52.31650561616241], [4.568954867073795, 52.3165127055486], [4.56884868932607, 52.31634119832013], [4.568661563411551, 52.31600606092669], [4.568467934684541, 52.31567855395586], [4.568262043920236, 52.315324222330254], [4.5681146639074806, 52.31508253811438], [4.567810159171358, 52.31458627563289], [4.567712660585233, 52.31443131146675], [4.567697273009674, 52.31440684726499], [4.567536134399339, 52.31415528792739], [4.567410041470882, 52.31395256061656], [4.567374479161823, 52.31389764885795], [4.567358452234851, 52.31387288357015], [4.567313343533543, 52.313757532991275], [4.567293442326291, 52.313732120656915], [4.567292783396354, 52.31373127121303], [4.567287940418404, 52.31372509880703], [4.567238811540142, 52.31360510047109], [4.567142026850412, 52.31343392632414], [4.566917407576706, 52.313034710799634], [4.566917180430986, 52.31303430476239], [4.5668238733146636, 52.31286871804166], [4.566558819799113, 52.3127320313832], [4.566228596583077, 52.312365966406894], [4.565907674510105, 52.311982537255886], [4.565554079699651, 52.311558164341776], [4.565228587798625, 52.31116949741518], [4.5649560566526866, 52.31083935943187], [4.564674126703335, 52.31049037039743], [4.564350589621243, 52.31008882565241], [4.563941578306824, 52.30958298983849], [4.563707232373604, 52.309298171707894], [4.563582601776841, 52.30933312999527], [4.5635806415772935, 52.309333664612055], [4.563428335844743, 52.30937517998242], [4.563426567246575, 52.30937566200326], [4.560641963595579, 52.31013462997239], [4.559687814088113, 52.31039684267332], [4.55854084161815, 52.310712029375885], [4.5582081036790445, 52.31080346937491], [4.557840700469838, 52.31093326896719], [4.557820166943659, 52.310940522107906], [4.557812978184648, 52.31094305125465], [4.5578064387666535, 52.31094536025438], [4.557795263967059, 52.310949317504765], [4.55777752041953, 52.3109555835465], [4.557775907688018, 52.31095713615415], [4.5577197386868225, 52.311010796256774], [4.5576702884576035, 52.31105803207407], [4.556738305178524, 52.311298949164964], [4.556581473065181, 52.311339489225105], [4.554071530715051, 52.31198824146449], [4.554031356129249, 52.311950334431366], [4.5540037899682195, 52.31192433551021], [4.551476463343117, 52.31279418726726], [4.550821420475124, 52.31299602045186], [4.550819827384633, 52.31299651251473], [4.550697372302303, 52.31302308684236], [4.549864274473199, 52.31326374175787], [4.548912415906356, 52.31354286272864], [4.5484264136739, 52.31368634409776], [4.5476170594092915, 52.31391634805128], [4.547354713757349, 52.313988321954774], [4.547322159134307, 52.313996719270584], [4.547114569799134, 52.31405026055652], [4.546173552604146, 52.31429173174928], [4.544982359154097, 52.31458969249024], [4.543858361802529, 52.31487069269863], [4.543384967169128, 52.31500121070122], [4.5433707438710265, 52.314988723669046], [4.530349126503801, 52.31839183295804], [4.5230756733858, 52.32037648808504], [4.5121147265978445, 52.32334956778715], [4.499741130274901, 52.326662538004335], [4.495327162187222, 52.32784392823457], [4.494526133224587, 52.328053159922426], [4.494499292616194, 52.32806016582212], [4.49379769985694, 52.32824343035501], [4.49377730240227, 52.32824882195605], [4.4776495682075925, 52.3325109448336], [4.470610642939912, 52.32238992785203], [4.470467928197979, 52.32219759955286], [4.463333757675876, 52.31258118356537], [4.461014994999439, 52.30954768409997], [4.457010271634604, 52.30430745120262], [4.4490655917331425, 52.29377345733445], [4.4432889848527655, 52.28622233029843], [4.440953483795243, 52.28326189806041], [4.437554369667464, 52.278952444137055], [4.436154124522089, 52.27717692256206], [4.4354741395426895, 52.276346752034605], [4.434797493022109, 52.27552061296186], [4.431875149805712, 52.27195227323736], [4.42884503890014, 52.26825166390187], [4.426351311039952, 52.265205598522634], [4.423705949897159, 52.26197381005714], [4.4213378086815585, 52.259080251031634], [4.420553500325805, 52.25812182561455], [4.4205232650049435, 52.25808487910296], [4.417402834702614, 52.254567188084025], [4.414287885714167, 52.251055018159555], [4.413375896994859, 52.25002660393557], [4.405111051120163, 52.24096986581592], [4.399083123950417, 52.23417033715847], [4.397083747140005, 52.23191450379906], [4.390974938827976, 52.225244078930565], [4.380078588370137, 52.21379392671399], [4.363357095719164, 52.196209060278655], [4.360001124374858, 52.192677848286046], [4.358255447776857, 52.191134600232836], [4.353121801282512, 52.18659548492027], [4.3441129589075835, 52.1787224552307], [4.342732202022901, 52.17751546853594], [4.3326391236170565, 52.16843714380064], [4.321235072808548, 52.15934607450932], [4.309981747726214, 52.15025523142078], [4.303196475210086, 52.14507086256992], [4.2980757324458905, 52.14115724180903], [4.291694282292066, 52.13628295534342], [4.290062890309702, 52.13503664384157], [4.286908719547736, 52.13271504814887], [4.276956302306703, 52.127172025192934], [4.272342888308605, 52.12439919850478], [4.270114294023663, 52.12291825123752], [4.264638553416327, 52.11927890070425], [4.256907263168537, 52.113587964055434], [4.25576452473406, 52.11302963768843], [4.255257983350747, 52.11278214009804], [4.247867339175152, 52.11221547926727], [4.24314259438307, 52.11062586703865], [4.238824515969473, 52.10660772234801], [4.2375873692282955, 52.104304972887604], [4.238673811624609, 52.100144136709126], [4.238716583168559, 52.09998033724571], [4.227453526133085, 52.09182833819865], [4.220110162955689, 52.08624071137305], [4.2199669626041825, 52.08613173186311], [4.218678991335197, 52.085151509460154], [4.211343191665256, 52.080009459233175], [4.2075080776415446, 52.07736404664976], [4.20518577673286, 52.075761936967574], [4.200757054525528, 52.072743258506065], [4.196124970243635, 52.069608181697134], [4.191225475162062, 52.06624812113115], [4.184998246990655, 52.06145075136649], [4.184167654050955, 52.06088366839893], [4.181590085611544, 52.05912372400009], [4.175297164079589, 52.054564641954016], [4.156426071718645, 52.04088539190265], [4.148422047293592, 52.035138351445944], [4.143633191728989, 52.031761914075354], [4.14072020532138, 52.0290793356019], [4.133467500051763, 52.02266501665502], [4.123014653233842, 52.013564118898856], [4.119964802865574, 52.0106548060455], [4.11363688039522, 52.006640261488805], [4.110163537226552, 52.00443623328043], [4.047335646199122, 52.00373726140776], [4.039288774148635, 52.003645309640824], [4.032775636310349, 52.0035704863998], [3.981490148239691, 51.99428724192049], [3.9531293711864905, 51.98914247177398], [3.9511149718876073, 51.97816228245037], [3.9447862013724633, 51.943630159585105], [3.9407483557316363, 51.92157042813114], [3.972616454109303, 51.91096447855969], [3.968343018833301, 51.89760404903707], [3.956763763518007, 51.86136245887186], [3.9556812091414524, 51.85797115476767], [3.955579908969707, 51.85765380289797], [3.954724212920652, 51.854973871007005], [3.9533437485489724, 51.850649764316465], [3.9531464344843146, 51.85003163372553], [3.9506939421201666, 51.849460062339055], [3.9342612703325677, 51.84562863416544], [3.914200089843976, 51.840947209917324], [3.9012516348048956, 51.83792326363311], [3.8942323511922887, 51.83628323611353], [3.8908896892841773, 51.835502050579926], [3.8901653461639962, 51.83533275068838], [3.888910051667661, 51.83503934375597], [3.88780356901486, 51.83478070011703], [3.887323649782812, 51.83466851547453], [3.8860146915050233, 51.83436281257251], [3.86920383911316, 51.83043115422426], [3.8639173880120037, 51.82919414364302], [3.860366494173582, 51.82836309879462], [3.830549997698593, 51.8122857180576], [3.826272704547621, 51.80995977415088], [3.801740123359482, 51.79670204378328], [3.773676086124024, 51.78152010319419], [3.8262137027106093, 51.765840722522896], [3.8264132016851904, 51.7657237960533], [3.841659762805298, 51.75678495463715], [3.8417114727058372, 51.75675463059285], [3.8424555389408064, 51.756318247623874], [3.847429609693471, 51.75340073463575], [3.8520236072309086, 51.75247997691721], [3.869795945295234, 51.748915897155584], [3.8758959491162437, 51.747691842775865], [3.8861722116904156, 51.7493582879667], [3.8882747338972137, 51.751264080882265], [3.8950318448604087, 51.75738759942647], [3.895059720431475, 51.75741285582995], [3.9050582589353695, 51.76463420860957], [3.915920339833924, 51.768685062942346], [3.921444549293355, 51.770744578323296], [3.923839761028281, 51.771132246286115], [3.940330627393497, 51.77379978916403], [3.9589388836411166, 51.772133330877566], [3.960051902552164, 51.771537211648685], [3.9690085158860104, 51.766739312072836], [3.9744922106969947, 51.763800931587056], [3.9965992618004496, 51.76107712112682], [3.996936980256061, 51.76103547852245], [4.013336844364855, 51.75901189265739], [4.015836971892362, 51.751671725715305], [4.018885604442259, 51.74271781495291], [4.02625876923806, 51.738308909180695], [4.035038338702744, 51.7301936658378], [4.035789647700292, 51.72493491143333], [4.036427029309279, 51.72047257326667], [4.036704589558226, 51.71102929258094], [4.040037410225872, 51.70269688599413], [4.047813962412429, 51.69436450905951], [4.053421222627841, 51.69375125256476], [4.060589741964292, 51.69297577903594], [4.066297757784577, 51.69285280875575], [4.069730042083536, 51.69277873630362], [4.073643437027648, 51.69269799590051], [4.086419329666542, 51.69158702704171], [4.098084193686404, 51.69047601926479], [4.107931903950281, 51.68772788444339], [4.110026858234337, 51.6871430765909], [4.123080470963489, 51.68575428296584], [4.1380782120076685, 51.685476556881525], [4.151824856341283, 51.68523333391005], [4.152317306577, 51.684988893106095], [4.155371153932287, 51.683473015717325], [4.163164225555054, 51.67960380082118], [4.193764451441336, 51.66439949284718], [4.202635974219006, 51.66079095889406], [4.202700942684873, 51.66076453142033], [4.242786414557134, 51.64706320926108], [4.245212489971662, 51.64654753995276], [4.247463579207058, 51.64609305976843], [4.2490169468272105, 51.645802540761494], [4.251103652867369, 51.64556212624601], [4.253289206302688, 51.64541252529781], [4.255345185319397, 51.645243651979754], [4.257589163868898, 51.64506756806932], [4.25978978915304, 51.644891023607826], [4.260243407837949, 51.64485627117522], [4.261874388371524, 51.644731300808814], [4.264103648832258, 51.6445639400041], [4.266314385437481, 51.64439707856641], [4.266336171104712, 51.6443954444156], [4.268344999462174, 51.64424499386102], [4.270530877514066, 51.64407709616493], [4.2726880704905845, 51.64389989530584], [4.275002819010418, 51.643778087773676], [4.27707608602021, 51.644076439408714], [4.279845328180746, 51.64452018045175], [4.281249839316057, 51.64474520297064], [4.285395700906583, 51.64537759687301], [4.2874540116138515, 51.64570259029241], [4.289613255432924, 51.64603748312458], [4.291672061508917, 51.646344428078926], [4.293744908028915, 51.64666944625338], [4.295904461936837, 51.64699522700173], [4.2975451853882465, 51.647251595849035], [4.2981069536108745, 51.64733936365899], [4.299388791879855, 51.647513090458524], [4.300996660628998, 51.6479505165629], [4.3025765280689745, 51.64835170390985], [4.303552237934963, 51.6486393982147], [4.305202655137291, 51.64911311660509], [4.307110611394473, 51.649697067522354], [4.309106142339095, 51.65024581877341], [4.311261924372639, 51.6507420915107], [4.3133773937382935, 51.651112096569726], [4.314198945907462, 51.65123169882624], [4.3155519501755455, 51.65142865992604], [4.317670472253109, 51.65167276611459], [4.319804509739828, 51.65187202930696], [4.321966829339136, 51.65209848717032], [4.3240856162714385, 51.65233348075763], [4.3262475590829075, 51.65257782513349], [4.328320525410189, 51.65292020549353], [4.3304642972349425, 51.65332612129036], [4.33220504995435, 51.65367944696804], [4.332290991622756, 51.653696887399455], [4.332549881195307, 51.65374943364302], [4.3344757479667955, 51.65420723795034], [4.336645839123783, 51.65473012638681], [4.337808633396278, 51.65502960231364], [4.3387433048532404, 51.655270311055546], [4.340668054031727, 51.65578193726365], [4.34275033964974, 51.65635786102862], [4.344775086958932, 51.65692424583303], [4.346597794911516, 51.65747981035639], [4.348663723851472, 51.658145373662066], [4.352393000858436, 51.65939192950137], [4.3543432928531365, 51.66006535810953], [4.356220979646045, 51.66075609265812], [4.358084272783418, 51.661446670086335], [4.359960850528618, 51.66219126842818], [4.361693381722958, 51.66291659591844], [4.361821721549339, 51.66297919646466], [4.363494773507755, 51.66379531421452], [4.365037908468125, 51.6645908479832], [4.366223301858093, 51.66535626587704], [4.366519656416791, 51.66554762071684], [4.367986017019176, 51.66654919466321], [4.3694369648797835, 51.66759556115171], [4.370787814467112, 51.66859610373738], [4.372196337531919, 51.66960610117349], [4.37335477646484, 51.67081169416356], [4.374455861449084, 51.671998782931034], [4.3754702599109585, 51.673185129872536], [4.37644233886075, 51.674339550524444], [4.376484339161384, 51.67438942484886], [4.376519474041908, 51.674434673458066], [4.377411923291649, 51.67558399353225], [4.378193178765485, 51.676858177497515], [4.378843597633967, 51.67816719469009], [4.3792490582257795, 51.67943814377649], [4.379492924200322, 51.680824558896504], [4.379504679748853, 51.68224494187688], [4.379431688002754, 51.683574686934946], [4.379431311353538, 51.683591601118714], [4.393621379204444, 51.69329619461084], [4.398831047652403, 51.696113748858636], [4.398906030387806, 51.6961543015751], [4.398914336384005, 51.69615879423088], [4.40007131899126, 51.69678444764614], [4.400164674868912, 51.69683493435148], [4.401847191109533, 51.69774472448839], [4.402311591020182, 51.697995826584666], [4.403474600477783, 51.69862466012457], [4.40363828001968, 51.69871315558508], [4.412690087773262, 51.70360636212177], [4.419409515560248, 51.70723759109504], [4.423549955355792, 51.709474634620015], [4.4343784830228605, 51.70715542304792], [4.437816328808794, 51.70641885452442], [4.439579143991082, 51.706041121093406], [4.4568163790512525, 51.702345803661714], [4.457021061298258, 51.702301908467675], [4.469588357661381, 51.699605731046574], [4.474466513815183, 51.69846627305838], [4.475795687234769, 51.69815575090048], [4.488801423703593, 51.69511635086568], [4.491896823143094, 51.694527570984334], [4.49477419007361, 51.69398017775421], [4.50043082291196, 51.69290380094565], [4.507106346574109, 51.6925047057398], [4.509292036081874, 51.69249595725475], [4.514917285567232, 51.692473246169335], [4.515798516623612, 51.692528309342535], [4.530432815335974, 51.69344172139808], [4.535016054956163, 51.693968030618954], [4.541647157879375, 51.69472916717969], [4.542469857210355, 51.69482357398949], [4.554929606883765, 51.69685438708403], [4.569476162668813, 51.6995386713172], [4.570528671302605, 51.69973280679737], [4.573304043316134, 51.70026384343986], [4.587917165534062, 51.70305864163535], [4.589299800365586, 51.70332296180439], [4.597493308501727, 51.70550887788395], [4.604213547644554, 51.70843044421794], [4.6078016374900805, 51.70983252742898], [4.609264988161755, 51.71040428700645], [4.617062920915625, 51.71345055404666], [4.620403755700264, 51.714123580472936], [4.6325805950295225, 51.71657568877552], [4.6366478504874316, 51.717394393146456], [4.64299824125323, 51.71865734751923], [4.644449775493431, 51.718945961332295], [4.644595594852647, 51.718974958078334], [4.645136408235553, 51.719067474099944], [4.657929764943492, 51.721255152358225], [4.667367685010172, 51.722868014232866], [4.674822996857661, 51.72414143717124], [4.675222330342004, 51.72420963575222], [4.676303957828974, 51.72492389952645], [4.681597301339696, 51.72841899216344], [4.68693019419652, 51.73018518502698], [4.6932625610435545, 51.73228190974651], [4.701272875755438, 51.735832190230475], [4.703745299261104, 51.73692777224961], [4.714252445301246, 51.742277761591666], [4.717280898708177, 51.74381937116305], [4.720779883205849, 51.74577548469072], [4.724591109331145, 51.74790583950672], [4.729444834245098, 51.7507106805171], [4.732836112408346, 51.75300368908024], [4.736630275269825, 51.75556870993264], [4.740769464554532, 51.758818539859526], [4.744787656553931, 51.76348776612177], [4.744793519243115, 51.7635002745072], [4.746721190991209, 51.76761215663773], [4.7474873765308585, 51.76924627899996], [4.7505683273166905, 51.77576183786272], [4.7533692589764, 51.77927004483236], [4.75359700974096, 51.779555289115045], [4.755239114352714, 51.781611730642965], [4.758402735820243, 51.78441520521197], [4.760135503901581, 51.78557841241], [4.762086531566286, 51.786888030439016], [4.765433125967706, 51.78936341614177], [4.773538425769457, 51.793324632664486], [4.781808373177043, 51.79593555112509], [4.782495013622412, 51.79611673306346], [4.787664611146143, 51.79748065274668], [4.797193481392252, 51.799770231132264], [4.806874993305277, 51.80033654466072], [4.810764400141846, 51.80005493923573], [4.814926345300724, 51.7997534652817], [4.8163709727810495, 51.7996600722599], [4.822883326794491, 51.7987992778432], [4.8229505745586145, 51.79879038796222], [4.8288714485602275, 51.798020867986054], [4.8310645441737625, 51.797965899715514], [4.836107645100598, 51.79783935013363], [4.845983516664003, 51.798757203276175], [4.847112441234173, 51.7990152160183], [4.847906390175893, 51.79919666944038], [4.854412633004745, 51.80068336520409], [4.858020964543661, 51.80205784680837], [4.859666436975259, 51.80268457229517], [4.860985308896359, 51.803308174524716], [4.861297772697157, 51.80345591700582], [4.865232397168131, 51.80531612572336], [4.8658089850462405, 51.80561272052544], [4.867739450327802, 51.80675606984974], [4.868113143670592, 51.80697739313748], [4.871360217643205, 51.808891374000645], [4.876053308691934, 51.8118828897527], [4.879007027035156, 51.813527996438914], [4.882023137711964, 51.815207650400815], [4.884641732952562, 51.81647155176784], [4.886772480719857, 51.81755917277956], [4.888247473059558, 51.818309112796946], [4.889400179947528, 51.818895156308784], [4.890727175665974, 51.81934850093373], [4.894425003009231, 51.82060441895334], [4.897613539293859, 51.82172078012129], [4.900103442488445, 51.82258215689607], [4.901168207265363, 51.82294604580063], [4.901292130691671, 51.82298840910007], [4.904091564025442, 51.82394782353128], [4.906061685434331, 51.824509064462255], [4.908515575443647, 51.82520549964762], [4.910011836561447, 51.82562748711608], [4.911272754871515, 51.82598188815111], [4.912841886390873, 51.82630191824839], [4.914305669746294, 51.82660653721958], [4.9143076382514295, 51.82660694962967], [4.9149345469016055, 51.826733145449815], [4.916020699305421, 51.82695479680385], [4.91760174633063, 51.82727792995879], [4.918598266434115, 51.827482291553764], [4.919600554651905, 51.827627874243106], [4.92119042025257, 51.827854737002056], [4.922727721265728, 51.82807257953652], [4.924232065182126, 51.82815457343717], [4.926037290833703, 51.828255509604595], [4.926985826481726, 51.828306061930576], [4.931143430909149, 51.82852929186429], [4.934860961343325, 51.828367088875076], [4.936063346754613, 51.828314603407435], [4.942442323251137, 51.82724235618675], [4.944190232732554, 51.82703787245808], [4.954935690935022, 51.82578024685923], [4.954946233991408, 51.825779009325494], [4.960153614898338, 51.82509004140392], [4.962614834442537, 51.82476433958222], [4.969632251690791, 51.823654498302346], [4.972173324241199, 51.823252513860034], [4.973388442583274, 51.8230601547623], [4.9759500625964685, 51.82265459253093], [4.983022999786399, 51.82163650105534], [4.986935307730507, 51.82115740404487]]]]}}]}