Nr|Naam|Gem/Bijz.|Sign|Bezoekadres|Huisnummer|NA|PC|Plaats|Gemeente|Provincie|Status|Verbijzondering status|MIP|Rijksmonument|Gemeentelijk monument|Rmonr.|Link|Beschermd deel|Eigenaar|Postadres|PC Eig.|Plaats|Jaartal|Circa|Periode|Ontwerp van|Grondvorm|wc|lijk|aula|KASKI|Bijzonderheden|Grootte|Isl.|Kadaster
1916|St Willibrordkerkhof|Bijzonder|RK|Dorpsdijk|232||3161 CJ|Rhoon|Albrandswaard|Zuid-Holland|In gebruik||Nee|Nee|Nee|Geen|||||||1857|Ja|||Recht|nee|nee|nee|||1.285|nee|Ja
1621|Begraafplaats HH Petrus en Paulus|Bijzonder|RK|Noordeinde|24||2445 XE|Aarlanderveen|Alphen aan den Rijn|Zuid-Holland|In gebruik||Nee|Nee|Nee|Geen|||||||1809||||Recht|nee|nee|nee|||1.340|nee|Ja
1623|H Bonifatiuskerkhof|Bijzonder|RK|Paradijslaan|6||2405 CC|Alphen aan den Rijn|Alphen aan den Rijn|Zuid-Holland|In gebruik||Nee|Ja|Nee|516117|https://monumentenregister.cultureelerfgoed.nl/monumenten/516117|Bidkapelletje|Parochie H. Thomas||||1886||||Recht|nee|nee|nee|||2.585|nee|Ja
787|Grafkapel familie De Smeth|Bijzonder|Part|Paradijslaan|13||2405 CC|Alphen aan den Rijn|Alphen aan den Rijn|Zuid-Holland|Gesloten||Nee|Ja|Nee|7494|https://monumentenregister.cultureelerfgoed.nl/monumenten/7494|Grafkapel|||||1773||||Geen|nee|nee|nee|||30|nee|Nee
456|NH Kerkhof|Bijzonder|NH|Dorpsstraat|48|bij|2731 AR|Benthuizen|Alphen aan den Rijn|Zuid-Holland|In gebruik||Nee|Nee|Nee|Geen|||||||||Middeleeuwen||Recht|nee|nee|nee|||360|nee|Nee
1616|H Joannes de Doperbegraafplaats|Bijzonder|RK|Sint Janshof|19|bij|2771 BM|Boskoop|Alphen aan den Rijn|Zuid-Holland|In gebruik||Nee|Nee|Nee|Geen|||||||1868||||Recht|nee|nee|nee|||860|nee|Ja
3391|H Engelbewaarderskerkhof|Bijzonder|RK|Dorpsstraat|248||2391 CK|Hazerswoude Dorp|Alphen aan den Rijn|Zuid-Holland|In gebruik||Nee|Nee|Nee|Geen|||||||1829||||Recht|nee|nee|nee|||980|nee|Ja
1617|Kerkhof|Bijzonder|NH|Dorpsstraat|53||2396 HD|Koudekerk aan den Rijn|Alphen aan den Rijn|Zuid-Holland|Gesloten|Deels geruimd|Nee|Nee|Nee|Geen|||||||||Middeleeuwen||Kerkoriëntatie|nee|nee|nee||1984 geruimd, maar achter de kerk nog 1 grafmonument aanwezig|1.200|nee|Nee
1590|H Willibrordbegraafplaats|Bijzonder|RK|Overtocht|18||2411 BV|Bodegraven|Bodegraven-Reeuwijk|Zuid-Holland|In gebruik||Nee|Nee|Nee|Geen|||||||||||Recht|nee|nee|nee||Bestond al rond 1830|1.495|nee|Ja
4338|NH Kerkhof|Bijzonder|NH|Oude Markt|1||2411 AW|Bodegraven|Bodegraven-Reeuwijk|Zuid-Holland|Gesloten||Nee|Nee|Nee|Geen|||||||||Middeleeuwen||Kerkoriëntatie|nee|nee|nee||Na 1925 gesloten|1.165|Nee|Nee
2899|Onze Lieve Vrouw Geboortebegraafplaats|Bijzonder|RK|Meije|137|bij|2411 PN|Meije|Bodegraven-Reeuwijk|Zuid-Holland|In gebruik||Nee|Nee|Nee|Geen|||||||1874||||Recht|nee|ja|nee|||595|nee|Ja
805|NH Kerkhof Sluipwijk|Bijzonder|NH|s-Gravenbroekseweg|85|bij|2811 GC|Reeuwijk|Bodegraven-Reeuwijk|Zuid-Holland|In gebruik||Nee|Nee|Nee|Geen|||||||||Middeleeuwen||Recht|nee|nee|nee||Vanaf 1945 gesloten, na 2008 weer geopend|350|nee|Nee
1631|HH Petrus en Paulusbegraafplaats|Bijzonder|RK|Dorpsweg|22||2811KH|Reeuwijk-Dorp|Bodegraven-Reeuwijk|Zuid-Holland|In gebruik||Nee|Nee|Nee|Geen|||||||||||Recht|nee|nee|nee|||2.315|nee|Ja
2863|NH Kerkhof|Bijzonder|NH|Kerkweg|2||2811 KD|Reeuwijk-Dorp|Bodegraven-Reeuwijk|Zuid-Holland|Gesloten||Nee|Nee|Nee|Geen|||||||||Middeleeuwen||Recht|nee|ja|nee||Na 1945 niet meer begraven|685|nee|Ja
1701|Begraafplaats Schollevaar|Bijzonder|Part|Burgemeester Schalijlaan|2||2908 LS|Capelle aan den IJssel|Capelle aan den IJssel|Zuid-Holland|In gebruik||Nee|Nee|Nee|Geen|||Dela||||1974||||Combinatie|nee|nee|ja||Tevens crematorium|48.690|nee|Ja
1422|RK Begraafplaats St. Barbara|Bijzonder|RK|St Barbaraweg|6||2516 BT|'s-Gravenhage|Den Haag|Zuid-Holland|In gebruik||Nee|Nee|Nee|Geen|||||||1920|||N. Molenaar|Combinatie|nee|ja|ja|||38.500|nee|Ja
4087|St Petrus' Banden|Bijzonder|RK|Kerkhoflaan|10||2585 JB|'s-Gravenhage|Den Haag|Zuid-Holland|In gebruik||Nee|Ja|Nee|17619|https://monumentenregister.cultureelerfgoed.nl/monumenten/17619|Kapel, entree en galerij|||||1829|||A. Tollus|Combinatie|ja|ja|ja|336||25.000|nee|Ja
3918|Begraafplaats Oud Eik en Duinen|Bijzonder|Part|Laan van Eik en Duin|40||2564 GT|'s-Gravenhage|Den Haag|Zuid-Holland|In gebruik||Nee|Ja|Nee|17652|https://monumentenregister.cultureelerfgoed.nl/monumenten/17652|Ruine toren en grondslagen 15e eeuws kerkje|Monuta||||||Middeleeuwen||Recht|ja|ja|ja|||109.000|ja|Ja
193|Voormalig Kerkhof Nieuwe Kerk|Bijzonder|NH|Spui|175|bij|2511 BM|'s-Gravenhage|Den Haag|Zuid-Holland|Gesloten||Nee|Ja|Nee|17997|https://monumentenregister.cultureelerfgoed.nl/monumenten/17997|kerkhof bij de Nieuwe Kerk|||||||Middeleeuwen||Kerkoriëntatie|nee|nee|nee||Grafmonument Spinoza|4.550|nee|Nee
4048|Nieuw Eykenduynen|Bijzonder|Part|Kamperfoeliestraat|2a||2563 KJ|'s-Gravenhage|Den Haag|Zuid-Holland|In gebruik||Nee|Nee|Nee|Geen|||Yarden Uitvaartcentrum Crematorium en Begraafplaats|Kamperfoeliestraat 2a|2563 KJ|Den Haag|1891||||Combinatie|nee|nee|nee||Geen aula meer, maar afscheidshuis|91.000|ja|Ja
4123|NH Kerkhof Loosduinen|Bijzonder|NH|Willem III straat|40||2552 BS|'s-Gravenhage|Den Haag|Zuid-Holland|In gebruik||Nee|Nee|Nee|Geen||||Postbus  53123|2505AC|Den Haag|||Middeleeuwen||Recht|nee|nee|nee|||2.260|nee|Ja
1692|Sint Jozefbegraafplaats|Bijzonder|RK|Burgemeester Hovylaan|70||2552 AZ|'s-Gravenhage (Loosduinen)|Den Haag|Zuid-Holland|In gebruik||Nee|Nee|Nee|Geen|||Parochie van Maria van Eik en Duinen|Loosduinse Hoofdstraat 6|2552 AJ|Den Haag|1835||||Recht|nee|nee|ja||administratie door St. R.K. Begraafplaatsen Den Haag|3.520|nee|Ja
125|Ter Navolging|Bijzonder|Part|Prins Willemstraat|43||2584 HT|'s-Gravenhage (Scheveningen)|Den Haag|Zuid-Holland|In gebruik||Nee|Ja|Nee|17960|https://monumentenregister.cultureelerfgoed.nl/monumenten/17960|Begraafplaats||p/a Piet Heinstr.115/117|2518CG|Den Haag|1780||||Recht|nee|ja|nee|||500|nee|Nee
1911|RK Begraafplaats Dordrecht|Bijzonder|RK|Reeweg Oost|118||3312 CT|Dordrecht|Dordrecht|Zuid-Holland|In gebruik||Nee|Nee|Nee|Geen|||Rooms-kath Begraafplaats   |Reeweg Oost 118|3312 CT|Dordrecht|1880||||Combinatie|nee|ja|ja|336||6.200|nee|Ja
63|Kerkhof Onze Lieve Vrouw Hemelvaart|Bijzonder|RK|Kerkstraat|3|bij|3256 AE|Achthuizen|Goeree-Overflakkee|Zuid-Holland|In gebruik||Nee|Nee|Nee|Geen|||RK Parochie O.L.V. Hemelvaart|||Achthuizen|1849||||Recht|nee|nee|nee|||2.410|nee|Ja
2155|NH Kerkhof|Bijzonder|NH|Voorstraat|23||3258 BA|Den Bommel|Goeree-Overflakkee|Zuid-Holland|Gesloten||Nee|Nee|Nee|Geen|||||||1646||||Kerkoriëntatie|nee|nee|nee||graftrommel|1.060|nee|Ja
1914|NH Kerkhof|Bijzonder|NH|Kerkstraat|9|bij|3252 AX|Goedereede|Goeree-Overflakkee|Zuid-Holland|Gesloten||Nee|Nee|Nee|Geen|||||||||Middeleeuwen||Recht|nee|nee|nee|||460|nee|Ja
2156|Begraafplaats Onze Lieve Vrouw Hemelvaart|Bijzonder|RK|Langeweg|50||3241 KA|Middelharnis|Goeree-Overflakkee|Zuid-Holland|In gebruik||Nee|Nee|Nee|Geen|||||||1863||||Recht|nee|nee|nee|||1.235|nee|Ja
74|RK Begraafplaats|Bijzonder|RK|Langeweg|4|bij|3255 LJ|Oude-Tonge|Goeree-Overflakkee|Zuid-Holland|In gebruik||Nee|Ja|Nee|521892|https://monumentenregister.cultureelerfgoed.nl/monumenten/521892|Kapel op NW-deel, 1867-1868|Parochie O.L.V. Hemelvaart|Postbus 14|3255 ZG|Oude-Tonge|1867||||Recht|nee|ja|nee|||3.540|nee|Ja
1937|NH Kerkhof|Bijzonder|NH|Marktveld/Kerkstraat|13||3245 AM|Sommelsdijk|Goeree-Overflakkee|Zuid-Holland|Gesloten||Nee|Ja|Nee|29842|https://monumentenregister.cultureelerfgoed.nl/monumenten/29842|Grafkelder in ruïne koor, hekwerk|||||||Middeleeuwen||Recht|nee|nee|nee|||1.020|nee|Ja
2251|NH kerkhof Dalem|Bijzonder|NH|Merwededijk|6||4207 AJ|Dalem|Gorinchem|Zuid-Holland|Gesloten||Nee|Nee|Nee|Geen|||Gemeente Gorinchem||||1801||||Recht|nee|nee|nee|||210|nee|Nee
1812|RK Begraafplaats|Bijzonder|RK|Arkelse Onderweg|43||4206 AE|Gorinchem|Gorinchem|Zuid-Holland|In gebruik|Alleen bijzettingen|Nee|Nee|Nee|Geen|||||||1876||||Recht|nee|nee|nee||onderh door gemeente|2.850|nee|Ja
1704|RK Begraafplaats Gouda|Bijzonder|RK|Graaf Florisweg|126||2805 AP|Gouda|Gouda|Zuid-Holland|In gebruik||Nee|Ja|Nee|517619|https://monumentenregister.cultureelerfgoed.nl/monumenten/517619|Grafkapel||Ericalaan 15|2803 BN|Gouda|1890||||Recht|nee|nee|nee|336|Kapel|5.300|nee|Ja
1471|RK Begraafplaats St. Martinus|Bijzonder|RK|Mariastraat|30|bij|2181 CT|Hillegom|Hillegom|Zuid-Holland|In gebruik||Nee|Nee|Ja|Geen||Hek begraafplaats|||||1900||||Recht|nee|ja|nee|||5.360|nee|Ja
1470|H. Jozefbegraafplaats|Bijzonder|RK|Mgr. Van Leeuwenlaan|13|bij|2182 EM|Hillegom|Hillegom|Zuid-Holland|In gebruik||Nee|Nee|Nee|Geen|||||||1925|Ja|||Recht|nee|nee|nee|||2.890|nee|Ja
1372|NH Maartenskerkhof|Bijzonder|NH|Kerkplein|1||2181 JC|Hillegom|Hillegom|Zuid-Holland|Gesloten||Nee|Nee|Nee|Geen|||||||||Middeleeuwen||Kerkoriëntatie|nee|nee|nee|||900|nee|Nee
4324|Natuurbegraafplaats Zomerlanden|Bijzonder|Part|Boonsweg|117||3274 LH|Heinenoord|Hoeksche Waard|Zuid-Holland|In gebruik||Nee|Nee|Nee|Geen|||||||2021||||Organisch|nee|nee|nee|||94.000|ja|Nee
1398|RK Kerkhof|Bijzonder|RK|Karel Doormanstraat|51||3262 PB|Oud-Beijerland|Hoeksche Waard|Zuid-Holland|In gebruik||Nee|Nee|Nee|Geen|||||||1866||||Recht|nee|nee|nee|||1.965|nee|Ja
1350|Onze Lieve Vrouw Geboortebegraafplaats|Bijzonder|RK|Kerkstraat|59|bij|2355 AH|Hoogmade|Kaag en Braassem|Zuid-Holland|In gebruik||Nee|Nee|Nee|Geen|||||||1900||||Recht|nee|ja|nee|||960|nee|Ja
512|Algemene Begraafplaats|Bijzonder|NH|Julianalaan|7||2159 LA|Kaag|Kaag en Braassem|Zuid-Holland|In gebruik||Nee|Nee|Nee|Geen|||||||2006||||Recht|nee|nee|nee|||530|nee|Nee
1586|H Johannes de Doperkerkhof|Bijzonder|RK|Willem van de Veldenweg|24||2451 BB|Leimuiden|Kaag en Braassem|Zuid-Holland|In gebruik||Nee|Ja|Nee|509923|https://monumentenregister.cultureelerfgoed.nl/monumenten/509923|Toegangshek|||||1824|Ja|||Recht|nee|ja|nee||Mogelijk ouder|1.625|nee|Ja
1369|H Bavokerkhof|Bijzonder|RK|Leidseweg|4||2374 AL|Oud Ade|Kaag en Braassem|Zuid-Holland|In gebruik||Nee|Nee|Nee|Geen|||||||||||Recht|nee|nee|nee|||780|nee|Ja
1583|Vm. Gereformeerd kerkhof|Bijzonder|NH|Kerkstraat|50||2377 ZG|Oude Wetering|Kaag en Braassem|Zuid-Holland|In gebruik||Nee|Nee|Nee|Geen|||Protestantse gemeente Oude Wetering||||1909||||Recht|nee|ja|nee|||1.080|nee|Ja
1582|NH Kerkhof Oude en Nieuwe Wetering|Bijzonder|NH|Kerkstraat|11||2377 AR|Oude Wetering|Kaag en Braassem|Zuid-Holland|In gebruik||Nee|Nee|Nee|Geen|||Protestantse gemeente Oude Wetering||||1830||||Recht|nee|nee|nee||Deels gem. begraafplaats Alkemade|730|nee|Ja
1580|Onze Lieve Vrouw Geboortekerkhof|Bijzonder|RK|Pastoor van der Plaatstraat|17||2375 AE|Rijpwetering|Kaag en Braassem|Zuid-Holland|In gebruik||Nee|Nee|Nee|Geen|||||||1858|Ja|||Recht|nee|nee|nee|||665|nee|Ja
1576|St Petrus' Bandenbegraafplaats|Bijzonder|RK|Noordeinde|185|bij|2371 CR|Roelofarendsveen|Kaag en Braassem|Zuid-Holland|In gebruik||Nee|Nee|Nee|Geen|||||||1817||||Recht|nee|nee|nee|||2.570|nee|Ja
1572|Kerkhof Onze Lieve Vrouw Presentatie|Bijzonder|RK|Pastoor Onelplein|1||2371 EZ|Roelofarendsveen|Kaag en Braassem|Zuid-Holland|In gebruik||Nee|Nee|Nee|Geen|||||||1950||||Recht|nee|nee|nee|||1.670|nee|Ja
4190|Kerkhof van de Heilige Joannes de Doper|Bijzonder|RK|Kerkstraat|70||2223 AJ|Katwijk aan den Rijn|Katwijk|Zuid-Holland|In gebruik||Nee|Nee|Nee|Geen|||||||1911||||Recht|nee|ja|nee|||1.490|nee|Ja
4191|Begraafplaats Verpleegtehuis Wilbert|Bijzonder|RK|Tolhuisstraat|28|bij|2223 GC|Katwijk aan den Rijn|Katwijk|Zuid-Holland|In gebruik||Nee|Nee|Nee|Geen|||||||||||Recht|nee|nee|nee|||1.180|nee|Ja
1363|Grafkelder Van Wassenaar|Bijzonder|Part|Kerklaan|12|bij|2223 AN|Katwijk aan den Rijn|Katwijk|Zuid-Holland|Gesloten||Nee|Ja|Nee|23518|https://monumentenregister.cultureelerfgoed.nl/monumenten/23518|Toegang tot grafkelder|||||1858|||J. Brink Evers|Geen|nee|nee|nee||Nieuwe toegang tot grafkelder in kerk|270|nee|Nee
1386|NH Kerkhof|Bijzonder|NH|Kerklaan|12| |2223 AN|Katwijk aan den Rijn|Katwijk|Zuid-Holland|In gebruik||Nee|Nee|Nee|Geen|||||||||Middeleeuwen||Recht|nee|ja|nee|||4.030|nee|Ja
2469|Oude NH Begraafplaats|Bijzonder|NH|Zuidstraat|113|bij|2225 GV|Katwijk aan Zee|Katwijk|Zuid-Holland|In gebruik||Nee|Ja|Nee|23541|https://monumentenregister.cultureelerfgoed.nl/monumenten/23541|Begraafplaats|St. Begraafplaatsen Hervormde gemeente te Katwijk aan Zee|Voorstraat 74|2225 ES|Katwijk aan Zee|1791||||Recht|nee|nee|nee|||4.890|nee|Ja
3157|NH Begraafplaats Duinrust|Bijzonder|NH|Parklaan|115||2225 SN|Katwijk aan Zee|Katwijk|Zuid-Holland|In gebruik||Nee|Nee|Nee|Geen|||St. Begraafplaatsen Hervormde gemeente te Katwijk aan Zee|Voorstraat 74|2225 ES|Katwijk aan Zee|1952||||Recht|nee|nee|nee||Uitbreidingen door Ada Wille, 2016|36.175|nee|Ja
1620|Mausoleum Floris V|Bijzonder|Part|Kerkstraat|32|bij|2231 CZ|Rijnsburg|Katwijk|Zuid-Holland|Gesloten||Nee|Nee|Nee|Geen|||||||||Middeleeuwen||Geen|nee|nee|nee|||175|nee|Nee
1365|NH Kerkhof|Bijzonder|NH|Kerkstraat|32||2231 CZ|Rijnsburg|Katwijk|Zuid-Holland|In gebruik||Nee|Nee|Nee|Geen|||Stichting begraafplaatsen Rijnsburg||||||Middeleeuwen||Kerkoriëntatie|nee|ja|nee|||3.355|nee|Ja
3400|Gereformeerde en algemene Begraafplaats|Bijzonder|Part|Sandtlaan|39||2231 CB|Rijnsburg|Katwijk|Zuid-Holland|In gebruik||Nee|Nee|Ja|Geen||Begraafplaats, aula, gedenkteken en twee oude beuken|Stichting begraafplaatsen Rijnsburg|Kon Julianalaan 101|2231VC|Rijnsburg|1893||||Recht|nee|nee|ja||Met diverse uitbreidingen, 1970, 2007|16.785|nee|Ja
1753|St Barnabasbegraafplaats|Bijzonder|RK|Grote Haven|8||2851 BM|Haastrecht|Krimpenerwaard|Zuid-Holland|In gebruik||Nee|Ja|Nee|512485|https://monumentenregister.cultureelerfgoed.nl/monumenten/512485|Baarhuisje|||||1825||||Recht|nee|ja|nee|||915|nee|Ja
334|Tombe Bisdom van Vliet|Bijzonder|Part|Hoogstraat|164|tegenover|2851 BE|Haastrecht|Krimpenerwaard|Zuid-Holland|Gesloten||Nee|Ja|Nee|512498|https://monumentenregister.cultureelerfgoed.nl/monumenten/512498|Grafmon. voor mw. P.M. Lefévre de Montigny-Bisdom van Vliet (1923) en grafsteen voor de hond Nora (1906)|||||1881||||Geen|nee|nee|nee|||20|nee|Nee
342|Kloosterbegraafplaats Afzondering St. Gabriël|Bijzonder|RK|Provincialeweg-Oost|62||2851 AG|Haastrecht|Krimpenerwaard|Zuid-Holland|In gebruik||Nee|Nee|Nee|Geen|||||||1930||||Recht|nee|nee|nee|126|Passionisten|140|nee|Ja
4133|H Bartholomeusbegraafplaats|Bijzonder|RK|Wal|63||2871 BC|Schoonhoven|Krimpenerwaard|Zuid-Holland|In gebruik||Nee|Nee|Nee|Geen|||||||1872||||Recht|nee|nee|nee|||1.320|nee|Ja
1689|NH Kerkhof|Bijzonder|NH|De Montignylaan|18-20||2871 AH|Willige Langerak (Schoonhoven)|Krimpenerwaard|Zuid-Holland|In gebruik||Nee|Nee|Nee|Geen|||||||||Middeleeuwen||Kerkoriëntatie|nee|ja|nee||naast de kerk|450|nee|Nee
3056|St Willibrordbegraafplaats|Bijzonder|RK|Smitshoek|80||2661 CK|Bergschenhoek|Lansingerland|Zuid-Holland|In gebruik||Nee|Nee|Nee|Geen|||||||1860||||Recht|nee|nee|nee|||1.030|nee|Ja
1333|Onze Lieve Vrouw Geboortebegraafplaats|Bijzonder|RK|Noordeindseweg|104||2651 CX|Berkel en Rodenrijs|Lansingerland|Zuid-Holland|In gebruik||Nee|Nee|Nee|Geen|||||||1825||||Recht|nee|nee|ja|||4.850|nee|Ja
1323|NH Kerkhof Berkel|Bijzonder|NH|Kerksingel|1||2651 CC|Berkel en Rodenrijs|Lansingerland|Zuid-Holland|In gebruik||Nee|Nee|Nee|Geen||||p/a Molenweg 73|2651AC|Berkel Rodenrijs|||Middeleeuwen||Recht|nee|ja|nee|||635|nee|Nee
3233|Onze lieve Vrouw Visitatiekerkhof|Bijzonder|RK|Hoefweg|59|bij|2665 CC|Bleiswijk|Lansingerland|Zuid-Holland|In gebruik||Nee|Nee|Nee|Geen|||||||||||Recht|nee|nee|nee|||875|nee|Ja
1347|RK Begraafplaats Zijlpoort|Bijzonder|RK|Haven|64||2312 ML|Leiden|Leiden|Zuid-Holland|In gebruik||Nee|Ja|Ja|24732|https://monumentenregister.cultureelerfgoed.nl/monumenten/24732|Kapel / begraafplaats|Stichting RK begraafplaats Zijlpoort|Haven 64|2312 ML|Leiden|1828||||Recht|nee|ja|nee|||5.370|nee|Ja
1346|Begraafplaats Rhijnhof|Bijzonder|Part|Laan te Rhijnhof|4||2332 HZ|Leiden|Leiden|Zuid-Holland|In gebruik||Nee|Nee|Nee|Geen|||Stichting Begrpl. Rhijnhof|Laan te Rhijnhof 4|2332 HZ|Leiden|1910||||Combinatie|nee|nee|ja||voorheen NH; tevens RK deel, uitbreidingen Mien Ruys, Heidemij, Firma Copijn|96.000|ja|Ja
3465|St Agathabegraafplaats|Bijzonder|RK|Veurse Achterweg|29||2264 SE|Leidschendam|Leidschendam-Voorburg|Zuid-Holland|In gebruik||Nee|Nee|Nee|Geen|||Stichting RK begraafplaats St. Agatha|Graaf Janlaan 21|2263 TL|Leidschendam|1832||||Recht|nee|nee|ja||Kapel|4.000|nee|Ja
1697|Begraafplaats Wilsveen|Bijzonder|Part|Wilsveen|10c||2266 LR|Leidschendam|Leidschendam-Voorburg|Zuid-Holland|In gebruik||Nee|Ja|Nee|510321|https://monumentenregister.cultureelerfgoed.nl/monumenten/510321|Begraafplaats|Stichting Hervormde Begraafplaats Wilsveen|Laurentiusweer 7|2266 DD|Leidschendam|1821||||Recht|nee|nee|nee||Aangelegd op de resten van een ME kerk|3.255|nee|Ja
3389|St Laurentiuskerkhof|Bijzonder|RK|Dr van Noortstraat|88||2266 HA|Stompwijk|Leidschendam-Voorburg|Zuid-Holland|In gebruik||Nee|Nee|Nee|Geen|||RK Pastorie H. Laurentius   |Dr. van Noortstraat 88|2266 HA|Leidschendam|1819||||Recht|nee|nee|nee||In 1897 en 1919 vergroot|2.000|nee|Ja
3010|St Martinuskerkhof|Bijzonder|RK|Oosteinde|54||2271 EH|Voorburg|Leidschendam-Voorburg|Zuid-Holland|Gesloten||Nee|Nee|Nee|Geen|||||||1827||||Recht|nee|nee|nee|||1.675|nee|Ja
346|Kerkhof Oude Kerk|Bijzonder|NH|Herenstraat|77||2271 CC|Voorburg|Leidschendam-Voorburg|Zuid-Holland|Gesloten|Deels geruimd|Nee|Nee|Nee|Geen|||||||||Middeleeuwen||Kerkoriëntatie|nee|nee|nee||Nog enkele zerken en grafkelders|1.100|nee|Nee
1348|RK Kerkhof St. Agatha|Bijzonder|RK|Heereweg|277||2161 BH|Lisse|Lisse|Zuid-Holland|In gebruik||Nee|Nee|Nee|Geen|||||||||||Recht|nee|nee|nee||500 graven|3.835|nee|Ja
3399|Kerkhof Onbevlekt Hart van Maria|Bijzonder|RK|Nassaustraat|45||2161 RJ|Lisse|Lisse|Zuid-Holland|In gebruik||Nee|Nee|Nee|Geen|||||||1952||||Kerkoriëntatie|nee|nee|nee|||3.225|nee|Ja
1345|Begraafplaats H Engelbewaarders|Bijzonder|RK|Heereweg|455a|bij|2161 DC|Lisse|Lisse|Zuid-Holland|In gebruik||Nee|Nee|Nee|Geen|||||||1931||||Recht|nee|ja|nee|||1.525|nee|Ja
1328|NH Kerkhof bij de Grote kerk|Bijzonder|NH|Heereweg|250||2161 BS|Lisse|Lisse|Zuid-Holland|In gebruik|Alleen bijzettingen|Nee|Nee|Nee|Geen||||Lisserdijk 417|2165AE|Lisserbroek|||Middeleeuwen||Kerkoriëntatie|nee|nee|nee|||2.500|nee|Ja
3011|Protestantse Begraafplaats Duinhof|Bijzonder|NH|Spekkelaan|12||2161 GH|Lisse|Lisse|Zuid-Holland|In gebruik||Nee|Nee|Nee|Geen||||Oranjelaan 123|2161KD|Lisse|1929||||Organisch|nee|nee|ja|||29.510|nee|Ja
1665|RK Begraafplaats St. Barbara|Bijzonder|RK|Reviusplein|7||3141 SV|Maassluis|Maassluis|Zuid-Holland|In gebruik||Nee|Nee|Nee|Geen||||Noordvliet 25|3142CH|Maassluis|1960||||Recht|nee|nee|ja||Bij bezoek in 2015 niet toegankelijk|3.205|nee|Ja
3414|HH Antonius en Cornelisbegraafplaats|Bijzonder|RK|Kapellaan|35|tegenover|2635 DA|Den Hoorn|Midden-Delfland|Zuid-Holland|In gebruik||Nee|Nee|Nee|Geen|||Parochiekern St. Antonius & St. Cornelius   |Hoornseweg 11a|2635 CM|Den Hoorn|1933||||Recht|nee|nee|nee|||1.700|nee|Ja
4157|H Maria Magdalenabegraafplaats|Bijzonder|RK|Hammerdreef|||3155 BD|Maasland|Midden-Delfland|Zuid-Holland|In gebruik||Nee|Nee|Ja|Geen||Begraafplaats||Mr Postlaan 6|3155BM|Maasland|1829||||Recht|nee|ja|nee|||815|nee|Ja
1705|RK Begraafplaats|Bijzonder|RK|Rijksstraatweg|20|bij|2636 AX|Schipluiden|Midden-Delfland|Zuid-Holland|In gebruik||Nee|Nee|Nee|Geen|||||||||||Recht|nee|nee|nee|||2.025|nee|Ja
4146|NH Kerkhof|Bijzonder|NH|t Woudt|25||2636 HD|'t Woudt|Midden-Delfland|Zuid-Holland|In gebruik||Nee|Nee|Nee|Geen|||||||||Middeleeuwen||Kerkoriëntatie|nee|ja|nee|||520|nee|Ja
1579|H Adrianusbegraafplaats|Bijzonder|RK|Langeraarseweg|88||2461 CL|Langeraar|Nieuwkoop|Zuid-Holland|In gebruik||Nee|Nee|Nee|Geen|||||||1719||||Recht|nee|nee|nee|||1.820|nee|Ja
169|Onze Lieve Vrouw Hemelvaartbegraafplaats|Bijzonder|RK|Dorpsstraat|35||2421 AV|Nieuwkoop|Nieuwkoop|Zuid-Holland|In gebruik||Nee|Nee|Nee|Geen|||||||||||Recht|nee|nee|nee|||900|nee|Ja
1599|H Nicolaasbegraafplaats|Bijzonder|RK|Dorpsstraat|41||2441 CG|Nieuwveen|Nieuwkoop|Zuid-Holland|In gebruik||Nee|Nee|Nee|Geen|||RK Pastorie H. Nicolaas|Dorpsstraat 41|2441 CG|Nieuwveen|1867||||Recht|nee|nee|nee|||950|nee|Ja
1607|H Johannes' Geboortebegraafplaats|Bijzonder|RK|Noordeinde|28||2435 AG|Noordeinde|Nieuwkoop|Zuid-Holland|In gebruik||Nee|Nee|Ja|Geen||Begraafplaats|RK Pastorie|Noordeinde 28|2435 AG|Zevenhoven|1826||||Recht|nee|nee|nee||Lourdesgrot 1913|625|nee|Ja
1601|H Martinusbegraafplaats|Bijzonder|RK|Simon van Capelweg|62||2431 AH|Noorden|Nieuwkoop|Zuid-Holland|In gebruik||Nee|Nee|Nee|Geen|||||||||||Recht|nee|nee|nee|||1.475|nee|Ja
1610|NH Kerkhof|Bijzonder|NH|Noordse Dorpsweg|4||2431 AT|Noorden|Nieuwkoop|Zuid-Holland|In gebruik||Nee|Nee|Nee|Geen|||||||||Middeleeuwen||Recht|nee|nee|nee|||605|nee|Ja
4321|NH kerkhof|Bijzonder|NH|Kerkweg|1||3218 AH|Heenvliet|Nissewaard|Zuid-Holland|Gesloten||Nee|Nee|Nee|Geen|||||||||Middeleeuwen||Kerkoriëntatie|nee|nee|nee||Resteren nog enkele grafmonumenten|2.600|nee|Nee
1729|NH Kerkhof|Bijzonder|NH|Lageweg|1||3212 LZ|Simonshaven|Nissewaard|Zuid-Holland|In gebruik||Nee|Nee|Nee|Geen|||||||||Middeleeuwen||Kerkoriëntatie|nee|ja|nee|||1.350|nee|Ja
1594|H Hart van Jezusbegraafplaats|Bijzonder|RK|Beeklaan|13||2191 AB|De Zilk|Noordwijk|Zuid-Holland|In gebruik||Nee|Nee|Nee|Geen|||Parochie Heilige Willibrordus|Heereweg 277|2161 BH|Lisse|1920||||Recht|nee|nee|nee|||2.020|nee|Ja
3386|RK Begraafplaats a/d Gooweg|Bijzonder|RK|Gooweg|35||2201 AX|Noordwijk|Noordwijk|Zuid-Holland|In gebruik||Nee|Nee|Nee|Geen|||||||1884||||Recht|ja|ja|nee|||9.665|nee|Ja
4193|Begraafplaats Sancta Maria centrum voor Psychiatrie|Bijzonder|Part|Langevelderlaan|1|bij|2204 BA|Noordwijk|Noordwijk|Zuid-Holland|Gesloten||Nee|Nee|Nee|Geen|||||||1928||||Recht|nee|nee|nee|||3.650|nee|Ja
4192|H Jozefkerkhof|Bijzonder|RK|Herenweg|13||2211 CA|Noordwijkerhout|Noordwijk|Zuid-Holland|In gebruik||Nee|Nee|Nee|Geen|||||||1916||||Recht|nee|nee|nee|||4.630|nee|Ja
1373|St Victorbegraafplaats|Bijzonder|RK|Sint Victorlaan|13|bij|2211 RN|Noordwijkerhout|Noordwijk|Zuid-Holland|In gebruik||Nee|Nee|Nee|Geen|||||||1852||||Recht|nee|nee|nee|||2.670|nee|Ja
330|St. Bavobegraafplaats (Psychiatrische inrichting)|Bijzonder|RK|t Hoogtlaan|14d|bij|2211 AN|Noordwijkerhout|Noordwijk|Zuid-Holland|Gesloten||Nee|Nee|Nee|Geen|||||||1914||||Recht|nee|nee|nee|||1.985|nee|Nee
4195|NH Begraafplaats|Bijzonder|NH|Herenweg|78|bij|2211 CD|Noordwijkerhout|Noordwijk|Zuid-Holland|In gebruik||Nee|Nee|Nee|Geen||||Van 't Haaffstraat 27|2211 HA|Noordwijkerhout|1923||||Recht|nee|ja|nee|||3.770|nee|Ja
1355|H Willibrordbegraafplaats|Bijzonder|RK|Rhijngeesterstraatweg|35||2341 BR|Oegstgeest|Oegstgeest|Zuid-Holland|In gebruik||Nee|Nee|Nee|Geen|||||||1821||||Recht|nee|nee|nee||met uitbreiding|6.350|nee|Ja
861|Grafmonument Wyttenbach|Bijzonder|Part|Wyttenbachweg|1|bij|2341 VX|Oegstgeest|Oegstgeest|Zuid-Holland|Gesloten||Nee|Nee|Nee|Geen|||||||1820||||Geen|nee|nee|nee|||500|nee|Nee
1332|Kerkhof bij het Groene Kerkje|Bijzonder|NH|Haarlemmerstraatweg|6||2343 LB|Oegstgeest|Oegstgeest|Zuid-Holland|In gebruik||Nee|Nee|Ja|Geen||Lijkenhuisje, grafmonument Gevers (van Endegeest)|Stichting begraafplaats Groene kerkje |Haarlemmerstraatweg 3|2343 LA|Oegstgeest|||Middeleeuwen||Kerkoriëntatie|nee|ja|nee|||9.525|nee|Ja
525|Nieuwe Begraafplaats|Bijzonder|NH|Haarlemmerstraatweg|3a||2343 LA|Oegstgeest|Oegstgeest|Zuid-Holland|In gebruik||Nee|Nee|Nee|Geen|||Stichting begraafplaats Groene kerkje |Haarlemmerstraatweg 3|2343 LA|Oegstgeest|2011|||Firma Copijn|Recht|nee|nee|nee||600 graven|5.670|nee|Nee
1693|St Bartholomeusbegraafplaats|Bijzonder|RK|Veenweg|36|bij|2631 CL|Nootdorp|Pijnacker-Nootdorp|Zuid-Holland|In gebruik||Nee|Nee|Nee|Geen|||Stichting RK begraafplaatsen Den Haag|Veenweg 36|2631 CL|Nootdorp|||||Recht|nee|nee|nee|||1.170|nee|Ja
2456|Algemene Begraafplaats Sint Janshof|Bijzonder|Part|Oudeweg|61||2631 PA|Nootdorp|Pijnacker-Nootdorp|Zuid-Holland|In gebruik||Nee|Nee|Nee|Geen|||Stichting Algemene begraafplaats Sint Jan||||2004|||Rotstein, Jentina|Gebogen|nee|nee|ja|||27.480|ja|Ja
3553|NH Kerkhof|Bijzonder|NH|Dorpsstraat|36||2631 CT|Nootdorp|Pijnacker-Nootdorp|Zuid-Holland|In gebruik||Nee|Nee|Nee|Geen|||||||||Middeleeuwen||Kerkoriëntatie|nee|nee|nee|||705|nee|Ja
1540|H Johannes de Doperbegraafplaats|Bijzonder|RK|Meidoornlaan|3|bij|2641 CB|Pijnacker|Pijnacker-Nootdorp|Zuid-Holland|In gebruik||Nee|Nee|Nee|Geen|||||||1826||||Recht|nee|nee|nee|||1.900|nee|Ja
1335|NH Kerkhof Koningshof|Bijzonder|NH|Koningshof|1||2641 GT|Pijnacker|Pijnacker-Nootdorp|Zuid-Holland|In gebruik||Nee|Nee|Nee|Geen||||Westlaan 78|2641DN|Pijnacker|||Middeleeuwen||Combinatie|nee|nee|nee||met uitbreiding|4.630|nee|Ja
2237|Grafkelder Groeninx van Zoelen|Bijzonder|Part|Kievitsweg|114|bij|2983 AE|Ridderkerk|Ridderkerk|Zuid-Holland|Gesloten||Nee|Ja|Nee|32507|https://monumentenregister.cultureelerfgoed.nl/monumenten/32507|Begraafplaats bij Huis ten Donck|||||1828||||Recht|nee|nee|nee|||3.400|nee|Ja
4160|St Bonifatiusbegraafplaats|Bijzonder|RK|Van Vredenburchweg|67||2282 VC|Rijswijk|Rijswijk|Zuid-Holland|In gebruik||Nee|Nee|Nee|Geen||||Hoornbruglaan 36|2281 AW|Rijswijk ZH|1828||||Recht|nee|nee|nee||uitgebreid in 1930|6.720|nee|Ja
3023|Begraafplaats Oud-Rijswijk (oude gemeentelijke)|Bijzonder|Part|Sir W. Churchilllaan|233||2282 JS|Rijswijk|Rijswijk|Zuid-Holland|In gebruik||Nee|Ja|Nee|518123|https://monumentenregister.cultureelerfgoed.nl/complexen/518123|Aanleg, aula en toegangshek|Yarden||||1916|||L.A. Springer|Combinatie|ja|ja|ja||Ned oorlogsgraven. In 1998 overgenomen door voorganger van Yarden.|29.400|ja|Ja
3245|Yardenhuis van Rijswijk|Bijzonder|Part|Eikelenburglaan|7||2286 KA|Rijswijk|Rijswijk|Zuid-Holland|In gebruik||Nee|Nee|Nee|Geen|||Yarden||||1972||||Recht|ja|nee|ja|||45.170|nee|Ja
1325|RK Begraafplaats St. Laurentius|Bijzonder|RK|Nieuwe Crooswijkseweg|123||3034 PN|Rotterdam|Rotterdam|Zuid-Holland|In gebruik||Ja|Nee|Ja|Geen||Begraafplaats, arcade en grafkapel Jamin|||||1864||||Combinatie|ja|nee|ja||1864/1869|26.750|nee|Ja
1526|RK Begraafplaats Oud Overschie|Bijzonder|RK|Delftweg|8||3043 CG|Rotterdam|Rotterdam|Zuid-Holland|In gebruik||Nee|Nee|Nee|Geen|||gemeente Rotterdam||||1834||||Recht|nee|nee|nee|||630|nee|Nee
4196|RK Begraafplaats Kralingen|Bijzonder|RK|Oostzeedijk Beneden|3||3062 VJ|Rotterdam|Rotterdam|Zuid-Holland|Gesloten||Nee|Nee|Nee|Geen|||Lambertusparochie||||1837||||Recht|nee|nee|nee||Laatste begrafenis in de jaren vijftig!|400|nee|Nee
1326|NH Kerkhof Hillegersberg|Bijzonder|NH|Kerkstraat|43|bij|3054 NB|Rotterdam|Rotterdam|Zuid-Holland|In gebruik||Nee|Ja|Nee|32898|https://monumentenregister.cultureelerfgoed.nl/monumenten/32898|Hek en muur van het kerkhof|Protestantse Gemeente Rotterdam Noordrand|Kerkdreef 4|3054 GS|Rotterdam|||Middeleeuwen||Kerkoriëntatie|nee|nee|nee||Reorganisatie door L.A. Springer|7.425|nee|Ja
1329|Begraafplaats Oud Kralingen|Bijzonder|NH|Laan v. Oud Kralingen|1||3066 HA|Rotterdam|Rotterdam|Zuid-Holland|In gebruik||Nee|Ja|Nee|527205|https://monumentenregister.cultureelerfgoed.nl/monumenten/527205|Grafkapel Kruyff Bartholomeus ||Oude Dijk 2|3062AE|Rotterdam|||Middeleeuwen||Recht|nee|nee|ja||NH Kerkvoogdij Kralingen|61.600|nee|Ja
3454|NH Begraafplaats Ijsselmonde|Bijzonder|NH|Benedenrijweg|489||3077 CJ|Rotterdam|Rotterdam|Zuid-Holland|In gebruik||Nee|Nee|Nee|Geen||||Ravelstraat 24|2983BM|Ridderkerk|1872||||Recht|ja|ja|ja|||16.100|nee|Ja
1475|Protestantse Begraafplaats Charlois|Bijzonder|NH|Charloisse Lagedijk|680||3084 LJ|Rotterdam|Rotterdam|Zuid-Holland|In gebruik||Nee|Nee|Nee|Geen|||Stichting Protestantse begraafplaats Charlois||||1924||||Recht|ja|nee|ja|||54.240|nee|Ja
1341|NH Begraafplaats Overschie|Bijzonder|NH|Overschiese dorpstraat|90||3043 CT|Rotterdam|Rotterdam|Zuid-Holland|In gebruik||Nee|Nee|Nee|Geen|||||||1829||||Recht|nee|ja|nee||Sleutel op Hofwijck|2.445|nee|Ja
1547|HH Jacobus en Martinusbegraafplaats|Bijzonder|RK|Kerkweg|46|bij|3124 KE|Kerkbuurt (Schiedam)|Schiedam|Zuid-Holland|In gebruik||Nee|Nee|Nee|Geen|||||||||||Recht|nee|nee|nee|||590|nee|Ja
3385|NH kerkhof|Bijzonder|NH|Noordeinde|10||3121 KG|Kethel (Schiedam)|Schiedam|Zuid-Holland|In gebruik||Nee|Nee|Nee|Geen|||||||||Middeleeuwen||Recht|nee|nee|nee|||290|nee|Nee
4232|RK Begraafplaats|Bijzonder|RK|Vlaardingerdijk|50||3117 EW|Schiedam|Schiedam|Zuid-Holland|Gesloten||Nee|Ja|Nee|33288|https://monumentenregister.cultureelerfgoed.nl/monumenten/33288|Begraafplaats en kapel|gemeente Schiedam||||1851||||Recht|nee|ja|nee||1851-1972|6.900|nee|Ja
1399|Begraafplaats De Beukenhof|Bijzonder|Part|Burgemeester van Haarenlaan|1450||3118 GR|Schiedam|Schiedam|Zuid-Holland|In gebruik||Nee|Nee|Nee|Geen|||Yarden||||1930|||J.K. Dominicus|Combinatie|ja|nee|ja||ned oorlogsgraven|96.000|ja|Ja
1337|St Pancratiuskerkhof|Bijzonder|RK|Hoofdstraat|188|bij|2171 BM|Sassenheim|Teylingen|Zuid-Holland|In gebruik||Nee|Nee|Nee|Geen|||||||1870||||Recht|nee|nee|nee|||3.110|nee|Ja
1340|Hervormd kerkhof|Bijzonder|NH|Hoofdstraat|217||2171 GK|Sassenheim|Teylingen|Zuid-Holland|In gebruik||Nee|Nee|Nee|Geen|||||||||Middeleeuwen||Combinatie|nee|nee|nee|||5.960|nee|Ja
1349|Kerkhof St Bartholomeus|Bijzonder|RK|Herenstraat|49|bij|2215 KE|Voorhout|Teylingen|Zuid-Holland|In gebruik||Nee|Nee|Nee|Geen|||Stichting Begraafplaats Voorhout||||1882||||Recht|nee|nee|nee|||1.030|nee|Ja
1342|Kloosterbegraafplaats Broederhuis Nieuw Schoonoord|Bijzonder|RK|Rijnsburgerweg|4|bij|2215 RA|Voorhout|Teylingen|Zuid-Holland|In gebruik||Nee|Nee|Nee|Geen|||||||1924||||Recht|nee|ja|nee|201||430|nee|Ja
250|Hervormd kerkhof|Bijzonder|NH|Herenstraat|51|bij|2215 KE|Voorhout|Teylingen|Zuid-Holland|In gebruik||Nee|Ja|Nee|523429|https://monumentenregister.cultureelerfgoed.nl/monumenten/523429|Baarhuisje en verbindingsmuur|Stichting Begraafplaats Voorhout||||||Middeleeuwen||Gebogen|nee|ja|nee|||1.000|nee|Nee
1483|Algemene particuliere Begraafplaats|Bijzonder|Part|Herenstraat|49|bij|2215 KE|Voorhout|Teylingen|Zuid-Holland|In gebruik||Nee|Nee|Nee|Geen|||Stichting Begraafplaats Voorhout||||1976||||Recht|nee|nee|nee|||3.290|nee|Nee
1339|H. Matthiasbegraafplaats|Bijzonder|RK|Mgr Aengenentlaan|3|bij|2361 GB|Warmond|Teylingen|Zuid-Holland|In gebruik||Nee|Nee|Ja|Geen||Begraafplaats|||||1858||||Recht|nee|nee|nee|||2.020|nee|Ja
1344|Ned Herv kerkhof Oude Toren|Bijzonder|NH|Mgr Aengenentlaan|2|tegenover|2361 GB|Warmond|Teylingen|Zuid-Holland|In gebruik||Nee|Nee|Ja|Geen||Begraafplaats||Str ter Leede 22|2361CG|Warmond|||Middeleeuwen||Kerkoriëntatie|nee|nee|nee|||3.520|nee|Ja
1402|St. Barbarabegraafplaats|Bijzonder|RK|Emaus|44b||3135 JC|Vlaardingen|Vlaardingen|Zuid-Holland|In gebruik||Nee|Nee|Ja|Geen||Begraafplaats, R.K. toegangspoort, kapel|||||1820||||Recht|nee|ja|nee||bij algemene gevoegd in 1967!|2.275|nee|Nee
1726|RK Begraafplaats|Bijzonder|RK|Kloosterweg|33||3232 LB|Brielle|Voorne aan Zee|Zuid-Holland|In gebruik||Nee|Nee|Nee|Geen|||||||1900||||Recht|nee|nee|nee|||2.225|nee|Ja
3393|St Laurentiuskerkhof|Bijzonder|RK|Leidseweg|102||2251 LG|Voorschoten|Voorschoten|Zuid-Holland|In gebruik||Nee|Ja|Nee|515012|https://monumentenregister.cultureelerfgoed.nl/monumenten/515012|Toegangshek|RK Pastorie H. Laurentius|Leidseweg 102|2251 LG |Voorschoten|1820||||Recht|nee|ja|nee|||1.900|nee|Ja
1378|Kloosterbegraafplaats Dominicanessen Huize Bijdorp|Bijzonder|RK|Veurseweg|3||2251 AA|Voorschoten|Voorschoten|Zuid-Holland|In gebruik||Nee|Nee|Nee|Geen|||||||1875||||Recht|nee|nee|nee|387||725|nee|Ja
3406|NH Kerkhof|Bijzonder|NH|Kerkplein|2||2251 BS|Voorschoten|Voorschoten|Zuid-Holland|Gesloten||Nee|Nee|Ja|Geen||Kerkhof|||||||Middeleeuwen||Recht|nee|ja|nee||tot 1963 gebruikt|1.435|nee|Ja
4353|Graf juffrouw Begeer op landgoed Berbice|Bijzonder|Part|Leidseweg|225|bij|2253 JA|Voorschoten|Voorschoten|Zuid-Holland|Gesloten||Nee|Nee|Nee|Geen|||||||2009||||Recht|nee|nee|nee|||6|nee|Nee
1695|RK Begraafplaats St. Victor|Bijzonder|RK|Zuidkade|176||2741 JJ|Waddinxveen|Waddinxveen|Zuid-Holland|Gesloten||Nee|Nee|Ja|Geen||Knielkapel en baarhuisje|RK Parochie St. Victorkerk|Zuidkade 176|2741 JJ|Waddinxveen|||||Recht|nee|ja|nee|||735|nee|Ja
1407|RK kerkhof De Goede Herder|Bijzonder|RK|Stoeplaan|4||2243 CZ|Wassenaar|Wassenaar|Zuid-Holland|In gebruik||Nee|Nee|Nee|Geen||||Park Oud Wassenaar 12|2243BX|Wassenaar|1942||||Kerkoriëntatie|nee|nee|nee|||2.635|nee|Ja
1401|RK Kerkhof St. Willibrordus|Bijzonder|RK|Kerkstraat|77||2242 HE|Wassenaar|Wassenaar|Zuid-Holland|In gebruik||Nee|Ja|Nee|524513|https://monumentenregister.cultureelerfgoed.nl/monumenten/524513|Begraafplaats|||||1827||||Recht|nee|nee|nee|||2.050|nee|Ja
3466|Familiebegraafplaats Van Ommeren|Bijzonder|Part|Van Ommerenlaan|||2243 CD|Wassenaar|Wassenaar|Zuid-Holland|In gebruik||Nee|Ja|Nee|530407|https://monumentenregister.cultureelerfgoed.nl/monumenten/530407|Familiebegraafplaats|||||1935||||Geen|nee|nee|nee||In 2022 niet meer toegankelijk|800|nee|Ja
4013|NH Kerkhof Wassenaar|Bijzonder|NH|Plein|3||2242 KB|Wassenaar|Wassenaar|Zuid-Holland|In gebruik||Nee|Nee|Nee|Geen||||Schoolstraat 4|2242KH|Wassenaar|||Middeleeuwen||Kerkoriëntatie|nee|ja|nee|||8.560|nee|Ja
1662|H Andreaskerkhof|Bijzonder|RK|Kwintrum|24|bij|2295 HZ|Kwintsheul|Westland|Zuid-Holland|In gebruik||Nee|Nee|Nee|Geen|||||||1874||||Recht|nee|nee|nee|||1.630|nee|Ja
1654|Kerkhof H. Machutus|Bijzonder|RK|Choorstraat|105||2681 AR|Monster|Westland|Zuid-Holland|In gebruik||Nee|Nee|Ja|Geen|||||||1856||||Combinatie|nee|nee|nee|||1.730|nee|Ja
733|Grafkelder familie Herckenrath|Bijzonder|Part|Westerduinlaan|1|tegenover|2681 RK|Monster|Westland|Zuid-Holland|Gesloten||Nee|Ja|Nee|525142|https://monumentenregister.cultureelerfgoed.nl/monumenten/525142|Grafkelder|||||1844||||Geen|nee|nee|nee||Gerestaureerd 2006|415|nee|Nee
1655|St Adrianusbegraafplaats|Bijzonder|RK|Dijkweg|8|bij|2671 GB|Naaldwijk|Westland|Zuid-Holland|Gesloten||Nee|Nee|Nee|Geen|||||||1828||||Recht|nee|nee|nee||-1982|1.385|nee|Ja
1664|St Bartholomeusbegraafplaats|Bijzonder|RK|Voorstraat|111|bij|2685 EK|Poeldijk|Westland|Zuid-Holland|In gebruik||Nee|Nee|Ja|Geen|||||||1827||||Recht|nee|nee|nee|||3.260|nee|Ja
1918|Grafkelder Van Vredenburch op oude Begraafplaats|Bijzonder|Part|Langestraat|34||2691 BH|'s-Gravenzande|Westland|Zuid-Holland|Gesloten||Nee|Nee|Nee|Geen|||||||||Middeleeuwen||Geen|nee|nee|nee||Gerestaureerd in 2003|65|nee|Nee
1659|NH Kerkhof|Bijzonder|NH|Prins Willem III plein|1||2684 VP|Ter Heijde|Westland|Zuid-Holland|In gebruik||Nee|Nee|Nee|Geen|||||||1720||||Recht|nee|nee|nee|||1.600|nee|Ja
1661|St Jan de Doperbegraafplaats|Bijzonder|RK|Julialaan|6|bij|2291 BM|Wateringen|Westland|Zuid-Holland|In gebruik||Nee|Nee|Nee|Geen||||Julianalaan 6|2291BM|Wateringen|1819||||Recht|nee|ja|nee||25 p jr|3.900|nee|Ja
3394|H Nicolaaskerkhof|Bijzonder|RK|Dorpsstraat|26||2712 AL|Zoetermeer|Zoetermeer|Zuid-Holland|In gebruik||Nee|Nee|Nee|Geen|||||||1827||||Recht|nee|nee|nee||waarschijnlijk ouder, maar geheel vernieuwd|1.395|nee|Ja
1375|NH Kerkhof|Bijzonder|NH|Dorpsstraat|17||2381 EK|Zoeterwoude-Dorp|Zoeterwoude|Zuid-Holland|In gebruik||Nee|Nee|Nee|Geen|||||||||Middeleeuwen||Kerkoriëntatie|nee|ja|nee|||940|nee|Ja
1393|Begraafplaats Meerburg|Bijzonder|Part|Hoge Rijndijk|18||2382 AS|Zoeterwoude-Rijndijk|Zoeterwoude|Zuid-Holland|In gebruik||Nee|Nee|Nee|Geen|||Stichting Algemene begraafplaats Hoge Rijndijk|Nassaulaan 124|2382 GR|Zoeterwoude|1863||||Recht|nee|nee|nee|||1.585|nee|Ja
3392|Begraafplaats St. Jans Onthoofding|Bijzonder|RK|Zuidbuurtseweg|20||2381 LC|Zuidbuurt|Zoeterwoude|Zuid-Holland|In gebruik||Nee|Nee|Nee|Geen|||||||1817||||Combinatie|nee|nee|nee|||3.700|nee|Ja
1687|Kerkhof H. Johannes' Onthoofding|Bijzonder|RK|Oosteinde|25|bij|2841 BP|Moordrecht|Zuidplas|Zuid-Holland|In gebruik||Nee|Nee|Nee|Geen|||||||1852||||Recht|nee|nee|nee|||300|nee|Ja
2642|Grafkelder Drost-IJserman|Bijzonder|Part|Westeinde|28|bij|2841 BW|Moordrecht|Zuidplas|Zuid-Holland|Gesloten||Nee|Nee|Ja|Geen||Grafkelder|||||1853||||Geen|nee|nee|nee|||115|nee|Nee
814|RK Begraafplaats|Bijzonder|RK|s-Gravenweg|89||2911 CE|Nieuwerkerk aan den IJssel|Zuidplas|Zuid-Holland|In gebruik|Geen uitgifte meer|Nee|Nee|Nee|Geen|||||||1912||||Recht|nee|nee|nee|||390|nee|Ja
2233|Kerkhof Kijfhoek|Bijzonder|NH|Kijfhoek|30||3335 LE|Kijfhoek (Zwijndrecht)|Zwijndrecht|Zuid-Holland|In gebruik||Nee|Nee|Nee|Geen|||||||||Middeleeuwen||Kerkoriëntatie|nee|nee|nee|||685|nee|Ja
2232|Kerkhof Pietermankerk|Bijzonder|NH|Burg. Pijl Hogeweglaan|1||3335 LA|Zwijndrecht|Zwijndrecht|Zuid-Holland|In gebruik|Alleen bijzettingen|Nee|Nee|Nee|Geen|||||||||Middeleeuwen||Kerkoriëntatie|nee|nee|nee|||1.510|nee|Ja
2243|"Kerkhof Alblasserdam ""de Oude Torenhof"""|Gemeentelijk|Gem|Kerkstraat|187|bij|2951 GJ|Alblasserdam|Alblasserdam|Zuid-Holland|In gebruik||Nee|Nee|Nee|Geen|||gemeente Alblasserdam|Postbus 2|2950 AA|Alblasserdam|||Middeleeuwen||Recht|nee|nee|ja||Restant kerktoren|18.395|nee|Ja
4155|Gemeentelijk kerkhof Groene Kruisweg|Gemeentelijk|Gem|Kerkstraat|90||3176 PS|Poortugaal|Albrandswaard|Zuid-Holland|In gebruik||Nee|Nee|Nee|Geen|||Gemeente Albrandswaard||||||Middeleeuwen||Recht|nee|ja|nee|||22.500|nee|Ja
4187|Algemene Begraafplaats achter NH kerk|Gemeentelijk|Gem|Dorpsdijk|65||3161 KD|Rhoon|Albrandswaard|Zuid-Holland|In gebruik||Nee|Nee|Nee|Geen|||Gemeente Albrandswaard||||1840|Ja|||Recht|nee|nee|nee||Uitbreiding door Ada Wille?|13.200|nee|Ja
1588|Gemeentelijke Begraafplaats|Gemeentelijk|Gem|Zuideinde|37||2445 AS|Aarlanderveen|Alphen aan den Rijn|Zuid-Holland|In gebruik||Nee|Ja|Nee|516118|https://monumentenregister.cultureelerfgoed.nl/complexen/516118|Toegangshek, Baarhuisje, lijkenhuisje en aanleg en beplanting|gemeente Alphen aan de Rijn|Postbus 13|2400AA|Alphen aan den Rijn|1873||||Recht|nee|ja|nee|||1.215|nee|Ja
1622|Oude algemene Begraafplaats (van Oudshoorn)|Gemeentelijk|Gem|Oudshoornseweg|96||2401 LC|Alphen aan den Rijn|Alphen aan den Rijn|Zuid-Holland|Gesloten||Nee|Nee|Ja|Geen||Begraafplaats|gemeente Alphen aan den Rijn|Postbus 13|2400 AA|Alphen aan den Rijn|1829||||Recht|nee|nee|nee||gesloten rond 1950|1.400|nee|Ja
1613|Gemeentelijke Oosterbegraafplaats|Gemeentelijk|Gem|Verlengde Aarkade|22||2406 LB|Alphen aan den Rijn|Alphen aan den Rijn|Zuid-Holland|In gebruik||Nee|Nee|Nee|Geen|||gemeente Alphen aan den Rijn|Postbus 13|2400AA|Alphen aan den Rijn|1938||||Combinatie|ja|nee|ja|||69.100|ja|Ja
3387|Gemeentelijke Begraafplaats Vrederust|Gemeentelijk|Gem|Dr A.B. Schweitzerlaan|43|bij|2731 EA|Benthuizen|Alphen aan den Rijn|Zuid-Holland|In gebruik||Nee|Nee|Nee|Geen|||gemeente Alphen aan den Rijn|Postbus  115|2394ZG|Alphen aan den Rijn|||||Recht|nee|nee|ja|||6.000|nee|Ja
1629|Gemeentelijke Begraafplaats De Loete|Gemeentelijk|Gem|Reijerskoop|83|bij|2771 BE|Boskoop|Alphen aan den Rijn|Zuid-Holland|In gebruik|Alleen bijzettingen|Nee|Nee|Ja|Geen||Begraafplaats|gemeente Alphen aan den Rijn||||1875||||Recht|nee|ja|nee|||3.550|nee|Ja
1624|Gemeentelijke Begraafplaats Aan de Roemer|Gemeentelijk|Gem|Roemer|23||2771 WS|Boskoop|Alphen aan den Rijn|Zuid-Holland|In gebruik||Nee|Nee|Nee|Geen|||gemeente Alphen aan den Rijn||||1965||||Recht|ja|nee|ja||Gem+RK|26.540|nee|Ja
1627|Gemeentelijke begraafplaats|Gemeentelijk|Gem|Provincialeweg|2||2391 EZ|Hazerswoude Dorp|Alphen aan den Rijn|Zuid-Holland|In gebruik||Nee|Ja|Nee|517876|https://monumentenregister.cultureelerfgoed.nl/complexen/517876|Aanleg, aula, 2 vaste bruggen|gemeente Alphen aan den Rijn|Postbus  115|2394ZG|Hazerswoude|1935||||Recht|nee|ja|ja|||29.160|nee|Ja
1626|Begraafplaats|Gemeentelijk|Gem|Hoogewaard|9||2396 AB|Koudekerk aan den Rijn|Alphen aan den Rijn|Zuid-Holland|In gebruik||Nee|Nee|Nee|Geen|||gemeente Alphen aan den Rijn||||||||Recht|nee|nee|ja||Uitbreiding door Ada Wille|5.725|nee|Ja
704|Begraafplaats Buitendorp|Gemeentelijk|Gem|Spoorlaan|14||2471 PA|Zwammerdam|Alphen aan den Rijn|Zuid-Holland|In gebruik||Nee|Nee|Ja|Geen||Begraafplaats|gemeente Alphen aan den Rijn, t.a.v. Gravenadministratie|Postbus 13|2400 AA|Alphen aan den Rijn|1938||||Recht|ja|ja|ja|||4.510|nee|Ja
1455|Oude Begraafplaats|Gemeentelijk|Gem|Scheldestraat|3||2991 AJ|Barendrecht|Barendrecht|Zuid-Holland|In gebruik||Nee|Nee|Ja|Geen||Begraafplaats|gemeente Barendrecht||||1871||||Recht|nee|ja|ja||Was tot 2017 gesloten!|25.645|nee|Ja
1481|Begraafplaats Den Ouden Dijck|Gemeentelijk|Gem|Derde Barendrechtseweg|460||2992 SN|Barendrecht|Barendrecht|Zuid-Holland|In gebruik||Nee|Nee|Nee|Geen|||gemeente Barendrecht||||2003||||Combinatie|nee|nee|ja|||46.500|nee|Ja
1603|Begraafplaats Vredehof|Gemeentelijk|Gem|Noordzijde|61||2411 RC|Bodegraven|Bodegraven-Reeuwijk|Zuid-Holland|In gebruik||Nee|Nee|Nee|Geen|||gemeente Bodegraven-Reeuwijk||||1925||||Recht|nee|ja|ja||Met uitbreiding van Ada Wille|26.500|nee|Ja
1628|Begraafplaats Tempel|Gemeentelijk|Gem|Schinkeldijk|3||2811 PA|Reeuwijk|Bodegraven-Reeuwijk|Zuid-Holland|In gebruik||Nee|Nee|Nee|Geen|||gemeente Bodegraven-Reeuwijk||||1945||||Recht|nee|ja|ja|||12.650|nee|Ja
1589|Gemeentelijke Begraafplaats|Gemeentelijk|Gem|Molendijk|32||3466 NB|Waarder|Bodegraven-Reeuwijk|Zuid-Holland|In gebruik||Nee|Nee|Ja|Geen||Aula en begraafplaats|gemeente Bodegraven-Reeuwijk||||1876||||Recht|nee|ja|ja|||3.720|nee|Ja
1717|Oude Algemene Begraafplaats|Gemeentelijk|Gem|G.J. v.d. Boogerdweg|2|bij|3232 EB|Brielle|Voorne aan Zee|Zuid-Holland|In gebruik|Alleen bijzettingen|Nee|Nee|Ja|Geen||Toegangshek|gemeente Voorne aan Zee||||1842||||Recht|nee|nee|nee|||15.150|nee|Ja
1733|Nieuwe Begraafplaats|Gemeentelijk|Gem|G.J. v.d. Boogerdweg|35||3232 EB|Brielle|Voorne aan Zee|Zuid-Holland|In gebruik||Nee|Nee|Nee|Geen|||gemeente Voorne aan Zee||||||||Recht|nee|nee|ja|||14.400|nee|Ja
1734|NH Kerkhof|Gemeentelijk|Gem|Dijckpotingen|1||3237 AK|Vierpolders|Voorne aan Zee|Zuid-Holland|In gebruik||Nee|Nee|Nee|Geen|||gemeente Voorne aan Zee||||||||Recht|nee|nee|nee|||3.350|nee|Ja
1730|Begraafplaats|Gemeentelijk|Gem|Wouddijk|11||3238 LG|Zwartewaal|Voorne aan Zee|Zuid-Holland|In gebruik||Nee|Nee|Nee|Geen|||gemeente Voorne aan Zee||||||||Recht|nee|ja|nee||oorlogsgraven|4.000|nee|Ja
3664|Oude Algemene Begraafplaats|Gemeentelijk|Gem|Nijverheidsstraat|423||2901 AP|Capelle-West|Capelle aan den IJssel|Zuid-Holland|Gesloten||Nee|Nee|Ja|Geen||Begraafplaats|gemeente Capelle a/d IJssel||||1874||||Recht|nee|nee|nee||Gesloten in 1974|4.725|nee|Ja
1556|Oude Algemene Begraafplaats Haagpoort|Gemeentelijk|Gem|Kalverbos|8|bij|2611 XW|Delft|Delft|Zuid-Holland|Gesloten|Deels geruimd|Nee|Ja|Nee|525248|https://monumentenregister.cultureelerfgoed.nl/complexen/525248|Dienstwoning, gedenkteken Adrien Huet en restanten gem. begraafplaats|gemeente Delft||||1827||||Organisch|nee|ja|nee||Gesloten in 1874|2.750|nee|Nee
1614|Gemeentelijke Begraafplaats Jaffa|Gemeentelijk|Gem|Jaffalaan|10||2628 BX|Delft|Delft|Zuid-Holland|In gebruik||Nee|Ja|Nee|525265|https://monumentenregister.cultureelerfgoed.nl/complexen/525265|Begraafplaats, directeurswoning|gemeente Delft|Postbus 78|2600 ME|Delft|1868|||C.J. de Bruyn Kops|Recht|nee|ja|ja||Ned oorlogsgr|43.600|nee|Ja
4180|Vm. RK Begraafplaats Kanaalweg|Gemeentelijk|Gem|Kanaalweg|2d||2628 EB|Delft|Delft|Zuid-Holland|In gebruik|Alleen bijzettingen|Nee|Nee|Nee|Geen|||gemeente Delft||||1829||||Recht|nee|ja|nee||In 1969 gesloten voor nieuwe uitgifte|5.150|nee|Ja
590|Gemeentelijke Begraafplaats Iepenhof|Gemeentelijk|Gem|Hoflaan|20||2616 AA|Delft|Delft|Zuid-Holland|In gebruik||Nee|Nee|Nee|Geen|||gemeente Delft|Postbus 78|2600 ME|Delft|1969|||W.C.J. Boer|Recht|ja|nee|ja||Samen met Heidemij, beheer door de Laatste Eer|68.800|ja|Ja
4164|Gemeentelijke Begraafplaats Den Haag|Gemeentelijk|Gem|Kerkhoflaan|12||2585JB|'s-Gravenhage|Den Haag|Zuid-Holland|In gebruik||Nee|Ja|Nee|17620|https://monumentenregister.cultureelerfgoed.nl/monumenten/17620|Wachthuisjes, aula, div. grafmonumenten|gemeente Den Haag||||1829|||Z. Reyers|Recht|ja|ja|ja||166 oorlogsgraven|54.350|ja|Ja
3019|Gemeentelijke Begraafplaats Westduin|Gemeentelijk|Gem|Ockenburghstraat|27||2553 AA|'s-Gravenhage|Den Haag|Zuid-Holland|In gebruik||Ja|Nee|Nee|Geen|||gemeente Den Haag||||1929||||Recht|ja|nee|ja||87 oorl GB, uitbreiding in met crematorium door Mien Ruys|130.000|ja|Ja
1903|De Essenhof|Gemeentelijk|Gem|Nassauweg|200||3314 JR|Dordrecht|Dordrecht|Zuid-Holland|In gebruik||Nee|Ja|Nee|522269|https://monumentenregister.cultureelerfgoed.nl/complexen/522269|Aula, Toegangshek met achterliggende woning en aanleg oude gedeelte|gemeente Dordrecht||||1829|||J. Smits Jzn.|Recht|nee|ja|ja|||100.000|ja|Ja
1902|Gemeentelijke Begraafplaats Dubbeldam|Gemeentelijk|Gem|Zuidendijk|270||3319 LK|Dordrecht|Dordrecht|Zuid-Holland|In gebruik||Nee|Nee|Ja|Geen||Begraafplaats|gemeente Dordrecht||||1828||||Recht|nee|ja|ja||73 oorlogsgraven|13.210|nee|Ja
2149|Algemene Begraafplaats|Gemeentelijk|Gem|Prins Bernardstraat|16a||3258 AT|Den Bommel|Goeree-Overflakkee|Zuid-Holland|In gebruik||Nee|Nee|Nee|Geen|||gemeente Goeree-Overflakkee||||1956||||Recht|nee|ja|nee|||5.000|nee|Ja
1936|Oude Algemene Begraafplaats|Gemeentelijk|Gem|Kapoenstraat|6|bij|3247 BG|Dirksland|Goeree-Overflakkee|Zuid-Holland|In gebruik||Nee|Nee|Nee|Geen|||gemeente Goeree-Overflakkee||||1796||||Recht|nee|ja|ja|||11.700|nee|Ja
1934|Nieuwe Algemene Begraafplaats|Gemeentelijk|Gem|Staakweg|213a||3247 BV|Dirksland|Goeree-Overflakkee|Zuid-Holland|In gebruik||Nee|Nee|Nee|Geen|||gemeente Goeree-Overflakkee||||1996||||Recht|nee|nee|nee|||22.350|nee|Ja
1917|Nieuwe Algemene Begraafplaats|Gemeentelijk|Gem|Mariadijk|1|tegenover|3252 BB|Goedereede|Goeree-Overflakkee|Zuid-Holland|In gebruik||Nee|Nee|Nee|Geen|||gemeente Goeree-Overflakkee||||1878||||Recht|nee|ja|ja|||16.150|nee|Ja
1922|Gemeentelijke Begraafplaats|Gemeentelijk|Gem|Dreve|1|tegenover|3249 AZ|Herkingen|Goeree-Overflakkee|Zuid-Holland|In gebruik||Nee|Nee|Nee|Geen|||gemeente Goeree-Overflakkee||||1916||||Recht|nee|nee|ja|||7.000|nee|Ja
1929|Nieuwe gemeentelijke Begraafplaats|Gemeentelijk|Gem|Nieuweweg|2||3248 BE|Melissant|Goeree-Overflakkee|Zuid-Holland|In gebruik||Nee|Nee|Nee|Geen|||gemeente Goeree-Overflakkee||||1985||||Recht|nee|nee|nee|||13.400|nee|Ja
1920|Oude Algemene Begraafplaats|Gemeentelijk|Gem|Binnenweg|20|bij|3248 AG|Melissant|Goeree-Overflakkee|Zuid-Holland|Gesloten||Nee|Nee|Nee|Geen|||gemeente Goeree-Overflakkee||||1850||||Recht|nee|nee|ja|||3.400|nee|Ja
2150|Oude Algemene Begraafplaats|Gemeentelijk|Gem|Hoflaan|41||3241 GK|Middelharnis|Goeree-Overflakkee|Zuid-Holland|Gesloten||Nee|Nee|Nee|Geen|||gemeente Goeree-Overflakkee||||1895||||Recht|nee|ja|nee||Gesloten m.i.v. 1988. Oorlogsgraven|7.980|nee|Ja
2147|Gemeentelijke Begraafplaats Vrederust|Gemeentelijk|Gem|Rottenburgseweg|94|tegenover|3241 XD|Middelharnis|Goeree-Overflakkee|Zuid-Holland|In gebruik||Nee|Nee|Nee|Geen|||gemeente Goeree-Overflakkee||||1947||||Recht|nee|nee|ja|||27.600|nee|Ja
2152|Algemene Begraafplaats|Gemeentelijk|Gem|Korteweegje|16|bij|3244 AL|Nieuwe Tonge|Goeree-Overflakkee|Zuid-Holland|In gebruik||Nee|Nee|Nee|Geen|||gemeente Goeree-Overflakkee||||1829||||Recht|nee|nee|ja|||20.000|nee|Ja
188|Oude NH Kerkhof|Gemeentelijk|Gem|Voorstraat|52||3257 BD|Ooltgensplaat|Goeree-Overflakkee|Zuid-Holland|Gesloten||Nee|Ja|Nee|31699|https://monumentenregister.cultureelerfgoed.nl/monumenten/31699|Toegangshek|gemeente Goeree-Overflakkee||||||Middeleeuwen||Kerkoriëntatie|nee|nee|nee||Ned oorlogsgraven|4.050|nee|Ja
182|Gemeentelijke Begraafplaats|Gemeentelijk|Gem|Dorpsdijk|14||3257 LA|Ooltgensplaat|Goeree-Overflakkee|Zuid-Holland|In gebruik||Nee|Nee|Nee|Geen|||gemeente Goeree-Overflakkee||||1960||||Recht|nee|ja|nee|||8.550|nee|Ja
1915|Gemeentelijke Begraafplaats|Gemeentelijk|Gem|Dorpsweg|38||3253 ZG|Ouddorp|Goeree-Overflakkee|Zuid-Holland|In gebruik||Nee|Nee|Nee|Geen|||gemeente Goeree-Overflakkee||||1828||||Recht|ja|ja|ja||oorlogsgraven|31.000|nee|Ja
4377|Gemeentelijke begraafplaats Kleistee|Gemeentelijk|Gem|Dirkdoensweg|35a|bij|3253 AD|Ouddorp|Goeree-Overflakkee|Zuid-Holland|In gebruik||Nee|Nee|Nee|Geen|||gemeente Goeree-Overflakkee||||2022||||Gemengd|nee|nee|nee||Deel natuurbegraafplaats|32.000|nee|Nee
73|Oude Algemene Begraafplaats|Gemeentelijk|Gem|Emmastraat|4|tegenover|3255 BE|Oude-Tonge|Goeree-Overflakkee|Zuid-Holland|Gesloten||Nee|Nee|Nee|Geen|||gemeente Goeree-Overflakkee||||1810||||Recht|nee|nee|nee||1810-1977|2.000|nee|Ja
67|Nieuwe Algemene Begraafplaats|Gemeentelijk|Gem|Langeweg|1||3255 LJ|Oude-Tonge|Goeree-Overflakkee|Zuid-Holland|In gebruik||Nee|Nee|Nee|Geen|||gemeente Goeree-Overflakkee||||1952|Ja|||Recht|nee|nee|ja|||17.350|nee|Ja
66|Begraafplaats Slachtoffers Watersnoodramp 1953|Gemeentelijk|Gem|Heerendijk|1|bij|3255 LE|Oude-Tonge|Goeree-Overflakkee|Zuid-Holland|Gesloten||Nee|Nee|Nee|Geen|||gemeente Goeree-Overflakkee||||1953||||Recht|nee|nee|nee|||780|nee|Ja
1921|Begraafplaats Molenweg|Gemeentelijk|Gem|Molenweg|34|tegenover|3245 LS|Sommelsdijk|Goeree-Overflakkee|Zuid-Holland|In gebruik||Nee|Nee|Nee|Geen|||gemeente Goeree-Overflakkee||||1926||||Recht|nee|nee|ja|||36.000|nee|Ja
2153|Algemene Begraafplaats|Gemeentelijk|Gem|Nieuwstraat|27|achter|3243 AN|Stad aan 't Haringvliet|Goeree-Overflakkee|Zuid-Holland|In gebruik||Nee|Nee|Nee|Geen|||gemeente Goeree-Overflakkee||||1877||||Recht|nee|ja|nee|||10.660|nee|Ja
1919|Algemene Begraafplaats|Gemeentelijk|Gem|Kerkhoflaan|1||3251 AL|Stellendam|Goeree-Overflakkee|Zuid-Holland|In gebruik||Nee|Nee|Nee|Geen|||gemeente Goeree-Overflakkee||||1790||||Recht|nee|nee|ja|||15.000|nee|Ja
4246|Nieuwe Begraafplaats Statendam|Gemeentelijk|Gem|Statendam|||3251 NP|Stellendam|Goeree-Overflakkee|Zuid-Holland|In gebruik||Nee|Nee|Nee|Geen|||gemeente Goeree-Overflakkee||||2022||||Recht|nee|nee|nee||2014, pas in 2022 in gebruik genomen|24.800|nee|Nee
1807|Algemene Begraafplaats|Gemeentelijk|Gem|Merwededijk|15||4207 AJ|Dalem|Gorinchem|Zuid-Holland|In gebruik|Alleen bijzettingen|Nee|Nee|Nee|Geen|||gemeente Gorinchem||||1894||||Recht|nee|ja|nee|||1.400|nee|Ja
1824|Oude Algemene Begraafplaats|Gemeentelijk|Gem|W. de Vries Robbéweg|33||4206 AK|Gorinchem|Gorinchem|Zuid-Holland|In gebruik|Alleen bijzettingen|Nee|Ja|Nee|525112|https://monumentenregister.cultureelerfgoed.nl/complexen/525113|Aanleg, toegangshek oude gedeelte, entreecomplex met dienstwoning en aula, toegangshek|gemeente Gorinchem|Postbus 108|4200 AC|Gorinchem|1829||||Recht|nee|ja|ja|||26.145|nee|Ja
1840|Gemeentelijke Begraafplaats De Haarhof|Gemeentelijk|Gem|Haarweg|1||4205 NC|Gorinchem|Gorinchem|Zuid-Holland|In gebruik||Nee|Nee|Nee|Geen|||gemeente Gorinchem|Postbus 108|4200 AC|Gorinchem|1991|||Bureau Bakker en Bleeker|Recht|nee|nee|ja|||18.570|ja|Ja
1707|Oude Algemene Begraafplaats|Gemeentelijk|Gem|Prins Hendrikstraat|3||2802 KZ|Gouda|Gouda|Zuid-Holland|Gesloten||Nee|Ja|Ja|333054|https://monumentenregister.cultureelerfgoed.nl/monumenten/333054|Aula / begraafplaats|Stichting Oude Begraafplaats Gouda|Nieuwehaven 320|2801 EG|Gouda|1832||||Recht|nee|ja|ja|||6.880|nee|Ja
1706|Begraafplaats en Crematorium Ijsselhof|Gemeentelijk|Gem|Goejanverwelledijk|6||2806 NZ|Gouda|Gouda|Zuid-Holland|In gebruik||Nee|Nee|Ja|Geen||Begraafplaats, woningen en kapel|Begraafplaats IJsselhof|Goejanverwelledijk 10|2806 NZ|Gouda|1950||||Combinatie|ja|nee|ja||In WO II werden hier al gesneuvelde soldaten begraven, beheer en exploitatie door Yarden, uitbreiding met natuurbegraafplaats naar ontwerp Ada Wille|47.890|nee|Ja
2254|Algemene Begraafplaats Krommegat|Gemeentelijk|Gem|Kromme Gat|12||3372 DH|Boven-Hardinxveld|Hardinxveld-Giessendam|Zuid-Holland|In gebruik||Nee|Nee|Nee|Geen|||gemeente Hardinxveld-Giessendam||||1829||||Recht|nee|ja|ja|||4.490|nee|Ja
1820|Begraafplaats Tiendweg|Gemeentelijk|Gem|Tiendweg|11||3372 HJ|Boven-Hardinxveld|Hardinxveld-Giessendam|Zuid-Holland|In gebruik||Nee|Nee|Nee|Geen|||gemeente Hardinxveld-Giessendam||||||||Recht|nee|nee|nee|||10.340|nee|Ja
2256|Begraafplaats Neder-Hardinxveld|Gemeentelijk|Gem|Kerkweg|39||3371 AE|Giessendam|Hardinxveld-Giessendam|Zuid-Holland|In gebruik||Nee|Nee|Nee|Geen|||gemeente Hardinxveld-Giessendam||||||||Recht|nee|nee|ja|||22.160|nee|Ja
1568|Algemene Begraafplaats met RK gedeelte|Gemeentelijk|Gem|Rijksstraatweg|39||3223 KA|Hellevoetsluis|Voorne aan Zee|Zuid-Holland|In gebruik|Alleen bijzettingen|Nee|Nee|Nee|Geen|||gemeente Voorne aan Zee||||1828||||Recht|nee|nee|nee|||4.230|nee|Ja
1571|Algemene Begraafplaats Nieuw Helvoet|Gemeentelijk|Gem|Smitsweg|96|bij|3222 AJ|Hellevoetsluis|Voorne aan Zee|Zuid-Holland|In gebruik|Alleen bijzettingen|Nee|Nee|Nee|Geen|||gemeente Voorne aan Zee||||1900||||Recht|nee|nee|nee|||10.600|nee|Ja
1569|Gemeentelijke Begraafplaats De Stoofweg|Gemeentelijk|Gem|Stoofweg|2||3223 CC|Hellevoetsluis|Voorne aan Zee|Zuid-Holland|In gebruik||Nee|Nee|Nee|Geen|||gemeente Voorne aan Zee||||||||Recht|nee|nee|ja|||24.900|nee|Ja
2242|Begraafplaats Waelhof|Gemeentelijk|Gem|Kerkstraat|8||3341 LE|Hendrik-Ido-Ambacht|Hendrik-Ido-Ambacht|Zuid-Holland|In gebruik|Alleen bijzettingen|Nee|Ja|Nee|511003|https://monumentenregister.cultureelerfgoed.nl/monumenten/511003|Poortgebouw|gemeente Hendrik-Ido-Ambacht||||1854||||Recht|nee|ja|nee||uitbreiding 1933, aula eind 2015 afgebroken|7.070|nee|Ja
4126|Gemeentelijke Begraafplaats Achterambacht|Gemeentelijk|Gem|Achterambachtseweg|8b||3342 LB|Hendrik-Ido-Ambacht|Hendrik-Ido-Ambacht|Zuid-Holland|In gebruik||Nee|Nee|Nee|Geen|||gemeente Hendrik-Ido-Ambacht||||1968||||Combinatie|nee|nee|ja|||36.200|nee|Ja
4188|Gemeentelijke Begraafplaats|Gemeentelijk|Gem|Wilhelminalaan|3||2182 CA|Hillegom|Hillegom|Zuid-Holland|In gebruik||Nee|Nee|Nee|Geen|||gemeente Hillegom||||1830||||Recht|nee|nee|ja|||7.840|nee|Ja
1941|Algemene Begraafplaats|Gemeentelijk|Gem|Keizersdijk|106a||3291 CE|Cillaarshoek|Hoeksche Waard|Zuid-Holland|In gebruik||Nee|Nee|Nee|Geen|||gemeente Hoeksche Waard||||1872||||Recht|nee|ja|nee|||1.200|nee|Ja
2148|Gemeentelijke Begraafplaats|Gemeentelijk|Gem|Vaartweg|2||3267 LT|Goudswaard|Hoeksche Waard|Zuid-Holland|In gebruik|Gedeeltelijk gesloten|Nee|Nee|Nee|Geen|||gemeente Hoeksche Waard||||1828||||Recht|nee|ja|ja||oude deel is met ingang van 10-03-2001 gesloten|8.265|nee|Ja
1450|Oude Begraafplaats|Gemeentelijk|Gem|Oud Heinenoordseweg|2a||3274 KD|Heinenoord|Hoeksche Waard|Zuid-Holland|In gebruik||Nee|Nee|Nee|Geen|||gemeente Hoeksche Waard||||1889||||Recht|nee|ja|nee|||5.885|nee|Ja
1928|Gemeentelijke Begraafplaats|Gemeentelijk|Gem|Oud Cromstrijensedijk WZ|43a||3286 BR|Klaaswaal|Hoeksche Waard|Zuid-Holland|In gebruik||Nee|Nee|Nee|Geen|||gemeente Hoeksche Waard||||1905||||Recht|nee|nee|ja||Uitbreiding h. Warnau, uitbreiding in 2008|20.125|nee|Ja
800|Gemeentelijk kerkhof St. Anthonie-Polder|Gemeentelijk|Gem|Polderdijk|67||3299 LM|Maasdam|Hoeksche Waard|Zuid-Holland|In gebruik|Alleen bijzettingen|Nee|Nee|Nee|Geen|||gemeente Hoeksche Waard||||||Middeleeuwen||Recht|nee|ja|nee|||1.335|nee|Ja
1939|NH Kerkhof|Gemeentelijk|Gem|Raadhuisstraat|37|bij|3299 AP|Maasdam|Hoeksche Waard|Zuid-Holland|In gebruik||Nee|Nee|Nee|Geen|||gemeente Hoeksche Waard||||||Middeleeuwen||Kerkoriëntatie|nee|ja|nee||Wordt beheerd door de gemeente|2.640|nee|Ja
1942|Gemeentelijke begraafplaats|Gemeentelijk|Gem|Raadhuislaan|42||3271 BT|Mijnsheerenland|Hoeksche Waard|Zuid-Holland|In gebruik||Nee|Nee|Nee|Geen|||gemeente Hoeksche Waard||||1873||||Recht|nee|nee|ja|||8.980|nee|Ja
4137|Oude Begraafplaats|Gemeentelijk|Gem|Wilhelminastraat|31B||3264 XR|Nieuw Beijerland|Hoeksche Waard|Zuid-Holland|In gebruik|Alleen bijzettingen|Nee|Nee|Nee|Geen|||gemeente Hoeksche Waard||||1912||||Recht|nee|ja|nee|||5.265|nee|Ja
1925|Nieuwe gemeentelijke Begraafplaats|Gemeentelijk|Gem|Kreekkant|3A||3264 LW|Nieuw Beijerland|Hoeksche Waard|Zuid-Holland|In gebruik||Nee|Nee|Nee|Geen|||gemeente Hoeksche Waard||||1999||||Recht|nee|nee|nee|||5.880|nee|Ja
1932|Oude Algemene Begraafplaats|Gemeentelijk|Gem|Torenstraat|16|bij|3281 XP|Numansdorp|Hoeksche Waard|Zuid-Holland|Gesloten||Nee|Nee|Nee|Geen|||gemeente Hoeksche Waard||||1830||||Combinatie|nee|nee|nee|||2.790|nee|Ja
1923|Nieuwe Begraafplaats|Gemeentelijk|Gem|Hallinxweg|37||3281 KC|Numansdorp|Hoeksche Waard|Zuid-Holland|In gebruik||Nee|Nee|Nee|Geen|||gemeente Hoeksche Waard||||1930|Ja|||Recht|nee|nee|ja|||22.685|nee|Ja
3022|Gemeentelijke begraafplaats|Gemeentelijk|Gem|Langeweg|2||3262 LE|Oud-Beijerland|Hoeksche Waard|Zuid-Holland|In gebruik||Nee|Nee|Ja|Geen||Brug met hekwerk|gemeente Hoeksche Waard||||1829||||Recht|nee|nee|ja|||28.850|ja|Ja
1931|Kerkhof|Gemeentelijk|Gem|Voorstraat|24||3265 BT|Piershil|Hoeksche Waard|Zuid-Holland|Gesloten||Nee|Nee|Nee|Geen|||gemeente Hoeksche Waard||||1524||||Recht|nee|nee|nee||Gesloten 2016|895|nee|Ja
1930|Nieuwe gemeentelijke begraafplaats|Gemeentelijk|Gem|Oud Piershilseweg|4||3265 LG|Piershil|Hoeksche Waard|Zuid-Holland|In gebruik||Nee|Nee|Nee|Geen|||gemeente Hoeksche Waard||||1970||||Recht|nee|nee|nee|||5.540|nee|Ja
1940|De Essenhof|Gemeentelijk|Gem|Sportlaan|2||3299 XG|Puttershoek|Hoeksche Waard|Zuid-Holland|In gebruik||Nee|Nee|Nee|Geen|||gemeente Hoeksche Waard||||1993||||Recht|nee|nee|ja|||7.800|nee|Ja
1948|Oude gemeentelijke begraafplaats|Gemeentelijk|Gem|Prins Bernhardlaan|5||3297 CB|Puttershoek|Hoeksche Waard|Zuid-Holland|In gebruik||Nee|Nee|Nee|Geen|||gemeente Hoeksche Waard||||1827||||Recht|nee|nee|ja|||5.270|nee|Ja
1943|Nieuwe gemeentelijke begraafplaats|Gemeentelijk|Gem|Prins Bernhardlaan|7A|bij|3297 CB|Puttershoek|Hoeksche Waard|Zuid-Holland|Gesloten||Nee|Nee|Nee|Geen|||gemeente Hoeksche Waard||||1880||||Recht|nee|nee|nee|||2.530|nee|Ja
1909|Oude Algemene Begraafplaats|Gemeentelijk|Gem|Kerkstraat|11|bij|3295 BD|'s-Gravendeel|Hoeksche Waard|Zuid-Holland|Gesloten||Nee|Nee|Ja|Geen||Begraafplaats|gemeente Hoeksche Waard||||1860||||Recht|nee|ja|nee|||2.750|nee|Ja
1910|Gemeentelijke Begraafplaats|Gemeentelijk|Gem|Maasdamseweg|1||3295 LC|'s-Gravendeel|Hoeksche Waard|Zuid-Holland|In gebruik||Nee|Nee|Nee|Geen|||gemeente Hoeksche Waard||||1951||||Recht|nee|nee|ja|||16.785|nee|Ja
1949|Gemeentelijke Begraafplaats|Gemeentelijk|Gem|Kerkstraat|78a||3291 AM|Strijen|Hoeksche Waard|Zuid-Holland|In gebruik||Nee|Nee|Nee|Geen|||gemeente Hoeksche Waard||||1829||||Recht|nee|ja|ja|||11.790|nee|Ja
2241|Gemeentelijke Begraafplaats|Gemeentelijk|Gem|Havenstraat|7||3292 AB|Strijensas|Hoeksche Waard|Zuid-Holland|In gebruik||Nee|Nee|Nee|Geen|||gemeente Hoeksche Waard||||1830||||Recht|nee|ja|nee|||1.030|nee|Ja
1946|Gemeentelijke Begraafplaats|Gemeentelijk|Gem|Manhille|1||3273 XH|Westmaas|Hoeksche Waard|Zuid-Holland|In gebruik||Nee|Nee|Nee|Geen|||gemeente Hoeksche Waard||||1930|Ja|||Recht|nee|ja|nee|||6.700|nee|Ja
1933|Oude Algemene Begraafplaats|Gemeentelijk|Gem|Dorpsstraat|175|bij|3284 AG|Zuid-Beijerland|Hoeksche Waard|Zuid-Holland|Gesloten||Nee|Nee|Nee|Geen|||gemeente Hoeksche Waard||||1829||||Recht|nee|nee|nee||Gesloten 2016|2.160|nee|Ja
1926|Gemeentelijke Begraafplaats|Gemeentelijk|Gem|Koninginneweg|23a||3284 KJ|Zuid-Beijerland|Hoeksche Waard|Zuid-Holland|In gebruik||Nee|Nee|Nee|Geen|||gemeente Hoeksche Waard||||1949||||Recht|nee|ja|ja|||12.200|nee|Ja
1575|Gemeentelijke Begraafplaats|Gemeentelijk|Gem|Dorpsstraat|49|bij|2451 AP|Leimuiden|Kaag en Braassem|Zuid-Holland|In gebruik||Nee|Nee|Nee|Geen|||gemeente Kaag en Braassem||||||Middeleeuwen||Recht|nee|ja|nee||Uitbreiding in polder na WOII|3.840|nee|Ja
1615|Gemeentelijk kerkhof bij de NH kerk|Gemeentelijk|Gem|Herenweg|26||2465 AC|Rijnsaterwoude|Kaag en Braassem|Zuid-Holland|In gebruik||Nee|Nee|Nee|Geen|||gemeente Kaag en Braassem||||||Middeleeuwen||Kerkoriëntatie|nee|nee|nee|||760|nee|Nee
1574|Gemeentelijke Begraafplaats Gedenkt te Sterven|Gemeentelijk|Gem|Kerkweg|58|bij|2481 KD|Woubrugge|Kaag en Braassem|Zuid-Holland|In gebruik||Nee|Nee|Nee|Geen|||gemeente Kaag en Braassem||||1933||||Recht|nee|ja|ja||Uitgebreid in 2013|11.425|nee|Ja
1409|Begraafplaats de Bleekerij|Gemeentelijk|Gem|Sijp|13|bij|2223 BX|Katwijk aan de Rijn|Katwijk|Zuid-Holland|In gebruik||Nee|Nee|Nee|Geen|||gemeente Katwijk||||2010|||Bureau Maris|Recht|nee|nee|nee||Was rond 2007 nagenoeg klaar|4.675|nee|Ja
2998|Gemeentelijke Begraafplaats Duinrust|Gemeentelijk|Gem|Parklaan|||2225 SP|Katwijk aan Zee|Katwijk|Zuid-Holland|In gebruik||Nee|Nee|Nee|Geen|||gemeente Katwijk||||1952||||Recht|nee|nee|ja||Beheer door Hervormde gemeente|10.900|nee|Nee
2999|Gemeentelijke Begraafplaats|Gemeentelijk|Gem|Ringweg|3||2235 ET|Valkenburg|Katwijk|Zuid-Holland|In gebruik||Nee|Nee|Ja|Geen||Begraafplaats|gemeente Katwijk||||1942||||Recht|nee|ja|nee||445 zandgraven, 50 kelders|3.840|nee|Ja
99|Militair Erehof achter de NH kerk|Bijzonder|Oorl|Castellumplein|1||2235 CN|Valkenburg|Katwijk|Zuid-Holland|Gesloten||Nee|Nee|Ja|Geen||Begraafplaats|gemeente Katwijk||||1940||||Gebogen|nee|nee|nee||ned oorlogsgraven|190|nee|Nee
4136|Oude Algemene Begraafplaats|Gemeentelijk|Gem|IJsseldijk|357||2922 BK|Krimpen aan den IJssel|Krimpen aan den IJssel|Zuid-Holland|Gesloten||Nee|Nee|Nee|Geen|||gemeente Krimpen aan den IJssel||||1828||||Recht|nee|nee|nee||Gesloten in 1915/Buitendijks|1.300|nee|Ja
4153|Begraafplaats Waalhoven|Gemeentelijk|Gem|Tiendweg|47||2921 LW|Krimpen aan den IJssel|Krimpen aan den IJssel|Zuid-Holland|In gebruik||Nee|Nee|Nee|Geen|||gemeente Krimpen aan den IJssel||||1982||||Combinatie|nee|nee|ja|||28.250|nee|Ja
2245|Algemene Begraafplaats IJsseldijk|Gemeentelijk|Gem|IJsseldijk|144||2924 AT|Krimpen aan den IJssel|Krimpen aan den IJssel|Zuid-Holland|In gebruik||Nee|Nee|Nee|Geen|||gemeente Krimpen aan den IJssel||||1915||||Recht|ja|ja|nee|||13.000|nee|Ja
1756|Gemeentelijke Begraafplaats bij de kerk|Gemeentelijk|Gem|Kerkplein|6||2865 XN|Ammerstol|Krimpenerwaard|Zuid-Holland|Gesloten||Nee|Nee|Nee|Geen|||gemeente Krimpenerwaard||||||Middeleeuwen||Recht|nee|ja|nee||Sinds 1963 buiten gebruik|650|nee|Ja
1755|Gemeentelijke Begraafplaats|Gemeentelijk|Gem|Achterweg|2||2865 XD|Ammerstol|Krimpenerwaard|Zuid-Holland|In gebruik||Nee|Nee|Nee|Geen|||gemeente Krimpenerwaard||||1963||||Recht|nee|nee|ja|||4.245|nee|Ja
4135|Gemeentelijk kerkhof|Gemeentelijk|Gem|Dorpsstraat|16||2825 BN|Berkenwoude|Krimpenerwaard|Zuid-Holland|Gesloten||Nee|Nee|Nee|Geen|||gemeente Krimpenerwaard||||||Middeleeuwen||Kerkoriëntatie|nee|ja|nee|||650|nee|Ja
1700|Gemeentelijke Begraafplaats|Gemeentelijk|Gem|Westeinde|3|bij|2825 AJ|Berkenwoude|Krimpenerwaard|Zuid-Holland|In gebruik||Nee|Nee|Nee|Geen|||gemeente Krimpenerwaard||||1964||||Recht|nee|nee|ja|||6.100|nee|Ja
2255|Algemene Begraafplaats|Gemeentelijk|Gem|Dijklaan|97||2861 DW|De Bergstoep (Bergambacht)|Krimpenerwaard|Zuid-Holland|In gebruik||Nee|Nee|Nee|Geen|||gemeente Krimpenerwaard||||1828||||Recht|nee|ja|ja|||7.900|nee|Ja
1691|Algemene Begraafplaats|Gemeentelijk|Gem|Poten|1||2831 AX|Gouderak|Krimpenerwaard|Zuid-Holland|In gebruik||Nee|Nee|Nee|Geen|||gemeente Krimpenerwaard||||1829||||Recht|nee|ja|ja|||2.065|nee|Ja
1758|Algemene Begraafplaats|Gemeentelijk|Gem|Provincialeweg Oost|82||2851 AJ|Haastrecht|Krimpenerwaard|Zuid-Holland|In gebruik||Nee|Nee|Nee|Geen|||gemeente Krimpenerwaard||||1893||||Recht|nee|ja|ja||In 1893 geschonken aan de gemeente|2.870|nee|Ja
4156|Algemene Begraafplaats|Gemeentelijk|Gem|Molenweg|||2931 LL|Krimpen aan de Lek|Krimpenerwaard|Zuid-Holland|In gebruik||Nee|Ja|Ja|512459|https://monumentenregister.cultureelerfgoed.nl/complexen/512459|5 grafkelders en toegangshek met hekpijlers / Grafzerken en oorlogsmonument Het Offer|gemeente Krimpenerwaard||||1882||||Recht|nee|ja|ja|||12.175|nee|Ja
1453|Oude Algemene Begraafplaats|Gemeentelijk|Gem|Middelland|32||2931 AL|Krimpen aan de Lek|Krimpenerwaard|Zuid-Holland|Gesloten||Nee|Nee|Ja|Geen||Begraafplaats, brandspuithuisje in traditionele baksteenarchitectuur stijl|gemeente Krimpenerwaard||||1828||||Recht|nee|ja|nee|||650|nee|Nee
4152|Gemeentelijke begraafplaats|Gemeentelijk|Gem|Tiendweg Oost|1a||2941 BV|Lekkerkerk|Krimpenerwaard|Zuid-Holland|In gebruik||Nee|Nee|Ja|Geen||Begraafplaats, baarhuisje in zakelijk expressionisme stijl|gemeente Krimpenerwaard||||1867||||Recht|nee|ja|ja|||14.650|nee|Ja
1690|Oude Algemene Begraafplaats|Gemeentelijk|Gem|IJsseldijk Noord|67|tegenover|2935 BH|Ouderkerk aan den IJssel|Krimpenerwaard|Zuid-Holland|Gesloten||Nee|Ja|Nee|512186|https://monumentenregister.cultureelerfgoed.nl/complexen/512186|Baarhuisje, gietijzeren hekwerk en grafmon. A.J. Schelling|gemeente Krimpenerwaard||||1828||||Recht|nee|ja|nee|||2.020|nee|Ja
1702|Gemeentelijke Begraafplaats|Gemeentelijk|Gem|IJsseldijk Noord|12||2935 BG|Ouderkerk aan den IJssel|Krimpenerwaard|Zuid-Holland|In gebruik||Nee|Nee|Nee|Geen|||gemeente Krimpenerwaard||||1928||||Recht|nee|ja|ja|||7.085|nee|Ja
546|Gemeentelijke Begraafplaats Lageweg|Gemeentelijk|Gem|Lageweg|35|bij|2935 CD|Ouderkerk aan den IJssel|Krimpenerwaard|Zuid-Holland|In gebruik||Nee|Nee|Nee|Geen|||gemeente Krimpenerwaard||||2012||||Recht|nee|nee|ja||4.000 graven|21.985|nee|Ja
4115|Gemeentelijke Begraafplaats|Gemeentelijk|Gem|Wal|3||2871 BA|Schoonhoven|Krimpenerwaard|Zuid-Holland|In gebruik||Nee|Ja|Nee|33540|https://monumentenregister.cultureelerfgoed.nl/monumenten/33540|Toegangspoort|gemeente Krimpenerwaard||||1828||||Recht|nee|ja|nee|||11.915|nee|Ja
1757|Algemene Begraafplaats|Gemeentelijk|Gem|Hoflaan|6|bij|2821 XD|Stolwijk|Krimpenerwaard|Zuid-Holland|In gebruik||Nee|Nee|Nee|Geen|||gemeente Krimpenerwaard||||1870||||Recht|nee|nee|ja|||5.770|nee|Ja
1334|Gemeentelijke Begraafplaats|Gemeentelijk|Gem|Bergweg Noord|6||2661 CP|Bergschenhoek|Lansingerland|Zuid-Holland|In gebruik||Nee|Nee|Nee|Geen|||gemeente Lansingerland||||1828||||Recht|nee|ja|ja|||8.590|nee|Ja
1708|Algemene Begraafplaats|Gemeentelijk|Gem|Plein 1945-1995|4||2651 JZ|Berkel en Rodenrijs|Lansingerland|Zuid-Holland|In gebruik||Nee|Nee|Nee|Geen|||gemeente Lansingerland||||1959||||Gebogen|nee|nee|ja|||5.050|nee|Ja
3382|Algemene Begraafplaats|Gemeentelijk|Gem|Hoekeindseweg|23||2665 KA|Bleiswijk|Lansingerland|Zuid-Holland|In gebruik||Nee|Nee|Ja|Geen||Toegangspoort|gemeente Lansingerland||||1870||||Recht|nee|nee|ja|||6.750|nee|Ja
4128|Begraafplaats Groene Steeg|Gemeentelijk|Gem|Groenesteeg|126||2312 SR|Leiden|Leiden|Zuid-Holland|Gesloten||Nee|Ja|Nee|24699|https://monumentenregister.cultureelerfgoed.nl/monumenten/24699|Begraafplaats met aula|gemeente Leiden|Willem Pijperstraat 20|2324VZ|Leiden|1813|||Mulder, C.|Recht|nee|nee|ja|||10.800|nee|Nee
1338|Nieuwe Algemene Begraafplaats met RK gedeelte|Gemeentelijk|Gem|Hoogmadeseweg|22||2351 CS|Leiderdorp|Leiderdorp|Zuid-Holland|In gebruik||Nee|Nee|Nee|Geen|||gemeente Leiderdorp||||1950||||Recht|nee|nee|ja||Met uitbreiding aan overzijde|14.460|nee|Ja
741|Uitbreiding nw. Gemeentelijke Begraafplaats (overzijde weg)|Gemeentelijk|Gem|Hoogmadeseweg|22||2351 CS|Leiderdorp|Leiderdorp|Zuid-Holland|In gebruik||Nee|Nee|Nee|Geen|||gemeente Leiderdorp||||2009||||Recht|nee|nee|nee|||6.460|nee|Ja
670|Oude Algemene kerkhof|Gemeentelijk|Gem|Hoofdstraat|19||2351 AA|Leiderdorp|Leiderdorp|Zuid-Holland|Gesloten||Nee|Nee|Nee|Geen|||gemeente Leiderdorp||||||Middeleeuwen||Recht|nee|nee|nee|||867|nee|Nee
2457|Gemeentelijke Begraafplaats Noorthey|Gemeentelijk|Gem|Tuinenlaan|6||2264 HW|Leidschendam|Leidschendam-Voorburg|Zuid-Holland|In gebruik||Nee|Nee|Nee|Geen|||gemeente Leidschendam-Voorburg||||1979||||Combinatie|ja|nee|ja|||28.000|ja|Ja
3000|Oude Algemene Begraafplaats|Gemeentelijk|Gem|Parkweg|105||2271 BA|Voorburg|Leidschendam-Voorburg|Zuid-Holland|In gebruik||Nee|Ja|Nee|524448|https://monumentenregister.cultureelerfgoed.nl/monumenten/524448|Poortgebouw en doodgraverswoning|gemeente Leidschendam-Voorburg||||1874||||Recht|nee|nee|ja|||6.500|nee|Ja
1420|Oosterbegraafplaats|Gemeentelijk|Gem|Rodelaan|64||2272 BB|Voorburg|Leidschendam-Voorburg|Zuid-Holland|In gebruik||Nee|Nee|Nee|Geen|||gemeente Leidschendam-Voorburg||||1937||||Recht|ja|nee|ja||Ned oorlogsgraven|63.260|nee|Ja
1389|Gemeentelijke + Joodse Begraafplaats|Gemeentelijk|Gem|Willem de Zwijgerstraat|36||3143 LR|Maassluis|Maassluis|Zuid-Holland|In gebruik||Nee|Nee|Ja|Geen||Begraafplaats|Gemeente Maassluis|Postbus 55|3140AB|Maassluis|1887||||Combinatie|ja|ja|nee||Ned oorlogsgraven|15.510|nee|Ja
1050|De Dijk|Gemeentelijk|Gem|Vlaardingsedijk|||3143 LN|Maassluis|Maassluis|Zuid-Holland|In gebruik||Nee|Nee|Nee|Geen|||Gemeente Maassluis||||2015|||Buro Stad en Land i.s.m. Genius Loci|Recht|nee|nee|ja|||24.000|nee|Nee
4141|Oude gemeentelijke Begraafplaats|Gemeentelijk|Gem|Commandeurskade|15|bij|3155 AC|Maasland|Midden-Delfland|Zuid-Holland|Gesloten||Nee|Nee|Ja|Geen||Begraafplaats|gemeente Midden-Delfland||||1829||||Recht|nee|ja|nee|||1.350|nee|Ja
1657|Nieuwe Algemene Begraafplaats|Gemeentelijk|Gem|Hofsingel|1||3155 ZG|Maasland|Midden-Delfland|Zuid-Holland|In gebruik||Nee|Nee|Ja|Geen||Begraafplaats|gemeente Midden-Delfland||||1933|||Warnaar, A.|Recht|nee|ja|ja|||7.400|nee|Ja
1703|Gemeentelijke Begraafplaats|Gemeentelijk|Gem|Dorppolderweg|1||2636 DV|Schipluiden|Midden-Delfland|Zuid-Holland|In gebruik||Nee|Nee|Ja|Geen||Begraafplaats|gemeente Midden-Delfland||||1873||||Recht|nee|ja|nee|||6.760|nee|Ja
1816|Kerkhof bij de Koepelkerk|Gemeentelijk|Gem|Kerkeind|29||4241 XC|Arkel|Molenlanden|Zuid-Holland|In gebruik||Nee|Nee|Nee|Geen|||gemeente Molenlanden||||||Middeleeuwen||Recht|nee|nee|nee|||7.430|nee|Ja
2258|Gemeentelijke Begraafplaats|Gemeentelijk|Gem|Meulenbroek|16||2971 XD|Bleskensgraaf|Molenlanden|Zuid-Holland|In gebruik||Nee|Nee|Nee|Geen|||gemeente Molenlanden||||1931||||Recht|nee|nee|ja||Met uitbreiding|7.400|nee|Ja
4158|NH Kerkhof|Gemeentelijk|Gem|Brandwijksedijk|19|bij|2974 LB|Brandwijk|Molenlanden|Zuid-Holland|In gebruik|Alleen bijzettingen|Nee|Nee|Nee|Geen|||gemeente Molenlanden||||||Middeleeuwen||Recht|nee|nee|nee||Voorheen Hervormd|725|nee|Ja
4159|Gemeentelijke Begraafplaats Brandwijk en Molenaarsgraaf|Gemeentelijk|Gem|Kerkweg|7|bij|2974 LH|Brandwijk (Molenaarsgraaf)|Molenlanden|Zuid-Holland|In gebruik||Nee|Nee|Nee|Geen|||gemeente Molenlanden||||1960||||Recht|nee|nee|ja|||8.080|nee|Ja
4138|NH Kerkhof|Gemeentelijk|Gem|Kerkstraat|3c|bij|4225 RG|Noordeloos|Molenlanden|Zuid-Holland|In gebruik||Nee|Nee|Ja|Geen||Baarhuisje|gemeente Molenlanden||||||Middeleeuwen||Recht|nee|ja|ja|||3.250|nee|Ja
1806|Oud kerkhof|Gemeentelijk|Gem|Kerkplein|1a||4209 AC|Schelluinen|Molenlanden|Zuid-Holland|In gebruik||Nee|Nee|Nee|Geen|||gemeente Molenlanden||||||Middeleeuwen||Recht|nee|nee|nee|||670|nee|Ja
4161|NH Kerkhof|Gemeentelijk|Gem|Kerkstraat|38||2959 BS|Streefkerk|Molenlanden|Zuid-Holland|Gesloten||Nee|Nee|Nee|Geen|||gemeente Molenlanden||||||Middeleeuwen||Kerkoriëntatie|nee|nee|nee||restanten, was feitelijk ook de algemene begraafplaats, gesloten in 1978|825|nee|Nee
1811|Begraafplaats|Gemeentelijk|Gem|C.M. van Houwelingweg|1||3381 KD|Giessenburg|Molenlanden|Zuid-Holland|In gebruik||Nee|Nee|Nee|Geen|||gemeente Molenlanden||||||||Recht|nee|nee|nee|||5.300|nee|Ja
1815|vm. NH Begraafplaats|Gemeentelijk|Gem|Kerkhoflaan|ong.||3381 AR|Giessenburg|Molenlanden|Zuid-Holland|In gebruik||Nee|Nee|Nee|Geen|||gemeente Molenlanden||||1880|Ja|||Recht|nee|nee|nee|||2.300|nee|Ja
2259|Gemeentelijk kerkhof|Gemeentelijk|Gem|Oudkerkseweg|22|bij|3381 KR|Giessen-Oudekerk|Molenlanden|Zuid-Holland|In gebruik||Nee|Nee|Nee|Geen|||gemeente Molenlanden||||||Middeleeuwen||Recht|nee|ja|nee||Met diverse uitbreidingen|6.580|nee|Ja
1809|Gemeentelijk kerkhof met uitbreiding|Gemeentelijk|Gem|Noordzijde|18||2977 AD|Goudriaan|Molenlanden|Zuid-Holland|In gebruik||Nee|Nee|Ja|Geen||Begraafplaats|gemeente Molenlanden||||||Middeleeuwen||Combinatie|nee|nee|nee||Uitbreidingen 1971 en 2006|2.030|nee|Ja
1784|Begraafplaats Gelkenes|Gemeentelijk|Gem|Gelkenes/Liesveld|2||2964 AG|Groot Ammers|Molenlanden|Zuid-Holland|In gebruik||Nee|Nee|Nee|Geen|||gemeente Molenlanden||||1858||||Recht|nee|ja|ja|||7.650|nee|Ja
1814|Begraafplaats|Gemeentelijk|Gem|Dorpsweg|92A||4221 LJ|Hoogblokland|Molenlanden|Zuid-Holland|In gebruik||Nee|Nee|Nee|Geen|||gemeente Molenlanden||||1873||||Recht|nee|nee|ja||Uitbreiding uit jaren 50.|3.000|nee|Ja
1817|Gemeentelijk kerkhof|Gemeentelijk|Gem|Dorpsweg|10b|bij|4223 NA|Hoornaar|Molenlanden|Zuid-Holland|In gebruik||Nee|Nee|Nee|Geen|||gemeente Molenlanden||||||Middeleeuwen||Combinatie|nee|nee|ja||Laatste uitbreiding in 2025|3.500|nee|Ja
1754|Gemeentelijk kerkhof|Gemeentelijk|Gem|Lekdijk|151||2967 GH|Langerak|Molenlanden|Zuid-Holland|In gebruik||Nee|Nee|Nee|Geen|||gemeente Molenlanden||||||Middeleeuwen||Recht|nee|ja|nee||Met uitbreiding|4.040|nee|Ja
4129|Kerkhof bij de NH Kerk|Gemeentelijk|Gem|Dorpsstraat|28|bij|2973 AC|Molenaarsgraaf|Molenlanden|Zuid-Holland|In gebruik||Nee|Nee|Ja|Geen||Begraafplaats|gemeente Molenlanden||||||Middeleeuwen||Recht|nee|nee|ja|||1.350|nee|Ja
2235|Oude Algemene Begraafplaats|Gemeentelijk|Gem|Lekdijk|89|bij|2957 CD|Nieuw Lekkerland|Molenlanden|Zuid-Holland|In gebruik|Alleen bijzettingen|Nee|Nee|Ja|Geen||Begraafplaats|gemeente Molenlanden||||1865||||Recht|nee|ja|nee||Buitendijks|2.410|nee|Ja
4132|Algemene Begraafplaats|Gemeentelijk|Gem|Schoonenburglaan|64||2957 BD|Nieuw Lekkerland|Molenlanden|Zuid-Holland|In gebruik||Nee|Nee|Nee|Geen|||gemeente Molenlanden||||1961||||Recht|nee|nee|ja|||25.670|nee|Ja
1788|Gemeentelijke Begraafplaats|Gemeentelijk|Gem|Bij de Waterschuur|30|bij|2965 AN|Nieuwpoort|Molenlanden|Zuid-Holland|In gebruik||Nee|Nee|Nee|Geen|||gemeente Molenlanden||||||||Recht|nee|nee|ja|||3.460|nee|Ja
4162|Gemeentelijk kerkhof bij de Hervormde kerk|Gemeentelijk|Gem|A|61||2975 BC|Ottoland|Molenlanden|Zuid-Holland|In gebruik||Nee|Nee|Nee|Geen|||gemeente Molenlanden||||||Middeleeuwen||Recht|nee|ja|ja|||1.940|nee|Ja
2240|Gemeentelijke Begraafplaats|Gemeentelijk|Gem|Noordzijde|35||2969 AR|Oud-Alblas|Molenlanden|Zuid-Holland|In gebruik||Nee|Nee|Nee|Geen|||gemeente Molenlanden||||1872||||Recht|nee|nee|ja|||5.900|nee|Ja
1842|Begraafplaats Nolweg|Gemeentelijk|Gem|Nolweg|28a||4209 AZ|Schelluinen|Molenlanden|Zuid-Holland|In gebruik||Nee|Nee|Nee|Geen|||gemeente Molenlanden||||1976||||Recht|nee|nee|nee|||2.640|nee|Ja
2249|Gemeentelijke Begraafplaats|Gemeentelijk|Gem|Beneden Tiendweg|||2959 BA|Streefkerk|Molenlanden|Zuid-Holland|In gebruik||Nee|Nee|Nee|Geen|||gemeente Molenlanden||||1931||||Recht|nee|nee|ja|||3.780|nee|Ja
2261|Nieuwe algemene Begraafplaats|Gemeentelijk|Gem|Oosteinde|41|bij|3366 BE|Wijngaarden|Molenlanden|Zuid-Holland|In gebruik||Nee|Nee|Nee|Geen|||gemeente Molenlanden||||1984||||Recht|nee|nee|nee|||1.850|nee|Ja
2260|Oude algemene Kerkhof|Gemeentelijk|Gem|Dorpsstraat|28||3366 BD|Wijngaarden|Molenlanden|Zuid-Holland|In gebruik||Nee|Nee|Nee|Geen|||gemeente Molenlanden||||||Middeleeuwen||Recht|nee|nee|nee|||750|nee|Nee
1595|Gemeentelijk kerkhof bij de NH kerk|Gemeentelijk|Gem|Reghthuysplein|18||2421 BE|Nieuwkoop|Nieuwkoop|Zuid-Holland|In gebruik||Nee|Nee|Nee|Geen|||gemeente Nieuwkoop||||||Middeleeuwen||Recht|nee|nee|nee||voormalig NH Kerkhof|2.935|nee|Ja
1608|Oud NH Kerkhof|Gemeentelijk|Gem|Kerkstraat|45||2441 CG|Nieuwveen|Nieuwkoop|Zuid-Holland|In gebruik||Nee|Nee|Ja|Geen||Kerkhof|gemeente Nieuwkoop||||||Middeleeuwen||Recht|nee|nee|nee|||1.820|nee|Ja
1578|Gemeentelijke Begraafplaats|Gemeentelijk|Gem|Westkanaalweg|83||2461 EH|Ter Aar|Nieuwkoop|Zuid-Holland|In gebruik||Nee|Nee|Nee|Geen|||gemeente Nieuwkoop||||1931||||Recht|nee|nee|ja||Op plaats oude Geref. Kerk, later naar voren en achteren uitgebreid|7.280|nee|Ja
1577|Oude algemene kerkhof|Gemeentelijk|Gem|Aardamseweg|3||2461 CA|Ter Aar|Nieuwkoop|Zuid-Holland|Gesloten||Nee|Nee|Nee|Geen|||gemeente Nieuwkoop||||||Middeleeuwen||Kerkoriëntatie|nee|nee|nee|||640|nee|Nee
1609|Gemeentelijk kerkhof|Gemeentelijk|Gem|Dorpsstraat|12||2435 AJ|Zevenhoven|Nieuwkoop|Zuid-Holland|In gebruik||Nee|Nee|Ja|Geen||Kerkhof|gemeente Nieuwkoop||||||Middeleeuwen||Recht|nee|ja|nee|||1.590|nee|Ja
1723|Gemeentelijk Kerkhof|Gemeentelijk|Gem|Kerkplein|11||3216 AK|Abbenbroek|Nissewaard|Zuid-Holland|Gesloten||Ja|Ja|Nee|525168|https://monumentenregister.cultureelerfgoed.nl/monumenten/525168|Toegangshek|gemeente Nissewaard||||||Middeleeuwen||Recht|nee|nee|nee|||1.040|nee|Ja
1715|Gemeentelijke Begraafplaats|Gemeentelijk|Gem|Kouwenhovenseweg|3||3216 LP|Abbenbroek|Nissewaard|Zuid-Holland|In gebruik||Nee|Nee|Nee|Geen|||gemeente Nissewaard||||1975||||Recht|nee|ja|nee|||2.200|nee|Ja
4139|Gemeentelijk kerkhof|Gemeentelijk|Gem|Kerkplein|7|bij|3211 AR|Geervliet|Nissewaard|Zuid-Holland|Gesloten||Nee|Nee|Nee|Geen|||gemeente Nissewaard||||||Middeleeuwen||Recht|nee|ja|nee||voorheen NH|890|nee|Ja
1738|Nieuwe gemeentelijke Begraafplaats Geervliet|Gemeentelijk|Gem|Oude Noorlandsedijk|1||3211 BV|Geervliet|Nissewaard|Zuid-Holland|In gebruik||Nee|Nee|Nee|Geen|||gemeente Nissewaard||||1972||||Recht|nee|nee|nee|||8.420|nee|Ja
1711|Gemeentelijke Begraafplaats|Gemeentelijk|Gem|Welleweg|3||3218 LK|Heenvliet|Nissewaard|Zuid-Holland|In gebruik||Nee|Nee|Nee|Geen|||gemeente Nissewaard||||1881||||Recht|nee|nee|nee||Was van 1980 tot 2008 gesloten|3.300|nee|Ja
1679|Gemeentelijke Begraafplaats|Gemeentelijk|Gem|Meeldijk|6||3209 AV|Hekelingen|Nissewaard|Zuid-Holland|In gebruik||Nee|Nee|Nee|Geen|||gemeente Nissewaard||||||||Recht|nee|ja|nee|||2.150|nee|Ja
1712|Begraafplaats|Gemeentelijk|Gem|Leuneweg|14||3227 AP|Oudenhoorn|Nissewaard|Zuid-Holland|In gebruik||Nee|Nee|Ja|Geen||Smeed- en gietijzeren hekwerk bij begraafplaats|gemeente Nissewaard||||||||Recht|nee|ja|nee|||3.320|nee|Ja
1416|Begraafplaats De Ommering|Gemeentelijk|Gem|Oprelseweg|1||3202 LD|Spijkenisse|Nissewaard|Zuid-Holland|In gebruik||Nee|Nee|Nee|Geen|||gemeente Nissewaard|Postbus  25|3200AA|Spijkenisse|1965|||W.C.J. Boer|Recht|nee|nee|ja|||43.485|ja|Ja
1476|Algemene Begraafplaats Vredehof|Gemeentelijk|Gem|Vredehofstraat|27|bij|3201 CV|Spijkenisse|Nissewaard|Zuid-Holland|Gesloten||Nee|Nee|Nee|Geen|||gemeente Nissewaard||||||||Recht|ja|nee|nee|||9.350|nee|Ja
1728|Algemene Begraafplaats|Gemeentelijk|Gem|Raadhuisstraat|25a||3214 AP|Zuidland|Nissewaard|Zuid-Holland|Gesloten||Nee|Nee|Ja|Geen||Smeedijzeren toegangshek begraafplaats|gemeente Nissewaard||||1828||||Recht|nee|ja|nee||-1979|2.010|nee|Ja
1732|Nieuwe Algemene Begraafplaats|Gemeentelijk|Gem|Kerkweg|1||3214 VB|Zuidland|Nissewaard|Zuid-Holland|In gebruik||Nee|Nee|Nee|Geen|||gemeente Nissewaard||||1952|Ja|||Recht|nee|nee|ja|||12.230|nee|Ja
1592|Gemeentelijke Begraafplaats|Gemeentelijk|Gem|Oude Zeeweg|32||2202 CG|Noordwijk|Noordwijk|Zuid-Holland|In gebruik||Nee|Ja|Ja|511981|https://monumentenregister.cultureelerfgoed.nl/monumenten/511981|Oude gedeelte, muur, baarhuisje en 2 grafmonumenten / Graf Daniël Noteboom, schaker (+ ouders)|gemeente Noordwijk, afd. Openbare Werken|Postbus 298|2200 AG|Noordwijk|1829|||S. van der Pauw|Recht|nee|ja|nee||Gemenebest oorlogsgr 135|11.300|nee|Ja
2239|Gemeentelijke Begraafplaats|Gemeentelijk|Gem|Admiraal de Ruyterweg|21||3354 XA|Papendrecht|Papendrecht|Zuid-Holland|In gebruik||Nee|Nee|Nee|Geen|||gemeente Papendrecht||||1911||||Combinatie|nee|nee|ja|||33.600|nee|Ja
4154|Oude Algemene Begraafplaats Rusthof|Gemeentelijk|Gem|Lagendijk|54|bij|2981 EM|Ridderkerk|Ridderkerk|Zuid-Holland|In gebruik||Nee|Nee|Ja|Geen||Aula, begraafplaats|gemeente Ridderkerk||||1829||||Recht|nee|ja|ja||Uitbreiding jaren dertig|12.120|nee|Ja
4165|Begraafplaats Vredehof|Gemeentelijk|Gem|Lagendijk|114||2981 EN|Ridderkerk|Ridderkerk|Zuid-Holland|In gebruik||Nee|Nee|Ja|Geen||Aula, begraafplaats|gemeente Ridderkerk|Postbus 271|2980AG|Ridderkerk|1954|||J. Vroom jr.|Combinatie|ja|nee|ja||Uitbreiding bezig in 2022|73.850|ja|Ja
338|Gemeentelijk kerkhof bij de NH Kerk|Gemeentelijk|Gem|Herenstraat|62B|bij|2282 BW|Rijswijk|Rijswijk|Zuid-Holland|Gesloten||Nee|Nee|Nee|Geen|||gemeente Rijswijk||||||Middeleeuwen||Kerkoriëntatie|nee|nee|nee|||975|nee|Nee
1566|Gemeentelijke Begraafplaats|Gemeentelijk|Gem|Kerkhofweg|6||3151 TN|Hoek van Holland|Rotterdam|Zuid-Holland|In gebruik||Nee|Nee|Nee|Geen|||gemeente Rotterdam||||1917||||Combinatie|nee|ja|ja||Gem Best oorlogsgr 74|24.600|nee|Ja
3527|Begraafplaats OudHoogvliet|Gemeentelijk|Gem|Achterweg|50||3191 VA|Hoogvliet|Rotterdam|Zuid-Holland|Gesloten||Nee|Nee|Nee|Geen|||gemeente Rotterdam||||||||Recht|nee|nee|nee|||2.400|nee|Ja
3390|Begraafplaats Oudeland|Gemeentelijk|Gem|Oudelandseweg|211||3194 XA|Hoogvliet|Rotterdam|Zuid-Holland|In gebruik||Nee|Nee|Nee|Geen|||gemeente Rotterdam||||1967||||Recht|nee|nee|ja|||51.085|nee|Ja
3460|Gemeentelijke Begraafplaats Pernis|Gemeentelijk|Gem|Ring|548||3195 XT|Pernis|Rotterdam|Zuid-Holland|In gebruik||Nee|Nee|Nee|Geen|||gemeente Rotterdam||||1916||||Recht|nee|nee|ja|||12.015|nee|Ja
1417|Kerkhof Oud Pernis|Gemeentelijk|Gem|Ring|1||3195 XB|Pernis|Rotterdam|Zuid-Holland|Gesloten||Nee|Nee|Nee|Geen|||gemeente Rotterdam||||||||Recht|nee|ja|nee|||890|nee|Nee
1327|Gemeentelijke begraafplaats Crooswijk|Gemeentelijk|Gem|Kerkhoflaan|1-5||3034 TA|Rotterdam|Rotterdam|Zuid-Holland|In gebruik||Nee|Ja|Nee|506293|https://monumentenregister.cultureelerfgoed.nl/complexen/506293|Poortgebouw, drenkelingenhuis, wachtlokaal annex opzichterswoning, poortgebouw met hek, etc.|gemeente Rotterdam||||1832|||P. Adams|Combinatie|ja|ja|ja||114 oorlogsgraven, uitbreidingen door L.A. Springer en Bijhouwer|189.870|ja|Ja
2886|Oude Begraafplaats Schiebroek|Gemeentelijk|Gem|Ringdijk|43||3052 KS|Rotterdam|Rotterdam|Zuid-Holland|Gesloten||Ja|Nee|Ja|Geen||Begraafplaatshek, baarhuisje|gemeente Rotterdam||||1904||||Recht|nee|ja|nee||In 1952 gesloten, niet open voor publiek|520|nee|Ja
1472|Zuiderbegraafplaats|Gemeentelijk|Gem|Slinge|50||3084 EB|Rotterdam|Rotterdam|Zuid-Holland|In gebruik||Nee|Nee|Nee|Geen|||gemeente Rotterdam||||1940|||Theeuwis, F.|Combinatie|nee|nee|ja|||110.300|ja|Ja
1525|Begraafplaats Hofwijk|Gemeentelijk|Gem|Delftweg|230||3046 ND|Rotterdam|Rotterdam|Zuid-Holland|In gebruik||Nee|Nee|Nee|Geen|||gemeente Rotterdam||||1938|||Theeuwis, F.|Recht|ja|nee|ja|||267.000|nee|Ja
1724|Begraafplaats|Gemeentelijk|Gem|Molenweg|40||3181 AT|Rozenburg|Rotterdam|Zuid-Holland|In gebruik||Nee|Nee|Nee|Geen|||gemeente Rotterdam||||1868||||Recht|nee|ja|ja||Uitbreiding gepland|12.840|nee|Ja
2248|Gemeentelijke Begraafplaats|Gemeentelijk|Gem|Thorbeckelaan|2||3362 BT|Sliedrecht|Sliedrecht|Zuid-Holland|In gebruik||Nee|Nee|Ja|Geen||Aula en poort|gemeente Sliedrecht||||1885||||Recht|nee|nee|nee|||37.865|nee|Ja
3565|Gemeentelijke Begraafplaats Emaus|Gemeentelijk|Gem|Emaus|6||3135 JC|Vlaardingen|Vlaardingen|Zuid-Holland|In gebruik|Alleen bijzettingen|Nee|Nee|Ja|Geen||Begraafplaats met historisch groen, entreegebouw, aula, bedrijfsruimtes, Koetshuis, Baarhuis, Selectie van individuele graven|gemeente Vlaardingen||||1829||||Recht|nee|ja|nee|||35.785|nee|Ja
1521|Gemeentelijke Begraafplaats Holy|Gemeentelijk|Gem|Olmendreef|150||3137CR|Vlaardingen|Vlaardingen|Zuid-Holland|In gebruik||Nee|Nee|Nee|Geen|||gemeente Vlaardingen||||1972||||Recht|ja|nee|ja|||58.000|ja|Ja
1688|Gemeentelijke Begraafplaats Rosenburgh|Gemeentelijk|Gem|Rosenburgherlaan|1|bij|2252 BA|Voorschoten|Voorschoten|Zuid-Holland|In gebruik||Nee|Nee|Ja|Geen||Aula en toegangspoort|gemeente Voorschoten||||1963||||Recht|nee|nee|ja|||30.000|ja|Ja
1619|Nieuwe algemene Begraafplaats Thijmhof|Gemeentelijk|Gem|Alberdingk Thijmlaan|8||2741 AA|Waddinxveen|Waddinxveen|Zuid-Holland|In gebruik||Nee|Nee|Nee|Geen|||gemeente Waddinxveen|Postbus 400|2740AK|Waddinxveen|1974||||Recht|ja|nee|nee|||34.550|nee|Ja
1630|Oude algemene Begraafplaats|Gemeentelijk|Gem|Kerkweg-west|19||2742 VM|Waddinxveen|Waddinxveen|Zuid-Holland|In gebruik|Alleen bijzettingen|Nee|Nee|Ja|Geen||Begraafplaats met Aula-poortgebouw, diverse familiegraven, vier oorlogsgraven|gemeente Waddinxveen|Postbus 400|2740AK|Waddinxveen|1838||||Recht|nee|ja|ja||Voorm. NH kerkhof, aangelegd na afbraak kerk!|5.130|nee|Ja
3415|Gemeentelijke Begraafplaats Persijnhof met RK deel|Gemeentelijk|Gem|Het Kerkehout|6||2245 XR|Wassenaar|Wassenaar|Zuid-Holland|In gebruik||Nee|Nee|Nee|Geen|||gemeente Wassenaar|Postbus 499|2240AL|Wassenaar|1982||||Recht|nee|nee|ja|||8.900|ja|Nee
4337|Asurn Hazelhoff Roelfsema bij monument gevallenen Wassenaarseslag|Bijzonder|Oorl|Schouwweg||||Wassenaar|Wassenaar|Zuid-Holland|Gesloten||Nee|Nee|Nee|Geen|||||||2007||||Recht|nee|nee|nee||Monument dateert van 1952, asurn geplaatst in 2007|16|nee|Nee
1666|Gemeentelijke Begraafplaats De Lier|Gemeentelijk|Gem|Burgemeester Crezeelaan|28||2678 KX|De Lier|Westland|Zuid-Holland|In gebruik||Nee|Nee|Nee|Geen|||gemeente Westland|Postbus  13|2678ZG|De Lier|1915|Ja|||Recht|nee|nee|ja|||21.350|nee|Ja
1656|Gemeentelijke Begraafplaats|Gemeentelijk|Gem|Kerkhoflaan|2||2676 XV|Maasdijk|Westland|Zuid-Holland|In gebruik||Nee|Nee|Nee|Geen|||Begraafplaats Maasdijk|Kerkhoflaan 1|2676 XV|Maasdijk|1932|Ja|||Recht|nee|nee|ja|||9.215|nee|Ja
1663|Gemeentelijke Begraafplaats Molenlande|Gemeentelijk|Gem|Molenstraat|141e||2681 BR|Monster|Westland|Zuid-Holland|In gebruik||Nee|Nee|Nee|Geen|||gemeente Westland|Postbus  19|2680 AA|Monster|1830|Ja|||Recht|nee|ja|ja|||12.000|nee|Ja
4145|Algemene Begraafplaats|Gemeentelijk|Gem|Geestweg|122||2671 MC|Naaldwijk|Westland|Zuid-Holland|In gebruik||Nee|Nee|Ja|Geen||Begraafplaats|gemeente Westland|||Monster|1865||||Combinatie|nee|nee|ja||Recent uitgebreid|38.270|nee|Ja
1667|Algemene Begraafplaats Beukenhage|Gemeentelijk|Gem|Naaldwijkseweg|101a||2691 RD|'s-Gravenzande|Westland|Zuid-Holland|In gebruik||Nee|Nee|Ja|Geen||Begraafplaats, monument voor de Berlin|gemeente Westland|Naaldwijkseweg to 103|2691 RD|'s-Gravenzande|1873||||Recht|ja|nee|ja||111 WO I|38.235|nee|Ja
1658|Gemeentelijke Begraafplaats|Gemeentelijk|Gem|Julianastraat|17a||2291 TR|Wateringen|Westland|Zuid-Holland|In gebruik||Nee|Nee|Nee|Geen|||gemeente Westland||||1930|Ja|||Recht|nee|ja|nee|||3.735|nee|Ja
1570|Algemene Begraafplaats Westvoorne|Gemeentelijk|Gem|Voorweg|33a||3233 SJ|Oostvoorne|Voorne aan Zee|Zuid-Holland|In gebruik||Nee|Nee|Nee|Geen|||gemeente Voorne aan Zee||||||||Recht|nee|nee|ja|||27.910|nee|Ja
1567|Begraafplaats Maria Rust|Gemeentelijk|Gem|Zeeweg|2||3235 AX|Rockanje|Voorne aan Zee|Zuid-Holland|In gebruik|Alleen bijzettingen|Nee|Nee|Ja|Geen||Begraafplaats|gemeente Voorne aan Zee||||1828||||Recht|nee|ja|nee|||5.450|nee|Ja
232|Nieuwe Begraafplaats|Gemeentelijk|Gem|Dirk van Voornelaan|34||3235 AC|Rockanje|Voorne aan Zee|Zuid-Holland|In gebruik||Nee|Nee|Nee|Geen|||gemeente Voorne aan Zee||||1950|||P. Verhagen|Organisch|nee|nee|ja|||70.600|nee|Ja
3396|Gemeentelijke Begraafplaats Binnenweg|Gemeentelijk|Gem|Binnenweg|||2712 XE|Zoetermeer|Zoetermeer|Zuid-Holland|In gebruik||Nee|Nee|Nee|Geen|||gemeente Zoetermeer||||1957|||W.C.J. Boer|Recht|nee|nee|nee|||13.760|nee|Ja
3380|Gemeentelijke Begraafplaats Hoflaan|Gemeentelijk|Gem|Buytenparklaan|1||2717 AX|Zoetermeer|Zoetermeer|Zuid-Holland|In gebruik||Nee|Nee|Nee|Geen|||gemeente Zoetermeer||||1981|||CH & Partners Stedebouw en Landschap|Organisch|ja|nee|ja||Uitbreiding van Ada Wille|77.760|ja|Ja
1584|Oude algemene kerkhof|Gemeentelijk|Gem|Dorpsstraat|59||2712 AD|Zoetermeer|Zoetermeer|Zuid-Holland|Gesloten||Nee|Nee|Nee|Geen|||gemeente Zoetermeer||||||Middeleeuwen||Kerkoriëntatie|nee|nee|nee|||1.420|nee|Nee
3401|Gemeentelijke Begraafplaats Moerhage|Gemeentelijk|Gem|Beatrixlaan|2||2751 XS|Moerkapelle|Zuidplas|Zuid-Holland|In gebruik||Nee|Nee|Nee|Geen|||gemeente Zuidplas||||1880|Ja|||Recht|nee|nee|nee|||4.110|nee|Ja
1404|Gemeentelijke Begraafplaats Westhage|Gemeentelijk|Gem|Akkerweg|84||2751 CP|Moerkapelle|Zuidplas|Zuid-Holland|In gebruik||Nee|Nee|Nee|Geen|||gemeente Zuidplas||||1988||||Recht|nee|nee|ja|||6.295|nee|Ja
1694|Oude gemeentelijke Begraafplaats|Gemeentelijk|Gem|Koningin Julianastraat|11a|bij|2841 VL|Moordrecht|Zuidplas|Zuid-Holland|In gebruik||Nee|Nee|Ja|Geen||Begraafplaats|gemeente Zuidplas||||1829||||Recht|nee|ja|ja|||2.070|nee|Ja
1698|Gemeentelijke Begraafplaats Middelweg|Gemeentelijk|Gem|Middelweg|45a||2841 LB|Moordrecht|Zuidplas|Zuid-Holland|In gebruik||Nee|Nee|Nee|Geen|||gemeente Zuidplas||||1989|||M. Pemmelaar-Groot|Recht|nee|nee|ja|||8.130|nee|Ja
1686|Nieuwe gemeentelijke Begraafplaats Essenhof|Gemeentelijk|Gem|Kerkhofpad|1||2911 CB|Nieuwerkerk aan den IJssel|Zuidplas|Zuid-Holland|In gebruik||Nee|Nee|Nee|Geen|||gemeente Zuidplas||||1966||||Recht|nee|nee|ja|||38.685|nee|Ja
1699|Oude Algemene Begraafplaats|Gemeentelijk|Gem|Prinses Beatrixstraat|2|bij|2911 AL|Nieuwerkerk aan den IJssel|Zuidplas|Zuid-Holland|In gebruik|Alleen bijzettingen|Nee|Nee|Nee|Geen|||gemeente Zuidplas||||1874||||Recht|nee|ja|nee||gesloten in 1966|1.975|nee|Ja
3384|Gemeentelijke Begraafplaats|Gemeentelijk|Gem|Zuidplasweg|3||2761 JK|Zevenhuizen|Zuidplas|Zuid-Holland|In gebruik||Nee|Nee|Nee|Geen|||gemeente Zuidplas||||||||Recht|nee|nee|ja|||10.460|nee|Ja
3449|Algemene Begraafplaats|Gemeentelijk|Gem|Molenweg|23|bij|2995 BK|Heerjansdam|Zwijndrecht|Zuid-Holland|In gebruik||Nee|Ja|Nee|509912|https://monumentenregister.cultureelerfgoed.nl/monumenten/509912|Poortgebouw|gemeente Zwijndrecht||||1874||||Recht|nee|ja|ja||Uitgebreid in 1962|6.660|nee|Ja
2244|Gemeentelijke Begraafplaats Zwijndrecht|Gemeentelijk|Gem|Jeroen Boschlaan|26||3331 HS|Zwijndrecht|Zwijndrecht|Zuid-Holland|In gebruik||Nee|Nee|Nee|Geen|||gemeente Zwijndrecht||||1937|||J. Wildeman|Recht|nee|ja|ja||Uitbreiding 1964 naar ontwerp van J. Meijers uit Dordrecht|51.375|nee|Ja
2234|Kerkhof Oude Kerk|Gemeentelijk|Gem|Kerkstraat|49|bij|3331 XL|Zwijndrecht|Zwijndrecht|Zuid-Holland|Gesloten||Nee|Nee|Nee|Geen|||gemeente Zwijndrecht||||||Middeleeuwen||Recht|nee|nee|nee|| -1963. Sinds 1879 bij gemeente|3.115|nee|Ja
2238|Nieuwe Gemeentelijke Begraafplaats|Gemeentelijk|Gem|Munnikensteeg|50||3335 LJ|Zwijndrecht|Zwijndrecht|Zuid-Holland|In gebruik||Nee|Nee|Nee|Geen|||gemeente Zwijndrecht||||1991||||Recht|nee|nee|ja|||37.215|nee|Ja
4127|Algemene Begraafplaats Groote Lindt|Gemeentelijk|Gem|Develweg|28|bij|3333 LA|Zwijndrecht|Zwijndrecht|Zuid-Holland|Gesloten||Nee|Nee|Nee|Geen|||gemeente Zwijndrecht||||||Middeleeuwen||Recht|nee|ja|nee||gesloten per 1 mei 1972|640|nee|Nee
1559|Joodse Begraafplaats|Bijzonder|Joods|Geertruyt van Oostenstraat|53|bij|2612 RP|Delft|Delft|Zuid-Holland|Gesloten|Bijzetting mogelijk|Nee|Nee|Nee|Geen|||||||1845||||Recht|nee|nee|nee||1800-1940, 25 zerken|780|nee|Nee
3888|Joodse Begraafplaats Scheveningen (gemengd)|Bijzonder|Joods|Scheveningseweg|21a||2517 KS|'s-Gravenhage|Den Haag|Zuid-Holland|In gebruik||Nee|Ja|Nee|18067|https://monumentenregister.cultureelerfgoed.nl/monumenten/18067|Begraafplaats|Joodse gemeente Den Haag|Kruisbeklaan 57|2566CN|Den Haag|1694||||Recht|nee|ja|nee||ca 3000 zerken, 10.000 graven sleutel bij receptie NIB Capital, Carnegieplein 4|22.380|nee|Ja
1912|Joodse Begraafplaats|Bijzonder|Joods|Nieuweweg|2|bij|3314 JS|Dordrecht|Dordrecht|Zuid-Holland|In gebruik||Ja|Ja|Nee|522272|https://monumentenregister.cultureelerfgoed.nl/monumenten/522272|Begraafplaats|||||1871||||Recht|nee|ja|nee||ca 375 zerken|2.100|nee|Ja
1913|Joodse Begraafplaats|Bijzonder|Joods|Mariadijk|2|bij|3252 BB|Goedereede|Goeree-Overflakkee|Zuid-Holland|Gesloten|Bijzetting mogelijk|Nee|Nee|Nee|Geen|||||||1812||||Recht|nee|nee|nee||1812-1900, geen stenen|255|nee|Ja
1935|Joodse Begraafplaats|Bijzonder|Joods|Oost Havendijk|8a|bij|3247 LD|Dirksland|Goeree-Overflakkee|Zuid-Holland|Gesloten|Bijzetting mogelijk|Nee|Nee|Nee|Geen|||||||1847||||Recht|nee|nee|nee||9 zerken|540|nee|Nee
1944|Joodse Begraafplaats|Bijzonder|Joods|Hoflaan|||3241 AC|Middelharnis|Goeree-Overflakkee|Zuid-Holland|Gesloten|Bijzetting mogelijk|Nee|Nee|Nee|Geen|||||||1865||||Recht|nee|nee|nee||56 zerken|585|nee|Nee
1844|Joodse Begraafplaats|Bijzonder|Joods|Willem de Vries Robbéweg|10||4206 AL|Gorinchem|Gorinchem|Zuid-Holland|Gesloten|Bijzetting mogelijk|Nee|Ja|Nee|525108|https://monumentenregister.cultureelerfgoed.nl/monumenten/525108|Begraafplaats, aula en hek|||||1814||||Recht|nee|ja|nee||134 zerken|1.215|nee|Ja
1397|Joodse Begraafplaats|Bijzonder|Joods|Prinses Irenestraat|||3261 AP|Oud Beijerland|Hoeksche Waard|Zuid-Holland|Gesloten|Bijzetting mogelijk|Nee|Nee|Ja|Geen||Begraafplaats|||||1790||||Recht|nee|nee|nee||1790-1948, 65 zerken|1.430|nee|Ja
1945|Joodse Begraafplaats|Bijzonder|Joods|Oud Bonaventurasedijk|46|bij|3291 CL|Strijen|Hoeksche Waard|Zuid-Holland|Gesloten|Bijzetting mogelijk|Nee|Nee|Nee|Geen|||||||1896||||Recht|nee|ja|nee||Gebruikt tot 1969, 23 stèles. Verzamelgraf Dordrecht oude begraafplaats|300|nee|Ja
4189|Joodse Begraafplaats|Bijzonder|Joods|Rijnstraat|151||2223 EA|Katwijk|Katwijk|Zuid-Holland|In gebruik||Nee|Ja|Nee|23527|https://monumentenregister.cultureelerfgoed.nl/monumenten/23527|Begraafplaats||Rijnstraat 151|2223 EA|Katwijk|1758||||Recht|nee|ja|nee||ca 450 zerken, met name voor Leiden|3.375|nee|Ja
4116|Joodse Begraafplaats|Bijzonder|Joods|Nes|15||2871 BD|Schoonhoven|Krimpenerwaard|Zuid-Holland|Gesloten|Bijzetting mogelijk|Nee|Nee|Nee|Geen|||||||1767||||Recht|nee|nee|nee||1767-1956, 48 zerken (2002: opgeknapt)|510|nee|Ja
3452|Joodse Begraafplaats|Bijzonder|Joods|Kerkweg|149|bij|2941 BJ|Lekkerkerk|Krimpenerwaard|Zuid-Holland|Gesloten|Bijzetting mogelijk|Nee|Nee|Ja|Geen||Begraafplaats|||||1866||||Recht|nee|nee|nee||6 zerken|150|nee|Nee
4140|Joodse Begraafplaats op Algemene Begraafplaats|Bijzonder|Joods|Willem de Zwijgerstraat|36||3143 LR|Maassluis|Maassluis|Zuid-Holland|Gesloten|Bijzetting mogelijk|Nee|Nee|Nee|Geen|||||||1950||||Recht|nee|nee|nee||23 zerken, in 1950 overgebracht van oude begraafplaats|200|nee|Nee
1714|Joodse Begraafplaats van Voorne Putten|Bijzonder|Joods|Spuikade|2|tegenover|3211 BG|Geervliet|Nissewaard|Zuid-Holland|Gesloten|Bijzetting mogelijk|Nee|Ja|Nee|9377|https://monumentenregister.cultureelerfgoed.nl/monumenten/9377|Begraafplaats|||||1781||||Recht|nee|nee|nee||1781-1940, 85 stèles|1.345|nee|Ja
1713|Joodse Begraafplaats|Bijzonder|Joods|Kerkweg|38a||3214 VE|Zuidland|Nissewaard|Zuid-Holland|Gesloten|Bijzetting mogelijk|Nee|Nee|Ja|Geen||Begraafplaats|||||1888||||Recht|nee|nee|nee||5 zerken|84|nee|Ja
874|Joodse Begraafplaats op Algemene Begraafplaats|Bijzonder|Joods|Winston Churchilllaan|233||2282 JS|Rijswijk|Rijswijk|Zuid-Holland|Gesloten|Bijzetting mogelijk|Nee|Nee|Nee|Geen|||||||1937||||Recht|nee|nee|nee|||110|nee|Nee
243|Liberaal Joodse Begraafplaats Beth Hachaim|Bijzonder|Joods|Eikelenburglaan|7||2286 KA|Rijswijk|Rijswijk|Zuid-Holland|In gebruik||Nee|Nee|Nee|Geen|||Liberale Joodse Gemeente Den Haag||||1990||||Recht|nee|nee|nee|||580|nee|Nee
3439|Portugees-Joodse Begraafplaats|Bijzonder|Joods|Jan van Loonslaan|||3031 PK|Rotterdam|Rotterdam|Zuid-Holland|Gesloten|Bijzetting mogelijk|Nee|Nee|Nee|Geen|||||||1613||||Recht|nee|nee|nee||Sefardisch (vooral)/1613-1700|770|nee|Nee
1478|Joodse Begraafplaats Oostzeedijk (gemengd)|Bijzonder|Joods|Oostzeedijk|276||3063 CA|Rotterdam|Rotterdam|Zuid-Holland|Gesloten|Bijzetting mogelijk|Nee|Nee|Ja|Geen||Begraafplaats|N.I.G. Rotterdam|bij Infirmeriestraat|||1696||||Recht|nee|nee|nee||1696-1833, 195 zerken|900|nee|Nee
3618|Joodse Begraafplaats Delfshaven|Bijzonder|Joods|Kerkepad|13||3024 CJ|Rotterdam|Rotterdam|Zuid-Holland|Gesloten|Bijzetting mogelijk|Nee|Nee|Nee|Geen|||||||1865||||Recht|nee|nee|nee||1865-1898, maakte deel uit van begraafplaats Schoonderlo, geruimd 1923|200|nee|Nee
4200|Het Toepad|Bijzonder|Joods|Toepad|65||3063 NJ|Rotterdam|Rotterdam|Zuid-Holland|In gebruik||Nee|Ja|Nee|32923|https://monumentenregister.cultureelerfgoed.nl/monumenten/32923|Begraafplaats|N.I.G. Rotterdam||||1895||||Recht|nee|ja|nee|||27.900|nee|Ja
1405|Joodse Begraafplaats|Bijzonder|Joods|Schiedamseweg/Parkweg|||3134 BA|Vlaardingen|Vlaardingen|Zuid-Holland|Gesloten|Bijzetting mogelijk|Nee|Nee|Ja|Geen||Begraafplaats|||||1862||||Recht|nee|nee|nee||1 zerk, gebruikt tot 1900, 43 doden.|260|nee|Nee
1343|Joodse Begraafplaats|Bijzonder|Joods|Het Kerkehout|4a||2245 XR|Wassenaar|Wassenaar|Zuid-Holland|In gebruik||Nee|Ja|Nee|524542|https://monumentenregister.cultureelerfgoed.nl/complexen/524542|Aanleg en metaarhuisje||Postbus  93037|2509AA|Den Haag|1906||||Recht|nee|ja|nee|||20.840|nee|Ja
1660|Joodse Begraafplaats|Bijzonder|Joods|Opstalweg|20|bij|2671 LX|Naaldwijk|Westland|Zuid-Holland|Gesloten|Bijzetting mogelijk|Nee|Nee|Ja|Geen||Begraafplaats|Joodse gemeente Den Haag||||1793||||Recht|nee|nee|nee||31 zerken|1.100|nee|Ja
39|Kerkhof||NH|Dorpsstraat|38||2445 AN|Aarlanderveen|Alphen aan den Rijn|Zuid-Holland|Geruimd|Nee|Ja|Nee|7515|https://monumentenregister.cultureelerfgoed.nl/monumenten/7515|Priesterzerk (onderdeel)||||||||Middeleeuwen||Kerkoriëntatie|nee|nee|nee||||nee|Nee
68|Joodse Begraafplaats||Joods|Aarkade|63||2406 BW|Alphen aan den Rijn|Alphen aan den Rijn|Zuid-Holland|Geruimd|Nee|Nee|Nee|Geen||||||||1802||||Recht|nee|ja|||1802-1964, metaheerhuisje nog aanwezig|1.970|nee|Nee
116|HH Michael en Bernarduskerkhof (Scheepjeskerk)||RK|Rijndijk|106|bij|2394 AJ|Hazerswoude Rijndijk|Alphen aan den Rijn|Zuid-Holland|Geruimd|Nee|Nee|Nee|Geen||||||||1869||||Recht|nee|nee|nee||Gesloten in 1980. Geruimd in 2010|590|nee|Nee
66|NH Kerkhof||Gem|Kerkplein|7||2470 AA|Zwammerdam|Alphen aan den Rijn|Zuid-Holland|Geruimd|Nee|Nee|Nee|Geen|||College van Kerkrentmeester NH Gemeente|Wettenluststraat 5|2471 AC|Zwammerdam||||Middeleeuwen||Kerkoriëntatie|nee|nee|nee|||575|nee|Nee
29|NH Kerkhof||NH|Dorpsstraat|148||2992 BE|Barendrecht|Barendrecht|Zuid-Holland|Geruimd|Nee|Nee|Nee|Geen||||||||||Middeleeuwen||Kerkoriëntatie|nee|nee|nee||Tot 1871, drie zerken resteren|1.715|nee|Nee
172|NH Kerkhof||NH|Sint Catharijnehof|1||3231 XS|Brielle|Voorne aan Zee|Zuid-Holland|Geruimd|Nee|Nee|Nee|Geen||||||||||Middeleeuwen||Kerkoriëntatie|nee|nee|nee|||5.172|nee|Nee
203|NH Kerkhof||NH|Schoolstraat|5||3238 AP|Zwartewaal|Voorne aan Zee|Zuid-Holland|Geruimd|Nee|Nee|Nee|Geen||||||||||Middeleeuwen||Kerkoriëntatie|nee|nee|nee||Enkele verzamelde grafmonumenten|2.100|nee|Nee
137|NH Kerkhof||NH|Kerklaan|2||2903 BE|Capelle aan den Ijssel|Capelle aan den IJssel|Zuid-Holland|Geruimd|Nee|Nee|Nee|Geen||||||||||Middeleeuwen||Kerkoriëntatie|nee|nee|nee||Van 1828-1874 Burgerlijk, één steen resteert|980|nee|Nee
170|Oude kerkhof Scheveningen||NH|Keizerstraat|8||2584 BJ|s-Gravenhage|Den Haag|Zuid-Holland|Geruimd|Nee|Nee|Nee|Geen||||||||||Middeleeuwen||Kerkoriëntatie|nee|nee|nee|||1.925|nee|Nee
235|NH kerkkhof||NH|Ring|2||3247 BN|Dirksland|Goeree-Overflakkee|Zuid-Holland|Geruimd|Nee|Nee|Nee|Geen||||||||||Middeleeuwen||Kerkoriëntatie|nee|nee|nee|||4.000|nee|Nee
75|NH Kerkhof||NH|Ring|15||3241 CR|Middelharnis|Goeree-Overflakkee|Zuid-Holland|Geruimd|Nee|Nee|Nee|Geen||||||||||Middeleeuwen||Kerkoriëntatie|nee|nee|nee||Obelisk tegen noordzijde kerk.|6.220|nee|Nee
234|NH kerkhof||NH|Kerkring|29||3244 AH|Nieuwe-Tonge|Goeree-Overflakkee|Zuid-Holland|Geruimd|Nee|Nee|Nee|Geen||||||||||Middeleeuwen||Kerkoriëntatie|nee|nee|nee|||1.720|nee|Nee
5|NH Kerkhof||NH|Weststraat|2||3253 AK|Ouddorp|Goeree-Overflakkee|Zuid-Holland|Geruimd|Nee|Ja|Nee|16267|https://monumentenregister.cultureelerfgoed.nl/monumenten/16267|Kerkhof||||||||Middeleeuwen||Kerkoriëntatie|nee|nee|nee||Geen grafmonumenten meer|1.750|nee|Nee
237|NH kerkhof||NH|Kerkring|1||3255 AH|Oude-Tonge|Goeree-Overflakkee|Zuid-Holland|Geruimd|Nee|Nee|Nee|Geen||||||||||Middeleeuwen||Kerkoriëntatie|nee|nee|nee|||2.300|nee|Nee
280|NH kerkhof||NH|Nieuwstraat|27||3243 AN|Stad aan 't Haringvliet|Goeree-Overflakkee|Zuid-Holland|Geruimd|Nee|Nee|Nee|Geen||||||||||Middeleeuwen||Kerkoriëntatie|nee|nee|nee|||770|nee|Nee
121|NH Kerkhof Nieuw Helvoet||NH|Ring|2||3222 AE|Hellevoetsluis|Voorne aan Zee|Zuid-Holland|Geruimd|Nee|Nee|Nee|Geen||||||||||Middeleeuwen||Kerkoriëntatie|nee|nee|nee||Geen grafmonumenten meer|1.430|nee|Nee
152|NH Kerkhof||NH|Dorpsstraat|13||3342 BJ|Hendrik-Ido-Ambacht|Hendrik-Ido-Ambacht|Zuid-Holland|Geruimd|Nee|Nee|Nee|Geen||||||||||Middeleeuwen||Kerkoriëntatie|nee|nee|nee||Geen grafmonumenten meer|791|nee|Nee
302|NH kerkhof Cillaarshoek||NH|Keizersdijk|159||3291 CD|Strijen|Hoeksche Waard|Zuid-Holland|Geruimd|Nee|Nee|Nee|Geen||||||||1615||||Kerkoriëntatie|nee|nee|nee|||425|nee|Nee
15|NH Kerkhof||NH|Kerkplein|12||3274 BL|Heinenoord|Hoeksche Waard|Zuid-Holland|Geruimd|Nee|Nee|Nee|Geen||||||||||Middeleeuwen||Kerkoriëntatie|nee|nee|nee||Zuidelijk deel bebouwd, contour nog wel aanwezig inclusief hekwerk|1.800|nee|Nee
279|NH kerkhof||NH|Kerkstraat|18||3286 AK|Klaaswaal|Hoeksche Waard|Zuid-Holland|Geruimd|Nee|Nee|Nee|Geen||||||||||Middeleeuwen||kerkoriëntatie|nee|nee|nee||Straat doorgetrokken over kerkhof, deels bebouwd, twee zerken liggen er nog|400|nee|Nee
303|NH Kerkhof||NH|Kerkplein|1A||3271 BG|Mijnsheerenland|Hoeksche Waard|Zuid-Holland|Geruimd|Nee|Nee|Nee|Geen||||||||||Middeleeuwen||Kerkoriëntatie|nee|nee|nee||Een zerk op roef aanwezig|2.325|nee|Nee
176|NH Kerkhof||NH|Kerkstraat|22||3264 AJ|Nieuw-Beijerland|Hoeksche Waard|Zuid-Holland|Geruimd|Nee|Nee|Nee|Geen||||||||||Middeleeuwen||Kerkoriëntatie|nee|nee|nee|||2.215|nee|Nee
177|NH Kerkhof||NH|Waterstal|7||3262 JR|Oud-Beijerland|Hoeksche Waard|Zuid-Holland|Geruimd|Nee|Nee|Nee|Geen||||||||||Middeleeuwen||Kerkoriëntatie|nee|nee|nee||Geen grafmonumenten meer|1.580|nee|Nee
245|NH kerkhof||NH|Kerkplein|1||3297 AX|Puttershoek|Hoeksche Waard|Zuid-Holland|Geruimd|Nee|Nee|Nee|Geen||||||||||Middeleeuwen||Kerkoriëntatie|nee|nee|nee||Deels bebouwd|1.480|nee|nee
74|NH Kerkhof||NH|Kerkstraat|25a||3295 BD|'s-Gravendeel|Hoeksche Waard|Zuid-Holland|Geruimd|Nee|Nee|Nee|Geen||||||||||Middeleeuwen||Kerkoriëntatie|nee|nee|nee|||2.360|nee|Nee
281|NH Kerkhof||NH|Breestraat|7||3273 AC|Westmaas|Hoeksche Waard|Zuid-Holland|Geruimd|Nee|Nee|Nee|Geen||||||||||Middeleeuwen||Kerkoriëntatie|nee|nee|nee||Deels bebouw, vorm moeilijk herkenbaar|1.265|nee|Nee
67|H Jacobusbegraafplaats (later gemeentelijk)||RK|Weteringlaan|15|to|2377 XN|Oude Wetering|Kaag en Braassem|Zuid-Holland|Geruimd|Nee|Nee|Nee|Geen||||||||||||Recht|nee|nee|nee||Geruimd in 2006|495|nee|Nee
128|Oude Kerkhof||NH|Kerkstraat|4|bij|2481 AA|Woubrugge|Kaag en Braassem|Zuid-Holland|Geruimd|Nee|Nee|Nee|Geen||||||||||Middeleeuwen||Kerkoriëntatie|nee|nee|||1828-1934 alg. begraafplaats, heringericht 1969. Nu plantsoen, sarcofaag|900|nee|Nee
120|NH Kerkhof||NH|Boulevard|109||2225 HC|Katwijk|Katwijk|Zuid-Holland|Geruimd|Nee|Nee|Nee|Geen||||||||||Middeleeuwen||Kerkoriëntatie|nee|nee|nee|||1.191|nee|Nee
236|NH kerkhof||NH|Kerksingel|2||2861 AG|Bergambacht|Krimpenerwaard|Zuid-Holland|Geruimd|Nee|Nee|Nee|Geen||||||||||Middeleeuwen||Kerkoriëntatie|nee|nee|nee||Geen grafmonumenten meer, wel monument in muur|1.270|nee|Nee
61|NH Kerkhof||NH|Kerkplein|9||2851 CJ|Haastrecht|Krimpenerwaard|Zuid-Holland|Geruimd|Nee|Nee|Nee|Geen||||||||||Middeleeuwen||Kerkoriëntatie|nee|nee|nee|||208|nee|Nee
82|Oud NH Kerkhof||NH|Haven|84|bij|2871 CR|Schoonhoven|Krimpenerwaard|Zuid-Holland|Geruimd|Nee|Nee|Nee|Geen||||||||||Middeleeuwen||Recht|nee|nee|nee|| -1821 geruimd|435|nee|Nee
26|Voormalig Kerkhof||NH|Kerkplein|1||3155 AM|Maasland|Midden-Delfland|Zuid-Holland|Geruimd|Nee|Nee|Nee|Geen||||||||||Middeleeuwen||Kerkoriëntatie|nee|nee|nee||Geen grafmonumenten meer|1.200|nee|Nee
277|Hervormd Kerkhof||NH|Dorpsstraat|3||2636 CB|Schipluiden|Midden-Delfland|Zuid-Holland|Geruimd|Nee|Nee|Nee|Geen||||||||||Middeleeuwen||Kerkoriëntatie|nee|nee|nee||Zuidzijde intact, noord grind|240|nee|Nee
241|NH kerkhof||NH|Dorpsweg|80a||4221 LJ|Hoogblokland|Molenlanden|Zuid-Holland|Geruimd|Nee|Nee|Nee|Geen||||||||||Middeleeuwen||Kerkoriëntatie|nee|nee|nee||Nog enkele zerken als stoep|1.340|nee|Nee
313|NH kerkhof||NH|Dorpsstraat|50||2969 AD|Oud-Alblas|Molenlanden|Zuid-Holland|Geruimd|Nee|Nee|Nee|Geen||||||||||Middeleeuwen||Kerkoriëntatie|nee|nee|nee||Grafkelder met rechten voor onbepaalde tijd aanwezig|6|nee|Nee
162|NH Kerkhof||NH|Ring|1||3227 AS|Oudenhoorn|Nissewaard|Zuid-Holland|Geruimd|Nee|Nee|Nee|Geen||||||||||Middeleeuwen||Kerkoriëntatie|nee|nee|nee|||3.300|nee|Nee
165|NH Kerkhof||NH|Kerkring|2||3201 CX|Spijkenisse|Nissewaard|Zuid-Holland|Geruimd|Nee|Nee|Nee|Geen||||||||||Middeleeuwen||Kerkoriëntatie|nee|nee|nee|||1.583|nee|Nee
164|NH Kerkhof||NH|Kerkstraat|8||3214 AJ|Zuidland|Nissewaard|Zuid-Holland|Geruimd|Nee|Nee|Nee|Geen||||||||||Middeleeuwen||Kerkoriëntatie|nee|nee|nee|||1.800|nee|Nee
130|NH Kerkhof||NH|Dorpsstraat|7||2211 GA|Noordwijkerhout|Noordwijk|Zuid-Holland|Geruimd|Nee|Nee|Nee|Geen||||||||||Middeleeuwen||Kerkoriëntatie|nee|nee|nee|||1.350|nee|Nee
220|NH Kerkhof||NH|Kerksingel|1||2981 EH|Ridderkerk|Ridderkerk|Zuid-Holland|Geruimd|Nee|Nee|Nee|Geen||||||||||Middeleeuwen||Kerkoriëntatie|nee|nee|nee||Vorm intact, geen grafmonumenten meer|1.610|nee|Nee
151|NH Kerkhof||NH|Charloisse Kerksingel|35||3082 DA|Charlois|Rotterdam|Zuid-Holland|Geruimd|Nee|Nee|Nee|Geen||||||||||Middeleeuwen||Kerkoriëntatie|nee|nee|nee|||3.790|nee|Nee
64|Joodse begraafplaats||Joods|Poldervaartpad (Beukenhof?)|||3118 GR|Schiedam|Schiedam|Zuid-Holland|Geruimd|Nee|Nee|Nee|Geen||||||||1930||||Recht|nee|nee|nee||Na WO II geruimd|?|nee|Nee
207|Gem. begraafplaats||Gem|Molenstraat|73|bij|2681 BN|Monster|Westland|Zuid-Holland|Geruimd|Nee|Nee|Nee|Geen||||||||1830||||Recht|nee|nee|nee||Nu parkje|1.440|nee|Nee
166|NH Kerkhof||NH|Kerkplein|12||2841 XM|Moordrecht|Zuidplas|Zuid-Holland|Geruimd|Nee|Nee|Nee|Geen||||||||||Middeleeuwen||Kerkoriëntatie|nee|nee|nee|||1.340|nee|Nee
70|NH Kerkhof||Gem|Dorpsstraat|170||2761 AJ|Zevenhuizen|Zuidplas|Zuid-Holland|Geruimd|Nee|Nee|Nee|Geen||||||||||Middeleeuwen||Kerkoriëntatie|nee|nee|nee|||1.200|nee|Nee
117|NH Kerkhof||NH|Molenweg|8||2995 BL|Heerjansdam|Zwijndrecht|Zuid-Holland|Geruimd|Nee|Nee|Nee|Geen||||||||||Middeleeuwen||Kerkoriëntatie|nee|nee|nee|||1.890|nee|Nee
314|NH kerkhof||NH|Kerkplein|1||3233 AR|Oostvoorne|Voorne aan Zee|Zuid-Holland|Geruimd|Nee|Nee|Nee|Geen||||||||||Middeleeuwen||Kerkoriëntatie|nee|nee|nee|||2.200|Nee|nee
315|NH kerkhof||NH|Hoofdstraat|51||2678 CG|De Lier|Westland|Zuid-Holland|Geruimd|Nee|Nee|Nee|Geen||||||||||Middeleeuwen||Kerkoriëntatie|nee|nee|nee|||525|Nee|nee
