<?xml version="1.0" encoding="UTF-8"?>
<kml xmlns="http://www.opengis.net/kml/2.2">
  <Document>
    <name>Begraafplaatsen Zuid-Holland</name>
    <description/>
    <Style id="icon-1899-DB4436-nodesc-normal">
      <IconStyle>
        <color>ff3644db</color>
        <scale>1</scale>
        <Icon>
          <href>https://www.gstatic.com/mapspro/images/stock/503-wht-blank_maps.png</href>
        </Icon>
        <hotSpot x="32" xunits="pixels" y="64" yunits="insetPixels"/>
      </IconStyle>
      <LabelStyle>
        <scale>0</scale>
      </LabelStyle>
      <BalloonStyle>
        <text><![CDATA[<h3>$[name]</h3>]]></text>
      </BalloonStyle>
    </Style>
    <Style id="icon-1899-DB4436-nodesc-highlight">
      <IconStyle>
        <color>ff3644db</color>
        <scale>1</scale>
        <Icon>
          <href>https://www.gstatic.com/mapspro/images/stock/503-wht-blank_maps.png</href>
        </Icon>
        <hotSpot x="32" xunits="pixels" y="64" yunits="insetPixels"/>
      </IconStyle>
      <LabelStyle>
        <scale>1</scale>
      </LabelStyle>
      <BalloonStyle>
        <text><![CDATA[<h3>$[name]</h3>]]></text>
      </BalloonStyle>
    </Style>
    <StyleMap id="icon-1899-DB4436-nodesc">
      <Pair>
        <key>normal</key>
        <styleUrl>#icon-1899-DB4436-nodesc-normal</styleUrl>
      </Pair>
      <Pair>
        <key>highlight</key>
        <styleUrl>#icon-1899-DB4436-nodesc-highlight</styleUrl>
      </Pair>
    </StyleMap>
    <Style id="icon-22-nodesc-normal">
      <IconStyle>
        <scale>1.1</scale>
        <Icon>
          <href>https://www.gstatic.com/mapspro/images/stock/22-blue-dot.png</href>
        </Icon>
        <hotSpot x="16" xunits="pixels" y="32" yunits="insetPixels"/>
      </IconStyle>
      <LabelStyle>
        <scale>0</scale>
      </LabelStyle>
      <BalloonStyle>
        <text><![CDATA[<h3>$[name]</h3>]]></text>
      </BalloonStyle>
    </Style>
    <Style id="icon-22-nodesc-highlight">
      <IconStyle>
        <scale>1.1</scale>
        <Icon>
          <href>https://www.gstatic.com/mapspro/images/stock/22-blue-dot.png</href>
        </Icon>
        <hotSpot x="16" xunits="pixels" y="32" yunits="insetPixels"/>
      </IconStyle>
      <LabelStyle>
        <scale>1.1</scale>
      </LabelStyle>
      <BalloonStyle>
        <text><![CDATA[<h3>$[name]</h3>]]></text>
      </BalloonStyle>
    </Style>
    <StyleMap id="icon-22-nodesc">
      <Pair>
        <key>normal</key>
        <styleUrl>#icon-22-nodesc-normal</styleUrl>
      </Pair>
      <Pair>
        <key>highlight</key>
        <styleUrl>#icon-22-nodesc-highlight</styleUrl>
      </Pair>
    </StyleMap>
    <Style id="poly-AA0000-3000-140-nodesc-normal">
      <LineStyle>
        <color>ff0000aa</color>
        <width>3</width>
      </LineStyle>
      <PolyStyle>
        <color>8c0000aa</color>
        <fill>1</fill>
        <outline>1</outline>
      </PolyStyle>
      <BalloonStyle>
        <text><![CDATA[<h3>$[name]</h3>]]></text>
      </BalloonStyle>
    </Style>
    <Style id="poly-AA0000-3000-140-nodesc-highlight">
      <LineStyle>
        <color>ff0000aa</color>
        <width>4.5</width>
      </LineStyle>
      <PolyStyle>
        <color>8c0000aa</color>
        <fill>1</fill>
        <outline>1</outline>
      </PolyStyle>
      <BalloonStyle>
        <text><![CDATA[<h3>$[name]</h3>]]></text>
      </BalloonStyle>
    </Style>
    <StyleMap id="poly-AA0000-3000-140-nodesc">
      <Pair>
        <key>normal</key>
        <styleUrl>#poly-AA0000-3000-140-nodesc-normal</styleUrl>
      </Pair>
      <Pair>
        <key>highlight</key>
        <styleUrl>#poly-AA0000-3000-140-nodesc-highlight</styleUrl>
      </Pair>
    </StyleMap>
    <Folder>
      <name>Naamloze laag</name>
    </Folder>
    <Folder>
      <name>Zuid-Holland</name>
      <Placemark>
        <name>Vm. Geref. kerkhof, Oude Wetering</name>
        <styleUrl>#poly-AA0000-3000-140-nodesc</styleUrl>
        <Polygon>
          <outerBoundaryIs>
            <LinearRing>
              <tessellate>1</tessellate>
              <coordinates>
                4.644094,52.215156,0
                4.644228,52.214757,0
                4.644534,52.214785,0
                4.644476,52.21493,0
                4.644498,52.214936,0
                4.644474,52.215002,0
                4.644533,52.215008,0
                4.644465,52.215205,0
                4.644094,52.215156,0
              </coordinates>
            </LinearRing>
          </outerBoundaryIs>
        </Polygon>
      </Placemark>
      <Placemark>
        <name>NH Kerkhof, Oude Wetering</name>
        <styleUrl>#poly-AA0000-3000-140-nodesc</styleUrl>
        <Polygon>
          <outerBoundaryIs>
            <LinearRing>
              <tessellate>1</tessellate>
              <coordinates>
                4.645447,52.21226,0
                4.645493,52.212051,0
                4.645931,52.212092,0
                4.645867,52.212319,0
                4.645447,52.21226,0
              </coordinates>
            </LinearRing>
          </outerBoundaryIs>
        </Polygon>
      </Placemark>
      <Placemark>
        <name>RK begraafplaats, Oude Wetering</name>
        <styleUrl>#poly-AA0000-3000-140-nodesc</styleUrl>
        <Polygon>
          <outerBoundaryIs>
            <LinearRing>
              <tessellate>1</tessellate>
              <coordinates>
                4.646562,52.2092,0
                4.646276,52.20917,0
                4.646317,52.208947,0
                4.646604,52.208974,0
                4.646562,52.2092,0
              </coordinates>
            </LinearRing>
          </outerBoundaryIs>
        </Polygon>
      </Placemark>
      <Placemark>
        <name>Gem. kerkhof, Alblasserdam</name>
        <styleUrl>#poly-AA0000-3000-140-nodesc</styleUrl>
        <Polygon>
          <outerBoundaryIs>
            <LinearRing>
              <tessellate>1</tessellate>
              <coordinates>
                4.668229,51.862123,0
                4.66802,51.862035,0
                4.667934,51.861979,0
                4.667883,51.861942,0
                4.667862,51.861893,0
                4.667917,51.861766,0
                4.667943,51.861703,0
                4.667985,51.861602,0
                4.66821,51.861642,0
                4.668295,51.861496,0
                4.668704,51.861573,0
                4.668893,51.86162,0
                4.669245,51.86173,0
                4.669431,51.861819,0
                4.669577,51.861921,0
                4.669704,51.86201,0
                4.669836,51.862092,0
                4.670028,51.862213,0
                4.669856,51.862414,0
                4.669466,51.862868,0
                4.668604,51.863347,0
                4.668302,51.863243,0
                4.668111,51.863343,0
                4.668075,51.863335,0
                4.668049,51.862815,0
                4.668371,51.862411,0
                4.668295,51.862393,0
                4.668247,51.862356,0
                4.668205,51.862298,0
                4.668229,51.862123,0
              </coordinates>
            </LinearRing>
          </outerBoundaryIs>
        </Polygon>
      </Placemark>
      <Placemark>
        <name>Gem. begraafplaats, Aarlanderveen</name>
        <styleUrl>#poly-AA0000-3000-140-nodesc</styleUrl>
        <Polygon>
          <outerBoundaryIs>
            <LinearRing>
              <tessellate>1</tessellate>
              <coordinates>
                4.736668,52.134943,0
                4.736948,52.134855,0
                4.737363,52.135279,0
                4.737372,52.135297,0
                4.737134,52.135398,0
                4.736668,52.134943,0
              </coordinates>
            </LinearRing>
          </outerBoundaryIs>
        </Polygon>
      </Placemark>
      <Placemark>
        <name>Begraafplaats HH Petrus en Paulus, Aarlanderveen</name>
        <styleUrl>#poly-AA0000-3000-140-nodesc</styleUrl>
        <Polygon>
          <outerBoundaryIs>
            <LinearRing>
              <tessellate>1</tessellate>
              <coordinates>
                4.721818,52.148125,0
                4.722271,52.147865,0
                4.722575,52.14807,0
                4.722359,52.148203,0
                4.722185,52.148318,0
                4.722136,52.148339,0
                4.721818,52.148125,0
              </coordinates>
            </LinearRing>
          </outerBoundaryIs>
        </Polygon>
      </Placemark>
      <Placemark>
        <name>Gemeentelijk kerkhof, Geervliet</name>
        <styleUrl>#poly-AA0000-3000-140-nodesc</styleUrl>
        <Polygon>
          <outerBoundaryIs>
            <LinearRing>
              <tessellate>1</tessellate>
              <coordinates>
                4.259228,51.859742,0
                4.259256,51.859595,0
                4.25949,51.859604,0
                4.259818,51.859625,0
                4.259859,51.859897,0
                4.259667,51.859882,0
                4.259679,51.859832,0
                4.25962,51.859806,0
                4.25953,51.859796,0
                4.259537,51.859767,0
                4.259228,51.859742,0
              </coordinates>
            </LinearRing>
          </outerBoundaryIs>
        </Polygon>
      </Placemark>
      <Placemark>
        <name>Joodse begraafplaats, Geervliet</name>
        <styleUrl>#poly-AA0000-3000-140-nodesc</styleUrl>
        <Polygon>
          <outerBoundaryIs>
            <LinearRing>
              <tessellate>1</tessellate>
              <coordinates>
                4.254717,51.860309,0
                4.255061,51.860091,0
                4.255209,51.860008,0
                4.255504,51.860189,0
                4.255489,51.860204,0
                4.255244,51.860322,0
                4.254902,51.860498,0
                4.25475,51.860334,0
                4.254717,51.860309,0
              </coordinates>
            </LinearRing>
          </outerBoundaryIs>
        </Polygon>
      </Placemark>
      <Placemark>
        <name>Joodse begraafplaats, Zuidland</name>
        <styleUrl>#poly-AA0000-3000-140-nodesc</styleUrl>
        <Polygon>
          <outerBoundaryIs>
            <LinearRing>
              <tessellate>1</tessellate>
              <coordinates>
                4.253241,51.820987,0
                4.25334,51.820934,0
                4.253427,51.821003,0
                4.253335,51.82105,0
                4.253241,51.820987,0
              </coordinates>
            </LinearRing>
          </outerBoundaryIs>
        </Polygon>
      </Placemark>
      <Placemark>
        <name>Oude gem. begraafplaats Haagpoort, Delft</name>
        <styleUrl>#poly-AA0000-3000-140-nodesc</styleUrl>
        <Polygon>
          <outerBoundaryIs>
            <LinearRing>
              <tessellate>1</tessellate>
              <coordinates>
                4.351667,52.017054,0
                4.351887,52.017238,0
                4.351918,52.017411,0
                4.351827,52.01748,0
                4.351595,52.017695,0
                4.351299,52.017741,0
                4.351124,52.017293,0
                4.351245,52.017171,0
                4.351667,52.017054,0
              </coordinates>
            </LinearRing>
          </outerBoundaryIs>
        </Polygon>
      </Placemark>
      <Placemark>
        <name>Gemeentelijke begraafplaats Jaffa, Delft</name>
        <styleUrl>#poly-AA0000-3000-140-nodesc</styleUrl>
        <MultiGeometry>
          <Polygon>
            <outerBoundaryIs>
              <LinearRing>
                <tessellate>1</tessellate>
                <coordinates>
                  4.372349,52.002793,0
                  4.372379,52.002793,0
                  4.3723738,52.0027995,0
                  4.372349,52.002793,0
                </coordinates>
              </LinearRing>
            </outerBoundaryIs>
          </Polygon>
          <Polygon>
            <outerBoundaryIs>
              <LinearRing>
                <tessellate>1</tessellate>
                <coordinates>
                  4.3723738,52.0027995,0
                  4.374264,52.003297,0
                  4.375376,52.003621,0
                  4.374842,52.004449,0
                  4.373821,52.004809,0
                  4.371899,52.004869,0
                  4.371142,52.004343,0
                  4.371483,52.003817,0
                  4.371692,52.003498,0
                  4.371849,52.003316,0
                  4.371934,52.003346,0
                  4.3723738,52.0027995,0
                </coordinates>
              </LinearRing>
            </outerBoundaryIs>
          </Polygon>
        </MultiGeometry>
      </Placemark>
      <Placemark>
        <name>Begraafplaats Oud Eik en Duinen, Den Haag</name>
        <styleUrl>#poly-AA0000-3000-140-nodesc</styleUrl>
        <Polygon>
          <outerBoundaryIs>
            <LinearRing>
              <tessellate>1</tessellate>
              <coordinates>
                4.25962,52.067356,0
                4.259711,52.067124,0
                4.259834,52.066922,0
                4.260048,52.066726,0
                4.260348,52.066573,0
                4.260381,52.066379,0
                4.260534,52.066249,0
                4.260969,52.065809,0
                4.261478,52.065308,0
                4.261657,52.065093,0
                4.261875,52.06492,0
                4.262059,52.0647,0
                4.262539,52.064877,0
                4.263513,52.065276,0
                4.263811,52.065378,0
                4.264691,52.065696,0
                4.264872,52.06549,0
                4.265434,52.06572,0
                4.265204,52.066081,0
                4.265008,52.066359,0
                4.265366,52.066495,0
                4.265676,52.066605,0
                4.26519,52.067434,0
                4.264564,52.06726,0
                4.264332,52.067536,0
                4.264818,52.067684,0
                4.264635,52.067974,0
                4.264874,52.068037,0
                4.264212,52.069084,0
                4.263945,52.068881,0
                4.263717,52.068712,0
                4.25962,52.067356,0
              </coordinates>
            </LinearRing>
          </outerBoundaryIs>
        </Polygon>
      </Placemark>
      <Placemark>
        <name>Begraafplaats Nieuw Eykenduinen, Den Haag</name>
        <styleUrl>#poly-AA0000-3000-140-nodesc</styleUrl>
        <Polygon>
          <outerBoundaryIs>
            <LinearRing>
              <tessellate>1</tessellate>
              <coordinates>
                4.267417,52.066153,0
                4.270025,52.067005,0
                4.269964,52.067122,0
                4.269484,52.067316,0
                4.269278,52.067436,0
                4.268998,52.067611,0
                4.268835,52.067754,0
                4.268741,52.067894,0
                4.268829,52.068052,0
                4.268964,52.068147,0
                4.269154,52.06835,0
                4.267663,52.070136,0
                4.267339,52.07004,0
                4.264759,52.069237,0
                4.26491,52.068743,0
                4.265693,52.067363,0
                4.266096,52.066584,0
                4.266354,52.066296,0
                4.266722,52.066408,0
                4.266894,52.066283,0
                4.267198,52.066355,0
                4.267417,52.066153,0
              </coordinates>
            </LinearRing>
          </outerBoundaryIs>
        </Polygon>
      </Placemark>
      <Placemark>
        <name>Ter Navolging, Den Haag</name>
        <styleUrl>#poly-AA0000-3000-140-nodesc</styleUrl>
        <Polygon>
          <outerBoundaryIs>
            <LinearRing>
              <tessellate>1</tessellate>
              <coordinates>
                4.277413,52.102406,0
                4.277435,52.102432,0
                4.27744,52.102456,0
                4.277425,52.102482,0
                4.277295,52.102599,0
                4.277221,52.102623,0
                4.277011,52.102542,0
                4.277245,52.102336,0
                4.277413,52.102406,0
              </coordinates>
            </LinearRing>
          </outerBoundaryIs>
        </Polygon>
      </Placemark>
      <Placemark>
        <name>Gemeentelijke begraafplaats Kerkhoflaan, Den Haag</name>
        <styleUrl>#poly-AA0000-3000-140-nodesc</styleUrl>
        <Polygon>
          <outerBoundaryIs>
            <LinearRing>
              <tessellate>1</tessellate>
              <coordinates>
                4.302309,52.095056,0
                4.302596,52.09485,0
                4.302789,52.094903,0
                4.303119,52.094597,0
                4.302756,52.094463,0
                4.303171,52.094066,0
                4.305815,52.095013,0
                4.30492,52.096017,0
                4.304512,52.095901,0
                4.303454,52.09697,0
                4.302707,52.096696,0
                4.300927,52.09606,0
                4.301953,52.094937,0
                4.302309,52.095056,0
              </coordinates>
            </LinearRing>
          </outerBoundaryIs>
        </Polygon>
      </Placemark>
      <Placemark>
        <name>RK St. Petrus Banden, Den Haag</name>
        <styleUrl>#poly-AA0000-3000-140-nodesc</styleUrl>
        <Polygon>
          <outerBoundaryIs>
            <LinearRing>
              <tessellate>1</tessellate>
              <coordinates>
                4.29845,52.093318,0
                4.298628,52.093132,0
                4.298293,52.093018,0
                4.29898,52.092289,0
                4.299045,52.092224,0
                4.299415,52.092381,0
                4.301707,52.093459,0
                4.300846,52.094264,0
                4.299904,52.0939,0
                4.299948,52.093806,0
                4.299821,52.093708,0
                4.299668,52.093651,0
                4.299503,52.093655,0
                4.299378,52.093688,0
                4.29845,52.093318,0
              </coordinates>
            </LinearRing>
          </outerBoundaryIs>
        </Polygon>
      </Placemark>
      <Placemark>
        <name>Vm. Geref. kerkhof, Oude Wetering</name>
        <styleUrl>#icon-1899-DB4436-nodesc</styleUrl>
        <Point>
          <coordinates>
            4.644496,52.215119,0
          </coordinates>
        </Point>
      </Placemark>
      <Placemark>
        <name>NH Kerkhof, Oude Wetering</name>
        <styleUrl>#icon-1899-DB4436-nodesc</styleUrl>
        <Point>
          <coordinates>
            4.645979,52.212158,0
          </coordinates>
        </Point>
      </Placemark>
      <Placemark>
        <name>RK begraafplaats, Oude Wetering (geruimd)</name>
        <styleUrl>#icon-1899-DB4436-nodesc</styleUrl>
        <Point>
          <coordinates>
            4.646465,52.208892,0
          </coordinates>
        </Point>
      </Placemark>
      <Placemark>
        <name>Gem. kerkhof, Alblasserdam</name>
        <styleUrl>#icon-1899-DB4436-nodesc</styleUrl>
        <Point>
          <coordinates>
            4.667894,51.861847,0
          </coordinates>
        </Point>
      </Placemark>
      <Placemark>
        <name>Gem. begraafplaats, Aarlanderveen</name>
        <styleUrl>#icon-1899-DB4436-nodesc</styleUrl>
        <Point>
          <coordinates>
            4.7368,52.134901,0
          </coordinates>
        </Point>
      </Placemark>
      <Placemark>
        <name>Begraafplaats HH Petrus en Paulus, Aarlanderveen</name>
        <styleUrl>#icon-1899-DB4436-nodesc</styleUrl>
        <Point>
          <coordinates>
            4.722793,52.148674,0
          </coordinates>
        </Point>
      </Placemark>
      <Placemark>
        <name>Gemeentelijk kerkhof, Geervliet</name>
        <styleUrl>#icon-1899-DB4436-nodesc</styleUrl>
        <Point>
          <coordinates>
            4.259249,51.859683,0
          </coordinates>
        </Point>
      </Placemark>
      <Placemark>
        <name>Joodse begraafplaats, Geervliet</name>
        <styleUrl>#icon-1899-DB4436-nodesc</styleUrl>
        <Point>
          <coordinates>
            4.255029,51.860492,0
          </coordinates>
        </Point>
      </Placemark>
      <Placemark>
        <name>Joodse begraafplaats, Zuidland</name>
        <styleUrl>#icon-1899-DB4436-nodesc</styleUrl>
        <Point>
          <coordinates>
            4.253152,51.820836,0
          </coordinates>
        </Point>
      </Placemark>
      <Placemark>
        <name>Oude gem. begraafplaats Haagpoort, Delft</name>
        <styleUrl>#icon-1899-DB4436-nodesc</styleUrl>
        <Point>
          <coordinates>
            4.351615,52.01765,0
          </coordinates>
        </Point>
      </Placemark>
      <Placemark>
        <name>Gemeentelijke begraafplaats Jaffa, Delft</name>
        <styleUrl>#icon-1899-DB4436-nodesc</styleUrl>
        <Point>
          <coordinates>
            4.371772,52.003627,0
          </coordinates>
        </Point>
      </Placemark>
      <Placemark>
        <name>Begraafplaats Oud Eik en Duinen, Den Haag</name>
        <styleUrl>#icon-1899-DB4436-nodesc</styleUrl>
        <Point>
          <coordinates>
            4.264969,52.06773,0
          </coordinates>
        </Point>
      </Placemark>
      <Placemark>
        <name>Begraafplaats Nieuw Eykenduinen, Den Haag</name>
        <styleUrl>#icon-1899-DB4436-nodesc</styleUrl>
        <Point>
          <coordinates>
            4.269654,52.067297,0
          </coordinates>
        </Point>
      </Placemark>
      <Placemark>
        <name>Ter Navolging, Den Haag</name>
        <styleUrl>#icon-1899-DB4436-nodesc</styleUrl>
        <Point>
          <coordinates>
            4.27774,52.102476,0
          </coordinates>
        </Point>
      </Placemark>
      <Placemark>
        <name>Gemeentelijke begraafplaats Kerkhoflaan, Den Haag</name>
        <styleUrl>#icon-1899-DB4436-nodesc</styleUrl>
        <Point>
          <coordinates>
            4.302505,52.094982,0
          </coordinates>
        </Point>
      </Placemark>
      <Placemark>
        <name>RK St. Barbara, Den Haag</name>
        <styleUrl>#poly-AA0000-3000-140-nodesc</styleUrl>
        <Polygon>
          <outerBoundaryIs>
            <LinearRing>
              <tessellate>1</tessellate>
              <coordinates>
                4.34042,52.068557,0
                4.340701,52.06826,0
                4.340959,52.068354,0
                4.341624,52.067678,0
                4.345667,52.069124,0
                4.345008,52.069861,0
                4.343911,52.06948,0
                4.343686,52.069721,0
                4.34042,52.068557,0
              </coordinates>
            </LinearRing>
          </outerBoundaryIs>
        </Polygon>
      </Placemark>
      <Placemark>
        <name>Vm. kerkhof Nieuwe Kerk, Den Haag</name>
        <styleUrl>#poly-AA0000-3000-140-nodesc</styleUrl>
        <Polygon>
          <outerBoundaryIs>
            <LinearRing>
              <tessellate>1</tessellate>
              <coordinates>
                4.314895,52.076218,0
                4.315366,52.075866,0
                4.316794,52.076518,0
                4.316352,52.076755,0
                4.316086,52.076635,0
                4.316005,52.07669,0
                4.315776,52.07662,0
                4.314895,52.076218,0
              </coordinates>
            </LinearRing>
          </outerBoundaryIs>
        </Polygon>
      </Placemark>
      <Placemark>
        <name>Joodse begraafplaats, Den Haag</name>
        <styleUrl>#poly-AA0000-3000-140-nodesc</styleUrl>
        <Polygon>
          <outerBoundaryIs>
            <LinearRing>
              <tessellate>1</tessellate>
              <coordinates>
                4.295474,52.090555,0
                4.295414,52.089162,0
                4.295401,52.089132,0
                4.296277,52.088411,0
                4.296483,52.088509,0
                4.296603,52.088418,0
                4.296492,52.088359,0
                4.296764,52.088152,0
                4.297597,52.088538,0
                4.297599,52.088558,0
                4.297755,52.088637,0
                4.297527,52.088858,0
                4.297491,52.088948,0
                4.29625,52.090184,0
                4.296249,52.090193,0
                4.296186,52.090257,0
                4.295968,52.090477,0
                4.29595,52.090488,0
                4.29591,52.090497,0
                4.295603,52.090554,0
                4.295474,52.090555,0
              </coordinates>
            </LinearRing>
          </outerBoundaryIs>
        </Polygon>
      </Placemark>
      <Placemark>
        <name>Gem. begraafplaats De Essenhof, Dordrecht</name>
        <styleUrl>#poly-AA0000-3000-140-nodesc</styleUrl>
        <Polygon>
          <outerBoundaryIs>
            <LinearRing>
              <tessellate>1</tessellate>
              <coordinates>
                4.674235,51.799123,0
                4.674313,51.799078,0
                4.674375,51.799063,0
                4.674443,51.799056,0
                4.674545,51.799068,0
                4.674623,51.799104,0
                4.676164,51.799971,0
                4.676363,51.800084,0
                4.676468,51.800151,0
                4.676523,51.800205,0
                4.676555,51.800289,0
                4.676541,51.800379,0
                4.676481,51.800513,0
                4.676431,51.800587,0
                4.676393,51.80067,0
                4.676378,51.800731,0
                4.676398,51.800813,0
                4.67643,51.800894,0
                4.676508,51.800976,0
                4.676685,51.801071,0
                4.67696,51.801196,0
                4.677174,51.8013,0
                4.677527,51.801508,0
                4.677758,51.801749,0
                4.678074,51.802068,0
                4.67815,51.802179,0
                4.676006,51.803043,0
                4.675871,51.803048,0
                4.67514,51.802854,0
                4.674346,51.802581,0
                4.673557,51.802276,0
                4.672785,51.801926,0
                4.672255,51.801669,0
                4.672104,51.801537,0
                4.67211,51.801398,0
                4.672983,51.800481,0
                4.674235,51.799123,0
              </coordinates>
            </LinearRing>
          </outerBoundaryIs>
        </Polygon>
      </Placemark>
      <Placemark>
        <name>Joodse begraafplaats, Dordrecht</name>
        <styleUrl>#poly-AA0000-3000-140-nodesc</styleUrl>
        <Polygon>
          <outerBoundaryIs>
            <LinearRing>
              <tessellate>1</tessellate>
              <coordinates>
                4.677507,51.801159,0
                4.677365,51.801087,0
                4.678029,51.800997,0
                4.67832,51.801667,0
                4.678142,51.80169,0
                4.677815,51.80139,0
                4.677507,51.801159,0
              </coordinates>
            </LinearRing>
          </outerBoundaryIs>
        </Polygon>
      </Placemark>
      <Placemark>
        <name>Gemeentelijk kerkhof, Arkel</name>
        <styleUrl>#poly-AA0000-3000-140-nodesc</styleUrl>
        <Polygon>
          <outerBoundaryIs>
            <LinearRing>
              <tessellate>1</tessellate>
              <coordinates>
                4.991872,51.850535,0
                4.992057,51.850745,0
                4.99225,51.850932,0
                4.992276,51.850956,0
                4.99216,51.850976,0
                4.99211,51.850993,0
                4.992074,51.851054,0
                4.9921,51.851115,0
                4.992205,51.851141,0
                4.99237,51.851104,0
                4.992399,51.851156,0
                4.992275,51.851187,0
                4.992653,51.85174,0
                4.991956,51.851871,0
                4.99148,51.851008,0
                4.991215,51.850506,0
                4.991768,51.850379,0
                4.991872,51.850535,0
              </coordinates>
            </LinearRing>
          </outerBoundaryIs>
        </Polygon>
      </Placemark>
      <Placemark>
        <name>NH Kerkhof, Schelluinen</name>
        <styleUrl>#poly-AA0000-3000-140-nodesc</styleUrl>
        <Polygon>
          <outerBoundaryIs>
            <LinearRing>
              <tessellate>1</tessellate>
              <coordinates>
                4.924992,51.842332,0
                4.924978,51.842264,0
                4.924981,51.842188,0
                4.925038,51.842188,0
                4.92504,51.842103,0
                4.925366,51.842102,0
                4.925403,51.842332,0
                4.924992,51.842332,0
              </coordinates>
            </LinearRing>
          </outerBoundaryIs>
        </Polygon>
      </Placemark>
      <Placemark>
        <name>NH Kerkhof, Dalem</name>
        <styleUrl>#poly-AA0000-3000-140-nodesc</styleUrl>
        <Polygon>
          <outerBoundaryIs>
            <LinearRing>
              <tessellate>1</tessellate>
              <coordinates>
                4.991737,51.827762,0
                4.991887,51.827909,0
                4.991818,51.827939,0
                4.991701,51.827955,0
                4.991621,51.827922,0
                4.99163,51.827879,0
                4.991737,51.827762,0
              </coordinates>
            </LinearRing>
          </outerBoundaryIs>
        </Polygon>
      </Placemark>
      <Placemark>
        <name>Gemeentelijke begraafplaats, Dalem</name>
        <styleUrl>#poly-AA0000-3000-140-nodesc</styleUrl>
        <Polygon>
          <outerBoundaryIs>
            <LinearRing>
              <tessellate>1</tessellate>
              <coordinates>
                4.994241,51.827605,0
                4.994295,51.827231,0
                4.994308,51.827216,0
                4.994349,51.827201,0
                4.994445,51.827192,0
                4.994623,51.827198,0
                4.994702,51.827202,0
                4.994732,51.827211,0
                4.99474,51.827223,0
                4.994668,51.827634,0
                4.994241,51.827605,0
              </coordinates>
            </LinearRing>
          </outerBoundaryIs>
        </Polygon>
      </Placemark>
      <Placemark>
        <name>Joodse begraafplaats, Gorinchem</name>
        <styleUrl>#poly-AA0000-3000-140-nodesc</styleUrl>
        <Polygon>
          <outerBoundaryIs>
            <LinearRing>
              <tessellate>1</tessellate>
              <coordinates>
                4.977769,51.836602,0
                4.977769,51.836546,0
                4.978126,51.836558,0
                4.978498,51.836408,0
                4.978527,51.836372,0
                4.978923,51.836612,0
                4.978627,51.836764,0
                4.978431,51.836618,0
                4.97822,51.836607,0
                4.978215,51.836612,0
                4.977769,51.836602,0
              </coordinates>
            </LinearRing>
          </outerBoundaryIs>
        </Polygon>
      </Placemark>
      <Placemark>
        <name>Oude Gemeentelijke begraafplaats, Gorinchem</name>
        <styleUrl>#poly-AA0000-3000-140-nodesc</styleUrl>
        <Polygon>
          <outerBoundaryIs>
            <LinearRing>
              <tessellate>1</tessellate>
              <coordinates>
                4.978036,51.837288,0
                4.978195,51.837433,0
                4.978851,51.83793,0
                4.979225,51.838075,0
                4.979619,51.838237,0
                4.979029,51.838468,0
                4.979161,51.838641,0
                4.977515,51.839325,0
                4.977295,51.838959,0
                4.976297,51.837916,0
                4.976288,51.837886,0
                4.976309,51.837864,0
                4.978036,51.837288,0
              </coordinates>
            </LinearRing>
          </outerBoundaryIs>
        </Polygon>
      </Placemark>
      <Placemark>
        <name>Gemeentelijke begraafplaats De Haarhof, Gorinchem</name>
        <styleUrl>#poly-AA0000-3000-140-nodesc</styleUrl>
        <Polygon>
          <outerBoundaryIs>
            <LinearRing>
              <tessellate>1</tessellate>
              <coordinates>
                4.97606,51.849304,0
                4.977813,51.849044,0
                4.97787,51.850534,0
                4.97585,51.850396,0
                4.97606,51.849304,0
              </coordinates>
            </LinearRing>
          </outerBoundaryIs>
        </Polygon>
      </Placemark>
      <Placemark>
        <name>NH Maartenskerkhof, Hillegom</name>
        <styleUrl>#poly-AA0000-3000-140-nodesc</styleUrl>
        <Polygon>
          <outerBoundaryIs>
            <LinearRing>
              <tessellate>1</tessellate>
              <coordinates>
                4.578085,52.291615,0
                4.577884,52.291426,0
                4.578123,52.29145,0
                4.578111,52.291489,0
                4.578154,52.291511,0
                4.57835,52.291527,0
                4.578376,52.291482,0
                4.578478,52.291425,0
                4.578599,52.291456,0
                4.578579,52.291592,0
                4.578488,52.291654,0
                4.578453,52.291706,0
                4.578326,52.291716,0
                4.578189,52.291715,0
                4.578085,52.291615,0
              </coordinates>
            </LinearRing>
          </outerBoundaryIs>
        </Polygon>
      </Placemark>
      <Placemark>
        <name>RK Kerkhof, Leimuiden</name>
        <styleUrl>#poly-AA0000-3000-140-nodesc</styleUrl>
        <Polygon>
          <outerBoundaryIs>
            <LinearRing>
              <tessellate>1</tessellate>
              <coordinates>
                4.669425,52.21095,0
                4.669513,52.210954,0
                4.669516,52.210929,0
                4.669978,52.210966,0
                4.669947,52.21119,0
                4.669891,52.211231,0
                4.669882,52.211417,0
                4.66956,52.211399,0
                4.669533,52.211306,0
                4.66947,52.211217,0
                4.6694,52.211149,0
                4.669425,52.21095,0
              </coordinates>
            </LinearRing>
          </outerBoundaryIs>
        </Polygon>
      </Placemark>
      <Placemark>
        <name>Gemeentelijke begraafplaats, Leimuiden</name>
        <styleUrl>#poly-AA0000-3000-140-nodesc</styleUrl>
        <Polygon>
          <outerBoundaryIs>
            <LinearRing>
              <tessellate>1</tessellate>
              <coordinates>
                4.673128,52.223568,0
                4.673377,52.223581,0
                4.673376,52.223876,0
                4.67341,52.223876,0
                4.673416,52.223873,0
                4.673416,52.223532,0
                4.674138,52.22358,0
                4.673982,52.224213,0
                4.673471,52.224158,0
                4.673434,52.223934,0
                4.673372,52.223933,0
                4.673384,52.224049,0
                4.673269,52.224046,0
                4.67327,52.223959,0
                4.673128,52.223961,0
                4.673132,52.223852,0
                4.67313,52.223794,0
                4.673128,52.223568,0
              </coordinates>
            </LinearRing>
          </outerBoundaryIs>
        </Polygon>
      </Placemark>
      <Placemark>
        <name>Gemeentelijk kerkhof, Rijnsaterwoude</name>
        <styleUrl>#poly-AA0000-3000-140-nodesc</styleUrl>
        <Polygon>
          <outerBoundaryIs>
            <LinearRing>
              <tessellate>1</tessellate>
              <coordinates>
                4.671096,52.199273,0
                4.671294,52.199286,0
                4.671392,52.199272,0
                4.67161,52.199296,0
                4.671766,52.19931,0
                4.671715,52.19951,0
                4.671663,52.199531,0
                4.671041,52.199465,0
                4.671057,52.199415,0
                4.671395,52.199444,0
                4.671395,52.199433,0
                4.671484,52.199441,0
                4.67155,52.199415,0
                4.671557,52.199389,0
                4.67153,52.199366,0
                4.671409,52.199347,0
                4.671403,52.199341,0
                4.671075,52.199312,0
                4.671096,52.199273,0
              </coordinates>
            </LinearRing>
          </outerBoundaryIs>
        </Polygon>
      </Placemark>
      <Placemark>
        <name>RK begraafplaats Verpleeghuis Wilbert, Katwijk aan den Rijn</name>
        <styleUrl>#poly-AA0000-3000-140-nodesc</styleUrl>
        <Polygon>
          <outerBoundaryIs>
            <LinearRing>
              <tessellate>1</tessellate>
              <coordinates>
                4.429281,52.19314,0
                4.429433,52.193333,0
                4.428689,52.19339,0
                4.428658,52.193382,0
                4.428614,52.193339,0
                4.428599,52.19321,0
                4.428603,52.1932,0
                4.428628,52.193185,0
                4.428655,52.193174,0
                4.428687,52.193172,0
                4.429281,52.19314,0
              </coordinates>
            </LinearRing>
          </outerBoundaryIs>
        </Polygon>
      </Placemark>
      <Placemark>
        <name>Grafkelder Van Wassenaar, Katwijk aan den Rijn</name>
        <styleUrl>#poly-AA0000-3000-140-nodesc</styleUrl>
        <Polygon>
          <outerBoundaryIs>
            <LinearRing>
              <tessellate>1</tessellate>
              <coordinates>
                4.424173,52.196429,0
                4.424247,52.196311,0
                4.424513,52.19637,0
                4.42445,52.196494,0
                4.424173,52.196429,0
              </coordinates>
            </LinearRing>
          </outerBoundaryIs>
        </Polygon>
      </Placemark>
      <Placemark>
        <name>NH Kerkhof, Katwijk aan den Rijn</name>
        <styleUrl>#poly-AA0000-3000-140-nodesc</styleUrl>
        <Polygon>
          <outerBoundaryIs>
            <LinearRing>
              <tessellate>1</tessellate>
              <coordinates>
                4.423436,52.19626,0
                4.424447,52.1965,0
                4.424256,52.19671,0
                4.424142,52.196819,0
                4.424007,52.196926,0
                4.423107,52.196776,0
                4.423436,52.19626,0
              </coordinates>
            </LinearRing>
          </outerBoundaryIs>
        </Polygon>
      </Placemark>
      <Placemark>
        <name>Joodse begraafplaats, Katwijk aan den Rijn</name>
        <styleUrl>#poly-AA0000-3000-140-nodesc</styleUrl>
        <Polygon>
          <outerBoundaryIs>
            <LinearRing>
              <tessellate>1</tessellate>
              <coordinates>
                4.420906,52.198224,0
                4.421821,52.197804,0
                4.422197,52.198132,0
                4.421261,52.198533,0
                4.420906,52.198224,0
              </coordinates>
            </LinearRing>
          </outerBoundaryIs>
        </Polygon>
      </Placemark>
      <Placemark>
        <name>RK St. Petrus Banden, Den Haag</name>
        <styleUrl>#icon-1899-DB4436-nodesc</styleUrl>
        <Point>
          <coordinates>
            4.299772,52.093678,0
          </coordinates>
        </Point>
      </Placemark>
      <Placemark>
        <name>RK St. Barbara, Den Haag</name>
        <styleUrl>#icon-1899-DB4436-nodesc</styleUrl>
        <Point>
          <coordinates>
            4.341102,52.06811,0
          </coordinates>
        </Point>
      </Placemark>
      <Placemark>
        <name>Vm. kerkhof Nieuwe kerk, Den Haag</name>
        <styleUrl>#icon-1899-DB4436-nodesc</styleUrl>
        <Point>
          <coordinates>
            4.316495,52.07666,0
          </coordinates>
        </Point>
      </Placemark>
      <Placemark>
        <name>Joodse begraafplaats, Den Haag</name>
        <styleUrl>#icon-1899-DB4436-nodesc</styleUrl>
        <Point>
          <coordinates>
            4.296507,52.088344,0
          </coordinates>
        </Point>
      </Placemark>
      <Placemark>
        <name>Gemeentelijke begraafplaats De Essenhof, Dordrecht</name>
        <styleUrl>#icon-1899-DB4436-nodesc</styleUrl>
        <Point>
          <coordinates>
            4.673361,51.800204,0
          </coordinates>
        </Point>
      </Placemark>
      <Placemark>
        <name>Joodse begraafplaats, Dordrecht</name>
        <styleUrl>#icon-1899-DB4436-nodesc</styleUrl>
        <Point>
          <coordinates>
            4.678256,51.801699,0
          </coordinates>
        </Point>
      </Placemark>
      <Placemark>
        <name>Gemeentelijk kerkhof, Arkel</name>
        <styleUrl>#icon-1899-DB4436-nodesc</styleUrl>
        <Point>
          <coordinates>
            4.992348,51.8512,0
          </coordinates>
        </Point>
      </Placemark>
      <Placemark>
        <name>NH kerkhof, Schelluinen</name>
        <styleUrl>#icon-1899-DB4436-nodesc</styleUrl>
        <Point>
          <coordinates>
            4.925023,51.842126,0
          </coordinates>
        </Point>
      </Placemark>
      <Placemark>
        <name>NH Kerkhof, Dalem</name>
        <styleUrl>#icon-1899-DB4436-nodesc</styleUrl>
        <Point>
          <coordinates>
            4.991696,51.8278,0
          </coordinates>
        </Point>
      </Placemark>
      <Placemark>
        <name>Gemeentelijke begraafplaats, Dalem</name>
        <styleUrl>#icon-1899-DB4436-nodesc</styleUrl>
        <Point>
          <coordinates>
            4.994719,51.827346,0
          </coordinates>
        </Point>
      </Placemark>
      <Placemark>
        <name>Joodse begraafplaats, Gorinchem</name>
        <styleUrl>#icon-1899-DB4436-nodesc</styleUrl>
        <Point>
          <coordinates>
            4.977768,51.836572,0
          </coordinates>
        </Point>
      </Placemark>
      <Placemark>
        <name>Oude gemeentelijke begraafplaats, Gorinchem</name>
        <styleUrl>#icon-1899-DB4436-nodesc</styleUrl>
        <Point>
          <coordinates>
            4.978836,51.837896,0
          </coordinates>
        </Point>
      </Placemark>
      <Placemark>
        <name>Gemeentelijke begraafplaats De Haarhof, Gorinchem</name>
        <styleUrl>#icon-1899-DB4436-nodesc</styleUrl>
        <Point>
          <coordinates>
            4.975382,51.850435,0
          </coordinates>
        </Point>
      </Placemark>
      <Placemark>
        <name>NH Maartenskerkhof, Hillegom</name>
        <styleUrl>#icon-1899-DB4436-nodesc</styleUrl>
        <Point>
          <coordinates>
            4.578405,52.291701,0
          </coordinates>
        </Point>
      </Placemark>
      <Placemark>
        <name>RK Kerkhof, Leimuiden</name>
        <styleUrl>#icon-1899-DB4436-nodesc</styleUrl>
        <Point>
          <coordinates>
            4.66947,52.21096,0
          </coordinates>
        </Point>
      </Placemark>
      <Placemark>
        <name>Gemeentelijke begraafplaats, Leimuiden</name>
        <styleUrl>#icon-1899-DB4436-nodesc</styleUrl>
        <Point>
          <coordinates>
            4.67313,52.223875,0
          </coordinates>
        </Point>
      </Placemark>
      <Placemark>
        <name>Gemeentelijk kerkhof, Rijnsaterwoude</name>
        <styleUrl>#icon-1899-DB4436-nodesc</styleUrl>
        <Point>
          <coordinates>
            4.671144,52.199298,0
          </coordinates>
        </Point>
      </Placemark>
      <Placemark>
        <name>RK begraafplaats Verpleeghuis Wilbert, Katwijk aan den Rijn</name>
        <styleUrl>#icon-1899-DB4436-nodesc</styleUrl>
        <Point>
          <coordinates>
            4.428684,52.193311,0
          </coordinates>
        </Point>
      </Placemark>
      <Placemark>
        <name>Grafkelder Van Wassenaar, Katwijk aan den Rijn</name>
        <styleUrl>#icon-1899-DB4436-nodesc</styleUrl>
        <Point>
          <coordinates>
            4.424374,52.196463,0
          </coordinates>
        </Point>
      </Placemark>
      <Placemark>
        <name>NH Kerkhof, Katwijk aan den Rijn</name>
        <styleUrl>#icon-1899-DB4436-nodesc</styleUrl>
        <Point>
          <coordinates>
            4.423595,52.196298,0
          </coordinates>
        </Point>
      </Placemark>
      <Placemark>
        <name>RK Kerkhof, Katwijk aan den Rijn</name>
        <styleUrl>#poly-AA0000-3000-140-nodesc</styleUrl>
        <Polygon>
          <outerBoundaryIs>
            <LinearRing>
              <tessellate>1</tessellate>
              <coordinates>
                4.420452,52.19769,0
                4.420414,52.197683,0
                4.420279,52.197652,0
                4.420226,52.197626,0
                4.420148,52.197602,0
                4.420115,52.197565,0
                4.420232,52.197344,0
                4.420272,52.197322,0
                4.420293,52.197294,0
                4.420526,52.197339,0
                4.420679,52.197327,0
                4.420857,52.197402,0
                4.42082,52.197444,0
                4.420785,52.197454,0
                4.420766,52.197472,0
                4.420756,52.1975,0
                4.42074,52.197545,0
                4.420681,52.197629,0
                4.420587,52.197673,0
                4.420497,52.197691,0
                4.420452,52.19769,0
              </coordinates>
            </LinearRing>
          </outerBoundaryIs>
        </Polygon>
      </Placemark>
      <Placemark>
        <name>Gem. begraafplaats De Bleekerij, Katwijk aan den Rijn</name>
        <styleUrl>#poly-AA0000-3000-140-nodesc</styleUrl>
        <Polygon>
          <outerBoundaryIs>
            <LinearRing>
              <tessellate>1</tessellate>
              <coordinates>
                4.421404,52.198739,0
                4.421771,52.198567,0
                4.422187,52.198878,0
                4.422256,52.198892,0
                4.422358,52.19897,0
                4.422358,52.199009,0
                4.423005,52.199491,0
                4.422603,52.199692,0
                4.421921,52.19919,0
                4.421404,52.198739,0
              </coordinates>
            </LinearRing>
          </outerBoundaryIs>
        </Polygon>
      </Placemark>
      <Placemark>
        <name>NH begraafplaats Duinrust, Katwijk aan Zee</name>
        <styleUrl>#poly-AA0000-3000-140-nodesc</styleUrl>
        <Polygon>
          <outerBoundaryIs>
            <LinearRing>
              <tessellate>1</tessellate>
              <coordinates>
                4.398353,52.198676,0
                4.398896,52.198227,0
                4.399258,52.198034,0
                4.399589,52.197931,0
                4.399964,52.197843,0
                4.400372,52.197808,0
                4.40091,52.197843,0
                4.401635,52.197936,0
                4.402192,52.197995,0
                4.402529,52.198035,0
                4.402492,52.198212,0
                4.402352,52.198198,0
                4.402304,52.198335,0
                4.402366,52.198501,0
                4.402422,52.19873,0
                4.401966,52.198888,0
                4.401863,52.198806,0
                4.401796,52.198828,0
                4.40137,52.199017,0
                4.401147,52.199233,0
                4.401174,52.199509,0
                4.401135,52.199739,0
                4.398752,52.19897,0
                4.398353,52.198855,0
                4.398353,52.198676,0
              </coordinates>
            </LinearRing>
          </outerBoundaryIs>
        </Polygon>
      </Placemark>
      <Placemark>
        <name>Hervormde begraafplaats, Katwijk aan Zee</name>
        <styleUrl>#poly-AA0000-3000-140-nodesc</styleUrl>
        <Polygon>
          <outerBoundaryIs>
            <LinearRing>
              <tessellate>1</tessellate>
              <coordinates>
                4.401654,52.201597,0
                4.40143,52.202181,0
                4.400508,52.202043,0
                4.40053,52.201903,0
                4.400408,52.201896,0
                4.400552,52.201466,0
                4.400719,52.201457,0
                4.401654,52.201597,0
              </coordinates>
            </LinearRing>
          </outerBoundaryIs>
        </Polygon>
      </Placemark>
      <Placemark>
        <name>NH Kerkhof, Rijnsburg</name>
        <styleUrl>#poly-AA0000-3000-140-nodesc</styleUrl>
        <Polygon>
          <outerBoundaryIs>
            <LinearRing>
              <tessellate>1</tessellate>
              <coordinates>
                4.444387,52.189125,0
                4.44422,52.18971,0
                4.443861,52.189681,0
                4.443886,52.189569,0
                4.443702,52.18955,0
                4.443719,52.189487,0
                4.443613,52.189475,0
                4.443549,52.18943,0
                4.44357,52.189352,0
                4.443503,52.189346,0
                4.443343,52.189324,0
                4.44334,52.189336,0
                4.443117,52.1894,0
                4.443107,52.189462,0
                4.442961,52.189443,0
                4.442971,52.189312,0
                4.443333,52.189237,0
                4.443737,52.189154,0
                4.444019,52.189107,0
                4.44413,52.189093,0
                4.44422,52.1891,0
                4.444387,52.189125,0
              </coordinates>
            </LinearRing>
          </outerBoundaryIs>
        </Polygon>
      </Placemark>
      <Placemark>
        <name>Mausoleum Floris V, Rijnsburg</name>
        <styleUrl>#poly-AA0000-3000-140-nodesc</styleUrl>
        <Polygon>
          <outerBoundaryIs>
            <LinearRing>
              <tessellate>1</tessellate>
              <coordinates>
                4.443631,52.189652,0
                4.443568,52.189647,0
                4.443581,52.189585,0
                4.44366,52.189593,0
                4.44368,52.189572,0
                4.443704,52.189566,0
                4.443736,52.189569,0
                4.443753,52.189575,0
                4.44378,52.18958,0
                4.443783,52.189607,0
                4.443818,52.189611,0
                4.443835,52.189618,0
                4.443841,52.18963,0
                4.443843,52.189637,0
                4.443843,52.189647,0
                4.443833,52.189655,0
                4.443813,52.189666,0
                4.443778,52.189671,0
                4.443733,52.18967,0
                4.443719,52.189688,0
                4.443699,52.189697,0
                4.443665,52.189698,0
                4.443644,52.189691,0
                4.443634,52.18968,0
                4.44363,52.189667,0
                4.443631,52.189652,0
              </coordinates>
            </LinearRing>
          </outerBoundaryIs>
        </Polygon>
      </Placemark>
      <Placemark>
        <name>Gereformeerde en algemene begraafplaats, Rijnsburg</name>
        <styleUrl>#poly-AA0000-3000-140-nodesc</styleUrl>
        <Polygon>
          <outerBoundaryIs>
            <LinearRing>
              <tessellate>1</tessellate>
              <coordinates>
                4.436402,52.189365,0
                4.436263,52.189349,0
                4.436148,52.188706,0
                4.435435,52.188727,0
                4.435264,52.188563,0
                4.435261,52.188336,0
                4.435898,52.18831,0
                4.436656,52.188294,0
                4.43676,52.188265,0
                4.437065,52.187887,0
                4.438086,52.188183,0
                4.437878,52.188497,0
                4.437929,52.188504,0
                4.438041,52.188995,0
                4.436818,52.189086,0
                4.436862,52.189349,0
                4.436718,52.189362,0
                4.436586,52.189372,0
                4.436402,52.189365,0
              </coordinates>
            </LinearRing>
          </outerBoundaryIs>
        </Polygon>
      </Placemark>
      <Placemark>
        <name>Gemeentelijke begraafplaats, Valkenburg (NH)</name>
        <styleUrl>#poly-AA0000-3000-140-nodesc</styleUrl>
        <Polygon>
          <outerBoundaryIs>
            <LinearRing>
              <tessellate>1</tessellate>
              <coordinates>
                4.430716,52.179766,0
                4.431754,52.180146,0
                4.4314,52.180505,0
                4.430359,52.18012,0
                4.430716,52.179766,0
              </coordinates>
            </LinearRing>
          </outerBoundaryIs>
        </Polygon>
      </Placemark>
      <Placemark>
        <name>Militair Ereveld, Valkenburg (NH)</name>
        <styleUrl>#poly-AA0000-3000-140-nodesc</styleUrl>
        <Polygon>
          <outerBoundaryIs>
            <LinearRing>
              <tessellate>1</tessellate>
              <coordinates>
                4.432789,52.179935,0
                4.432727,52.180046,0
                4.432678,52.180029,0
                4.432648,52.180005,0
                4.432592,52.179956,0
                4.432561,52.179901,0
                4.432596,52.179857,0
                4.432633,52.179842,0
                4.43275,52.179916,0
                4.432789,52.179935,0
              </coordinates>
            </LinearRing>
          </outerBoundaryIs>
        </Polygon>
      </Placemark>
      <Placemark>
        <name>Gemeentelijke begraafplaats, Leerdam</name>
        <styleUrl>#poly-AA0000-3000-140-nodesc</styleUrl>
        <Polygon>
          <outerBoundaryIs>
            <LinearRing>
              <tessellate>1</tessellate>
              <coordinates>
                5.076412,51.888042,0
                5.076877,51.887668,0
                5.076702,51.887584,0
                5.078757,51.885835,0
                5.078991,51.885934,0
                5.079909,51.886543,0
                5.077593,51.888501,0
                5.076412,51.888042,0
              </coordinates>
            </LinearRing>
          </outerBoundaryIs>
        </Polygon>
      </Placemark>
      <Placemark>
        <name>Oude gemeentelijke begraafplaats, Leerdam</name>
        <styleUrl>#poly-AA0000-3000-140-nodesc</styleUrl>
        <Polygon>
          <outerBoundaryIs>
            <LinearRing>
              <tessellate>1</tessellate>
              <coordinates>
                5.083239,51.881497,0
                5.083104,51.881414,0
                5.083442,51.881221,0
                5.083398,51.881159,0
                5.083754,51.880988,0
                5.083817,51.881021,0
                5.084151,51.880914,0
                5.084411,51.880815,0
                5.084803,51.880689,0
                5.084821,51.880819,0
                5.084451,51.880927,0
                5.083831,51.881172,0
                5.083239,51.881497,0
              </coordinates>
            </LinearRing>
          </outerBoundaryIs>
        </Polygon>
      </Placemark>
      <Placemark>
        <name>Joodse begraafplaats, Leerdam</name>
        <styleUrl>#poly-AA0000-3000-140-nodesc</styleUrl>
        <Polygon>
          <outerBoundaryIs>
            <LinearRing>
              <tessellate>1</tessellate>
              <coordinates>
                5.084084,51.880793,0
                5.084161,51.880874,0
                5.083826,51.880997,0
                5.08375,51.880925,0
                5.084084,51.880793,0
              </coordinates>
            </LinearRing>
          </outerBoundaryIs>
        </Polygon>
      </Placemark>
      <Placemark>
        <name>Gem. begraafplaats Groenesteeg, Leiden</name>
        <styleUrl>#poly-AA0000-3000-140-nodesc</styleUrl>
        <Polygon>
          <outerBoundaryIs>
            <LinearRing>
              <tessellate>1</tessellate>
              <coordinates>
                4.503085,52.15773,0
                4.502606,52.156147,0
                4.502934,52.156141,0
                4.503068,52.156158,0
                4.503167,52.156232,0
                4.50326,52.156306,0
                4.503346,52.15641,0
                4.503465,52.156542,0
                4.503531,52.156657,0
                4.503657,52.156748,0
                4.503803,52.156844,0
                4.503929,52.156906,0
                4.504102,52.15703,0
                4.504181,52.157158,0
                4.504213,52.157294,0
                4.504124,52.157405,0
                4.503934,52.157527,0
                4.503778,52.157663,0
                4.503085,52.15773,0
              </coordinates>
            </LinearRing>
          </outerBoundaryIs>
        </Polygon>
      </Placemark>
      <Placemark>
        <name>RK begraafplaats Zijlpoort, Leiden</name>
        <styleUrl>#poly-AA0000-3000-140-nodesc</styleUrl>
        <Polygon>
          <outerBoundaryIs>
            <LinearRing>
              <tessellate>1</tessellate>
              <coordinates>
                4.504864,52.162128,0
                4.505133,52.162828,0
                4.504628,52.162879,0
                4.504379,52.162901,0
                4.504137,52.162906,0
                4.504001,52.162909,0
                4.503907,52.162897,0
                4.503771,52.162781,0
                4.503846,52.162769,0
                4.503797,52.162666,0
                4.504094,52.162622,0
                4.504034,52.162392,0
                4.504435,52.162165,0
                4.504631,52.162142,0
                4.504864,52.162128,0
              </coordinates>
            </LinearRing>
          </outerBoundaryIs>
        </Polygon>
      </Placemark>
      <Placemark>
        <name>Rhijnhof, Leiden</name>
        <styleUrl>#poly-AA0000-3000-140-nodesc</styleUrl>
        <Polygon>
          <outerBoundaryIs>
            <LinearRing>
              <tessellate>1</tessellate>
              <coordinates>
                4.449563,52.162273,0
                4.449945,52.161807,0
                4.450607,52.16099,0
                4.451375,52.160401,0
                4.451596,52.160366,0
                4.451874,52.160397,0
                4.452059,52.160544,0
                4.452358,52.160787,0
                4.452919,52.161065,0
                4.453469,52.161397,0
                4.453106,52.161857,0
                4.454112,52.162291,0
                4.455254,52.162696,0
                4.454538,52.163496,0
                4.453178,52.164681,0
                4.452302,52.164439,0
                4.451754,52.164206,0
                4.450677,52.163091,0
                4.450181,52.162555,0
                4.449563,52.162273,0
              </coordinates>
            </LinearRing>
          </outerBoundaryIs>
        </Polygon>
      </Placemark>
      <Placemark>
        <name>Joodse begraafplaats, Katwijk aan den Rijn</name>
        <styleUrl>#icon-1899-DB4436-nodesc</styleUrl>
        <Point>
          <coordinates>
            4.421317,52.198093,0
          </coordinates>
        </Point>
      </Placemark>
      <Placemark>
        <name>RK Kerkhof, Katwijk aan den Rijn</name>
        <styleUrl>#icon-1899-DB4436-nodesc</styleUrl>
        <Point>
          <coordinates>
            4.420838,52.197402,0
          </coordinates>
        </Point>
      </Placemark>
      <Placemark>
        <name>Gem. begraafplaats De Bleekerij, Katwijk aan den Rijn</name>
        <styleUrl>#icon-1899-DB4436-nodesc</styleUrl>
        <Point>
          <coordinates>
            4.422296,52.198925,0
          </coordinates>
        </Point>
      </Placemark>
      <Placemark>
        <name>Gem. begraafplaats Duinrust en NH begraafplaats, Katwijk aan Zee</name>
        <styleUrl>#icon-1899-DB4436-nodesc</styleUrl>
        <Point>
          <coordinates>
            4.401281,52.199771,0
          </coordinates>
        </Point>
      </Placemark>
      <Placemark>
        <name>Hervormde begraafplaats, Katwijk aan Zee</name>
        <styleUrl>#icon-1899-DB4436-nodesc</styleUrl>
        <Point>
          <coordinates>
            4.400985,52.202108,0
          </coordinates>
        </Point>
      </Placemark>
      <Placemark>
        <name>NH Kerkhof, Rijnsburg</name>
        <styleUrl>#icon-1899-DB4436-nodesc</styleUrl>
        <Point>
          <coordinates>
            4.443223,52.18937,0
          </coordinates>
        </Point>
      </Placemark>
      <Placemark>
        <name>Mausoleum Floris V, Rijnsburg</name>
        <styleUrl>#icon-1899-DB4436-nodesc</styleUrl>
        <Point>
          <coordinates>
            4.443663,52.189649,0
          </coordinates>
        </Point>
      </Placemark>
      <Placemark>
        <name>Gereformeerde begraafplaats, Rijnsburg</name>
        <styleUrl>#icon-1899-DB4436-nodesc</styleUrl>
        <Point>
          <coordinates>
            4.436514,52.189373,0
          </coordinates>
        </Point>
      </Placemark>
      <Placemark>
        <name>Gemeentelijke begraafplaats, Valkenburg (NH)</name>
        <styleUrl>#icon-1899-DB4436-nodesc</styleUrl>
        <Point>
          <coordinates>
            4.431683,52.180312,0
          </coordinates>
        </Point>
      </Placemark>
      <Placemark>
        <name>Militair Ereveld, Valkenburg (NH)</name>
        <styleUrl>#icon-1899-DB4436-nodesc</styleUrl>
        <Point>
          <coordinates>
            4.4328,52.179975,0
          </coordinates>
        </Point>
      </Placemark>
      <Placemark>
        <name>Gemeentelijke begraafplaats, Leerdam</name>
        <styleUrl>#icon-1899-DB4436-nodesc</styleUrl>
        <Point>
          <coordinates>
            5.079264,51.887104,0
          </coordinates>
        </Point>
      </Placemark>
      <Placemark>
        <name>Joodse begraafplaats, Leerdam</name>
        <styleUrl>#icon-1899-DB4436-nodesc</styleUrl>
        <Point>
          <coordinates>
            5.084121,51.880888,0
          </coordinates>
        </Point>
      </Placemark>
      <Placemark>
        <name>Oude gem. begraafplaats, Leerdam</name>
        <styleUrl>#icon-1899-DB4436-nodesc</styleUrl>
        <Point>
          <coordinates>
            5.084831,51.880772,0
          </coordinates>
        </Point>
      </Placemark>
      <Placemark>
        <name>Gem. begraafplaats Groenesteeg, Leiden</name>
        <styleUrl>#icon-1899-DB4436-nodesc</styleUrl>
        <Point>
          <coordinates>
            4.502982,52.157338,0
          </coordinates>
        </Point>
      </Placemark>
      <Placemark>
        <name>RK begraafplaats Zijlpoort, Leiden</name>
        <styleUrl>#icon-1899-DB4436-nodesc</styleUrl>
        <Point>
          <coordinates>
            4.504172,52.162431,0
          </coordinates>
        </Point>
      </Placemark>
      <Placemark>
        <name>NH Kerkhof, Voorburg</name>
        <styleUrl>#poly-AA0000-3000-140-nodesc</styleUrl>
        <Polygon>
          <outerBoundaryIs>
            <LinearRing>
              <tessellate>1</tessellate>
              <coordinates>
                4.364444,52.067938,0
                4.364455,52.067867,0
                4.364677,52.067883,0
                4.364664,52.068009,0
                4.364274,52.068312,0
                4.363758,52.068112,0
                4.363873,52.068035,0
                4.363927,52.068057,0
                4.36402,52.068068,0
                4.36418,52.068075,0
                4.36415,52.068113,0
                4.364308,52.068111,0
                4.364312,52.068029,0
                4.364483,52.068034,0
                4.364519,52.068025,0
                4.364542,52.068006,0
                4.364546,52.067981,0
                4.364531,52.067962,0
                4.364489,52.067953,0
                4.364434,52.067947,0
                4.364444,52.067938,0
              </coordinates>
            </LinearRing>
          </outerBoundaryIs>
        </Polygon>
      </Placemark>
      <Placemark>
        <name>Oude gem. begraafplaats, Voorburg</name>
        <styleUrl>#poly-AA0000-3000-140-nodesc</styleUrl>
        <Polygon>
          <outerBoundaryIs>
            <LinearRing>
              <tessellate>1</tessellate>
              <coordinates>
                4.364975,52.069661,0
                4.363926,52.070482,0
                4.363271,52.070147,0
                4.364336,52.069362,0
                4.364975,52.069661,0
              </coordinates>
            </LinearRing>
          </outerBoundaryIs>
        </Polygon>
      </Placemark>
      <Placemark>
        <name>St. Martinuskerkhof, Voorburg</name>
        <styleUrl>#poly-AA0000-3000-140-nodesc</styleUrl>
        <Polygon>
          <outerBoundaryIs>
            <LinearRing>
              <tessellate>1</tessellate>
              <coordinates>
                4.3739,52.072434,0
                4.37427,52.0721,0
                4.374488,52.07219,0
                4.374715,52.072321,0
                4.374354,52.072619,0
                4.3739,52.072434,0
              </coordinates>
            </LinearRing>
          </outerBoundaryIs>
        </Polygon>
      </Placemark>
      <Placemark>
        <name>Gem. begraafplaats, Streefkerk</name>
        <styleUrl>#poly-AA0000-3000-140-nodesc</styleUrl>
        <Polygon>
          <outerBoundaryIs>
            <LinearRing>
              <tessellate>1</tessellate>
              <coordinates>
                4.745782,51.897904,0
                4.746187,51.897507,0
                4.747099,51.897861,0
                4.746707,51.898243,0
                4.745782,51.897904,0
              </coordinates>
            </LinearRing>
          </outerBoundaryIs>
        </Polygon>
      </Placemark>
      <Placemark>
        <name>NH Kerkhof, Streefkerk</name>
        <styleUrl>#poly-AA0000-3000-140-nodesc</styleUrl>
        <Polygon>
          <outerBoundaryIs>
            <LinearRing>
              <tessellate>1</tessellate>
              <coordinates>
                4.743648,51.900616,0
                4.743537,51.900611,0
                4.743478,51.900575,0
                4.743481,51.900487,0
                4.743539,51.900363,0
                4.743598,51.900332,0
                4.743696,51.900312,0
                4.743797,51.900306,0
                4.743933,51.900295,0
                4.744094,51.900318,0
                4.744221,51.900364,0
                4.744229,51.900408,0
                4.744191,51.900473,0
                4.744077,51.900451,0
                4.744086,51.900402,0
                4.743935,51.900388,0
                4.743937,51.900426,0
                4.743687,51.900423,0
                4.743648,51.900616,0
              </coordinates>
            </LinearRing>
          </outerBoundaryIs>
        </Polygon>
      </Placemark>
      <Placemark>
        <name>Protestantse begraafplaats Duinhof, Lisse</name>
        <styleUrl>#poly-AA0000-3000-140-nodesc</styleUrl>
        <Polygon>
          <outerBoundaryIs>
            <LinearRing>
              <tessellate>1</tessellate>
              <coordinates>
                4.539594,52.259445,0
                4.540086,52.259902,0
                4.536818,52.261047,0
                4.536004,52.260771,0
                4.535292,52.259926,0
                4.536963,52.259453,0
                4.537106,52.259514,0
                4.537656,52.259882,0
                4.537923,52.259979,0
                4.538146,52.259977,0
                4.539594,52.259445,0
              </coordinates>
            </LinearRing>
          </outerBoundaryIs>
        </Polygon>
      </Placemark>
      <Placemark>
        <name>HH Engelbewaarders, Lisse</name>
        <styleUrl>#poly-AA0000-3000-140-nodesc</styleUrl>
        <Polygon>
          <outerBoundaryIs>
            <LinearRing>
              <tessellate>1</tessellate>
              <coordinates>
                4.536791,52.234626,0
                4.537166,52.234954,0
                4.536829,52.2351,0
                4.536814,52.235084,0
                4.536622,52.235159,0
                4.536622,52.235092,0
                4.536611,52.235004,0
                4.536572,52.234922,0
                4.536413,52.23477,0
                4.536791,52.234626,0
              </coordinates>
            </LinearRing>
          </outerBoundaryIs>
        </Polygon>
      </Placemark>
      <Placemark>
        <name>RK Kerkhof St. Agatha, Lisse</name>
        <styleUrl>#poly-AA0000-3000-140-nodesc</styleUrl>
        <Polygon>
          <outerBoundaryIs>
            <LinearRing>
              <tessellate>1</tessellate>
              <coordinates>
                4.553802,52.257376,0
                4.553616,52.257201,0
                4.554398,52.256863,0
                4.554485,52.256803,0
                4.55451,52.256754,0
                4.5545,52.256711,0
                4.554495,52.256664,0
                4.554301,52.256483,0
                4.554196,52.256448,0
                4.554036,52.256439,0
                4.553932,52.256443,0
                4.55387,52.256452,0
                4.553779,52.256374,0
                4.554182,52.256168,0
                4.554993,52.256899,0
                4.553802,52.257376,0
              </coordinates>
            </LinearRing>
          </outerBoundaryIs>
        </Polygon>
      </Placemark>
      <Placemark>
        <name>NH Kerkhof, Lisse</name>
        <styleUrl>#poly-AA0000-3000-140-nodesc</styleUrl>
        <Polygon>
          <outerBoundaryIs>
            <LinearRing>
              <tessellate>1</tessellate>
              <coordinates>
                4.553166,52.258636,0
                4.552989,52.258623,0
                4.552853,52.258605,0
                4.552692,52.258553,0
                4.552578,52.2585,0
                4.552475,52.258444,0
                4.552639,52.258125,0
                4.552757,52.258048,0
                4.552922,52.257982,0
                4.553011,52.258054,0
                4.553185,52.258013,0
                4.553282,52.258162,0
                4.553323,52.258284,0
                4.553357,52.258422,0
                4.553337,52.258562,0
                4.553166,52.258636,0
              </coordinates>
            </LinearRing>
          </outerBoundaryIs>
        </Polygon>
      </Placemark>
      <Placemark>
        <name>Joodse begraafplaats, Maassluis</name>
        <styleUrl>#poly-AA0000-3000-140-nodesc</styleUrl>
        <Polygon>
          <outerBoundaryIs>
            <LinearRing>
              <tessellate>1</tessellate>
              <coordinates>
                4.256764,51.915853,0
                4.256685,51.915939,0
                4.256469,51.915857,0
                4.256567,51.915765,0
                4.256764,51.915853,0
              </coordinates>
            </LinearRing>
          </outerBoundaryIs>
        </Polygon>
      </Placemark>
      <Placemark>
        <name>Gemeentelijke begraafplaats, Maassluis</name>
        <styleUrl>#poly-AA0000-3000-140-nodesc</styleUrl>
        <Polygon>
          <outerBoundaryIs>
            <LinearRing>
              <tessellate>1</tessellate>
              <coordinates>
                4.255821,51.915948,0
                4.255731,51.915854,0
                4.255961,51.915767,0
                4.256036,51.91576,0
                4.256861,51.915524,0
                4.257278,51.915423,0
                4.257504,51.915393,0
                4.257575,51.915318,0
                4.257677,51.915258,0
                4.258551,51.915089,0
                4.258603,51.915692,0
                4.258536,51.915972,0
                4.25829,51.915951,0
                4.258238,51.915956,0
                4.258202,51.915966,0
                4.258055,51.916135,0
                4.25765,51.916479,0
                4.25699,51.916291,0
                4.256188,51.916003,0
                4.255923,51.915911,0
                4.255821,51.915948,0
              </coordinates>
            </LinearRing>
          </outerBoundaryIs>
        </Polygon>
      </Placemark>
      <Placemark>
        <name>NH Kerkhof, Sommelsdijk</name>
        <styleUrl>#poly-AA0000-3000-140-nodesc</styleUrl>
        <Polygon>
          <outerBoundaryIs>
            <LinearRing>
              <tessellate>1</tessellate>
              <coordinates>
                4.151651,51.759153,0
                4.151688,51.758986,0
                4.151698,51.758702,0
                4.151824,51.758701,0
                4.151849,51.758702,0
                4.15187,51.758714,0
                4.151885,51.758728,0
                4.151907,51.758757,0
                4.151985,51.758924,0
                4.152009,51.758956,0
                4.152032,51.75897,0
                4.152057,51.759111,0
                4.151952,51.759119,0
                4.151942,51.759136,0
                4.151911,51.759159,0
                4.151876,51.759164,0
                4.151651,51.759153,0
              </coordinates>
            </LinearRing>
          </outerBoundaryIs>
        </Polygon>
      </Placemark>
      <Placemark>
        <name>RK Kerkhof, Noorden</name>
        <styleUrl>#poly-AA0000-3000-140-nodesc</styleUrl>
        <Polygon>
          <outerBoundaryIs>
            <LinearRing>
              <tessellate>1</tessellate>
              <coordinates>
                4.825768,52.162914,0
                4.826089,52.162951,0
                4.826094,52.162983,0
                4.825923,52.163507,0
                4.825596,52.16348,0
                4.825723,52.163025,0
                4.825768,52.162914,0
              </coordinates>
            </LinearRing>
          </outerBoundaryIs>
        </Polygon>
      </Placemark>
      <Placemark>
        <name>NH Kerkhof, Noorden</name>
        <styleUrl>#poly-AA0000-3000-140-nodesc</styleUrl>
        <Polygon>
          <outerBoundaryIs>
            <LinearRing>
              <tessellate>1</tessellate>
              <coordinates>
                4.837855,52.168478,0
                4.83783,52.168586,0
                4.837839,52.168641,0
                4.837823,52.168658,0
                4.837534,52.168649,0
                4.837487,52.168672,0
                4.837485,52.16869,0
                4.837345,52.168685,0
                4.837419,52.168589,0
                4.837471,52.168446,0
                4.837827,52.16845,0
                4.837855,52.168478,0
              </coordinates>
            </LinearRing>
          </outerBoundaryIs>
        </Polygon>
      </Placemark>
      <Placemark>
        <name>Gemeentelijke begraafplaats, Nieuw-Lekkerland</name>
        <styleUrl>#poly-AA0000-3000-140-nodesc</styleUrl>
        <Polygon>
          <outerBoundaryIs>
            <LinearRing>
              <tessellate>1</tessellate>
              <coordinates>
                4.692577,51.886063,0
                4.692635,51.886038,0
                4.694602,51.886334,0
                4.694703,51.886359,0
                4.693363,51.887733,0
                4.692904,51.887825,0
                4.692247,51.887605,0
                4.691422,51.887234,0
                4.692577,51.886063,0
              </coordinates>
            </LinearRing>
          </outerBoundaryIs>
        </Polygon>
      </Placemark>
      <Placemark>
        <name>Oude gemeentelijke begraafplaats, Nieuw-Lekkerland</name>
        <styleUrl>#poly-AA0000-3000-140-nodesc</styleUrl>
        <Polygon>
          <outerBoundaryIs>
            <LinearRing>
              <tessellate>1</tessellate>
              <coordinates>
                4.692787,51.891953,0
                4.693055,51.891998,0
                4.693491,51.892082,0
                4.693379,51.892246,0
                4.693299,51.892228,0
                4.693119,51.892489,0
                4.692702,51.892441,0
                4.692512,51.892404,0
                4.692787,51.891953,0
              </coordinates>
            </LinearRing>
          </outerBoundaryIs>
        </Polygon>
      </Placemark>
      <Placemark>
        <name>Gemeentelijke begraafplaats, Noordwijk</name>
        <styleUrl>#poly-AA0000-3000-140-nodesc</styleUrl>
        <Polygon>
          <outerBoundaryIs>
            <LinearRing>
              <tessellate>1</tessellate>
              <coordinates>
                4.437241,52.23866,0
                4.436888,52.23885,0
                4.436644,52.238848,0
                4.436146,52.238486,0
                4.436131,52.238499,0
                4.436092,52.238718,0
                4.43566,52.238946,0
                4.434848,52.238433,0
                4.434868,52.238255,0
                4.435747,52.237771,0
                4.436319,52.238009,0
                4.437241,52.23866,0
              </coordinates>
            </LinearRing>
          </outerBoundaryIs>
        </Polygon>
      </Placemark>
      <Placemark>
        <name>H. Hart van Jezuskerkhof, De Zilk</name>
        <styleUrl>#poly-AA0000-3000-140-nodesc</styleUrl>
        <Polygon>
          <outerBoundaryIs>
            <LinearRing>
              <tessellate>1</tessellate>
              <coordinates>
                4.549239,52.300059,0
                4.549786,52.300724,0
                4.549778,52.300737,0
                4.549537,52.300807,0
                4.549469,52.300784,0
                4.549348,52.300671,0
                4.549007,52.300285,0
                4.548923,52.300157,0
                4.549239,52.300059,0
              </coordinates>
            </LinearRing>
          </outerBoundaryIs>
        </Polygon>
      </Placemark>
      <Placemark>
        <name>NH begraafplaats, Noordwijkerhout</name>
        <styleUrl>#poly-AA0000-3000-140-nodesc</styleUrl>
        <Polygon>
          <outerBoundaryIs>
            <LinearRing>
              <tessellate>1</tessellate>
              <coordinates>
                4.499475,52.264669,0
                4.500212,52.265177,0
                4.499655,52.265462,0
                4.498916,52.265005,0
                4.499475,52.264669,0
              </coordinates>
            </LinearRing>
          </outerBoundaryIs>
        </Polygon>
      </Placemark>
      <Placemark>
        <name>Rhijnhof, Leiden</name>
        <styleUrl>#icon-1899-DB4436-nodesc</styleUrl>
        <Point>
          <coordinates>
            4.454177,52.161846,0
          </coordinates>
        </Point>
      </Placemark>
      <Placemark>
        <name>NH Kerkhof, Voorburg</name>
        <styleUrl>#icon-1899-DB4436-nodesc</styleUrl>
        <Point>
          <coordinates>
            4.36459,52.067886,0
          </coordinates>
        </Point>
      </Placemark>
      <Placemark>
        <name>Oude gem. begraafplaats, Voorburg</name>
        <styleUrl>#icon-1899-DB4436-nodesc</styleUrl>
        <Point>
          <coordinates>
            4.364694,52.069527,0
          </coordinates>
        </Point>
      </Placemark>
      <Placemark>
        <name>St. Martinuskerkhof, Voorburg</name>
        <styleUrl>#icon-1899-DB4436-nodesc</styleUrl>
        <Point>
          <coordinates>
            4.374166,52.072513,0
          </coordinates>
        </Point>
      </Placemark>
      <Placemark>
        <name>Gem. begraafplaats, Streefkerk</name>
        <styleUrl>#icon-1899-DB4436-nodesc</styleUrl>
        <Point>
          <coordinates>
            4.746241,51.898481,0
          </coordinates>
        </Point>
      </Placemark>
      <Placemark>
        <name>NH Kerkhof, Streefkerk</name>
        <styleUrl>#icon-1899-DB4436-nodesc</styleUrl>
        <Point>
          <coordinates>
            4.743489,51.900479,0
          </coordinates>
        </Point>
      </Placemark>
      <Placemark>
        <name>Protestantse begraafplaats Duinhof, Lisse</name>
        <styleUrl>#icon-1899-DB4436-nodesc</styleUrl>
        <Point>
          <coordinates>
            4.53785,52.259954,0
          </coordinates>
        </Point>
      </Placemark>
      <Placemark>
        <name>HH Engelbewaarders, Lisse</name>
        <styleUrl>#icon-1899-DB4436-nodesc</styleUrl>
        <Point>
          <coordinates>
            4.536739,52.235106,0
          </coordinates>
        </Point>
      </Placemark>
      <Placemark>
        <name>RK Kerkhof St. Agatha, Lisse</name>
        <styleUrl>#icon-1899-DB4436-nodesc</styleUrl>
        <Point>
          <coordinates>
            4.553641,52.257179,0
          </coordinates>
        </Point>
      </Placemark>
      <Placemark>
        <name>NH Kerkhof, Lisse</name>
        <styleUrl>#icon-1899-DB4436-nodesc</styleUrl>
        <Point>
          <coordinates>
            4.553252,52.258593,0
          </coordinates>
        </Point>
      </Placemark>
      <Placemark>
        <name>Joodse begraafplaats, Maassluis</name>
        <styleUrl>#icon-1899-DB4436-nodesc</styleUrl>
        <Point>
          <coordinates>
            4.256732,51.91589,0
          </coordinates>
        </Point>
      </Placemark>
      <Placemark>
        <name>Gemeentelijke begraafplaats, Maassluis</name>
        <styleUrl>#icon-1899-DB4436-nodesc</styleUrl>
        <Point>
          <coordinates>
            4.257903,51.916346,0
          </coordinates>
        </Point>
      </Placemark>
      <Placemark>
        <name>NH Kerkhof, Sommelsdijk</name>
        <styleUrl>#icon-1899-DB4436-nodesc</styleUrl>
        <Point>
          <coordinates>
            4.151763,51.758959,0
          </coordinates>
        </Point>
      </Placemark>
      <Placemark>
        <name>RK begraafplaats, Noorden</name>
        <styleUrl>#icon-1899-DB4436-nodesc</styleUrl>
        <Point>
          <coordinates>
            4.825786,52.163567,0
          </coordinates>
        </Point>
      </Placemark>
      <Placemark>
        <name>NH Kerkhof, Noorden</name>
        <styleUrl>#icon-1899-DB4436-nodesc</styleUrl>
        <Point>
          <coordinates>
            4.837365,52.168688,0
          </coordinates>
        </Point>
      </Placemark>
      <Placemark>
        <name>Gemeentelijke begraafplaats, Nieuw-Lekkerland</name>
        <styleUrl>#icon-1899-DB4436-nodesc</styleUrl>
        <Point>
          <coordinates>
            4.692537,51.887673,0
          </coordinates>
        </Point>
      </Placemark>
      <Placemark>
        <name>Oude gemeentelijke begraafplaats, Nieuw-Lekkerland</name>
        <styleUrl>#icon-1899-DB4436-nodesc</styleUrl>
        <Point>
          <coordinates>
            4.692985,51.891985,0
          </coordinates>
        </Point>
      </Placemark>
      <Placemark>
        <name>Gemeentelijke begraafplaats, Noordwijk</name>
        <styleUrl>#icon-1899-DB4436-nodesc</styleUrl>
        <Point>
          <coordinates>
            4.435401,52.237994,0
          </coordinates>
        </Point>
      </Placemark>
      <Placemark>
        <name>H. Hart van Jezuskerkhof, De Zilk</name>
        <styleUrl>#icon-1899-DB4436-nodesc</styleUrl>
        <Point>
          <coordinates>
            4.548992,52.300268,0
          </coordinates>
        </Point>
      </Placemark>
      <Placemark>
        <name>H. Jozefkerkhof, Noordwijkerhout</name>
        <styleUrl>#poly-AA0000-3000-140-nodesc</styleUrl>
        <Polygon>
          <outerBoundaryIs>
            <LinearRing>
              <tessellate>1</tessellate>
              <coordinates>
                4.495013,52.265072,0
                4.49526,52.264402,0
                4.496813,52.264638,0
                4.496742,52.264723,0
                4.495981,52.264878,0
                4.495013,52.265072,0
              </coordinates>
            </LinearRing>
          </outerBoundaryIs>
        </Polygon>
      </Placemark>
      <Placemark>
        <name>Grafmonument Wyttenbach, Oegstgeest</name>
        <styleUrl>#poly-AA0000-3000-140-nodesc</styleUrl>
        <Polygon>
          <outerBoundaryIs>
            <LinearRing>
              <tessellate>1</tessellate>
              <coordinates>
                4.470312,52.183085,0
                4.470314,52.183263,0
                4.469931,52.183254,0
                4.470116,52.18301,0
                4.470291,52.183018,0
                4.470312,52.183085,0
              </coordinates>
            </LinearRing>
          </outerBoundaryIs>
        </Polygon>
      </Placemark>
      <Placemark>
        <name>H. Willibrordbegraafplaats, Oegstgeest</name>
        <styleUrl>#poly-AA0000-3000-140-nodesc</styleUrl>
        <Polygon>
          <outerBoundaryIs>
            <LinearRing>
              <tessellate>1</tessellate>
              <coordinates>
                4.462316,52.180702,0
                4.462299,52.180148,0
                4.463448,52.180154,0
                4.463581,52.180324,0
                4.463636,52.180351,0
                4.463987,52.180352,0
                4.464001,52.180706,0
                4.462316,52.180702,0
              </coordinates>
            </LinearRing>
          </outerBoundaryIs>
        </Polygon>
      </Placemark>
      <Placemark>
        <name>Joodse begraafplaats, Oud Beijerland</name>
        <styleUrl>#poly-AA0000-3000-140-nodesc</styleUrl>
        <Polygon>
          <outerBoundaryIs>
            <LinearRing>
              <tessellate>1</tessellate>
              <coordinates>
                4.420284,51.823361,0
                4.42015,51.822878,0
                4.420518,51.822834,0
                4.420667,51.823312,0
                4.420284,51.823361,0
              </coordinates>
            </LinearRing>
          </outerBoundaryIs>
        </Polygon>
      </Placemark>
      <Placemark>
        <name>Gemeentelijke begraafplaats, Hazerswoude Dorp</name>
        <styleUrl>#poly-AA0000-3000-140-nodesc</styleUrl>
        <Polygon>
          <outerBoundaryIs>
            <LinearRing>
              <tessellate>1</tessellate>
              <coordinates>
                4.589789,52.091325,0
                4.590083,52.09346,0
                4.589043,52.093509,0
                4.588997,52.093197,0
                4.588039,52.093258,0
                4.587934,52.092501,0
                4.5898,52.092392,0
                4.58978,52.092303,0
                4.587906,52.092397,0
                4.587759,52.091432,0
                4.589789,52.091325,0
              </coordinates>
            </LinearRing>
          </outerBoundaryIs>
        </Polygon>
      </Placemark>
      <Placemark>
        <name>RK Kerkhof, Hazerswoude Dorp</name>
        <styleUrl>#poly-AA0000-3000-140-nodesc</styleUrl>
        <Polygon>
          <outerBoundaryIs>
            <LinearRing>
              <tessellate>1</tessellate>
              <coordinates>
                4.583608,52.096727,0
                4.583239,52.096733,0
                4.583248,52.096413,0
                4.583268,52.096381,0
                4.583357,52.096363,0
                4.583446,52.096359,0
                4.583591,52.096363,0
                4.583604,52.096664,0
                4.583608,52.096727,0
              </coordinates>
            </LinearRing>
          </outerBoundaryIs>
        </Polygon>
      </Placemark>
      <Placemark>
        <name>NH Kerkhof, Koudekerk aan den Rijn</name>
        <styleUrl>#poly-AA0000-3000-140-nodesc</styleUrl>
        <Polygon>
          <outerBoundaryIs>
            <LinearRing>
              <tessellate>1</tessellate>
              <coordinates>
                4.591482,52.132197,0
                4.591242,52.132445,0
                4.590586,52.132269,0
                4.590873,52.131953,0
                4.591482,52.132197,0
              </coordinates>
            </LinearRing>
          </outerBoundaryIs>
        </Polygon>
      </Placemark>
      <Placemark>
        <name>Gem. begraafplaats, Koudekerk aan den Rijn</name>
        <styleUrl>#poly-AA0000-3000-140-nodesc</styleUrl>
        <Polygon>
          <outerBoundaryIs>
            <LinearRing>
              <tessellate>1</tessellate>
              <coordinates>
                4.59771,52.133029,0
                4.59755,52.133051,0
                4.597525,52.133057,0
                4.596973,52.133222,0
                4.5969,52.132995,0
                4.596437,52.133047,0
                4.596366,52.132812,0
                4.596282,52.132815,0
                4.59624,52.132627,0
                4.596673,52.132582,0
                4.596666,52.132532,0
                4.597571,52.132414,0
                4.59771,52.133029,0
              </coordinates>
            </LinearRing>
          </outerBoundaryIs>
        </Polygon>
      </Placemark>
      <Placemark>
        <name>Joods deel op Oud Rijswijk, Rijswijk</name>
        <styleUrl>#poly-AA0000-3000-140-nodesc</styleUrl>
        <Polygon>
          <outerBoundaryIs>
            <LinearRing>
              <tessellate>1</tessellate>
              <coordinates>
                4.337787,52.046854,0
                4.337885,52.046905,0
                4.337745,52.046987,0
                4.337659,52.046927,0
                4.337787,52.046854,0
              </coordinates>
            </LinearRing>
          </outerBoundaryIs>
        </Polygon>
      </Placemark>
      <Placemark>
        <name>Begraafplaats Oud-Rijswijk, Rijswijk</name>
        <styleUrl>#poly-AA0000-3000-140-nodesc</styleUrl>
        <Polygon>
          <outerBoundaryIs>
            <LinearRing>
              <tessellate>1</tessellate>
              <coordinates>
                4.337448,52.048424,0
                4.336068,52.047451,0
                4.33635,52.047277,0
                4.33663,52.047187,0
                4.336881,52.046929,0
                4.33697,52.046873,0
                4.337204,52.046794,0
                4.337332,52.046768,0
                4.337661,52.046624,0
                4.337855,52.046507,0
                4.338254,52.046199,0
                4.339695,52.047148,0
                4.337448,52.048424,0
              </coordinates>
            </LinearRing>
          </outerBoundaryIs>
        </Polygon>
      </Placemark>
      <Placemark>
        <name>Liberaal Joodse begraafplaats, Rijswijk</name>
        <styleUrl>#poly-AA0000-3000-140-nodesc</styleUrl>
        <Polygon>
          <outerBoundaryIs>
            <LinearRing>
              <tessellate>1</tessellate>
              <coordinates>
                4.30941,52.021024,0
                4.309063,52.020915,0
                4.30921,52.020743,0
                4.309562,52.020848,0
                4.30941,52.021024,0
              </coordinates>
            </LinearRing>
          </outerBoundaryIs>
        </Polygon>
      </Placemark>
      <Placemark>
        <name>Gem. begraafplaats Eikelenburg, Rijswijk</name>
        <styleUrl>#poly-AA0000-3000-140-nodesc</styleUrl>
        <Polygon>
          <outerBoundaryIs>
            <LinearRing>
              <tessellate>1</tessellate>
              <coordinates>
                4.30729,52.02217,0
                4.308008,52.021266,0
                4.307033,52.020965,0
                4.306388,52.021772,0
                4.305382,52.021455,0
                4.306827,52.019725,0
                4.310016,52.020768,0
                4.308441,52.022522,0
                4.30729,52.02217,0
              </coordinates>
            </LinearRing>
          </outerBoundaryIs>
        </Polygon>
      </Placemark>
      <Placemark>
        <name>Gem. begraafplaats, Hoek van Holland</name>
        <styleUrl>#poly-AA0000-3000-140-nodesc</styleUrl>
        <Polygon>
          <outerBoundaryIs>
            <LinearRing>
              <tessellate>1</tessellate>
              <coordinates>
                4.123935,51.982992,0
                4.1233,51.982349,0
                4.123043,51.982194,0
                4.122952,51.982093,0
                4.122947,51.981941,0
                4.12292,51.981489,0
                4.122982,51.981377,0
                4.123702,51.981011,0
                4.124968,51.98151,0
                4.124868,51.981591,0
                4.125779,51.981955,0
                4.125102,51.982419,0
                4.125099,51.982477,0
                4.125061,51.98254,0
                4.124966,51.982592,0
                4.123935,51.982992,0
              </coordinates>
            </LinearRing>
          </outerBoundaryIs>
        </Polygon>
      </Placemark>
      <Placemark>
        <name>RK St. Laurentius, Rotterdam</name>
        <styleUrl>#poly-AA0000-3000-140-nodesc</styleUrl>
        <Polygon>
          <outerBoundaryIs>
            <LinearRing>
              <tessellate>1</tessellate>
              <coordinates>
                4.493735,51.935602,0
                4.493391,51.934725,0
                4.493341,51.934698,0
                4.493169,51.934288,0
                4.495627,51.933969,0
                4.495696,51.934029,0
                4.495803,51.933942,0
                4.496108,51.934217,0
                4.495972,51.93428,0
                4.496281,51.934565,0
                4.496133,51.934775,0
                4.49478,51.93562,0
                4.494558,51.935659,0
                4.493735,51.935602,0
              </coordinates>
            </LinearRing>
          </outerBoundaryIs>
        </Polygon>
      </Placemark>
      <Placemark>
        <name>Gem. begraafplaats Crooswijk, Rotterdam</name>
        <styleUrl>#poly-AA0000-3000-140-nodesc</styleUrl>
        <Polygon>
          <outerBoundaryIs>
            <LinearRing>
              <tessellate>1</tessellate>
              <coordinates>
                4.488378,51.940882,0
                4.488256,51.940362,0
                4.487126,51.939791,0
                4.486396,51.93927,0
                4.486613,51.938848,0
                4.486956,51.938409,0
                4.487472,51.937988,0
                4.487503,51.937763,0
                4.487895,51.937636,0
                4.488128,51.937116,0
                4.488545,51.936679,0
                4.488948,51.936395,0
                4.489257,51.936418,0
                4.492099,51.937762,0
                4.49223,51.937866,0
                4.49254,51.938051,0
                4.492868,51.938149,0
                4.493865,51.938559,0
                4.494549,51.938837,0
                4.495046,51.939039,0
                4.495029,51.939294,0
                4.494457,51.939705,0
                4.493537,51.940417,0
                4.493245,51.940682,0
                4.492736,51.941026,0
                4.491479,51.941318,0
                4.488378,51.940882,0
              </coordinates>
            </LinearRing>
          </outerBoundaryIs>
        </Polygon>
      </Placemark>
      <Placemark>
        <name>RK Kerkhof Kralingen, Rotterdam</name>
        <styleUrl>#poly-AA0000-3000-140-nodesc</styleUrl>
        <Polygon>
          <outerBoundaryIs>
            <LinearRing>
              <tessellate>1</tessellate>
              <coordinates>
                4.513223,51.920477,0
                4.513155,51.920357,0
                4.513537,51.920264,0
                4.513605,51.920381,0
                4.513223,51.920477,0
              </coordinates>
            </LinearRing>
          </outerBoundaryIs>
        </Polygon>
      </Placemark>
      <Placemark>
        <name>Joodse begraafplaats Het Toepad, Rotterdam</name>
        <styleUrl>#poly-AA0000-3000-140-nodesc</styleUrl>
        <Polygon>
          <outerBoundaryIs>
            <LinearRing>
              <tessellate>1</tessellate>
              <coordinates>
                4.533219,51.911819,0
                4.531833,51.909215,0
                4.533152,51.908958,0
                4.534447,51.911577,0
                4.533219,51.911819,0
              </coordinates>
            </LinearRing>
          </outerBoundaryIs>
        </Polygon>
      </Placemark>
      <Placemark>
        <name>NH begraafplaats, Noordwijkerhout</name>
        <styleUrl>#icon-1899-DB4436-nodesc</styleUrl>
        <Point>
          <coordinates>
            4.49947,52.265288,0
          </coordinates>
        </Point>
      </Placemark>
      <Placemark>
        <name>H. Jozefkerkhof, Noordwijkerhout</name>
        <styleUrl>#icon-1899-DB4436-nodesc</styleUrl>
        <Point>
          <coordinates>
            4.495178,52.264591,0
          </coordinates>
        </Point>
      </Placemark>
      <Placemark>
        <name>Grafmonument Wyttenbach, Oegstgeest</name>
        <styleUrl>#icon-1899-DB4436-nodesc</styleUrl>
        <Point>
          <coordinates>
            4.470228,52.183025,0
          </coordinates>
        </Point>
      </Placemark>
      <Placemark>
        <name>H. Willibrordbegraafplaats, Oegstgeest</name>
        <styleUrl>#icon-1899-DB4436-nodesc</styleUrl>
        <Point>
          <coordinates>
            4.463998,52.180567,0
          </coordinates>
        </Point>
      </Placemark>
      <Placemark>
        <name>Joodse begraafplaats, Oud Beijerland</name>
        <styleUrl>#icon-1899-DB4436-nodesc</styleUrl>
        <Point>
          <coordinates>
            4.420331,51.82285,0
          </coordinates>
        </Point>
      </Placemark>
      <Placemark>
        <name>Gemeentelijke begraafplaats, Hazerswoude Dorp</name>
        <styleUrl>#icon-1899-DB4436-nodesc</styleUrl>
        <Point>
          <coordinates>
            4.590038,52.093179,0
          </coordinates>
        </Point>
      </Placemark>
      <Placemark>
        <name>RK Kerkhof, Hazerswoude Dorp</name>
        <styleUrl>#icon-1899-DB4436-nodesc</styleUrl>
        <Point>
          <coordinates>
            4.583606,52.096689,0
          </coordinates>
        </Point>
      </Placemark>
      <Placemark>
        <name>NH Kerkhof, Koudekerk aan den Rijn</name>
        <styleUrl>#icon-1899-DB4436-nodesc</styleUrl>
        <Point>
          <coordinates>
            4.591418,52.132183,0
          </coordinates>
        </Point>
      </Placemark>
      <Placemark>
        <name>Gem. begraafplaats, Koudekerk aan den Rijn</name>
        <styleUrl>#icon-1899-DB4436-nodesc</styleUrl>
        <Point>
          <coordinates>
            4.597003,52.132477,0
          </coordinates>
        </Point>
      </Placemark>
      <Placemark>
        <name>Joods deel op Oud-Rijswijk, Rijswijk</name>
        <styleUrl>#icon-1899-DB4436-nodesc</styleUrl>
        <Point>
          <coordinates>
            4.337833,52.046879,0
          </coordinates>
        </Point>
      </Placemark>
      <Placemark>
        <name>Begraafplaats Oud-Rijswijk, Rijswijk</name>
        <styleUrl>#icon-1899-DB4436-nodesc</styleUrl>
        <Point>
          <coordinates>
            4.337465,52.048358,0
          </coordinates>
        </Point>
      </Placemark>
      <Placemark>
        <name>Liberaal Joodse begraafplaats, Rijswijk</name>
        <styleUrl>#icon-1899-DB4436-nodesc</styleUrl>
        <Point>
          <coordinates>
            4.309564,52.020978,0
          </coordinates>
        </Point>
      </Placemark>
      <Placemark>
        <name>Gem. begraafplaats Eikelenburg, Rijswijk</name>
        <styleUrl>#icon-1899-DB4436-nodesc</styleUrl>
        <Point>
          <coordinates>
            4.306561,52.0225,0
          </coordinates>
        </Point>
      </Placemark>
      <Placemark>
        <name>Gem. begraafplaats, Hoek van Holland</name>
        <styleUrl>#icon-1899-DB4436-nodesc</styleUrl>
        <Point>
          <coordinates>
            4.125259,51.98246,0
          </coordinates>
        </Point>
      </Placemark>
      <Placemark>
        <name>Rk St. Laurentius, Rotterdam</name>
        <styleUrl>#icon-1899-DB4436-nodesc</styleUrl>
        <Point>
          <coordinates>
            4.496033,51.934128,0
          </coordinates>
        </Point>
      </Placemark>
      <Placemark>
        <name>Gem. begraafplaats Crooswijk, Rotterdam</name>
        <styleUrl>#icon-1899-DB4436-nodesc</styleUrl>
        <Point>
          <coordinates>
            4.49238,51.93797,0
          </coordinates>
        </Point>
      </Placemark>
      <Placemark>
        <name>RK Kerkhof Kralingen, Rotterdam</name>
        <styleUrl>#icon-1899-DB4436-nodesc</styleUrl>
        <Point>
          <coordinates>
            4.513571,51.920332,0
          </coordinates>
        </Point>
      </Placemark>
      <Placemark>
        <name>RK begraafplaats Schiedam</name>
        <styleUrl>#poly-AA0000-3000-140-nodesc</styleUrl>
        <Polygon>
          <outerBoundaryIs>
            <LinearRing>
              <tessellate>1</tessellate>
              <coordinates>
                4.388049,51.916849,0
                4.387516,51.916296,0
                4.388685,51.915912,0
                4.388841,51.916006,0
                4.388957,51.916103,0
                4.389117,51.916243,0
                4.389277,51.916376,0
                4.389328,51.916433,0
                4.388049,51.916849,0
              </coordinates>
            </LinearRing>
          </outerBoundaryIs>
        </Polygon>
      </Placemark>
      <Placemark>
        <name>Gem. begraafplaats Beukenhof, Schiedam</name>
        <styleUrl>#poly-AA0000-3000-140-nodesc</styleUrl>
        <Polygon>
          <outerBoundaryIs>
            <LinearRing>
              <tessellate>1</tessellate>
              <coordinates>
                4.375217,51.915288,0
                4.373967,51.912506,0
                4.374091,51.912421,0
                4.374294,51.912449,0
                4.376742,51.913109,0
                4.378593,51.913641,0
                4.378573,51.916217,0
                4.378038,51.916337,0
                4.378505,51.91708,0
                4.377584,51.917382,0
                4.376777,51.916146,0
                4.376527,51.91609,0
                4.376072,51.916161,0
                4.375799,51.91581,0
                4.37565,51.915579,0
                4.375513,51.915432,0
                4.375217,51.915288,0
              </coordinates>
            </LinearRing>
          </outerBoundaryIs>
        </Polygon>
      </Placemark>
      <Placemark>
        <name>Oud NH kerkhof, Schoonhoven</name>
        <styleUrl>#poly-AA0000-3000-140-nodesc</styleUrl>
        <Polygon>
          <outerBoundaryIs>
            <LinearRing>
              <tessellate>1</tessellate>
              <coordinates>
                4.8515,51.946205,0
                4.851241,51.946174,0
                4.851236,51.946147,0
                4.851052,51.946127,0
                4.851076,51.946036,0
                4.851515,51.946046,0
                4.8515,51.946205,0
              </coordinates>
            </LinearRing>
          </outerBoundaryIs>
        </Polygon>
      </Placemark>
      <Placemark>
        <name>Joodse begraafplaats, Schoonhoven</name>
        <styleUrl>#poly-AA0000-3000-140-nodesc</styleUrl>
        <Polygon>
          <outerBoundaryIs>
            <LinearRing>
              <tessellate>1</tessellate>
              <coordinates>
                4.854325,51.945636,0
                4.854319,51.945509,0
                4.854861,51.945499,0
                4.854874,51.945618,0
                4.854325,51.945636,0
              </coordinates>
            </LinearRing>
          </outerBoundaryIs>
        </Polygon>
      </Placemark>
      <Placemark>
        <name>Gemeentelijke begraafplaats, Schoonhoven</name>
        <styleUrl>#poly-AA0000-3000-140-nodesc</styleUrl>
        <Polygon>
          <outerBoundaryIs>
            <LinearRing>
              <tessellate>1</tessellate>
              <coordinates>
                4.854619,51.943261,0
                4.855882,51.943106,0
                4.855746,51.943356,0
                4.856434,51.943538,0
                4.856432,51.943659,0
                4.856434,51.944115,0
                4.855649,51.944263,0
                4.854985,51.944304,0
                4.854619,51.943261,0
              </coordinates>
            </LinearRing>
          </outerBoundaryIs>
        </Polygon>
      </Placemark>
      <Placemark>
        <name>RK begraafplaats, Schoonhoven</name>
        <styleUrl>#poly-AA0000-3000-140-nodesc</styleUrl>
        <Polygon>
          <outerBoundaryIs>
            <LinearRing>
              <tessellate>1</tessellate>
              <coordinates>
                4.855642,51.947385,0
                4.856031,51.946897,0
                4.856279,51.947191,0
                4.856367,51.947299,0
                4.856338,51.947337,0
                4.855642,51.947385,0
              </coordinates>
            </LinearRing>
          </outerBoundaryIs>
        </Polygon>
      </Placemark>
      <Placemark>
        <name>NH Kerkhof Willige Langerak, Schoonhoven</name>
        <styleUrl>#poly-AA0000-3000-140-nodesc</styleUrl>
        <Polygon>
          <outerBoundaryIs>
            <LinearRing>
              <tessellate>1</tessellate>
              <coordinates>
                4.860882,51.944887,0
                4.861216,51.944912,0
                4.861238,51.944858,0
                4.861344,51.944865,0
                4.86135,51.944841,0
                4.861394,51.944856,0
                4.861435,51.944878,0
                4.861446,51.944901,0
                4.861443,51.944937,0
                4.861434,51.944975,0
                4.861364,51.944986,0
                4.86128,51.945001,0
                4.861172,51.945,0
                4.861044,51.944994,0
                4.860868,51.94496,0
                4.860882,51.944887,0
              </coordinates>
            </LinearRing>
          </outerBoundaryIs>
        </Polygon>
      </Placemark>
      <Placemark>
        <name>Joodse begraafplaats, Strijen</name>
        <styleUrl>#poly-AA0000-3000-140-nodesc</styleUrl>
        <Polygon>
          <outerBoundaryIs>
            <LinearRing>
              <tessellate>1</tessellate>
              <coordinates>
                4.556863,51.74682,0
                4.556997,51.746745,0
                4.557179,51.746847,0
                4.557025,51.746942,0
                4.556863,51.74682,0
              </coordinates>
            </LinearRing>
          </outerBoundaryIs>
        </Polygon>
      </Placemark>
      <Placemark>
        <name>St. Pancratiuskerkhof, Sassenheim</name>
        <styleUrl>#poly-AA0000-3000-140-nodesc</styleUrl>
        <Polygon>
          <outerBoundaryIs>
            <LinearRing>
              <tessellate>1</tessellate>
              <coordinates>
                4.520021,52.224172,0
                4.519599,52.223888,0
                4.519981,52.223645,0
                4.520294,52.223828,0
                4.520597,52.22369,0
                4.520904,52.223948,0
                4.520611,52.224077,0
                4.520628,52.224099,0
                4.520431,52.224212,0
                4.520119,52.224115,0
                4.520021,52.224172,0
              </coordinates>
            </LinearRing>
          </outerBoundaryIs>
        </Polygon>
      </Placemark>
      <Placemark>
        <name>NH Kerkhof Oude Toren, Warmond</name>
        <styleUrl>#poly-AA0000-3000-140-nodesc</styleUrl>
        <Polygon>
          <outerBoundaryIs>
            <LinearRing>
              <tessellate>1</tessellate>
              <coordinates>
                4.501835,52.200303,0
                4.502133,52.200483,0
                4.502125,52.200518,0
                4.501947,52.200821,0
                4.50188,52.200863,0
                4.501793,52.200897,0
                4.501719,52.200918,0
                4.501684,52.200926,0
                4.501626,52.200933,0
                4.501586,52.200936,0
                4.501502,52.20094,0
                4.501401,52.200938,0
                4.501321,52.200919,0
                4.501229,52.200896,0
                4.501147,52.200847,0
                4.501103,52.200814,0
                4.501008,52.200673,0
                4.501046,52.20062,0
                4.501087,52.200588,0
                4.501784,52.200302,0
                4.501835,52.200303,0
              </coordinates>
            </LinearRing>
          </outerBoundaryIs>
        </Polygon>
      </Placemark>
      <Placemark>
        <name>Rk St. Barbara, Vlaardingen</name>
        <styleUrl>#poly-AA0000-3000-140-nodesc</styleUrl>
        <Polygon>
          <outerBoundaryIs>
            <LinearRing>
              <tessellate>1</tessellate>
              <coordinates>
                4.345716,51.916647,0
                4.346179,51.916911,0
                4.345614,51.917237,0
                4.345156,51.916986,0
                4.345716,51.916647,0
              </coordinates>
            </LinearRing>
          </outerBoundaryIs>
        </Polygon>
      </Placemark>
      <Placemark>
        <name>Gem. begraafplaats Emmaus, Vlaardingen</name>
        <styleUrl>#poly-AA0000-3000-140-nodesc</styleUrl>
        <Polygon>
          <outerBoundaryIs>
            <LinearRing>
              <tessellate>1</tessellate>
              <coordinates>
                4.345891,51.916102,0
                4.34553,51.916184,0
                4.345332,51.916286,0
                4.34578,51.916541,0
                4.344917,51.916995,0
                4.345525,51.917375,0
                4.34225,51.917719,0
                4.342114,51.917568,0
                4.342177,51.917358,0
                4.342287,51.91712,0
                4.342408,51.916977,0
                4.342497,51.916907,0
                4.34274,51.916777,0
                4.342928,51.916678,0
                4.342946,51.916595,0
                4.342927,51.916534,0
                4.342693,51.916225,0
                4.342771,51.915879,0
                4.343271,51.915925,0
                4.343662,51.91595,0
                4.343962,51.915956,0
                4.344244,51.915952,0
                4.344709,51.915931,0
                4.344901,51.915944,0
                4.345314,51.91587,0
                4.34562,51.915826,0
                4.345711,51.915846,0
                4.345891,51.916102,0
              </coordinates>
            </LinearRing>
          </outerBoundaryIs>
        </Polygon>
      </Placemark>
      <Placemark>
        <name>Joodse begraafplaats, Vlaardingen</name>
        <styleUrl>#poly-AA0000-3000-140-nodesc</styleUrl>
        <Polygon>
          <outerBoundaryIs>
            <LinearRing>
              <tessellate>1</tessellate>
              <coordinates>
                4.358844,51.909755,0
                4.358715,51.909614,0
                4.35884,51.909569,0
                4.358984,51.909628,0
                4.359017,51.909654,0
                4.359059,51.909692,0
                4.358844,51.909755,0
              </coordinates>
            </LinearRing>
          </outerBoundaryIs>
        </Polygon>
      </Placemark>
      <Placemark>
        <name>Tombe Bisdom van Vliet, Haastrecht</name>
        <styleUrl>#poly-AA0000-3000-140-nodesc</styleUrl>
        <Polygon>
          <outerBoundaryIs>
            <LinearRing>
              <tessellate>1</tessellate>
              <coordinates>
                4.772659,51.99877,0
                4.772695,51.998716,0
                4.772753,51.998729,0
                4.772723,51.998784,0
                4.772659,51.99877,0
              </coordinates>
            </LinearRing>
          </outerBoundaryIs>
        </Polygon>
      </Placemark>
      <Placemark>
        <name>Gem. begraafplaats Persijnhof, Wassenaar</name>
        <styleUrl>#poly-AA0000-3000-140-nodesc</styleUrl>
        <Polygon>
          <outerBoundaryIs>
            <LinearRing>
              <tessellate>1</tessellate>
              <coordinates>
                4.370097,52.112121,0
                4.368507,52.111105,0
                4.369096,52.110664,0
                4.370376,52.111468,0
                4.370179,52.111584,0
                4.370031,52.111685,0
                4.370421,52.111928,0
                4.370097,52.112121,0
              </coordinates>
            </LinearRing>
          </outerBoundaryIs>
        </Polygon>
      </Placemark>
      <Placemark>
        <name>Joodse begraafplaats, Wassenaar</name>
        <styleUrl>#poly-AA0000-3000-140-nodesc</styleUrl>
        <Polygon>
          <outerBoundaryIs>
            <LinearRing>
              <tessellate>1</tessellate>
              <coordinates>
                4.369099,52.11066,0
                4.369937,52.110011,0
                4.372371,52.111574,0
                4.371915,52.111895,0
                4.371796,52.111812,0
                4.371381,52.112087,0
                4.369099,52.11066,0
              </coordinates>
            </LinearRing>
          </outerBoundaryIs>
        </Polygon>
      </Placemark>
      <Placemark>
        <name>Joodse begraafplaats Het Toepad, Rotterdam</name>
        <styleUrl>#icon-1899-DB4436-nodesc</styleUrl>
        <Point>
          <coordinates>
            4.532411,51.908986,0
          </coordinates>
        </Point>
      </Placemark>
      <Placemark>
        <name>RK begraafplaats, Schiedam</name>
        <styleUrl>#icon-1899-DB4436-nodesc</styleUrl>
        <Point>
          <coordinates>
            4.389331,51.916327,0
          </coordinates>
        </Point>
      </Placemark>
      <Placemark>
        <name>Gem. begraafplaats Beukenhof, Schiedam</name>
        <styleUrl>#icon-1899-DB4436-nodesc</styleUrl>
        <Point>
          <coordinates>
            4.377956,51.917206,0
          </coordinates>
        </Point>
      </Placemark>
      <Placemark>
        <name>Oud NH kerkhof, Schoonhoven (geruimd)</name>
        <styleUrl>#icon-1899-DB4436-nodesc</styleUrl>
        <Point>
          <coordinates>
            4.851521,51.946134,0
          </coordinates>
        </Point>
      </Placemark>
      <Placemark>
        <name>Joodse begraafplaats, Schoonhoven</name>
        <styleUrl>#icon-1899-DB4436-nodesc</styleUrl>
        <Point>
          <coordinates>
            4.854337,51.94558,0
          </coordinates>
        </Point>
      </Placemark>
      <Placemark>
        <name>Gemeentelijke begraafplaats, Schoonhoven</name>
        <styleUrl>#icon-1899-DB4436-nodesc</styleUrl>
        <Point>
          <coordinates>
            4.854766,51.943577,0
          </coordinates>
        </Point>
      </Placemark>
      <Placemark>
        <name>RK begraafplaats, Schoonhoven</name>
        <styleUrl>#icon-1899-DB4436-nodesc</styleUrl>
        <Point>
          <coordinates>
            4.855738,51.947345,0
          </coordinates>
        </Point>
      </Placemark>
      <Placemark>
        <name>NH Kerkhof Willige Langerak, Schoonhoven</name>
        <styleUrl>#icon-1899-DB4436-nodesc</styleUrl>
        <Point>
          <coordinates>
            4.860874,51.944934,0
          </coordinates>
        </Point>
      </Placemark>
      <Placemark>
        <name>Joodse begraafplaats, Strijen</name>
        <styleUrl>#icon-1899-DB4436-nodesc</styleUrl>
        <Point>
          <coordinates>
            4.556465,51.747191,0
          </coordinates>
        </Point>
      </Placemark>
      <Placemark>
        <name>St. Pancratiuskerkhof, Sassenheim</name>
        <styleUrl>#icon-1899-DB4436-nodesc</styleUrl>
        <Point>
          <coordinates>
            4.519845,52.224044,0
          </coordinates>
        </Point>
      </Placemark>
      <Placemark>
        <name>NH kerkhof Oude Toren, Warmond</name>
        <styleUrl>#icon-1899-DB4436-nodesc</styleUrl>
        <Point>
          <coordinates>
            4.502096,52.200494,0
          </coordinates>
        </Point>
      </Placemark>
      <Placemark>
        <name>RK St. Barbara, Vlaardingen</name>
        <styleUrl>#icon-1899-DB4436-nodesc</styleUrl>
        <Point>
          <coordinates>
            4.345622,51.916693,0
          </coordinates>
        </Point>
      </Placemark>
      <Placemark>
        <name>Gem. begraafplaats Emmaus, Vlaardingen</name>
        <styleUrl>#icon-1899-DB4436-nodesc</styleUrl>
        <Point>
          <coordinates>
            4.345888,51.915998,0
          </coordinates>
        </Point>
      </Placemark>
      <Placemark>
        <name>Joodse begraafplaats, Vlaardingen</name>
        <styleUrl>#icon-1899-DB4436-nodesc</styleUrl>
        <Point>
          <coordinates>
            4.358954,51.90972,0
          </coordinates>
        </Point>
      </Placemark>
      <Placemark>
        <name>Tombe Bisdom van Vliet, Haastrecht</name>
        <styleUrl>#icon-1899-DB4436-nodesc</styleUrl>
        <Point>
          <coordinates>
            4.772754,51.998699,0
          </coordinates>
        </Point>
      </Placemark>
      <Placemark>
        <name>Gem. begraafplaats Persijnhof, Wassenaar</name>
        <styleUrl>#icon-1899-DB4436-nodesc</styleUrl>
        <Point>
          <coordinates>
            4.370094,52.111676,0
          </coordinates>
        </Point>
      </Placemark>
      <Placemark>
        <name>RK kerkhof De Goede Herder, Wassenaar</name>
        <styleUrl>#poly-AA0000-3000-140-nodesc</styleUrl>
        <Polygon>
          <outerBoundaryIs>
            <LinearRing>
              <tessellate>1</tessellate>
              <coordinates>
                4.368628,52.118007,0
                4.369122,52.117696,0
                4.369991,52.118317,0
                4.36951,52.118585,0
                4.368628,52.118007,0
              </coordinates>
            </LinearRing>
          </outerBoundaryIs>
        </Polygon>
      </Placemark>
      <Placemark>
        <name>RK Kerkhof St. Willibrordus, Wassenaar</name>
        <styleUrl>#poly-AA0000-3000-140-nodesc</styleUrl>
        <Polygon>
          <outerBoundaryIs>
            <LinearRing>
              <tessellate>1</tessellate>
              <coordinates>
                4.391112,52.140255,0
                4.390836,52.140077,0
                4.390838,52.140041,0
                4.391438,52.139689,0
                4.391505,52.13973,0
                4.391556,52.139698,0
                4.391776,52.139846,0
                4.391629,52.139955,0
                4.391412,52.140123,0
                4.391231,52.14026,0
                4.391176,52.140256,0
                4.391112,52.140255,0
              </coordinates>
            </LinearRing>
          </outerBoundaryIs>
        </Polygon>
      </Placemark>
      <Placemark>
        <name>NH Kerkhof, Wassenaar</name>
        <styleUrl>#poly-AA0000-3000-140-nodesc</styleUrl>
        <Polygon>
          <outerBoundaryIs>
            <LinearRing>
              <tessellate>1</tessellate>
              <coordinates>
                4.390775,52.145196,0
                4.390517,52.145186,0
                4.390483,52.145355,0
                4.390824,52.145387,0
                4.390808,52.145465,0
                4.390986,52.145474,0
                4.391124,52.1455,0
                4.391327,52.14567,0
                4.391237,52.145719,0
                4.391199,52.145754,0
                4.391209,52.145817,0
                4.391263,52.145958,0
                4.391264,52.146051,0
                4.391249,52.146085,0
                4.390647,52.146402,0
                4.390203,52.14614,0
                4.389887,52.145378,0
                4.390217,52.145212,0
                4.390393,52.145124,0
                4.390518,52.145077,0
                4.390622,52.145041,0
                4.390802,52.145025,0
                4.390941,52.145041,0
                4.390806,52.145076,0
                4.390775,52.145196,0
              </coordinates>
            </LinearRing>
          </outerBoundaryIs>
        </Polygon>
      </Placemark>
      <Placemark>
        <name>NH Kerkhof, Ter Heijde</name>
        <styleUrl>#poly-AA0000-3000-140-nodesc</styleUrl>
        <Polygon>
          <outerBoundaryIs>
            <LinearRing>
              <tessellate>1</tessellate>
              <coordinates>
                4.168585,52.03041,0
                4.168429,52.03039,0
                4.168699,52.029885,0
                4.168728,52.02988,0
                4.16896,52.030089,0
                4.16889,52.030153,0
                4.168879,52.030183,0
                4.168929,52.030192,0
                4.169103,52.030288,0
                4.168977,52.030482,0
                4.168881,52.030467,0
                4.16889,52.030442,0
                4.168594,52.0304,0
                4.168585,52.03041,0
              </coordinates>
            </LinearRing>
          </outerBoundaryIs>
        </Polygon>
      </Placemark>
      <Placemark>
        <name>Gem. begraafplaats Molenlande, Monster</name>
        <styleUrl>#poly-AA0000-3000-140-nodesc</styleUrl>
        <Polygon>
          <outerBoundaryIs>
            <LinearRing>
              <tessellate>1</tessellate>
              <coordinates>
                4.178957,52.029504,0
                4.178725,52.029676,0
                4.17853,52.029488,0
                4.178258,52.029223,0
                4.178389,52.029161,0
                4.178117,52.02896,0
                4.179646,52.028094,0
                4.180381,52.028534,0
                4.178957,52.029504,0
              </coordinates>
            </LinearRing>
          </outerBoundaryIs>
        </Polygon>
      </Placemark>
      <Placemark>
        <name>Grafkelder Herkenrath, Monster</name>
        <styleUrl>#poly-AA0000-3000-140-nodesc</styleUrl>
        <Polygon>
          <outerBoundaryIs>
            <LinearRing>
              <tessellate>1</tessellate>
              <coordinates>
                4.166703,52.023887,0
                4.166656,52.023879,0
                4.166619,52.023836,0
                4.166599,52.023786,0
                4.166609,52.023756,0
                4.166664,52.023723,0
                4.166772,52.023683,0
                4.166829,52.023675,0
                4.166888,52.023682,0
                4.166921,52.023698,0
                4.166942,52.023726,0
                4.166962,52.023751,0
                4.166969,52.023781,0
                4.166882,52.023841,0
                4.166794,52.023872,0
                4.166703,52.023887,0
              </coordinates>
            </LinearRing>
          </outerBoundaryIs>
        </Polygon>
      </Placemark>
      <Placemark>
        <name>RK kerkhof H. Machutus, Monster</name>
        <styleUrl>#poly-AA0000-3000-140-nodesc</styleUrl>
        <Polygon>
          <outerBoundaryIs>
            <LinearRing>
              <tessellate>1</tessellate>
              <coordinates>
                4.176625,52.021482,0
                4.176635,52.021419,0
                4.176758,52.021159,0
                4.177371,52.021225,0
                4.177352,52.021294,0
                4.177153,52.02129,0
                4.177139,52.021436,0
                4.177168,52.021436,0
                4.177169,52.021457,0
                4.177197,52.021459,0
                4.177182,52.02163,0
                4.177172,52.021681,0
                4.176849,52.021671,0
                4.176837,52.02164,0
                4.176845,52.021488,0
                4.176625,52.021482,0
              </coordinates>
            </LinearRing>
          </outerBoundaryIs>
        </Polygon>
      </Placemark>
      <Placemark>
        <name>Joodse begraafplaats, Naaldwijk</name>
        <styleUrl>#poly-AA0000-3000-140-nodesc</styleUrl>
        <Polygon>
          <outerBoundaryIs>
            <LinearRing>
              <tessellate>1</tessellate>
              <coordinates>
                4.194699,51.995446,0
                4.1942,51.995262,0
                4.194263,51.995254,0
                4.194374,51.995227,0
                4.194464,51.995178,0
                4.194638,51.995052,0
                4.19498,51.995167,0
                4.194699,51.995446,0
              </coordinates>
            </LinearRing>
          </outerBoundaryIs>
        </Polygon>
      </Placemark>
      <Placemark>
        <name>Gemeentelijke begraafplaats, Naaldwijk</name>
        <styleUrl>#poly-AA0000-3000-140-nodesc</styleUrl>
        <Polygon>
          <outerBoundaryIs>
            <LinearRing>
              <tessellate>1</tessellate>
              <coordinates>
                4.196119,51.997789,0
                4.196171,51.997789,0
                4.196586,51.997543,0
                4.197047,51.997715,0
                4.197876,51.996984,0
                4.20056,51.998196,0
                4.200245,51.998448,0
                4.199517,51.998119,0
                4.199173,51.998444,0
                4.199754,51.998675,0
                4.199534,51.998853,0
                4.19929,51.999056,0
                4.199071,51.999256,0
                4.19778,51.998688,0
                4.197498,51.998651,0
                4.197153,51.998624,0
                4.196961,51.998635,0
                4.195846,51.998196,0
                4.19555,51.998021,0
                4.196119,51.997789,0
              </coordinates>
            </LinearRing>
          </outerBoundaryIs>
        </Polygon>
      </Placemark>
      <Placemark>
        <name>RK begraafplaats St. Adrianus, Naaldwijk</name>
        <styleUrl>#poly-AA0000-3000-140-nodesc</styleUrl>
        <Polygon>
          <outerBoundaryIs>
            <LinearRing>
              <tessellate>1</tessellate>
              <coordinates>
                4.209406,51.994933,0
                4.209141,51.995183,0
                4.208631,51.994946,0
                4.20888,51.994718,0
                4.209406,51.994933,0
              </coordinates>
            </LinearRing>
          </outerBoundaryIs>
        </Polygon>
      </Placemark>
      <Placemark>
        <name><![CDATA[Gemeentelijke begraafplaats Beukenhage, 's-Gravenzande]]></name>
        <styleUrl>#poly-AA0000-3000-140-nodesc</styleUrl>
        <Polygon>
          <outerBoundaryIs>
            <LinearRing>
              <tessellate>1</tessellate>
              <coordinates>
                4.161481,51.996219,0
                4.160116,51.996051,0
                4.159788,51.995953,0
                4.159209,51.995579,0
                4.159184,51.995464,0
                4.159205,51.995438,0
                4.159245,51.995431,0
                4.15924,51.995385,0
                4.1592,51.995372,0
                4.159259,51.995119,0
                4.159364,51.995109,0
                4.159465,51.995055,0
                4.15954,51.995011,0
                4.15966,51.994965,0
                4.159769,51.994942,0
                4.159982,51.994932,0
                4.160852,51.994978,0
                4.161806,51.993533,0
                4.162612,51.993961,0
                4.162346,51.994373,0
                4.163159,51.994576,0
                4.163029,51.994835,0
                4.16292,51.994984,0
                4.162732,51.995143,0
                4.162683,51.995194,0
                4.162662,51.995296,0
                4.16222,51.995261,0
                4.162205,51.995338,0
                4.162167,51.99542,0
                4.162131,51.99544,0
                4.162112,51.995767,0
                4.162265,51.995783,0
                4.16222,51.995928,0
                4.16162,51.995867,0
                4.161481,51.996219,0
              </coordinates>
            </LinearRing>
          </outerBoundaryIs>
        </Polygon>
      </Placemark>
      <Placemark>
        <name>Oude alg. begraafplaats, Krimpen aan de Lek</name>
        <styleUrl>#poly-AA0000-3000-140-nodesc</styleUrl>
        <Polygon>
          <outerBoundaryIs>
            <LinearRing>
              <tessellate>1</tessellate>
              <coordinates>
                4.618894,51.894,0
                4.619301,51.894408,0
                4.619102,51.894467,0
                4.618779,51.89406,0
                4.618894,51.894,0
              </coordinates>
            </LinearRing>
          </outerBoundaryIs>
        </Polygon>
      </Placemark>
      <Placemark>
        <name>Gem. begraafplaats, Krimpen aan de Lek</name>
        <styleUrl>#poly-AA0000-3000-140-nodesc</styleUrl>
        <Polygon>
          <outerBoundaryIs>
            <LinearRing>
              <tessellate>1</tessellate>
              <coordinates>
                4.616659,51.898828,0
                4.615546,51.897568,0
                4.615751,51.897497,0
                4.615508,51.897222,0
                4.615385,51.897203,0
                4.615217,51.897247,0
                4.613903,51.895663,0
                4.614432,51.895571,0
                4.615641,51.897095,0
                4.615686,51.897139,0
                4.615743,51.897175,0
                4.615812,51.897218,0
                4.615833,51.897243,0
                4.615846,51.897289,0
                4.61587,51.897354,0
                4.61591,51.897414,0
                4.617037,51.898775,0
                4.61705,51.898812,0
                4.617013,51.898826,0
                4.616659,51.898828,0
              </coordinates>
            </LinearRing>
          </outerBoundaryIs>
        </Polygon>
      </Placemark>
      <Placemark>
        <name>Gem. begraafplaats, Lekkerkerk</name>
        <styleUrl>#poly-AA0000-3000-140-nodesc</styleUrl>
        <Polygon>
          <outerBoundaryIs>
            <LinearRing>
              <tessellate>1</tessellate>
              <coordinates>
                4.6971,51.898811,0
                4.696717,51.898918,0
                4.696761,51.89986,0
                4.697233,51.899849,0
                4.697335,51.900774,0
                4.697345,51.901131,0
                4.697324,51.901189,0
                4.697419,51.902505,0
                4.696939,51.902524,0
                4.696926,51.902391,0
                4.697009,51.902388,0
                4.696985,51.902012,0
                4.696788,51.902016,0
                4.696606,51.89987,0
                4.696506,51.898509,0
                4.696839,51.89843,0
                4.6971,51.898811,0
              </coordinates>
            </LinearRing>
          </outerBoundaryIs>
        </Polygon>
      </Placemark>
      <Placemark>
        <name>Gem. begraafplaats, Groot-Ammers</name>
        <styleUrl>#poly-AA0000-3000-140-nodesc</styleUrl>
        <Polygon>
          <outerBoundaryIs>
            <LinearRing>
              <tessellate>1</tessellate>
              <coordinates>
                4.832442,51.930433,0
                4.832211,51.930766,0
                4.832064,51.931093,0
                4.831177,51.930994,0
                4.83124,51.93079,0
                4.830621,51.930678,0
                4.83079,51.930197,0
                4.832442,51.930433,0
              </coordinates>
            </LinearRing>
          </outerBoundaryIs>
        </Polygon>
      </Placemark>
      <Placemark>
        <name>Gem. begraafplaats, Nieuwpoort</name>
        <styleUrl>#poly-AA0000-3000-140-nodesc</styleUrl>
        <Polygon>
          <outerBoundaryIs>
            <LinearRing>
              <tessellate>1</tessellate>
              <coordinates>
                4.868146,51.933289,0
                4.868017,51.9335,0
                4.86735,51.933338,0
                4.867438,51.932834,0
                4.867968,51.932872,0
                4.867969,51.932884,0
                4.868083,51.932894,0
                4.868378,51.933259,0
                4.868333,51.933275,0
                4.868243,51.933259,0
                4.868146,51.933289,0
              </coordinates>
            </LinearRing>
          </outerBoundaryIs>
        </Polygon>
      </Placemark>
      <Placemark>
        <name>Gem. begraafplaats, Langerak</name>
        <styleUrl>#poly-AA0000-3000-140-nodesc</styleUrl>
        <Polygon>
          <outerBoundaryIs>
            <LinearRing>
              <tessellate>1</tessellate>
              <coordinates>
                4.883331,51.934543,0
                4.883153,51.934876,0
                4.883133,51.934877,0
                4.882905,51.93556,0
                4.8827,51.935545,0
                4.882703,51.935497,0
                4.882635,51.935493,0
                4.882622,51.935531,0
                4.882468,51.935528,0
                4.882518,51.935332,0
                4.882546,51.935335,0
                4.882573,51.935247,0
                4.88258,51.935221,0
                4.88261,51.935224,0
                4.88264,51.935123,0
                4.882661,51.935127,0
                4.8827,51.935009,0
                4.882729,51.93501,0
                4.882788,51.934846,0
                4.882813,51.934841,0
                4.882826,51.934824,0
                4.882494,51.934771,0
                4.882672,51.934416,0
                4.883331,51.934543,0
              </coordinates>
            </LinearRing>
          </outerBoundaryIs>
        </Polygon>
      </Placemark>
      <Placemark>
        <name>Gem. begraafplaats, Goudriaan</name>
        <styleUrl>#poly-AA0000-3000-140-nodesc</styleUrl>
        <Polygon>
          <outerBoundaryIs>
            <LinearRing>
              <tessellate>1</tessellate>
              <coordinates>
                4.888306,51.903366,0
                4.888466,51.903395,0
                4.888373,51.903648,0
                4.888268,51.903637,0
                4.888219,51.903761,0
                4.88826,51.903772,0
                4.888218,51.903888,0
                4.888187,51.90396,0
                4.888145,51.903969,0
                4.888077,51.90415,0
                4.88764,51.904081,0
                4.887817,51.903712,0
                4.888159,51.903754,0
                4.888206,51.903634,0
                4.887831,51.903579,0
                4.887881,51.903475,0
                4.88802,51.903495,0
                4.888018,51.903506,0
                4.888139,51.903523,0
                4.888144,51.903509,0
                4.888245,51.903522,0
                4.88829,51.903525,0
                4.888315,51.903505,0
                4.888322,51.903461,0
                4.888273,51.903438,0
                4.888306,51.903366,0
              </coordinates>
            </LinearRing>
          </outerBoundaryIs>
        </Polygon>
      </Placemark>
      <Placemark>
        <name>Joodse begraafplaats, Wassenaar</name>
        <styleUrl>#icon-1899-DB4436-nodesc</styleUrl>
        <Point>
          <coordinates>
            4.370447,52.111444,0
          </coordinates>
        </Point>
      </Placemark>
      <Placemark>
        <name>RK Kerkhof De Goede Herder, Wassenaar</name>
        <styleUrl>#icon-1899-DB4436-nodesc</styleUrl>
        <Point>
          <coordinates>
            4.368813,52.117979,0
          </coordinates>
        </Point>
      </Placemark>
      <Placemark>
        <name>RK Kerkhof St. Willibrordus, Wassenaar</name>
        <styleUrl>#icon-1899-DB4436-nodesc</styleUrl>
        <Point>
          <coordinates>
            4.39095,52.140149,0
          </coordinates>
        </Point>
      </Placemark>
      <Placemark>
        <name>NH Kerkhof, Wassenaar</name>
        <styleUrl>#icon-1899-DB4436-nodesc</styleUrl>
        <Point>
          <coordinates>
            4.391243,52.146108,0
          </coordinates>
        </Point>
      </Placemark>
      <Placemark>
        <name>NH Kerkhof, Ter Heijde</name>
        <styleUrl>#icon-1899-DB4436-nodesc</styleUrl>
        <Point>
          <coordinates>
            4.16864,52.030431,0
          </coordinates>
        </Point>
      </Placemark>
      <Placemark>
        <name>Gem. begraafplaats Molenlande, Monster</name>
        <styleUrl>#icon-1899-DB4436-nodesc</styleUrl>
        <Point>
          <coordinates>
            4.178328,52.02927,0
          </coordinates>
        </Point>
      </Placemark>
      <Placemark>
        <name>Grafkelder Herkenrath, Monster</name>
        <styleUrl>#icon-1899-DB4436-nodesc</styleUrl>
        <Point>
          <coordinates>
            4.166942,52.023719,0
          </coordinates>
        </Point>
      </Placemark>
      <Placemark>
        <name>RK Kerkhof H. Machutus, Monster</name>
        <styleUrl>#icon-1899-DB4436-nodesc</styleUrl>
        <Point>
          <coordinates>
            4.177212,52.021452,0
          </coordinates>
        </Point>
      </Placemark>
      <Placemark>
        <name>Joodse begraafplaats, Naaldwijk</name>
        <styleUrl>#icon-1899-DB4436-nodesc</styleUrl>
        <Point>
          <coordinates>
            4.194411,51.995334,0
          </coordinates>
        </Point>
      </Placemark>
      <Placemark>
        <name>Gemeentelijke begraafplaats, Naaldwijk</name>
        <styleUrl>#icon-1899-DB4436-nodesc</styleUrl>
        <Point>
          <coordinates>
            4.196426,51.997701,0
          </coordinates>
        </Point>
      </Placemark>
      <Placemark>
        <name>RK begraafplaats St. Adrianus, Naaldwijk</name>
        <styleUrl>#icon-1899-DB4436-nodesc</styleUrl>
        <Point>
          <coordinates>
            4.208867,51.995021,0
          </coordinates>
        </Point>
      </Placemark>
      <Placemark>
        <name><![CDATA[Gem. begraafplaats Beukenhage, 's-Gravenzande]]></name>
        <styleUrl>#icon-1899-DB4436-nodesc</styleUrl>
        <Point>
          <coordinates>
            4.16271,51.995205,0
          </coordinates>
        </Point>
      </Placemark>
      <Placemark>
        <name>Oude alg. begraafplaats, Krimpen aan de Lek</name>
        <styleUrl>#icon-1899-DB4436-nodesc</styleUrl>
        <Point>
          <coordinates>
            4.618844,51.894025,0
          </coordinates>
        </Point>
      </Placemark>
      <Placemark>
        <name>Gem. begraafplaats, Krimpen aan de Lek</name>
        <styleUrl>#icon-1899-DB4436-nodesc</styleUrl>
        <Point>
          <coordinates>
            4.615398,51.8974,0
          </coordinates>
        </Point>
      </Placemark>
      <Placemark>
        <name>Gem. begraafplaats, Lekkerkerk</name>
        <styleUrl>#icon-1899-DB4436-nodesc</styleUrl>
        <Point>
          <coordinates>
            4.696938,51.902053,0
          </coordinates>
        </Point>
      </Placemark>
      <Placemark>
        <name>Gem. begraafplaats, Groot-Ammers</name>
        <styleUrl>#icon-1899-DB4436-nodesc</styleUrl>
        <Point>
          <coordinates>
            4.831729,51.931046,0
          </coordinates>
        </Point>
      </Placemark>
      <Placemark>
        <name>Gem. begraafplaats, Nieuwpoort</name>
        <styleUrl>#icon-1899-DB4436-nodesc</styleUrl>
        <Point>
          <coordinates>
            4.86817,51.933328,0
          </coordinates>
        </Point>
      </Placemark>
      <Placemark>
        <name>Gem. begraafplaats, Langerak</name>
        <styleUrl>#icon-1899-DB4436-nodesc</styleUrl>
        <Point>
          <coordinates>
            4.882561,51.93536,0
          </coordinates>
        </Point>
      </Placemark>
      <Placemark>
        <name>Part. begraafplaats Meerburg, Zoeterwoude-Rijndijk</name>
        <styleUrl>#poly-AA0000-3000-140-nodesc</styleUrl>
        <Polygon>
          <outerBoundaryIs>
            <LinearRing>
              <tessellate>1</tessellate>
              <coordinates>
                4.522919,52.14504,0
                4.523363,52.14463,0
                4.523707,52.144767,0
                4.523273,52.145192,0
                4.522919,52.14504,0
              </coordinates>
            </LinearRing>
          </outerBoundaryIs>
        </Polygon>
      </Placemark>
      <Placemark>
        <name>NH Kerkhof, Zoeterwoude-Dorp</name>
        <styleUrl>#poly-AA0000-3000-140-nodesc</styleUrl>
        <Polygon>
          <outerBoundaryIs>
            <LinearRing>
              <tessellate>1</tessellate>
              <coordinates>
                4.496814,52.121308,0
                4.496827,52.121269,0
                4.496863,52.121205,0
                4.49695,52.121148,0
                4.497007,52.121137,0
                4.497081,52.121126,0
                4.497271,52.121152,0
                4.497417,52.121178,0
                4.497463,52.12119,0
                4.49751,52.121212,0
                4.497565,52.121257,0
                4.497583,52.121293,0
                4.497583,52.121321,0
                4.49757,52.121354,0
                4.497532,52.121397,0
                4.497415,52.121433,0
                4.497253,52.121464,0
                4.497193,52.121462,0
                4.497069,52.121442,0
                4.4969,52.121396,0
                4.496855,52.121376,0
                4.496828,52.121356,0
                4.496814,52.121308,0
              </coordinates>
            </LinearRing>
          </outerBoundaryIs>
        </Polygon>
      </Placemark>
      <Placemark>
        <name>RK begraafplaats, Dordrecht</name>
        <styleUrl>#poly-AA0000-3000-140-nodesc</styleUrl>
        <Polygon>
          <outerBoundaryIs>
            <LinearRing>
              <tessellate>1</tessellate>
              <coordinates>
                4.683957,51.808442,0
                4.683311,51.808685,0
                4.682456,51.807764,0
                4.682366,51.807776,0
                4.682352,51.807766,0
                4.683038,51.8075,0
                4.683957,51.808442,0
              </coordinates>
            </LinearRing>
          </outerBoundaryIs>
        </Polygon>
      </Placemark>
      <Placemark>
        <name>Gem. begraafplaats, Den Bommel</name>
        <styleUrl>#poly-AA0000-3000-140-nodesc</styleUrl>
        <Polygon>
          <outerBoundaryIs>
            <LinearRing>
              <tessellate>1</tessellate>
              <coordinates>
                4.285086,51.714194,0
                4.284135,51.714125,0
                4.283887,51.714068,0
                4.284575,51.713447,0
                4.285173,51.713465,0
                4.285086,51.714194,0
              </coordinates>
            </LinearRing>
          </outerBoundaryIs>
        </Polygon>
      </Placemark>
      <Placemark>
        <name>NH Kerkhof, Den Bommel</name>
        <styleUrl>#poly-AA0000-3000-140-nodesc</styleUrl>
        <Polygon>
          <outerBoundaryIs>
            <LinearRing>
              <tessellate>1</tessellate>
              <coordinates>
                4.281339,51.715934,0
                4.281381,51.71586,0
                4.281488,51.715815,0
                4.281607,51.715781,0
                4.281756,51.715747,0
                4.28188,51.715741,0
                4.28192,51.715752,0
                4.282189,51.71629,0
                4.281989,51.716291,0
                4.281936,51.716071,0
                4.281963,51.716025,0
                4.281968,51.715984,0
                4.281958,51.715944,0
                4.28186,51.715936,0
                4.28185,51.715923,0
                4.28159,51.715912,0
                4.281552,51.71594,0
                4.281339,51.715934,0
              </coordinates>
            </LinearRing>
          </outerBoundaryIs>
        </Polygon>
      </Placemark>
      <Placemark>
        <name>Gem. begraafplaats, Oude Tonge</name>
        <styleUrl>#poly-AA0000-3000-140-nodesc</styleUrl>
        <Polygon>
          <outerBoundaryIs>
            <LinearRing>
              <tessellate>1</tessellate>
              <coordinates>
                4.200789,51.693221,0
                4.199896,51.692625,0
                4.199847,51.692589,0
                4.199829,51.692543,0
                4.199834,51.6925,0
                4.199863,51.692468,0
                4.200652,51.692027,0
                4.200693,51.692012,0
                4.200737,51.692013,0
                4.200778,51.692017,0
                4.200908,51.692095,0
                4.201497,51.692491,0
                4.201567,51.692447,0
                4.200864,51.691984,0
                4.200862,51.691953,0
                4.200986,51.691851,0
                4.201463,51.691585,0
                4.201509,51.691573,0
                4.201874,51.691595,0
                4.201931,51.691612,0
                4.202612,51.692058,0
                4.202633,51.692097,0
                4.20262,51.692123,0
                4.202546,51.69217,0
                4.201996,51.692486,0
                4.20181,51.692581,0
                4.201767,51.692579,0
                4.201604,51.692474,0
                4.201536,51.692514,0
                4.201703,51.692625,0
                4.201737,51.692687,0
                4.200789,51.693221,0
              </coordinates>
            </LinearRing>
          </outerBoundaryIs>
        </Polygon>
      </Placemark>
      <Placemark>
        <name>RK begraafplaats, Oude Tonge</name>
        <styleUrl>#poly-AA0000-3000-140-nodesc</styleUrl>
        <Polygon>
          <outerBoundaryIs>
            <LinearRing>
              <tessellate>1</tessellate>
              <coordinates>
                4.204428,51.692001,0
                4.203916,51.692272,0
                4.20406,51.692377,0
                4.203804,51.692464,0
                4.203238,51.692033,0
                4.203953,51.69166,0
                4.204428,51.692001,0
              </coordinates>
            </LinearRing>
          </outerBoundaryIs>
        </Polygon>
      </Placemark>
      <Placemark>
        <name>Oude alg. begraafplaats, Oude Tonge</name>
        <styleUrl>#poly-AA0000-3000-140-nodesc</styleUrl>
        <Polygon>
          <outerBoundaryIs>
            <LinearRing>
              <tessellate>1</tessellate>
              <coordinates>
                4.212232,51.691565,0
                4.212259,51.691605,0
                4.212276,51.691601,0
                4.212696,51.692253,0
                4.212337,51.692339,0
                4.211983,51.691613,0
                4.21201,51.691605,0
                4.212232,51.691565,0
              </coordinates>
            </LinearRing>
          </outerBoundaryIs>
        </Polygon>
      </Placemark>
      <Placemark>
        <name>Gem. begraafplaats, Goudriaan</name>
        <styleUrl>#icon-1899-DB4436-nodesc</styleUrl>
        <Point>
          <coordinates>
            4.888311,51.903415,0
          </coordinates>
        </Point>
      </Placemark>
      <Placemark>
        <name>Part. begraafplaats Meerburg, Zoeterwoude-Rijndijk</name>
        <styleUrl>#icon-1899-DB4436-nodesc</styleUrl>
        <Point>
          <coordinates>
            4.523738,52.144798,0
          </coordinates>
        </Point>
      </Placemark>
      <Placemark>
        <name>NH Kerkhof, Zoeterwoude-Dorp</name>
        <styleUrl>#icon-1899-DB4436-nodesc</styleUrl>
        <Point>
          <coordinates>
            4.496856,52.121225,0
          </coordinates>
        </Point>
      </Placemark>
      <Placemark>
        <name>RK begraafplaats, Dordrecht</name>
        <styleUrl>#icon-1899-DB4436-nodesc</styleUrl>
        <Point>
          <coordinates>
            4.682794,51.807658,0
          </coordinates>
        </Point>
      </Placemark>
      <Placemark>
        <name>Gem. begraafplaats, Den Bommel</name>
        <styleUrl>#icon-1899-DB4436-nodesc</styleUrl>
        <Point>
          <coordinates>
            4.284024,51.714106,0
          </coordinates>
        </Point>
      </Placemark>
      <Placemark>
        <name>NH Kerkhof, Den Bommel</name>
        <styleUrl>#icon-1899-DB4436-nodesc</styleUrl>
        <Point>
          <coordinates>
            4.281351,51.715932,0
          </coordinates>
        </Point>
      </Placemark>
      <Placemark>
        <name>Gem. begraafplaats, Oude Tonge</name>
        <styleUrl>#icon-1899-DB4436-nodesc</styleUrl>
        <Point>
          <coordinates>
            4.202344,51.692286,0
          </coordinates>
        </Point>
      </Placemark>
      <Placemark>
        <name>RK begraafplaats, Oude Tonge</name>
        <styleUrl>#icon-1899-DB4436-nodesc</styleUrl>
        <Point>
          <coordinates>
            4.203323,51.691978,0
          </coordinates>
        </Point>
      </Placemark>
      <Placemark>
        <name>Begraafplaats Slachtoffers Watersnoodramp 1953, Oude Tonge</name>
        <styleUrl>#poly-AA0000-3000-140-nodesc</styleUrl>
        <Polygon>
          <outerBoundaryIs>
            <LinearRing>
              <tessellate>1</tessellate>
              <coordinates>
                4.214487,51.688504,0
                4.214475,51.688335,0
                4.21457,51.688343,0
                4.214617,51.688364,0
                4.215318,51.688257,0
                4.215358,51.688359,0
                4.214487,51.688504,0
              </coordinates>
            </LinearRing>
          </outerBoundaryIs>
        </Polygon>
      </Placemark>
      <Placemark>
        <name>RK Kerkhof, Achthuizen</name>
        <styleUrl>#poly-AA0000-3000-140-nodesc</styleUrl>
        <Polygon>
          <outerBoundaryIs>
            <LinearRing>
              <tessellate>1</tessellate>
              <coordinates>
                4.281482,51.687656,0
                4.281292,51.687402,0
                4.281993,51.687172,0
                4.281974,51.687148,0
                4.282189,51.687071,0
                4.282249,51.687129,0
                4.282304,51.687112,0
                4.28243,51.687242,0
                4.282321,51.687325,0
                4.282054,51.687431,0
                4.282077,51.687459,0
                4.282059,51.687547,0
                4.281869,51.687618,0
                4.281791,51.687535,0
                4.281482,51.687656,0
              </coordinates>
            </LinearRing>
          </outerBoundaryIs>
        </Polygon>
      </Placemark>
      <Placemark>
        <name>Oud NH Kerkhof, Ooltgensplaat</name>
        <styleUrl>#poly-AA0000-3000-140-nodesc</styleUrl>
        <Polygon>
          <outerBoundaryIs>
            <LinearRing>
              <tessellate>1</tessellate>
              <coordinates>
                4.349245,51.683378,0
                4.349632,51.683569,0
                4.349649,51.683657,0
                4.349593,51.683661,0
                4.349605,51.68376,0
                4.349667,51.683759,0
                4.349679,51.683844,0
                4.349842,51.683837,0
                4.349828,51.683759,0
                4.350048,51.683739,0
                4.350217,51.683733,0
                4.350223,51.683781,0
                4.350206,51.683837,0
                4.350163,51.683904,0
                4.350101,51.683964,0
                4.350024,51.684016,0
                4.349917,51.68406,0
                4.349817,51.684094,0
                4.349723,51.684111,0
                4.349616,51.684122,0
                4.349535,51.684123,0
                4.349433,51.684116,0
                4.349343,51.684098,0
                4.349262,51.684071,0
                4.349188,51.684024,0
                4.349049,51.683923,0
                4.348981,51.683863,0
                4.348943,51.683817,0
                4.348921,51.68375,0
                4.34895,51.683679,0
                4.349005,51.683606,0
                4.349107,51.683494,0
                4.349245,51.683378,0
              </coordinates>
            </LinearRing>
          </outerBoundaryIs>
        </Polygon>
      </Placemark>
      <Placemark>
        <name>Gem. begraafplaats, Ooltgensplaat</name>
        <styleUrl>#poly-AA0000-3000-140-nodesc</styleUrl>
        <Polygon>
          <outerBoundaryIs>
            <LinearRing>
              <tessellate>1</tessellate>
              <coordinates>
                4.34709,51.687112,0
                4.347358,51.686985,0
                4.347256,51.686895,0
                4.347701,51.686674,0
                4.347899,51.686842,0
                4.348537,51.687318,0
                4.348533,51.687326,0
                4.348575,51.687362,0
                4.348286,51.687498,0
                4.347655,51.687533,0
                4.347496,51.68762,0
                4.347458,51.687635,0
                4.347391,51.687652,0
                4.347352,51.687658,0
                4.346949,51.687656,0
                4.346908,51.687652,0
                4.346464,51.687299,0
                4.346456,51.687289,0
                4.346459,51.687273,0
                4.346535,51.687229,0
                4.346975,51.687022,0
                4.34709,51.687112,0
              </coordinates>
            </LinearRing>
          </outerBoundaryIs>
        </Polygon>
      </Placemark>
      <Placemark>
        <name>RK Kerkhof, Rhoon</name>
        <styleUrl>#poly-AA0000-3000-140-nodesc</styleUrl>
        <Polygon>
          <outerBoundaryIs>
            <LinearRing>
              <tessellate>1</tessellate>
              <coordinates>
                4.421182,51.850629,0
                4.421532,51.850781,0
                4.42116,51.851158,0
                4.420932,51.851047,0
                4.420944,51.851006,0
                4.421014,51.850923,0
                4.420997,51.850883,0
                4.420963,51.850851,0
                4.421182,51.850629,0
              </coordinates>
            </LinearRing>
          </outerBoundaryIs>
        </Polygon>
      </Placemark>
      <Placemark>
        <name>Gem. begraafplaats, Rhoon</name>
        <styleUrl>#poly-AA0000-3000-140-nodesc</styleUrl>
        <Polygon>
          <outerBoundaryIs>
            <LinearRing>
              <tessellate>1</tessellate>
              <coordinates>
                4.41865,51.860483,0
                4.418653,51.860416,0
                4.418701,51.860289,0
                4.418747,51.860261,0
                4.418865,51.860266,0
                4.419081,51.860282,0
                4.419142,51.860164,0
                4.41918,51.860143,0
                4.419676,51.860216,0
                4.42002,51.860283,0
                4.420179,51.860335,0
                4.420313,51.860365,0
                4.420698,51.860431,0
                4.421418,51.860532,0
                4.421798,51.860566,0
                4.422103,51.86057,0
                4.422348,51.860585,0
                4.422478,51.860582,0
                4.422653,51.860548,0
                4.422604,51.860693,0
                4.422853,51.860737,0
                4.422887,51.860772,0
                4.422628,51.861171,0
                4.420657,51.860828,0
                4.420139,51.860717,0
                4.419755,51.860651,0
                4.41865,51.860483,0
              </coordinates>
            </LinearRing>
          </outerBoundaryIs>
        </Polygon>
      </Placemark>
      <Placemark>
        <name>Joodse begraafplaats, Delft</name>
        <styleUrl>#poly-AA0000-3000-140-nodesc</styleUrl>
        <Polygon>
          <outerBoundaryIs>
            <LinearRing>
              <tessellate>1</tessellate>
              <coordinates>
                4.371551,52.013351,0
                4.371136,52.013721,0
                4.370964,52.013648,0
                4.371344,52.013267,0
                4.371551,52.013351,0
              </coordinates>
            </LinearRing>
          </outerBoundaryIs>
        </Polygon>
      </Placemark>
      <Placemark>
        <name>Gem. begraafplaats Iepenhof, Delft</name>
        <styleUrl>#poly-AA0000-3000-140-nodesc</styleUrl>
        <Polygon>
          <outerBoundaryIs>
            <LinearRing>
              <tessellate>1</tessellate>
              <coordinates>
                4.3839,52.010952,0
                4.383605,52.011317,0
                4.38196,52.010821,0
                4.382679,52.010025,0
                4.38294,52.010107,0
                4.383344,52.009651,0
                4.383864,52.009786,0
                4.385494,52.007943,0
                4.387436,52.008451,0
                4.385433,52.01144,0
                4.3839,52.010952,0
              </coordinates>
            </LinearRing>
          </outerBoundaryIs>
        </Polygon>
      </Placemark>
      <Placemark>
        <name>Joodse begraafplaats, Goedereede</name>
        <styleUrl>#poly-AA0000-3000-140-nodesc</styleUrl>
        <Polygon>
          <outerBoundaryIs>
            <LinearRing>
              <tessellate>1</tessellate>
              <coordinates>
                3.972569,51.815983,0
                3.972501,51.816093,0
                3.972214,51.816006,0
                3.972268,51.815919,0
                3.972569,51.815983,0
              </coordinates>
            </LinearRing>
          </outerBoundaryIs>
        </Polygon>
      </Placemark>
      <Placemark>
        <name>Gem. begraafplaats, Goedereede</name>
        <styleUrl>#poly-AA0000-3000-140-nodesc</styleUrl>
        <Polygon>
          <outerBoundaryIs>
            <LinearRing>
              <tessellate>1</tessellate>
              <coordinates>
                3.978156,51.815776,0
                3.977901,51.816299,0
                3.977922,51.816333,0
                3.977726,51.816736,0
                3.976567,51.816542,0
                3.975636,51.816355,0
                3.976073,51.81541,0
                3.978156,51.815776,0
              </coordinates>
            </LinearRing>
          </outerBoundaryIs>
        </Polygon>
      </Placemark>
      <Placemark>
        <name>NH Kerkhof, Goedereede</name>
        <styleUrl>#poly-AA0000-3000-140-nodesc</styleUrl>
        <Polygon>
          <outerBoundaryIs>
            <LinearRing>
              <tessellate>1</tessellate>
              <coordinates>
                3.976087,51.818376,0
                3.976092,51.818414,0
                3.976177,51.818416,0
                3.976174,51.818427,0
                3.976191,51.81845,0
                3.976226,51.818472,0
                3.976276,51.818481,0
                3.976267,51.818571,0
                3.975887,51.818567,0
                3.975914,51.818372,0
                3.976087,51.818376,0
              </coordinates>
            </LinearRing>
          </outerBoundaryIs>
        </Polygon>
      </Placemark>
      <Placemark>
        <name>Nieuwe gem. begraafplaats, Brielle</name>
        <styleUrl>#poly-AA0000-3000-140-nodesc</styleUrl>
        <Polygon>
          <outerBoundaryIs>
            <LinearRing>
              <tessellate>1</tessellate>
              <coordinates>
                4.164241,51.885744,0
                4.164455,51.88602,0
                4.164907,51.886786,0
                4.163472,51.887171,0
                4.163422,51.887169,0
                4.162687,51.886154,0
                4.163406,51.885952,0
                4.164182,51.885745,0
                4.164241,51.885744,0
              </coordinates>
            </LinearRing>
          </outerBoundaryIs>
        </Polygon>
      </Placemark>
      <Placemark>
        <name>Oude gem. begraafplaats, Brielle</name>
        <styleUrl>#poly-AA0000-3000-140-nodesc</styleUrl>
        <Polygon>
          <outerBoundaryIs>
            <LinearRing>
              <tessellate>1</tessellate>
              <coordinates>
                4.159543,51.897378,0
                4.159624,51.898179,0
                4.159621,51.898273,0
                4.159665,51.898337,0
                4.15973,51.899058,0
                4.1597,51.899148,0
                4.159289,51.899189,0
                4.159116,51.899213,0
                4.159066,51.898851,0
                4.158808,51.89886,0
                4.158793,51.898818,0
                4.158754,51.898762,0
                4.158581,51.898598,0
                4.158292,51.89838,0
                4.158132,51.898243,0
                4.158097,51.898183,0
                4.158085,51.898129,0
                4.158096,51.898069,0
                4.158124,51.898022,0
                4.158757,51.897385,0
                4.159543,51.897378,0
              </coordinates>
            </LinearRing>
          </outerBoundaryIs>
        </Polygon>
      </Placemark>
      <Placemark>
        <name>RK begraafplaats, Brielle</name>
        <styleUrl>#poly-AA0000-3000-140-nodesc</styleUrl>
        <Polygon>
          <outerBoundaryIs>
            <LinearRing>
              <tessellate>1</tessellate>
              <coordinates>
                4.153442,51.896385,0
                4.153509,51.896335,0
                4.153622,51.89638,0
                4.153598,51.89657,0
                4.153521,51.896615,0
                4.153271,51.896727,0
                4.153217,51.896727,0
                4.152674,51.896343,0
                4.152897,51.896145,0
                4.153442,51.896385,0
              </coordinates>
            </LinearRing>
          </outerBoundaryIs>
        </Polygon>
      </Placemark>
      <Placemark>
        <name>Begraafplaats St. Jans Onthoofding, Zuidbuurt</name>
        <styleUrl>#poly-AA0000-3000-140-nodesc</styleUrl>
        <Polygon>
          <outerBoundaryIs>
            <LinearRing>
              <tessellate>1</tessellate>
              <coordinates>
                4.502292,52.1092,0
                4.502068,52.108428,0
                4.502691,52.108365,0
                4.502778,52.108577,0
                4.502745,52.108705,0
                4.502805,52.108767,0
                4.50286,52.108777,0
                4.502878,52.108862,0
                4.502848,52.10887,0
                4.502815,52.108913,0
                4.502827,52.108953,0
                4.502871,52.108984,0
                4.502797,52.10901,0
                4.502842,52.10915,0
                4.502292,52.1092,0
              </coordinates>
            </LinearRing>
          </outerBoundaryIs>
        </Polygon>
      </Placemark>
      <Placemark>
        <name>Oude alg. begraafplaats, Oude Tonge</name>
        <styleUrl>#icon-1899-DB4436-nodesc</styleUrl>
        <Point>
          <coordinates>
            4.212272,51.69158,0
          </coordinates>
        </Point>
      </Placemark>
      <Placemark>
        <name>Begraafplaats Slachtoffers Watersnoodramp 1953, Oude Tonge</name>
        <styleUrl>#icon-1899-DB4436-nodesc</styleUrl>
        <Point>
          <coordinates>
            4.21409,51.688542,0
          </coordinates>
        </Point>
      </Placemark>
      <Placemark>
        <name>RK Kerkhof, Achthuizen</name>
        <styleUrl>#icon-1899-DB4436-nodesc</styleUrl>
        <Point>
          <coordinates>
            4.281786,51.687234,0
          </coordinates>
        </Point>
      </Placemark>
      <Placemark>
        <name>Oude NH Kerkhof, Ooltgensplaat</name>
        <styleUrl>#icon-1899-DB4436-nodesc</styleUrl>
        <Point>
          <coordinates>
            4.349584,51.683538,0
          </coordinates>
        </Point>
      </Placemark>
      <Placemark>
        <name>Gem. begraafplaats, Ooltgensplaat</name>
        <styleUrl>#icon-1899-DB4436-nodesc</styleUrl>
        <Point>
          <coordinates>
            4.347248,51.687051,0
          </coordinates>
        </Point>
      </Placemark>
      <Placemark>
        <name>RK Kerkhof, Rhoon</name>
        <styleUrl>#icon-1899-DB4436-nodesc</styleUrl>
        <Point>
          <coordinates>
            4.421616,51.850644,0
          </coordinates>
        </Point>
      </Placemark>
      <Placemark>
        <name>Gem. begraafplaats, Rhoon</name>
        <styleUrl>#icon-1899-DB4436-nodesc</styleUrl>
        <Point>
          <coordinates>
            4.418634,51.860384,0
          </coordinates>
        </Point>
      </Placemark>
      <Placemark>
        <name>Joodse begraafplaats, Delft</name>
        <styleUrl>#icon-1899-DB4436-nodesc</styleUrl>
        <Point>
          <coordinates>
            4.371376,52.01328,0
          </coordinates>
        </Point>
      </Placemark>
      <Placemark>
        <name>Gem. begraafplaats Iepenhof, Delft</name>
        <styleUrl>#icon-1899-DB4436-nodesc</styleUrl>
        <Point>
          <coordinates>
            4.385975,52.010274,0
          </coordinates>
        </Point>
      </Placemark>
      <Placemark>
        <name>Joodse begraafplaats, Goedereede</name>
        <styleUrl>#icon-1899-DB4436-nodesc</styleUrl>
        <Point>
          <coordinates>
            3.972448,51.81602,0
          </coordinates>
        </Point>
      </Placemark>
      <Placemark>
        <name>Gem. begraafplaats, Goedereede</name>
        <styleUrl>#icon-1899-DB4436-nodesc</styleUrl>
        <Point>
          <coordinates>
            3.976483,51.816549,0
          </coordinates>
        </Point>
      </Placemark>
      <Placemark>
        <name>NH Kerkhof, Goedereede</name>
        <styleUrl>#icon-1899-DB4436-nodesc</styleUrl>
        <Point>
          <coordinates>
            3.976035,51.818386,0
          </coordinates>
        </Point>
      </Placemark>
      <Placemark>
        <name>Nieuwe Gem. begraafplaats, Brielle</name>
        <styleUrl>#icon-1899-DB4436-nodesc</styleUrl>
        <Point>
          <coordinates>
            4.163422,51.885975,0
          </coordinates>
        </Point>
      </Placemark>
      <Placemark>
        <name>Oude gem. begraafplaats, Brielle</name>
        <styleUrl>#icon-1899-DB4436-nodesc</styleUrl>
        <Point>
          <coordinates>
            4.159638,51.898275,0
          </coordinates>
        </Point>
      </Placemark>
      <Placemark>
        <name>RK begraafplaats, Brielle</name>
        <styleUrl>#icon-1899-DB4436-nodesc</styleUrl>
        <Point>
          <coordinates>
            4.152778,51.896243,0
          </coordinates>
        </Point>
      </Placemark>
      <Placemark>
        <name>St Laurentiuskerkhof, Stompwijk</name>
        <styleUrl>#poly-AA0000-3000-140-nodesc</styleUrl>
        <Polygon>
          <outerBoundaryIs>
            <LinearRing>
              <tessellate>1</tessellate>
              <coordinates>
                4.465227,52.09482,0
                4.465243,52.094861,0
                4.46506,52.095126,0
                4.464964,52.095104,0
                4.464618,52.095386,0
                4.464281,52.09528,0
                4.46461,52.094934,0
                4.464655,52.094917,0
                4.464747,52.094926,0
                4.464812,52.094942,0
                4.464955,52.094779,0
                4.465227,52.09482,0
              </coordinates>
            </LinearRing>
          </outerBoundaryIs>
        </Polygon>
      </Placemark>
      <Placemark>
        <name>Gemeentelijke begraafplaats, Zoetermeer</name>
        <styleUrl>#poly-AA0000-3000-140-nodesc</styleUrl>
        <Polygon>
          <outerBoundaryIs>
            <LinearRing>
              <tessellate>1</tessellate>
              <coordinates>
                4.460181,52.065609,0
                4.460603,52.065546,0
                4.461288,52.065427,0
                4.461061,52.064999,0
                4.46128,52.064996,0
                4.462931,52.065068,0
                4.46372,52.065088,0
                4.463861,52.065089,0
                4.464645,52.065047,0
                4.46473,52.065045,0
                4.464836,52.065057,0
                4.46507,52.065113,0
                4.465146,52.065156,0
                4.465415,52.065216,0
                4.465371,52.065229,0
                4.465413,52.065307,0
                4.465441,52.065424,0
                4.465409,52.06549,0
                4.465384,52.065554,0
                4.465349,52.065616,0
                4.465254,52.065729,0
                4.465184,52.065809,0
                4.465167,52.065828,0
                4.465135,52.065907,0
                4.465115,52.065963,0
                4.465105,52.066059,0
                4.465116,52.066086,0
                4.465179,52.066162,0
                4.465263,52.066237,0
                4.465313,52.066309,0
                4.465412,52.066404,0
                4.465446,52.066454,0
                4.465472,52.066517,0
                4.465485,52.066605,0
                4.46549,52.066734,0
                4.465449,52.066853,0
                4.465387,52.066952,0
                4.46528,52.067025,0
                4.465199,52.067068,0
                4.465093,52.067109,0
                4.464913,52.067147,0
                4.464816,52.067154,0
                4.464666,52.067156,0
                4.464546,52.067141,0
                4.464421,52.067111,0
                4.464264,52.067049,0
                4.464142,52.066992,0
                4.464005,52.066904,0
                4.463924,52.066826,0
                4.46385,52.066737,0
                4.463778,52.066603,0
                4.463705,52.066552,0
                4.463225,52.066645,0
                4.462961,52.066687,0
                4.462727,52.066679,0
                4.462564,52.06671,0
                4.462232,52.066672,0
                4.461757,52.066656,0
                4.461869,52.066959,0
                4.461801,52.067121,0
                4.461196,52.067922,0
                4.459219,52.067325,0
                4.459642,52.066762,0
                4.460725,52.066841,0
                4.460731,52.066701,0
                4.460824,52.066605,0
                4.460891,52.066569,0
                4.461029,52.06652,0
                4.461179,52.066499,0
                4.460146,52.066176,0
                4.46012,52.066141,0
                4.460112,52.066097,0
                4.460181,52.065609,0
              </coordinates>
            </LinearRing>
          </outerBoundaryIs>
        </Polygon>
      </Placemark>
      <Placemark>
        <name>Nicolaaskerkhof, Zoetermeer</name>
        <styleUrl>#poly-AA0000-3000-140-nodesc</styleUrl>
        <Polygon>
          <outerBoundaryIs>
            <LinearRing>
              <tessellate>1</tessellate>
              <coordinates>
                4.495839,52.057915,0
                4.495474,52.057998,0
                4.495203,52.057545,0
                4.495571,52.057477,0
                4.495839,52.057915,0
              </coordinates>
            </LinearRing>
          </outerBoundaryIs>
        </Polygon>
      </Placemark>
      <Placemark>
        <name>Oude alg. kerkhof, Zoetermeer</name>
        <styleUrl>#poly-AA0000-3000-140-nodesc</styleUrl>
        <Polygon>
          <outerBoundaryIs>
            <LinearRing>
              <tessellate>1</tessellate>
              <coordinates>
                4.496322,52.056123,0
                4.49635,52.056194,0
                4.496463,52.056271,0
                4.496496,52.056337,0
                4.496462,52.0564,0
                4.496528,52.056445,0
                4.49641,52.056489,0
                4.496256,52.056569,0
                4.496144,52.056565,0
                4.496038,52.056528,0
                4.495721,52.056316,0
                4.495741,52.056303,0
                4.495741,52.056272,0
                4.495739,52.056243,0
                4.495774,52.056229,0
                4.496113,52.056019,0
                4.496322,52.056123,0
              </coordinates>
            </LinearRing>
          </outerBoundaryIs>
        </Polygon>
      </Placemark>
      <Placemark>
        <name>Gem. begraafplaats Binnenweg, Zoetermeer</name>
        <styleUrl>#poly-AA0000-3000-140-nodesc</styleUrl>
        <Polygon>
          <outerBoundaryIs>
            <LinearRing>
              <tessellate>1</tessellate>
              <coordinates>
                4.509924,52.049517,0
                4.509042,52.049976,0
                4.508971,52.049988,0
                4.508858,52.049974,0
                4.508085,52.049383,0
                4.508057,52.049375,0
                4.508019,52.04938,0
                4.507782,52.0495,0
                4.507707,52.049442,0
                4.507533,52.049374,0
                4.507333,52.049179,0
                4.507893,52.048894,0
                4.508148,52.048769,0
                4.508632,52.048537,0
                4.509924,52.049517,0
              </coordinates>
            </LinearRing>
          </outerBoundaryIs>
        </Polygon>
      </Placemark>
      <Placemark>
        <name>H. Nicolaasbegraafplaats, Nieuwveen</name>
        <styleUrl>#poly-AA0000-3000-140-nodesc</styleUrl>
        <Polygon>
          <outerBoundaryIs>
            <LinearRing>
              <tessellate>1</tessellate>
              <coordinates>
                4.758168,52.199799,0
                4.758034,52.199968,0
                4.75776,52.199877,0
                4.757592,52.199806,0
                4.757439,52.199727,0
                4.757565,52.199598,0
                4.758168,52.199799,0
              </coordinates>
            </LinearRing>
          </outerBoundaryIs>
        </Polygon>
      </Placemark>
      <Placemark>
        <name>Oud NH Kerkhof (nu gem.), Nieuwveen</name>
        <styleUrl>#poly-AA0000-3000-140-nodesc</styleUrl>
        <Polygon>
          <outerBoundaryIs>
            <LinearRing>
              <tessellate>1</tessellate>
              <coordinates>
                4.757858,52.195682,0
                4.757941,52.195717,0
                4.758005,52.195755,0
                4.758057,52.195822,0
                4.758073,52.195846,0
                4.758056,52.195874,0
                4.758022,52.195906,0
                4.757987,52.195964,0
                4.757962,52.196028,0
                4.757894,52.196201,0
                4.757852,52.196251,0
                4.757819,52.196274,0
                4.757534,52.196211,0
                4.757557,52.196161,0
                4.757476,52.196136,0
                4.757579,52.195953,0
                4.757439,52.195919,0
                4.757465,52.195887,0
                4.757548,52.195823,0
                4.757562,52.19583,0
                4.757672,52.195723,0
                4.757725,52.19564,0
                4.757858,52.195682,0
              </coordinates>
            </LinearRing>
          </outerBoundaryIs>
        </Polygon>
      </Placemark>
      <Placemark>
        <name>Gemeentelijke begraafplaats, Ter Aar</name>
        <styleUrl>#poly-AA0000-3000-140-nodesc</styleUrl>
        <Polygon>
          <outerBoundaryIs>
            <LinearRing>
              <tessellate>1</tessellate>
              <coordinates>
                4.711723,52.17248,0
                4.71121,52.17215,0
                4.712905,52.171161,0
                4.713067,52.171268,0
                4.712875,52.171371,0
                4.713237,52.17155,0
                4.711723,52.17248,0
              </coordinates>
            </LinearRing>
          </outerBoundaryIs>
        </Polygon>
      </Placemark>
      <Placemark>
        <name>Oude algemene kerkhof, Ter Aar</name>
        <styleUrl>#poly-AA0000-3000-140-nodesc</styleUrl>
        <Polygon>
          <outerBoundaryIs>
            <LinearRing>
              <tessellate>1</tessellate>
              <coordinates>
                4.69915,52.171071,0
                4.699257,52.171032,0
                4.699301,52.171045,0
                4.699384,52.171047,0
                4.699522,52.171047,0
                4.699598,52.17102,0
                4.699621,52.170986,0
                4.699807,52.17097,0
                4.699838,52.171006,0
                4.699759,52.171054,0
                4.699649,52.171115,0
                4.699538,52.171163,0
                4.699392,52.171185,0
                4.699261,52.171168,0
                4.699146,52.171127,0
                4.698992,52.171052,0
                4.699051,52.171013,0
                4.69915,52.171071,0
              </coordinates>
            </LinearRing>
          </outerBoundaryIs>
        </Polygon>
      </Placemark>
      <Placemark>
        <name>H Adrianusbegraafplaats, Langeraar</name>
        <styleUrl>#poly-AA0000-3000-140-nodesc</styleUrl>
        <Polygon>
          <outerBoundaryIs>
            <LinearRing>
              <tessellate>1</tessellate>
              <coordinates>
                4.711163,52.193133,0
                4.711246,52.193155,0
                4.711262,52.193133,0
                4.711334,52.193152,0
                4.711408,52.193184,0
                4.711489,52.193229,0
                4.711492,52.193278,0
                4.71109,52.193528,0
                4.711053,52.193539,0
                4.710996,52.193536,0
                4.710916,52.193505,0
                4.710594,52.193289,0
                4.710922,52.193085,0
                4.711163,52.193133,0
              </coordinates>
            </LinearRing>
          </outerBoundaryIs>
        </Polygon>
      </Placemark>
      <Placemark>
        <name>Oude algemene begraafplaats, Ameide</name>
        <styleUrl>#poly-AA0000-3000-140-nodesc</styleUrl>
        <Polygon>
          <outerBoundaryIs>
            <LinearRing>
              <tessellate>1</tessellate>
              <coordinates>
                4.960847,51.95713,0
                4.960373,51.957042,0
                4.960628,51.956543,0
                4.96109,51.956628,0
                4.960847,51.95713,0
              </coordinates>
            </LinearRing>
          </outerBoundaryIs>
        </Polygon>
      </Placemark>
      <Placemark>
        <name>Gemeentelijke begraafplaats achter NH kerk, Tienhoven</name>
        <styleUrl>#poly-AA0000-3000-140-nodesc</styleUrl>
        <Polygon>
          <outerBoundaryIs>
            <LinearRing>
              <tessellate>1</tessellate>
              <coordinates>
                4.947321,51.962032,0
                4.947573,51.961712,0
                4.948118,51.96177,0
                4.948037,51.961945,0
                4.947939,51.961943,0
                4.947888,51.962087,0
                4.947321,51.962032,0
              </coordinates>
            </LinearRing>
          </outerBoundaryIs>
        </Polygon>
      </Placemark>
      <Placemark>
        <name>Nieuwe gemeentelijke Begraafplaats, Ameide</name>
        <styleUrl>#poly-AA0000-3000-140-nodesc</styleUrl>
        <Polygon>
          <outerBoundaryIs>
            <LinearRing>
              <tessellate>1</tessellate>
              <coordinates>
                4.966037,51.949244,0
                4.966781,51.94932,0
                4.966847,51.949354,0
                4.967764,51.949419,0
                4.967497,51.949834,0
                4.966746,51.949768,0
                4.966643,51.949795,0
                4.965742,51.949726,0
                4.965775,51.949599,0
                4.96594,51.949608,0
                4.966037,51.949244,0
              </coordinates>
            </LinearRing>
          </outerBoundaryIs>
        </Polygon>
      </Placemark>
      <Placemark>
        <name>Nieuwe algemene begraafplaats, Wijngaarden</name>
        <styleUrl>#poly-AA0000-3000-140-nodesc</styleUrl>
        <Polygon>
          <outerBoundaryIs>
            <LinearRing>
              <tessellate>1</tessellate>
              <coordinates>
                4.770761,51.845085,0
                4.770757,51.844499,0
                4.771233,51.844647,0
                4.771237,51.845082,0
                4.770761,51.845085,0
              </coordinates>
            </LinearRing>
          </outerBoundaryIs>
        </Polygon>
      </Placemark>
      <Placemark>
        <name>Oude algemene kerkhof, Wijngaarden</name>
        <styleUrl>#poly-AA0000-3000-140-nodesc</styleUrl>
        <Polygon>
          <outerBoundaryIs>
            <LinearRing>
              <tessellate>1</tessellate>
              <coordinates>
                4.763498,51.845078,0
                4.763486,51.844915,0
                4.763806,51.844916,0
                4.763794,51.844888,0
                4.763985,51.844866,0
                4.76404,51.84491,0
                4.764029,51.845082,0
                4.763498,51.845078,0
              </coordinates>
            </LinearRing>
          </outerBoundaryIs>
        </Polygon>
      </Placemark>
      <Placemark>
        <name>Begraafplaats St. Jans Onthoofding, Zuidbuurt</name>
        <styleUrl>#icon-1899-DB4436-nodesc</styleUrl>
        <Point>
          <coordinates>
            4.503562,52.10908,0
          </coordinates>
        </Point>
      </Placemark>
      <Placemark>
        <name>St Laurentiuskerkhof, Stompwijk</name>
        <styleUrl>#icon-1899-DB4436-nodesc</styleUrl>
        <Point>
          <coordinates>
            4.464867,52.095182,0
          </coordinates>
        </Point>
      </Placemark>
      <Placemark>
        <name>Gemeentelijke begraafplaats, Zoetermeer</name>
        <styleUrl>#icon-1899-DB4436-nodesc</styleUrl>
        <Point>
          <coordinates>
            4.460685,52.066754,0
          </coordinates>
        </Point>
      </Placemark>
      <Placemark>
        <name>Nicolaaskerkhof, Zoetermeer</name>
        <styleUrl>#icon-1899-DB4436-nodesc</styleUrl>
        <Point>
          <coordinates>
            4.495344,52.057532,0
          </coordinates>
        </Point>
      </Placemark>
      <Placemark>
        <name>Oude alg. kerkhof, Zoetermeer</name>
        <styleUrl>#icon-1899-DB4436-nodesc</styleUrl>
        <Point>
          <coordinates>
            4.496347,52.056515,0
          </coordinates>
        </Point>
      </Placemark>
      <Placemark>
        <name>Gem. begraafplaats Binnenweg, Zoetermeer</name>
        <styleUrl>#icon-1899-DB4436-nodesc</styleUrl>
        <Point>
          <coordinates>
            4.507605,52.049432,0
          </coordinates>
        </Point>
      </Placemark>
      <Placemark>
        <name>H. Nicolaasbegraafplaats, Nieuwveen</name>
        <styleUrl>#icon-22-nodesc</styleUrl>
        <Point>
          <coordinates>
            4.758276,52.199891,0
          </coordinates>
        </Point>
      </Placemark>
      <Placemark>
        <name>Oud NH Kerkhof (nu gem.), Nieuwveen</name>
        <styleUrl>#icon-1899-DB4436-nodesc</styleUrl>
        <Point>
          <coordinates>
            4.757474,52.196176,0
          </coordinates>
        </Point>
      </Placemark>
      <Placemark>
        <name>Gemeentelijke begraafplaats, Ter Aar</name>
        <styleUrl>#icon-1899-DB4436-nodesc</styleUrl>
        <Point>
          <coordinates>
            4.713112,52.171284,0
          </coordinates>
        </Point>
      </Placemark>
      <Placemark>
        <name>Oude algemene kerkhof, Ter Aar</name>
        <styleUrl>#icon-1899-DB4436-nodesc</styleUrl>
        <Point>
          <coordinates>
            4.699688,52.170981,0
          </coordinates>
        </Point>
      </Placemark>
      <Placemark>
        <name>H Adrianusbegraafplaats, Langeraar</name>
        <styleUrl>#icon-1899-DB4436-nodesc</styleUrl>
        <Point>
          <coordinates>
            4.711453,52.193239,0
          </coordinates>
        </Point>
      </Placemark>
      <Placemark>
        <name>Oude algemene begraafplaats, Ameide</name>
        <styleUrl>#icon-1899-DB4436-nodesc</styleUrl>
        <Point>
          <coordinates>
            4.960478,51.956842,0
          </coordinates>
        </Point>
      </Placemark>
      <Placemark>
        <name>Gemeentelijke begraafplaats achter NH kerk, Tienhoven</name>
        <styleUrl>#icon-1899-DB4436-nodesc</styleUrl>
        <Point>
          <coordinates>
            4.947642,51.962062,0
          </coordinates>
        </Point>
      </Placemark>
      <Placemark>
        <name>Nieuwe gemeentelijke Begraafplaats, Ameide</name>
        <styleUrl>#icon-1899-DB4436-nodesc</styleUrl>
        <Point>
          <coordinates>
            4.965991,51.949349,0
          </coordinates>
        </Point>
      </Placemark>
      <Placemark>
        <name>Nieuwe algemene begraafplaats, Wijngaarden</name>
        <styleUrl>#icon-1899-DB4436-nodesc</styleUrl>
        <Point>
          <coordinates>
            4.770973,51.845086,0
          </coordinates>
        </Point>
      </Placemark>
      <Placemark>
        <name>RK Begraafplaats St. Martinus, Hillegom</name>
        <styleUrl>#poly-AA0000-3000-140-nodesc</styleUrl>
        <Polygon>
          <outerBoundaryIs>
            <LinearRing>
              <tessellate>1</tessellate>
              <coordinates>
                4.583941,52.295196,0
                4.583281,52.295411,0
                4.583088,52.295284,0
                4.583124,52.295245,0
                4.583066,52.295215,0
                4.582888,52.295087,0
                4.582432,52.294752,0
                4.583152,52.294468,0
                4.583793,52.294966,0
                4.583809,52.295017,0
                4.583848,52.29508,0
                4.583941,52.295196,0
              </coordinates>
            </LinearRing>
          </outerBoundaryIs>
        </Polygon>
      </Placemark>
      <Placemark>
        <name>Gemeentelijke begraafplaats, Hillegom</name>
        <styleUrl>#poly-AA0000-3000-140-nodesc</styleUrl>
        <Polygon>
          <outerBoundaryIs>
            <LinearRing>
              <tessellate>1</tessellate>
              <coordinates>
                4.571798,52.291816,0
                4.571836,52.2918,0
                4.572475,52.291706,0
                4.572769,52.291996,0
                4.573097,52.29236,0
                4.57266,52.292498,0
                4.572778,52.292609,0
                4.573129,52.292493,0
                4.573321,52.292659,0
                4.57335,52.292669,0
                4.573419,52.292648,0
                4.573578,52.292807,0
                4.572854,52.293048,0
                4.572377,52.292573,0
                4.572342,52.292579,0
                4.572229,52.292475,0
                4.571746,52.291943,0
                4.571727,52.291897,0
                4.57175,52.291859,0
                4.571777,52.291838,0
                4.571798,52.291816,0
              </coordinates>
            </LinearRing>
          </outerBoundaryIs>
        </Polygon>
      </Placemark>
      <Placemark>
        <name>H. Jozefbegraafplaats, Hillegom</name>
        <styleUrl>#poly-AA0000-3000-140-nodesc</styleUrl>
        <Polygon>
          <outerBoundaryIs>
            <LinearRing>
              <tessellate>1</tessellate>
              <coordinates>
                4.579558,52.287984,0
                4.579443,52.287918,0
                4.579367,52.287859,0
                4.579338,52.287773,0
                4.579364,52.287737,0
                4.579428,52.287693,0
                4.579386,52.287618,0
                4.579786,52.287437,0
                4.57987,52.287419,0
                4.580124,52.287458,0
                4.580427,52.287676,0
                4.580331,52.287747,0
                4.580098,52.287821,0
                4.579901,52.287885,0
                4.579921,52.287902,0
                4.57964,52.288002,0
                4.579558,52.287984,0
              </coordinates>
            </LinearRing>
          </outerBoundaryIs>
        </Polygon>
      </Placemark>
      <Placemark>
        <name>Kerkhof Onbevlekt Hart van Maria, Lisse</name>
        <styleUrl>#poly-AA0000-3000-140-nodesc</styleUrl>
        <Polygon>
          <outerBoundaryIs>
            <LinearRing>
              <tessellate>1</tessellate>
              <coordinates>
                4.563394,52.260716,0
                4.563434,52.260683,0
                4.563611,52.260603,0
                4.56369,52.260593,0
                4.563855,52.260511,0
                4.564195,52.260369,0
                4.564567,52.260838,0
                4.564338,52.260923,0
                4.564171,52.260757,0
                4.564056,52.260688,0
                4.563857,52.260513,0
                4.563691,52.260597,0
                4.563834,52.26072,0
                4.563851,52.260768,0
                4.563751,52.260814,0
                4.564125,52.261131,0
                4.564211,52.261094,0
                4.564254,52.261095,0
                4.56431,52.261095,0
                4.564342,52.261075,0
                4.564354,52.261048,0
                4.564361,52.261038,0
                4.564463,52.26113,0
                4.563898,52.261319,0
                4.563394,52.260716,0
              </coordinates>
            </LinearRing>
          </outerBoundaryIs>
        </Polygon>
      </Placemark>
      <Placemark>
        <name>Kerkhof Onze Lieve Vrouw Presentatie, Roelofarendsveen</name>
        <styleUrl>#poly-AA0000-3000-140-nodesc</styleUrl>
        <Polygon>
          <outerBoundaryIs>
            <LinearRing>
              <tessellate>1</tessellate>
              <coordinates>
                4.624006,52.202937,0
                4.624122,52.20252,0
                4.624637,52.202553,0
                4.624618,52.202611,0
                4.624574,52.202605,0
                4.624513,52.202859,0
                4.624613,52.202867,0
                4.624575,52.202995,0
                4.624006,52.202937,0
              </coordinates>
            </LinearRing>
          </outerBoundaryIs>
        </Polygon>
      </Placemark>
      <Placemark>
        <name><![CDATA[Sint Petrus' Bandenbegraafplaats, Roelofarendsveen]]></name>
        <styleUrl>#poly-AA0000-3000-140-nodesc</styleUrl>
        <Polygon>
          <outerBoundaryIs>
            <LinearRing>
              <tessellate>1</tessellate>
              <coordinates>
                4.629482,52.195726,0
                4.629522,52.195516,0
                4.629561,52.195522,0
                4.629585,52.195451,0
                4.629563,52.195448,0
                4.629519,52.195439,0
                4.629542,52.195133,0
                4.630279,52.195139,0
                4.630284,52.195431,0
                4.630266,52.195459,0
                4.630142,52.19548,0
                4.630036,52.195499,0
                4.629629,52.195456,0
                4.629611,52.195535,0
                4.629978,52.195577,0
                4.629944,52.195689,0
                4.629789,52.195743,0
                4.629482,52.195726,0
              </coordinates>
            </LinearRing>
          </outerBoundaryIs>
        </Polygon>
      </Placemark>
      <Placemark>
        <name>NH Kerkhof, Voorhout</name>
        <styleUrl>#poly-AA0000-3000-140-nodesc</styleUrl>
        <Polygon>
          <outerBoundaryIs>
            <LinearRing>
              <tessellate>1</tessellate>
              <coordinates>
                4.483137,52.221665,0
                4.48318,52.221518,0
                4.483381,52.22153,0
                4.483427,52.221506,0
                4.483462,52.221461,0
                4.483431,52.221428,0
                4.483388,52.221409,0
                4.483199,52.22139,0
                4.483218,52.221272,0
                4.483218,52.221232,0
                4.483404,52.221251,0
                4.48355,52.221296,0
                4.483666,52.221388,0
                4.483524,52.221601,0
                4.483423,52.221661,0
                4.483327,52.221687,0
                4.483203,52.221682,0
                4.483137,52.221665,0
              </coordinates>
            </LinearRing>
          </outerBoundaryIs>
        </Polygon>
      </Placemark>
      <Placemark>
        <name>RK Kerkhof, Voorhout</name>
        <styleUrl>#poly-AA0000-3000-140-nodesc</styleUrl>
        <Polygon>
          <outerBoundaryIs>
            <LinearRing>
              <tessellate>1</tessellate>
              <coordinates>
                4.482556,52.221304,0
                4.482689,52.221201,0
                4.482643,52.22113,0
                4.482841,52.221041,0
                4.483238,52.221178,0
                4.483223,52.221251,0
                4.483184,52.221357,0
                4.482556,52.221304,0
              </coordinates>
            </LinearRing>
          </outerBoundaryIs>
        </Polygon>
      </Placemark>
      <Placemark>
        <name>Particuliere alg. begraafplaats, Voorhout</name>
        <styleUrl>#poly-AA0000-3000-140-nodesc</styleUrl>
        <Polygon>
          <outerBoundaryIs>
            <LinearRing>
              <tessellate>1</tessellate>
              <coordinates>
                4.48406,52.220972,0
                4.483692,52.221383,0
                4.48357,52.221285,0
                4.483425,52.22124,0
                4.483256,52.221223,0
                4.483258,52.221178,0
                4.48286,52.221031,0
                4.483457,52.220649,0
                4.48406,52.220972,0
              </coordinates>
            </LinearRing>
          </outerBoundaryIs>
        </Polygon>
      </Placemark>
      <Placemark>
        <name>Begraafplaats Broederhuis Nieuw Schoonoord, Voorhout</name>
        <styleUrl>#poly-AA0000-3000-140-nodesc</styleUrl>
        <Polygon>
          <outerBoundaryIs>
            <LinearRing>
              <tessellate>1</tessellate>
              <coordinates>
                4.473908,52.220146,0
                4.47415,52.220342,0
                4.473969,52.220425,0
                4.473884,52.22035,0
                4.473864,52.22036,0
                4.473841,52.22036,0
                4.473818,52.220356,0
                4.473799,52.220345,0
                4.473795,52.220327,0
                4.473813,52.220309,0
                4.473821,52.220303,0
                4.473741,52.220229,0
                4.473908,52.220146,0
              </coordinates>
            </LinearRing>
          </outerBoundaryIs>
        </Polygon>
      </Placemark>
      <Placemark>
        <name>RK begraafplaats, Noordwijk</name>
        <styleUrl>#poly-AA0000-3000-140-nodesc</styleUrl>
        <Polygon>
          <outerBoundaryIs>
            <LinearRing>
              <tessellate>1</tessellate>
              <coordinates>
                4.454456,52.238485,0
                4.453978,52.238746,0
                4.45377,52.238834,0
                4.453675,52.238857,0
                4.453541,52.23886,0
                4.453492,52.238837,0
                4.453466,52.238799,0
                4.453431,52.238766,0
                4.453378,52.238731,0
                4.453307,52.2387,0
                4.45322,52.23868,0
                4.453057,52.238667,0
                4.452769,52.238633,0
                4.454692,52.237611,0
                4.454987,52.237814,0
                4.454984,52.237836,0
                4.455274,52.238049,0
                4.454456,52.238485,0
              </coordinates>
            </LinearRing>
          </outerBoundaryIs>
        </Polygon>
      </Placemark>
      <Placemark>
        <name>St. Victorbegraafplaats, Noordwijkerhout</name>
        <styleUrl>#poly-AA0000-3000-140-nodesc</styleUrl>
        <Polygon>
          <outerBoundaryIs>
            <LinearRing>
              <tessellate>1</tessellate>
              <coordinates>
                4.489817,52.251056,0
                4.489371,52.250707,0
                4.490012,52.250393,0
                4.490418,52.250765,0
                4.489817,52.251056,0
              </coordinates>
            </LinearRing>
          </outerBoundaryIs>
        </Polygon>
      </Placemark>
      <Placemark>
        <name>St. Bavobegraafplaats, Noordwijkerhout</name>
        <styleUrl>#poly-AA0000-3000-140-nodesc</styleUrl>
        <Polygon>
          <outerBoundaryIs>
            <LinearRing>
              <tessellate>1</tessellate>
              <coordinates>
                4.493399,52.269499,0
                4.492784,52.269072,0
                4.493145,52.268884,0
                4.49374,52.269322,0
                4.493399,52.269499,0
              </coordinates>
            </LinearRing>
          </outerBoundaryIs>
        </Polygon>
      </Placemark>
      <Placemark>
        <name>RK begraafplaats, Gouda</name>
        <styleUrl>#poly-AA0000-3000-140-nodesc</styleUrl>
        <Polygon>
          <outerBoundaryIs>
            <LinearRing>
              <tessellate>1</tessellate>
              <coordinates>
                4.718738,52.01809,0
                4.718812,52.017858,0
                4.719082,52.016802,0
                4.719532,52.016773,0
                4.719514,52.016849,0
                4.7196,52.016863,0
                4.719352,52.017911,0
                4.719304,52.018052,0
                4.719065,52.018031,0
                4.719038,52.018125,0
                4.718989,52.018108,0
                4.718977,52.018125,0
                4.7189,52.018105,0
                4.718891,52.018118,0
                4.718819,52.018098,0
                4.718807,52.018109,0
                4.718738,52.01809,0
              </coordinates>
            </LinearRing>
          </outerBoundaryIs>
        </Polygon>
      </Placemark>
      <Placemark>
        <name>Oude alg. begraafplaats, Gouda</name>
        <styleUrl>#poly-AA0000-3000-140-nodesc</styleUrl>
        <Polygon>
          <outerBoundaryIs>
            <LinearRing>
              <tessellate>1</tessellate>
              <coordinates>
                4.707141,52.005936,0
                4.706704,52.00626,0
                4.705005,52.005407,0
                4.705296,52.005236,0
                4.705411,52.005178,0
                4.705501,52.00515,0
                4.705501,52.005148,0
                4.705633,52.005177,0
                4.707141,52.005936,0
              </coordinates>
            </LinearRing>
          </outerBoundaryIs>
        </Polygon>
      </Placemark>
      <Placemark>
        <name>Gem. begraafplaats Lageweg, Ouderkerk aan de IJssel</name>
        <styleUrl>#poly-AA0000-3000-140-nodesc</styleUrl>
        <Polygon>
          <outerBoundaryIs>
            <LinearRing>
              <tessellate>1</tessellate>
              <coordinates>
                4.639673,51.967636,0
                4.639605,51.967571,0
                4.639566,51.967544,0
                4.639539,51.96753,0
                4.639503,51.967495,0
                4.639503,51.967463,0
                4.639518,51.96741,0
                4.639499,51.967363,0
                4.639704,51.967332,0
                4.639662,51.967209,0
                4.642888,51.966704,0
                4.642958,51.966699,0
                4.643011,51.966701,0
                4.643067,51.966714,0
                4.643144,51.966772,0
                4.643173,51.966808,0
                4.643396,51.966724,0
                4.643706,51.966568,0
                4.64381,51.966638,0
                4.643813,51.966662,0
                4.643887,51.966728,0
                4.643908,51.96676,0
                4.643911,51.966789,0
                4.643913,51.966824,0
                4.643885,51.966871,0
                4.64381,51.966947,0
                4.643801,51.966983,0
                4.643801,51.967057,0
                4.643812,51.967143,0
                4.643785,51.967193,0
                4.643394,51.967266,0
                4.643287,51.967296,0
                4.643235,51.967328,0
                4.640231,51.967892,0
                4.640181,51.967892,0
                4.64004,51.967833,0
                4.639812,51.967712,0
                4.639746,51.967674,0
                4.639673,51.967636,0
              </coordinates>
            </LinearRing>
          </outerBoundaryIs>
        </Polygon>
      </Placemark>
      <Placemark>
        <name>Oude algemene kerkhof, Wijngaarden</name>
        <styleUrl>#icon-1899-DB4436-nodesc</styleUrl>
        <Point>
          <coordinates>
            4.764011,51.844884,0
          </coordinates>
        </Point>
      </Placemark>
      <Placemark>
        <name>RK Begraafplaats St. Martinus, Hillegom</name>
        <styleUrl>#icon-1899-DB4436-nodesc</styleUrl>
        <Point>
          <coordinates>
            4.582858,52.295083,0
          </coordinates>
        </Point>
      </Placemark>
      <Placemark>
        <name>Gemeentelijke begraafplaats, Hillegom</name>
        <styleUrl>#icon-1899-DB4436-nodesc</styleUrl>
        <Point>
          <coordinates>
            4.573088,52.292967,0
          </coordinates>
        </Point>
      </Placemark>
      <Placemark>
        <name>H. Jozefbegraafplaats, Hillegom</name>
        <styleUrl>#icon-1899-DB4436-nodesc</styleUrl>
        <Point>
          <coordinates>
            4.579438,52.28767,0
          </coordinates>
        </Point>
      </Placemark>
      <Placemark>
        <name>Kerkhof Onbevlekt Hart van Maria, Lisse</name>
        <styleUrl>#icon-1899-DB4436-nodesc</styleUrl>
        <Point>
          <coordinates>
            4.563778,52.260553,0
          </coordinates>
        </Point>
      </Placemark>
      <Placemark>
        <name>Kerkhof Onze Lieve Vrouw Presentatie, Roelofarendsveen</name>
        <styleUrl>#icon-1899-DB4436-nodesc</styleUrl>
        <Point>
          <coordinates>
            4.624608,52.202889,0
          </coordinates>
        </Point>
      </Placemark>
      <Placemark>
        <name><![CDATA[Sint Petrus' Bandenbegraafplaats, Roelofarendsveen]]></name>
        <styleUrl>#icon-1899-DB4436-nodesc</styleUrl>
        <Point>
          <coordinates>
            4.629542,52.195229,0
          </coordinates>
        </Point>
      </Placemark>
      <Placemark>
        <name>NH Kerkhof, Voorhout</name>
        <styleUrl>#icon-1899-DB4436-nodesc</styleUrl>
        <Point>
          <coordinates>
            4.483606,52.221491,2.98
          </coordinates>
        </Point>
      </Placemark>
      <Placemark>
        <name>RK Kerkhof, Voorhout</name>
        <styleUrl>#icon-1899-DB4436-nodesc</styleUrl>
        <Point>
          <coordinates>
            4.482641,52.221239,3
          </coordinates>
        </Point>
      </Placemark>
      <Placemark>
        <name>Particuliere alg. begraafplaats, Voorhout</name>
        <styleUrl>#icon-1899-DB4436-nodesc</styleUrl>
        <Point>
          <coordinates>
            4.482984,52.220945,2.79
          </coordinates>
        </Point>
      </Placemark>
      <Placemark>
        <name>Begraafplaats Broederhuis Nieuw Schoonoord, Voorhout</name>
        <styleUrl>#icon-1899-DB4436-nodesc</styleUrl>
        <Point>
          <coordinates>
            4.474021,52.220233,0.42
          </coordinates>
        </Point>
      </Placemark>
      <Placemark>
        <name>RK begraafplaats, Noordwijk</name>
        <styleUrl>#icon-1899-DB4436-nodesc</styleUrl>
        <Point>
          <coordinates>
            4.455039,52.237868,4.61
          </coordinates>
        </Point>
      </Placemark>
      <Placemark>
        <name>St. Victorbegraafplaats, Noordwijkerhout</name>
        <styleUrl>#icon-1899-DB4436-nodesc</styleUrl>
        <Point>
          <coordinates>
            4.489595,52.250888,1
          </coordinates>
        </Point>
      </Placemark>
      <Placemark>
        <name>St. Bavobegraafplaats, Noordwijkerhout</name>
        <styleUrl>#icon-1899-DB4436-nodesc</styleUrl>
        <Point>
          <coordinates>
            4.492979,52.268992,4.02
          </coordinates>
        </Point>
      </Placemark>
      <Placemark>
        <name>RK begraafplaats, Gouda</name>
        <styleUrl>#icon-1899-DB4436-nodesc</styleUrl>
        <Point>
          <coordinates>
            4.719028,52.018108,1.1
          </coordinates>
        </Point>
      </Placemark>
      <Placemark>
        <name>Oude alg. begraafplaats, Gouda</name>
        <styleUrl>#icon-1899-DB4436-nodesc</styleUrl>
        <Point>
          <coordinates>
            4.706825,52.006175,0.96
          </coordinates>
        </Point>
      </Placemark>
      <Placemark>
        <name>Nieuwe gem. begraafplaats, Ouderkerk aan den IJssel</name>
        <styleUrl>#poly-AA0000-3000-140-nodesc</styleUrl>
        <Polygon>
          <outerBoundaryIs>
            <LinearRing>
              <tessellate>1</tessellate>
              <coordinates>
                4.637892,51.93709,0
                4.637572,51.936897,0
                4.639797,51.935572,0
                4.640156,51.935815,0
                4.637892,51.93709,0
              </coordinates>
            </LinearRing>
          </outerBoundaryIs>
        </Polygon>
      </Placemark>
      <Placemark>
        <name>Oude alg. begraafplaats, Ouderkerk aan den IJssel</name>
        <styleUrl>#poly-AA0000-3000-140-nodesc</styleUrl>
        <Polygon>
          <outerBoundaryIs>
            <LinearRing>
              <tessellate>1</tessellate>
              <coordinates>
                4.638443,51.942118,0
                4.638339,51.941907,0
                4.638527,51.94185,0
                4.638675,51.941791,0
                4.638881,51.941633,0
                4.639007,51.94156,0
                4.639167,51.941488,0
                4.639244,51.941448,0
                4.639461,51.941565,0
                4.63866,51.942081,0
                4.638443,51.942118,0
              </coordinates>
            </LinearRing>
          </outerBoundaryIs>
        </Polygon>
      </Placemark>
      <Placemark>
        <name>Gem. begraafplaats Vredehof, Bodegraven</name>
        <styleUrl>#poly-AA0000-3000-140-nodesc</styleUrl>
        <Polygon>
          <outerBoundaryIs>
            <LinearRing>
              <tessellate>1</tessellate>
              <coordinates>
                4.760572,52.084859,0
                4.75993,52.083826,0
                4.760019,52.083797,0
                4.759904,52.083618,0
                4.759984,52.08359,0
                4.759884,52.083398,0
                4.759959,52.083376,0
                4.759753,52.083027,0
                4.760197,52.082939,0
                4.760579,52.082853,0
                4.761355,52.082697,0
                4.762355,52.084469,0
                4.760572,52.084859,0
              </coordinates>
            </LinearRing>
          </outerBoundaryIs>
        </Polygon>
      </Placemark>
      <Placemark>
        <name>Nieuwe gem. begraafplaats, Leiderdorp</name>
        <styleUrl>#poly-AA0000-3000-140-nodesc</styleUrl>
        <Polygon>
          <outerBoundaryIs>
            <LinearRing>
              <tessellate>1</tessellate>
              <coordinates>
                4.533749,52.153243,0
                4.534946,52.153425,0
                4.535355,52.153454,0
                4.535357,52.153514,0
                4.535956,52.153535,0
                4.536333,52.153562,0
                4.536553,52.153617,0
                4.536579,52.153633,0
                4.536574,52.153669,0
                4.536557,52.153704,0
                4.536505,52.153742,0
                4.536325,52.153862,0
                4.536382,52.153921,0
                4.536104,52.154046,0
                4.535657,52.154217,0
                4.535127,52.15442,0
                4.533494,52.153582,0
                4.533749,52.153243,0
              </coordinates>
            </LinearRing>
          </outerBoundaryIs>
        </Polygon>
      </Placemark>
      <Placemark>
        <name>Uitbreiding nw. Gem. begraafplaats (overzijde weg), Leiderdorp</name>
        <styleUrl>#poly-AA0000-3000-140-nodesc</styleUrl>
        <Polygon>
          <outerBoundaryIs>
            <LinearRing>
              <tessellate>1</tessellate>
              <coordinates>
                4.533396,52.153058,0
                4.534217,52.152172,0
                4.53506,52.152561,0
                4.534241,52.153189,0
                4.533396,52.153058,0
              </coordinates>
            </LinearRing>
          </outerBoundaryIs>
        </Polygon>
      </Placemark>
      <Placemark>
        <name>Gem. kerkhof, Leiderdorp</name>
        <styleUrl>#poly-AA0000-3000-140-nodesc</styleUrl>
        <Polygon>
          <outerBoundaryIs>
            <LinearRing>
              <tessellate>1</tessellate>
              <coordinates>
                4.523661,52.15114,0
                4.523714,52.150935,0
                4.523795,52.150939,0
                4.523811,52.150874,0
                4.524182,52.150967,0
                4.524149,52.151016,0
                4.524205,52.151068,0
                4.524126,52.151102,0
                4.524034,52.151205,0
                4.523935,52.151175,0
                4.523661,52.15114,0
              </coordinates>
            </LinearRing>
          </outerBoundaryIs>
        </Polygon>
      </Placemark>
      <Placemark>
        <name>Begraafplaats Wilsveen, Leidschendam</name>
        <styleUrl>#poly-AA0000-3000-140-nodesc</styleUrl>
        <Polygon>
          <outerBoundaryIs>
            <LinearRing>
              <tessellate>1</tessellate>
              <coordinates>
                4.421711,52.073946,0
                4.421731,52.073879,0
                4.421871,52.073738,0
                4.422099,52.073516,0
                4.422281,52.07335,0
                4.422322,52.073322,0
                4.422381,52.073326,0
                4.422625,52.073421,0
                4.422761,52.073475,0
                4.422411,52.074052,0
                4.421711,52.073946,0
              </coordinates>
            </LinearRing>
          </outerBoundaryIs>
        </Polygon>
      </Placemark>
      <Placemark>
        <name>Begraafplaats Oud-Kralingen, Rotterdam</name>
        <styleUrl>#poly-AA0000-3000-140-nodesc</styleUrl>
        <Polygon>
          <outerBoundaryIs>
            <LinearRing>
              <tessellate>1</tessellate>
              <coordinates>
                4.547692,51.935833,0
                4.545416,51.935479,0
                4.546964,51.931867,0
                4.547956,51.931996,0
                4.547928,51.93207,0
                4.548141,51.932101,0
                4.54797,51.932531,0
                4.548993,51.932691,0
                4.547692,51.935833,0
              </coordinates>
            </LinearRing>
          </outerBoundaryIs>
        </Polygon>
      </Placemark>
      <Placemark>
        <name>Oude Algemene begraafplaats Rusthof, Ridderkerk</name>
        <styleUrl>#poly-AA0000-3000-140-nodesc</styleUrl>
        <Polygon>
          <outerBoundaryIs>
            <LinearRing>
              <tessellate>1</tessellate>
              <coordinates>
                4.599056,51.869026,0
                4.597666,51.870229,0
                4.596807,51.86984,0
                4.598019,51.868716,0
                4.598307,51.868839,0
                4.598428,51.868738,0
                4.599056,51.869026,0
              </coordinates>
            </LinearRing>
          </outerBoundaryIs>
        </Polygon>
      </Placemark>
      <Placemark>
        <name>NH Begraafplaats Ijsselmonde, Rotterdam</name>
        <styleUrl>#poly-AA0000-3000-140-nodesc</styleUrl>
        <Polygon>
          <outerBoundaryIs>
            <LinearRing>
              <tessellate>1</tessellate>
              <coordinates>
                4.555877,51.901032,0
                4.555172,51.898776,0
                4.55645,51.898667,0
                4.556796,51.899837,0
                4.556088,51.899902,0
                4.556386,51.900956,0
                4.555877,51.901032,0
              </coordinates>
            </LinearRing>
          </outerBoundaryIs>
        </Polygon>
      </Placemark>
      <Placemark>
        <name>RK Agathabegraafplaats, Leidschendam</name>
        <styleUrl>#poly-AA0000-3000-140-nodesc</styleUrl>
        <Polygon>
          <outerBoundaryIs>
            <LinearRing>
              <tessellate>1</tessellate>
              <coordinates>
                4.401158,52.093449,0
                4.401435,52.093256,0
                4.401481,52.093242,0
                4.401802,52.093364,0
                4.401944,52.093242,0
                4.402241,52.093352,0
                4.402293,52.093305,0
                4.40273,52.093519,0
                4.402172,52.093847,0
                4.401217,52.093518,0
                4.401158,52.093449,0
              </coordinates>
            </LinearRing>
          </outerBoundaryIs>
        </Polygon>
      </Placemark>
      <Placemark>
        <name>Gem. begraafplaats Noorthey, Leidschendam</name>
        <styleUrl>#poly-AA0000-3000-140-nodesc</styleUrl>
        <Polygon>
          <outerBoundaryIs>
            <LinearRing>
              <tessellate>1</tessellate>
              <coordinates>
                4.409593,52.10879,0
                4.408198,52.107803,0
                4.40928,52.107331,0
                4.409895,52.107147,0
                4.410147,52.107026,0
                4.410491,52.106863,0
                4.412016,52.107932,0
                4.409593,52.10879,0
              </coordinates>
            </LinearRing>
          </outerBoundaryIs>
        </Polygon>
      </Placemark>
      <Placemark>
        <name>Begraafplaats Maria Rust, Rockanje</name>
        <styleUrl>#poly-AA0000-3000-140-nodesc</styleUrl>
        <Polygon>
          <outerBoundaryIs>
            <LinearRing>
              <tessellate>1</tessellate>
              <coordinates>
                4.066842,51.874769,0
                4.066888,51.873717,0
                4.067464,51.873664,0
                4.067545,51.874856,0
                4.067362,51.874825,0
                4.066842,51.874769,0
              </coordinates>
            </LinearRing>
          </outerBoundaryIs>
        </Polygon>
      </Placemark>
      <Placemark>
        <name>Nieuwe begraafplaats, Rockanje</name>
        <styleUrl>#poly-AA0000-3000-140-nodesc</styleUrl>
        <Polygon>
          <outerBoundaryIs>
            <LinearRing>
              <tessellate>1</tessellate>
              <coordinates>
                4.059656,51.871934,0
                4.058387,51.8719,0
                4.057724,51.871933,0
                4.057272,51.871428,0
                4.05626,51.871094,0
                4.056737,51.870546,0
                4.057399,51.869785,0
                4.057388,51.86956,0
                4.057944,51.868973,0
                4.05976,51.869015,0
                4.061083,51.869347,0
                4.060518,51.87011,0
                4.0602,51.870757,0
                4.059828,51.871483,0
                4.059656,51.871934,0
              </coordinates>
            </LinearRing>
          </outerBoundaryIs>
        </Polygon>
      </Placemark>
      <Placemark>
        <name>Algemene Begraafplaats met RK gedeelte, Hellevoetsluis</name>
        <styleUrl>#poly-AA0000-3000-140-nodesc</styleUrl>
        <Polygon>
          <outerBoundaryIs>
            <LinearRing>
              <tessellate>1</tessellate>
              <coordinates>
                4.133385,51.837326,0
                4.132378,51.837255,0
                4.132461,51.836779,0
                4.132527,51.836307,0
                4.132751,51.836397,0
                4.133385,51.837326,0
              </coordinates>
            </LinearRing>
          </outerBoundaryIs>
        </Polygon>
      </Placemark>
      <Placemark>
        <name>Gem. begraafplaats Nieuw Helvoet, Hellevoetsluis</name>
        <styleUrl>#poly-AA0000-3000-140-nodesc</styleUrl>
        <Polygon>
          <outerBoundaryIs>
            <LinearRing>
              <tessellate>1</tessellate>
              <coordinates>
                4.124694,51.840382,0
                4.124354,51.839719,0
                4.12622,51.839348,0
                4.12626,51.839347,0
                4.126296,51.83937,0
                4.126549,51.839988,0
                4.126531,51.84002,0
                4.124694,51.840382,0
              </coordinates>
            </LinearRing>
          </outerBoundaryIs>
        </Polygon>
      </Placemark>
      <Placemark>
        <name>Gemeentelijke begraafplaats, Hellevoetsluis</name>
        <styleUrl>#poly-AA0000-3000-140-nodesc</styleUrl>
        <Polygon>
          <outerBoundaryIs>
            <LinearRing>
              <tessellate>1</tessellate>
              <coordinates>
                4.140046,51.849407,0
                4.14052,51.848667,0
                4.140925,51.848758,0
                4.141093,51.848449,0
                4.144166,51.849203,0
                4.143961,51.849462,0
                4.143755,51.849412,0
                4.143381,51.849889,0
                4.141705,51.849526,0
                4.141478,51.849748,0
                4.140046,51.849407,0
              </coordinates>
            </LinearRing>
          </outerBoundaryIs>
        </Polygon>
      </Placemark>
      <Placemark>
        <name>NH Kerkhof, Katwijk (geruimd)</name>
        <styleUrl>#poly-AA0000-3000-140-nodesc</styleUrl>
        <Polygon>
          <outerBoundaryIs>
            <LinearRing>
              <tessellate>1</tessellate>
              <coordinates>
                4.392506,52.202805,0
                4.392308,52.202749,0
                4.392222,52.202663,0
                4.392184,52.202582,0
                4.392188,52.202481,0
                4.392207,52.202432,0
                4.392417,52.202377,0
                4.392594,52.20236,0
                4.392843,52.202388,0
                4.392934,52.202469,0
                4.392958,52.202574,0
                4.392944,52.202666,0
                4.392944,52.202667,0
                4.3929,52.20275,0
                4.392506,52.202805,0
              </coordinates>
            </LinearRing>
          </outerBoundaryIs>
        </Polygon>
      </Placemark>
      <Placemark>
        <name>Gem. begraafplaats, Rozenburg</name>
        <styleUrl>#poly-AA0000-3000-140-nodesc</styleUrl>
        <Polygon>
          <outerBoundaryIs>
            <LinearRing>
              <tessellate>1</tessellate>
              <coordinates>
                4.251959,51.903471,0
                4.252059,51.903452,0
                4.25215,51.9032,0
                4.25251,51.903046,0
                4.252637,51.903114,0
                4.252984,51.903316,0
                4.251107,51.903814,0
                4.250655,51.90313,0
                4.251326,51.902935,0
                4.251494,51.902401,0
                4.251533,51.902324,0
                4.251581,51.902284,0
                4.251646,51.902257,0
                4.252369,51.9023,0
                4.251959,51.903471,0
              </coordinates>
            </LinearRing>
          </outerBoundaryIs>
        </Polygon>
      </Placemark>
      <Placemark>
        <name>Gem. begraafplaats Westvoorne, Oostvoorne</name>
        <styleUrl>#poly-AA0000-3000-140-nodesc</styleUrl>
        <Polygon>
          <outerBoundaryIs>
            <LinearRing>
              <tessellate>1</tessellate>
              <coordinates>
                4.100169,51.91064,0
                4.100111,51.910649,0
                4.0996,51.91035,0
                4.099606,51.910322,0
                4.099531,51.910254,0
                4.099466,51.910234,0
                4.099388,51.910179,0
                4.099314,51.910096,0
                4.099252,51.909987,0
                4.099179,51.909778,0
                4.100005,51.909371,0
                4.100145,51.909234,0
                4.100207,51.909126,0
                4.100231,51.909014,0
                4.100231,51.908951,0
                4.100263,51.908797,0
                4.100276,51.908517,0
                4.100276,51.908457,0
                4.100779,51.908515,0
                4.101383,51.908606,0
                4.102123,51.908749,0
                4.102192,51.908778,0
                4.102497,51.909041,0
                4.102493,51.90907,0
                4.102457,51.909102,0
                4.101203,51.909974,0
                4.100549,51.910407,0
                4.100169,51.91064,0
              </coordinates>
            </LinearRing>
          </outerBoundaryIs>
        </Polygon>
      </Placemark>
      <Placemark>
        <name>RK begraafplaats, Gorinchem</name>
        <styleUrl>#poly-AA0000-3000-140-nodesc</styleUrl>
        <Polygon>
          <outerBoundaryIs>
            <LinearRing>
              <tessellate>1</tessellate>
              <coordinates>
                4.983154,51.840683,0
                4.982826,51.840434,0
                4.983776,51.839933,0
                4.983852,51.839996,0
                4.983907,51.840079,0
                4.983937,51.840201,0
                4.983936,51.840257,0
                4.983154,51.840683,0
              </coordinates>
            </LinearRing>
          </outerBoundaryIs>
        </Polygon>
      </Placemark>
      <Placemark>
        <name>Gem. begraafplaats, Hoogblokland</name>
        <styleUrl>#poly-AA0000-3000-140-nodesc</styleUrl>
        <Polygon>
          <outerBoundaryIs>
            <LinearRing>
              <tessellate>1</tessellate>
              <coordinates>
                4.977346,51.873965,0
                4.977101,51.873413,0
                4.977852,51.873306,0
                4.977913,51.873492,0
                4.977848,51.8735,0
                4.97798,51.873868,0
                4.97798,51.87387,0
                4.977346,51.873965,0
              </coordinates>
            </LinearRing>
          </outerBoundaryIs>
        </Polygon>
      </Placemark>
      <Placemark>
        <name>Gem. begraafplaats Lageweg, Ouderkerk aan de IJssel</name>
        <styleUrl>#icon-1899-DB4436-nodesc</styleUrl>
        <Point>
          <coordinates>
            4.643718,51.966578,0
          </coordinates>
        </Point>
      </Placemark>
      <Placemark>
        <name>Nieuwe gem. begraafplaats, Ouderkerk aan den IJssel</name>
        <styleUrl>#icon-1899-DB4436-nodesc</styleUrl>
        <Point>
          <coordinates>
            4.637408,51.937159,0.51
          </coordinates>
        </Point>
      </Placemark>
      <Placemark>
        <name>Oude alg. begraafplaats, Ouderkerk aan den IJssel</name>
        <styleUrl>#icon-1899-DB4436-nodesc</styleUrl>
        <Point>
          <coordinates>
            4.63839,51.942049,1.27
          </coordinates>
        </Point>
      </Placemark>
      <Placemark>
        <name>Gem. begraafplaats, Vredehof, Bodegraven</name>
        <styleUrl>#icon-1899-DB4436-nodesc</styleUrl>
        <Point>
          <coordinates>
            4.760098,52.08295,1.58
          </coordinates>
        </Point>
      </Placemark>
      <Placemark>
        <name>Nieuwe gem. begraafplaats, Leiderdorp</name>
        <styleUrl>#icon-1899-DB4436-nodesc</styleUrl>
        <Point>
          <coordinates>
            4.533487,52.153202,1.64
          </coordinates>
        </Point>
      </Placemark>
      <Placemark>
        <name>Uitbreiding gem. begraafplaats, Leiderdorp</name>
        <styleUrl>#icon-1899-DB4436-nodesc</styleUrl>
        <Point>
          <coordinates>
            4.533669,52.1531,1.24
          </coordinates>
        </Point>
      </Placemark>
      <Placemark>
        <name>Gem. kerkhof, Leiderdorp</name>
        <styleUrl>#icon-1899-DB4436-nodesc</styleUrl>
        <Point>
          <coordinates>
            4.523673,52.151095,2
          </coordinates>
        </Point>
      </Placemark>
      <Placemark>
        <name>Begraafplaats Wilsveen, Leidschendam</name>
        <styleUrl>#icon-1899-DB4436-nodesc</styleUrl>
        <Point>
          <coordinates>
            4.421769,52.07394,0
          </coordinates>
        </Point>
      </Placemark>
      <Placemark>
        <name>Begraafplaats Oud-Kralingen, Rotterdam</name>
        <styleUrl>#icon-1899-DB4436-nodesc</styleUrl>
        <Point>
          <coordinates>
            4.548209,51.931959,0
          </coordinates>
        </Point>
      </Placemark>
      <Placemark>
        <name>Oude Algemene begraafplaats Rusthof, Ridderkerk</name>
        <styleUrl>#icon-1899-DB4436-nodesc</styleUrl>
        <Point>
          <coordinates>
            4.59855,51.86878,0.86
          </coordinates>
        </Point>
      </Placemark>
      <Placemark>
        <name>NH Begraafplaats Ijsselmonde, Rotterdam</name>
        <styleUrl>#icon-1899-DB4436-nodesc</styleUrl>
        <Point>
          <coordinates>
            4.556185,51.900981,0.5
          </coordinates>
        </Point>
      </Placemark>
      <Placemark>
        <name>RK Agathabegraafplaats, Leidschendam</name>
        <styleUrl>#icon-1899-DB4436-nodesc</styleUrl>
        <Point>
          <coordinates>
            4.401218,52.093498,0
          </coordinates>
        </Point>
      </Placemark>
      <Placemark>
        <name>Gem. begraafplaats Noorthey, Leidschendam</name>
        <styleUrl>#icon-1899-DB4436-nodesc</styleUrl>
        <Point>
          <coordinates>
            4.409042,52.107429,0
          </coordinates>
        </Point>
      </Placemark>
      <Placemark>
        <name>Begraafplaats Maria Rust, Rockanje</name>
        <styleUrl>#icon-1899-DB4436-nodesc</styleUrl>
        <Point>
          <coordinates>
            4.067373,51.874779,0
          </coordinates>
        </Point>
      </Placemark>
      <Placemark>
        <name>Nieuwe begraafplaats, Rockanje</name>
        <styleUrl>#icon-1899-DB4436-nodesc</styleUrl>
        <Point>
          <coordinates>
            4.058137,51.872013,0
          </coordinates>
        </Point>
      </Placemark>
      <Placemark>
        <name>Algemene Begraafplaats met RK gedeelte, Hellevoetsluis</name>
        <styleUrl>#icon-1899-DB4436-nodesc</styleUrl>
        <Point>
          <coordinates>
            4.133041,51.83678,0
          </coordinates>
        </Point>
      </Placemark>
      <Placemark>
        <name>Gem. begraafplaats Nieuw Helvoet, Hellevoetsluis</name>
        <styleUrl>#icon-1899-DB4436-nodesc</styleUrl>
        <Point>
          <coordinates>
            4.124573,51.839976,0
          </coordinates>
        </Point>
      </Placemark>
      <Placemark>
        <name>Gemeentelijke begraafplaats, Hellevoetsluis</name>
        <styleUrl>#icon-1899-DB4436-nodesc</styleUrl>
        <Point>
          <coordinates>
            4.142376,51.849652,0
          </coordinates>
        </Point>
      </Placemark>
      <Placemark>
        <name>NH Kerkhof, Katwijk (geruimd)</name>
        <styleUrl>#icon-1899-DB4436-nodesc</styleUrl>
        <Point>
          <coordinates>
            4.392192,52.202554,0
          </coordinates>
        </Point>
      </Placemark>
      <Placemark>
        <name>Gem. begraafplaats, Rozenburg</name>
        <styleUrl>#icon-1899-DB4436-nodesc</styleUrl>
        <Point>
          <coordinates>
            4.2514,51.903707,0
          </coordinates>
        </Point>
      </Placemark>
      <Placemark>
        <name>Gem. begraafplaats Westvoorne, Oostvoorne</name>
        <styleUrl>#icon-1899-DB4436-nodesc</styleUrl>
        <Point>
          <coordinates>
            4.099637,51.910248,0
          </coordinates>
        </Point>
      </Placemark>
      <Placemark>
        <name>RK begraafplaats, Gorinchem</name>
        <styleUrl>#icon-1899-DB4436-nodesc</styleUrl>
        <Point>
          <coordinates>
            4.983885,51.840069,0
          </coordinates>
        </Point>
      </Placemark>
      <Placemark>
        <name>Gem. begraafplaats, Hoornaar</name>
        <styleUrl>#poly-AA0000-3000-140-nodesc</styleUrl>
        <Polygon>
          <outerBoundaryIs>
            <LinearRing>
              <tessellate>1</tessellate>
              <coordinates>
                4.946612,51.880076,0
                4.946981,51.880128,0
                4.94714,51.880173,0
                4.947307,51.880241,0
                4.947515,51.88034,0
                4.947652,51.880425,0
                4.947793,51.880523,0
                4.947126,51.880921,0
                4.946753,51.880776,0
                4.947069,51.88056,0
                4.946874,51.88046,0
                4.946907,51.880381,0
                4.946981,51.880352,0
                4.946989,51.88032,0
                4.946989,51.880283,0
                4.946965,51.880256,0
                4.946918,51.880236,0
                4.946813,51.880226,0
                4.94677,51.880241,0
                4.946504,51.880228,0
                4.946612,51.880076,0
              </coordinates>
            </LinearRing>
          </outerBoundaryIs>
        </Polygon>
      </Placemark>
      <Placemark>
        <name>NH begraafplaats, Giessenburg</name>
        <styleUrl>#poly-AA0000-3000-140-nodesc</styleUrl>
        <Polygon>
          <outerBoundaryIs>
            <LinearRing>
              <tessellate>1</tessellate>
              <coordinates>
                4.888651,51.851719,0
                4.888342,51.851582,0
                4.888813,51.851168,0
                4.88914,51.8513,0
                4.888651,51.851719,0
              </coordinates>
            </LinearRing>
          </outerBoundaryIs>
        </Polygon>
      </Placemark>
      <Placemark>
        <name>Gem. begraafplaats, Giessenburg</name>
        <styleUrl>#poly-AA0000-3000-140-nodesc</styleUrl>
        <Polygon>
          <outerBoundaryIs>
            <LinearRing>
              <tessellate>1</tessellate>
              <coordinates>
                4.894397,51.842416,0
                4.893622,51.842029,0
                4.894371,51.841517,0
                4.894412,51.841502,0
                4.895098,51.841857,0
                4.895109,51.841883,0
                4.895065,51.841929,0
                4.894397,51.842416,0
              </coordinates>
            </LinearRing>
          </outerBoundaryIs>
        </Polygon>
      </Placemark>
      <Placemark>
        <name>Gem. kerkhof, Giessen-Oudekerk</name>
        <styleUrl>#poly-AA0000-3000-140-nodesc</styleUrl>
        <Polygon>
          <outerBoundaryIs>
            <LinearRing>
              <tessellate>1</tessellate>
              <coordinates>
                4.866131,51.844539,0
                4.865869,51.845336,0
                4.866009,51.845352,0
                4.865741,51.846027,0
                4.865085,51.845915,0
                4.86567,51.8445,0
                4.865722,51.844484,0
                4.866131,51.844539,0
              </coordinates>
            </LinearRing>
          </outerBoundaryIs>
        </Polygon>
      </Placemark>
      <Placemark>
        <name>Gem. begraafplaats Krommegat, Boven-Hardinxveld</name>
        <styleUrl>#poly-AA0000-3000-140-nodesc</styleUrl>
        <Polygon>
          <outerBoundaryIs>
            <LinearRing>
              <tessellate>1</tessellate>
              <coordinates>
                4.872021,51.822932,0
                4.871183,51.822934,0
                4.871193,51.822243,0
                4.871657,51.822244,0
                4.872064,51.82225,0
                4.872021,51.822932,0
              </coordinates>
            </LinearRing>
          </outerBoundaryIs>
        </Polygon>
      </Placemark>
      <Placemark>
        <name>Gem. begraafplaats Tiendweg, Boven-Hardinxveld</name>
        <styleUrl>#poly-AA0000-3000-140-nodesc</styleUrl>
        <Polygon>
          <outerBoundaryIs>
            <LinearRing>
              <tessellate>1</tessellate>
              <coordinates>
                4.886738,51.82822,0
                4.886815,51.826836,0
                4.887813,51.826934,0
                4.887715,51.828276,0
                4.886738,51.82822,0
              </coordinates>
            </LinearRing>
          </outerBoundaryIs>
        </Polygon>
      </Placemark>
      <Placemark>
        <name>Gem. begraafplaats Nolweg, Schelluinen</name>
        <styleUrl>#poly-AA0000-3000-140-nodesc</styleUrl>
        <Polygon>
          <outerBoundaryIs>
            <LinearRing>
              <tessellate>1</tessellate>
              <coordinates>
                4.934887,51.846649,0
                4.934963,51.846324,0
                4.93564,51.846274,0
                4.935671,51.846507,0
                4.935562,51.846891,0
                4.935208,51.846856,0
                4.93521,51.846797,0
                4.935242,51.846687,0
                4.934887,51.846649,0
              </coordinates>
            </LinearRing>
          </outerBoundaryIs>
        </Polygon>
      </Placemark>
      <Placemark>
        <name>Gem. begraafplaats Waalhoven, Krimpen aan den IJssel</name>
        <styleUrl>#poly-AA0000-3000-140-nodesc</styleUrl>
        <Polygon>
          <outerBoundaryIs>
            <LinearRing>
              <tessellate>1</tessellate>
              <coordinates>
                4.59522,51.904995,0
                4.595498,51.905151,0
                4.594779,51.905706,0
                4.596011,51.906267,0
                4.59515,51.906975,0
                4.594527,51.906703,0
                4.594083,51.906502,0
                4.593598,51.90627,0
                4.593451,51.90616,0
                4.594256,51.905503,0
                4.594192,51.90548,0
                4.593381,51.906119,0
                4.592851,51.905811,0
                4.593404,51.905355,0
                4.593396,51.905278,0
                4.593394,51.905178,0
                4.593445,51.905092,0
                4.593519,51.904995,0
                4.593604,51.904911,0
                4.593684,51.904863,0
                4.593722,51.90484,0
                4.593835,51.904792,0
                4.593969,51.904749,0
                4.594046,51.904731,0
                4.594195,51.904716,0
                4.594365,51.904712,0
                4.59452,51.904726,0
                4.594657,51.904752,0
                4.594755,51.904785,0
                4.594896,51.904839,0
                4.595126,51.904951,0
                4.59522,51.904995,0
              </coordinates>
            </LinearRing>
          </outerBoundaryIs>
        </Polygon>
      </Placemark>
      <Placemark>
        <name>Oude alg. begraafplaats, Krimpen aan den IJssel</name>
        <styleUrl>#poly-AA0000-3000-140-nodesc</styleUrl>
        <Polygon>
          <outerBoundaryIs>
            <LinearRing>
              <tessellate>1</tessellate>
              <coordinates>
                4.587036,51.919888,0
                4.587187,51.919933,0
                4.587474,51.920024,0
                4.587499,51.92004,0
                4.587115,51.920292,0
                4.586997,51.920233,0
                4.586919,51.92028,0
                4.586774,51.920216,0
                4.586836,51.92016,0
                4.586741,51.920118,0
                4.587036,51.919888,0
              </coordinates>
            </LinearRing>
          </outerBoundaryIs>
        </Polygon>
      </Placemark>
      <Placemark>
        <name>Gem. begraafplaats Capelle-West, Capelle aan den IJssel</name>
        <styleUrl>#poly-AA0000-3000-140-nodesc</styleUrl>
        <Polygon>
          <outerBoundaryIs>
            <LinearRing>
              <tessellate>1</tessellate>
              <coordinates>
                4.575051,51.917367,0
                4.575753,51.915824,0
                4.57618,51.915902,0
                4.575985,51.916332,0
                4.575906,51.916321,0
                4.575403,51.917424,0
                4.575051,51.917367,0
              </coordinates>
            </LinearRing>
          </outerBoundaryIs>
        </Polygon>
      </Placemark>
      <Placemark>
        <name>RK begraafplaats Overschie, Rotterdam</name>
        <styleUrl>#poly-AA0000-3000-140-nodesc</styleUrl>
        <Polygon>
          <outerBoundaryIs>
            <LinearRing>
              <tessellate>1</tessellate>
              <coordinates>
                4.422237,51.941371,0
                4.421944,51.941325,0
                4.422008,51.941063,0
                4.422303,51.941084,0
                4.422237,51.941371,0
              </coordinates>
            </LinearRing>
          </outerBoundaryIs>
        </Polygon>
      </Placemark>
      <Placemark>
        <name>Onze Lieve Vrouw Geboortebegraafplaats, Hoogmade</name>
        <styleUrl>#poly-AA0000-3000-140-nodesc</styleUrl>
        <Polygon>
          <outerBoundaryIs>
            <LinearRing>
              <tessellate>1</tessellate>
              <coordinates>
                4.579953,52.168761,0
                4.579794,52.168727,0
                4.579802,52.168714,0
                4.579532,52.168647,0
                4.579699,52.168395,0
                4.580092,52.168494,0
                4.58012,52.168511,0
                4.579953,52.168761,0
              </coordinates>
            </LinearRing>
          </outerBoundaryIs>
        </Polygon>
      </Placemark>
      <Placemark>
        <name>Onze Lieve Vrouwe Geboortekerkhof, Rijpwetering</name>
        <styleUrl>#poly-AA0000-3000-140-nodesc</styleUrl>
        <Polygon>
          <outerBoundaryIs>
            <LinearRing>
              <tessellate>1</tessellate>
              <coordinates>
                4.585529,52.192437,0
                4.58501,52.192384,0
                4.585031,52.192313,0
                4.585124,52.192321,0
                4.585159,52.192299,0
                4.585169,52.192275,0
                4.585142,52.192253,0
                4.585053,52.192239,0
                4.585066,52.192203,0
                4.585295,52.192222,0
                4.585302,52.192208,0
                4.585511,52.192223,0
                4.585529,52.192437,0
              </coordinates>
            </LinearRing>
          </outerBoundaryIs>
        </Polygon>
      </Placemark>
      <Placemark>
        <name>Gem. begraafplaats, Haastrecht</name>
        <styleUrl>#poly-AA0000-3000-140-nodesc</styleUrl>
        <Polygon>
          <outerBoundaryIs>
            <LinearRing>
              <tessellate>1</tessellate>
              <coordinates>
                4.783987,52.002071,0
                4.784617,52.001587,0
                4.785088,52.001814,0
                4.784477,52.002305,0
                4.783987,52.002071,0
              </coordinates>
            </LinearRing>
          </outerBoundaryIs>
        </Polygon>
      </Placemark>
      <Placemark>
        <name>RK begraafplaats, Haastrecht</name>
        <styleUrl>#poly-AA0000-3000-140-nodesc</styleUrl>
        <Polygon>
          <outerBoundaryIs>
            <LinearRing>
              <tessellate>1</tessellate>
              <coordinates>
                4.778177,52.000476,0
                4.777784,52.000417,0
                4.777827,52.000315,0
                4.777792,52.000312,0
                4.777847,52.000133,0
                4.778273,52.000197,0
                4.778177,52.000476,0
              </coordinates>
            </LinearRing>
          </outerBoundaryIs>
        </Polygon>
      </Placemark>
      <Placemark>
        <name>Gemeentelijke begraafplaats, Stolwijk</name>
        <styleUrl>#poly-AA0000-3000-140-nodesc</styleUrl>
        <Polygon>
          <outerBoundaryIs>
            <LinearRing>
              <tessellate>1</tessellate>
              <coordinates>
                4.772414,51.97383,0
                4.772801,51.973573,0
                4.772357,51.973322,0
                4.772488,51.973225,0
                4.772744,51.973364,0
                4.772907,51.973259,0
                4.773249,51.973444,0
                4.773402,51.973466,0
                4.773884,51.973729,0
                4.77316,51.974218,0
                4.772967,51.974106,0
                4.772888,51.974086,0
                4.772414,51.97383,0
              </coordinates>
            </LinearRing>
          </outerBoundaryIs>
        </Polygon>
      </Placemark>
      <Placemark>
        <name>Gem. begraafplaats, Hoogblokland</name>
        <styleUrl>#icon-1899-DB4436-nodesc</styleUrl>
        <Point>
          <coordinates>
            4.977787,51.873318,0
          </coordinates>
        </Point>
      </Placemark>
      <Placemark>
        <name>Gem. begraafplaats, Hoornaar</name>
        <styleUrl>#icon-1899-DB4436-nodesc</styleUrl>
        <Point>
          <coordinates>
            4.946519,51.880205,0
          </coordinates>
        </Point>
      </Placemark>
      <Placemark>
        <name>NH begraafplaats, Giessenburg</name>
        <styleUrl>#icon-1899-DB4436-nodesc</styleUrl>
        <Point>
          <coordinates>
            4.889064,51.851155,0
          </coordinates>
        </Point>
      </Placemark>
      <Placemark>
        <name>Gem. begraafplaats, Giessenburg</name>
        <styleUrl>#icon-1899-DB4436-nodesc</styleUrl>
        <Point>
          <coordinates>
            4.89412,51.842271,0
          </coordinates>
        </Point>
      </Placemark>
      <Placemark>
        <name>Gem. kerkhof, Giessen-Oudekerk</name>
        <styleUrl>#icon-1899-DB4436-nodesc</styleUrl>
        <Point>
          <coordinates>
            4.865701,51.844473,0
          </coordinates>
        </Point>
      </Placemark>
      <Placemark>
        <name>Gem. begraafplaats Krommegat, Boven-Hardinxveld</name>
        <styleUrl>#icon-1899-DB4436-nodesc</styleUrl>
        <Point>
          <coordinates>
            4.871636,51.821749,0
          </coordinates>
        </Point>
      </Placemark>
      <Placemark>
        <name>Gem. begraafplaats Tiendweg, Boven-Hardinxveld</name>
        <styleUrl>#icon-1899-DB4436-nodesc</styleUrl>
        <Point>
          <coordinates>
            4.887334,51.826888,0
          </coordinates>
        </Point>
      </Placemark>
      <Placemark>
        <name>Gem. begraafplaats Nolweg, Schelluinen</name>
        <styleUrl>#icon-1899-DB4436-nodesc</styleUrl>
        <Point>
          <coordinates>
            4.935181,51.846762,0
          </coordinates>
        </Point>
      </Placemark>
      <Placemark>
        <name>Gem. begraafplaats Waalhoven, Krimpen aan den IJssel</name>
        <styleUrl>#icon-1899-DB4436-nodesc</styleUrl>
        <Point>
          <coordinates>
            4.596379,51.905977,0
          </coordinates>
        </Point>
      </Placemark>
      <Placemark>
        <name>Oude alg. begraafplaats, Krimpen aan den IJssel</name>
        <styleUrl>#icon-1899-DB4436-nodesc</styleUrl>
        <Point>
          <coordinates>
            4.586906,51.920014,0
          </coordinates>
        </Point>
      </Placemark>
      <Placemark>
        <name>Gem. begraafplaats Capelle-West, Capelle aan den IJssel</name>
        <styleUrl>#icon-1899-DB4436-nodesc</styleUrl>
        <Point>
          <coordinates>
            4.575917,51.915864,0
          </coordinates>
        </Point>
      </Placemark>
      <Placemark>
        <name>RK begraafplaats Overschie, Rotterdam</name>
        <styleUrl>#icon-1899-DB4436-nodesc</styleUrl>
        <Point>
          <coordinates>
            4.421951,51.941298,0
          </coordinates>
        </Point>
      </Placemark>
      <Placemark>
        <name>Onze Lieve Vrouw Geboortebegraafplaats, Hoogmade</name>
        <styleUrl>#icon-1899-DB4436-nodesc</styleUrl>
        <Point>
          <coordinates>
            4.579842,52.168437,0
          </coordinates>
        </Point>
      </Placemark>
      <Placemark>
        <name>Onze Lieve Vrouwe Geboortekerkhof, Rijpwetering</name>
        <styleUrl>#icon-1899-DB4436-nodesc</styleUrl>
        <Point>
          <coordinates>
            4.58493,52.192351,0
          </coordinates>
        </Point>
      </Placemark>
      <Placemark>
        <name>Gem. begraafplaats, Haastrecht</name>
        <styleUrl>#icon-22-nodesc</styleUrl>
        <Point>
          <coordinates>
            4.784745,52.001653,0
          </coordinates>
        </Point>
      </Placemark>
      <Placemark>
        <name>RK begraafplaats, Haastrecht</name>
        <styleUrl>#icon-22-nodesc</styleUrl>
        <Point>
          <coordinates>
            4.777807,52.000297,0
          </coordinates>
        </Point>
      </Placemark>
      <Placemark>
        <name>Oude gem. begraafplaats, Ammerstol</name>
        <styleUrl>#poly-AA0000-3000-140-nodesc</styleUrl>
        <Polygon>
          <outerBoundaryIs>
            <LinearRing>
              <tessellate>1</tessellate>
              <coordinates>
                4.808581,51.927105,0
                4.808626,51.926961,0
                4.8092,51.927026,0
                4.809168,51.927167,0
                4.808581,51.927105,0
              </coordinates>
            </LinearRing>
          </outerBoundaryIs>
        </Polygon>
      </Placemark>
      <Placemark>
        <name>RK begraafplaats Meije, Bodegraven</name>
        <styleUrl>#poly-AA0000-3000-140-nodesc</styleUrl>
        <Polygon>
          <outerBoundaryIs>
            <LinearRing>
              <tessellate>1</tessellate>
              <coordinates>
                4.793614,52.121248,0
                4.794084,52.121032,0
                4.794213,52.121144,0
                4.793774,52.121341,0
                4.793722,52.121334,0
                4.793614,52.121248,0
              </coordinates>
            </LinearRing>
          </outerBoundaryIs>
        </Polygon>
      </Placemark>
      <Placemark>
        <name>RK begraafplaats, Nieuwkoop</name>
        <styleUrl>#poly-AA0000-3000-140-nodesc</styleUrl>
        <Polygon>
          <outerBoundaryIs>
            <LinearRing>
              <tessellate>1</tessellate>
              <coordinates>
                4.776979,52.148811,0
                4.77702,52.148794,0
                4.777099,52.148811,0
                4.777181,52.148861,0
                4.777394,52.148978,0
                4.777192,52.149245,0
                4.777032,52.149053,0
                4.776827,52.148838,0
                4.776924,52.148783,0
                4.776979,52.148811,0
              </coordinates>
            </LinearRing>
          </outerBoundaryIs>
        </Polygon>
      </Placemark>
      <Placemark>
        <name>Gem. kerkhof, Nieuwkoop</name>
        <styleUrl>#poly-AA0000-3000-140-nodesc</styleUrl>
        <Polygon>
          <outerBoundaryIs>
            <LinearRing>
              <tessellate>1</tessellate>
              <coordinates>
                4.780282,52.149663,0
                4.780284,52.149617,0
                4.780236,52.149585,0
                4.779854,52.14958,0
                4.779864,52.149512,0
                4.779888,52.149466,0
                4.77995,52.149419,0
                4.779971,52.149267,0
                4.779879,52.149247,0
                4.779932,52.149117,0
                4.780018,52.149054,0
                4.780062,52.149052,0
                4.780092,52.148996,0
                4.78054,52.148998,0
                4.78054,52.149102,0
                4.78052,52.14927,0
                4.780485,52.149371,0
                4.780546,52.149466,0
                4.780555,52.149578,0
                4.780553,52.149662,0
                4.780521,52.149686,0
                4.780447,52.149721,0
                4.780328,52.14974,0
                4.780247,52.149752,0
                4.780233,52.149691,0
                4.780282,52.149663,0
              </coordinates>
            </LinearRing>
          </outerBoundaryIs>
        </Polygon>
      </Placemark>
      <Placemark>
        <name>Gem. begraafplaats, Lexmond</name>
        <styleUrl>#poly-AA0000-3000-140-nodesc</styleUrl>
        <Polygon>
          <outerBoundaryIs>
            <LinearRing>
              <tessellate>1</tessellate>
              <coordinates>
                5.03904,51.962916,0
                5.038996,51.962924,0
                5.038843,51.962559,0
                5.039074,51.962441,0
                5.03981,51.962017,0
                5.040336,51.96243,0
                5.039812,51.96279,0
                5.039687,51.962724,0
                5.039455,51.962853,0
                5.039298,51.962773,0
                5.03904,51.962916,0
              </coordinates>
            </LinearRing>
          </outerBoundaryIs>
        </Polygon>
      </Placemark>
      <Placemark>
        <name>Gem. begraafplaats, Meerkerk</name>
        <styleUrl>#poly-AA0000-3000-140-nodesc</styleUrl>
        <Polygon>
          <outerBoundaryIs>
            <LinearRing>
              <tessellate>1</tessellate>
              <coordinates>
                4.989786,51.915934,0
                4.990372,51.915256,0
                4.990513,51.915242,0
                4.991722,51.915644,0
                4.991869,51.91632,0
                4.990893,51.916004,0
                4.990664,51.916243,0
                4.989786,51.915934,0
              </coordinates>
            </LinearRing>
          </outerBoundaryIs>
        </Polygon>
      </Placemark>
      <Placemark>
        <name>Gem. kerkhof, Meerkerk</name>
        <styleUrl>#poly-AA0000-3000-140-nodesc</styleUrl>
        <Polygon>
          <outerBoundaryIs>
            <LinearRing>
              <tessellate>1</tessellate>
              <coordinates>
                4.997625,51.921699,0
                4.997092,51.921671,0
                4.997107,51.921511,0
                4.997645,51.921537,0
                4.997625,51.921699,0
              </coordinates>
            </LinearRing>
          </outerBoundaryIs>
        </Polygon>
      </Placemark>
      <Placemark>
        <name>H. Willibrordusbegraafplaats, Bodegraven</name>
        <styleUrl>#poly-AA0000-3000-140-nodesc</styleUrl>
        <Polygon>
          <outerBoundaryIs>
            <LinearRing>
              <tessellate>1</tessellate>
              <coordinates>
                4.744068,52.084182,0
                4.743884,52.083997,0
                4.744424,52.083796,0
                4.744477,52.083834,0
                4.744504,52.083824,0
                4.744719,52.084035,0
                4.744332,52.084186,0
                4.744272,52.084186,0
                4.744149,52.084224,0
                4.744098,52.084173,0
                4.744068,52.084182,0
              </coordinates>
            </LinearRing>
          </outerBoundaryIs>
        </Polygon>
      </Placemark>
      <Placemark>
        <name>NH Kerkhof, Zwammerdam (geruimd)</name>
        <styleUrl>#poly-AA0000-3000-140-nodesc</styleUrl>
        <Polygon>
          <outerBoundaryIs>
            <LinearRing>
              <tessellate>1</tessellate>
              <coordinates>
                4.727978,52.105456,0
                4.727868,52.105426,0
                4.727945,52.105396,0
                4.727947,52.105355,0
                4.727911,52.105318,0
                4.72772,52.105312,0
                4.72748,52.105314,0
                4.727429,52.1053,0
                4.727508,52.105135,0
                4.728069,52.105293,0
                4.727978,52.105456,0
              </coordinates>
            </LinearRing>
          </outerBoundaryIs>
        </Polygon>
      </Placemark>
      <Placemark>
        <name>Begraafplaats Buitendorp, Zwammerdam</name>
        <styleUrl>#poly-AA0000-3000-140-nodesc</styleUrl>
        <Polygon>
          <outerBoundaryIs>
            <LinearRing>
              <tessellate>1</tessellate>
              <coordinates>
                4.720485,52.104471,0
                4.720103,52.104365,0
                4.720399,52.103983,0
                4.720279,52.103952,0
                4.720301,52.103927,0
                4.720164,52.103882,0
                4.720187,52.103855,0
                4.719831,52.103749,0
                4.720074,52.103449,0
                4.721084,52.103743,0
                4.720485,52.104471,0
              </coordinates>
            </LinearRing>
          </outerBoundaryIs>
        </Polygon>
      </Placemark>
      <Placemark>
        <name>Nieuwe gem. begraafplaats, Boskoop</name>
        <styleUrl>#poly-AA0000-3000-140-nodesc</styleUrl>
        <Polygon>
          <outerBoundaryIs>
            <LinearRing>
              <tessellate>1</tessellate>
              <coordinates>
                4.631898,52.077958,0
                4.631849,52.077936,0
                4.631629,52.076538,0
                4.631663,52.076506,0
                4.63273,52.076467,0
                4.633367,52.076431,0
                4.634121,52.076366,0
                4.634346,52.076382,0
                4.633817,52.077913,0
                4.63372,52.07793,0
                4.633009,52.077955,0
                4.632917,52.077929,0
                4.631898,52.077958,0
              </coordinates>
            </LinearRing>
          </outerBoundaryIs>
        </Polygon>
      </Placemark>
      <Placemark>
        <name>RK begraafplaats, Boskoop</name>
        <styleUrl>#poly-AA0000-3000-140-nodesc</styleUrl>
        <Polygon>
          <outerBoundaryIs>
            <LinearRing>
              <tessellate>1</tessellate>
              <coordinates>
                4.662989,52.075419,0
                4.662972,52.075232,0
                4.663539,52.075188,0
                4.66356,52.075396,0
                4.662989,52.075419,0
              </coordinates>
            </LinearRing>
          </outerBoundaryIs>
        </Polygon>
      </Placemark>
      <Placemark>
        <name>Oude gem. begraafplaats, Boskoop</name>
        <styleUrl>#poly-AA0000-3000-140-nodesc</styleUrl>
        <Polygon>
          <outerBoundaryIs>
            <LinearRing>
              <tessellate>1</tessellate>
              <coordinates>
                4.666365,52.073836,0
                4.666359,52.073491,0
                4.666368,52.073476,0
                4.666404,52.073464,0
                4.667547,52.073439,0
                4.667577,52.073444,0
                4.667607,52.073469,0
                4.66761,52.073818,0
                4.666365,52.073836,0
              </coordinates>
            </LinearRing>
          </outerBoundaryIs>
        </Polygon>
      </Placemark>
      <Placemark>
        <name>Oude alg. begraafplaats, Numansdorp</name>
        <styleUrl>#poly-AA0000-3000-140-nodesc</styleUrl>
        <Polygon>
          <outerBoundaryIs>
            <LinearRing>
              <tessellate>1</tessellate>
              <coordinates>
                4.440334,51.727102,0
                4.440388,51.72789,0
                4.439917,51.727868,0
                4.43991,51.727674,0
                4.439858,51.727104,0
                4.440334,51.727102,0
              </coordinates>
            </LinearRing>
          </outerBoundaryIs>
        </Polygon>
      </Placemark>
      <Placemark>
        <name>Gemeentelijke begraafplaats, Stolwijk</name>
        <styleUrl>#icon-22-nodesc</styleUrl>
        <Point>
          <coordinates>
            4.773775,51.973678,0
          </coordinates>
        </Point>
      </Placemark>
      <Placemark>
        <name>Oude gem. begraafplaats, Ammerstol</name>
        <styleUrl>#icon-22-nodesc</styleUrl>
        <Point>
          <coordinates>
            4.809238,51.927095,0
          </coordinates>
        </Point>
      </Placemark>
      <Placemark>
        <name>RK begraafplaats Meije, Bodegraven</name>
        <styleUrl>#icon-22-nodesc</styleUrl>
        <Point>
          <coordinates>
            4.793712,52.121319,0
          </coordinates>
        </Point>
      </Placemark>
      <Placemark>
        <name>RK begraafplaats, Nieuwkoop</name>
        <styleUrl>#icon-22-nodesc</styleUrl>
        <Point>
          <coordinates>
            4.777119,52.14882,0
          </coordinates>
        </Point>
      </Placemark>
      <Placemark>
        <name>Gem. kerkhof, Nieuwkoop</name>
        <styleUrl>#icon-22-nodesc</styleUrl>
        <Point>
          <coordinates>
            4.77987,52.149495,0
          </coordinates>
        </Point>
      </Placemark>
      <Placemark>
        <name>Gem. begraafplaats, Lexmond</name>
        <styleUrl>#icon-22-nodesc</styleUrl>
        <Point>
          <coordinates>
            5.038991,51.962999,0
          </coordinates>
        </Point>
      </Placemark>
      <Placemark>
        <name>Gem. begraafplaats, Meerkerk</name>
        <styleUrl>#icon-22-nodesc</styleUrl>
        <Point>
          <coordinates>
            4.991815,51.916123,0
          </coordinates>
        </Point>
      </Placemark>
      <Placemark>
        <name>Gem. kerkhof, Meerkerk</name>
        <styleUrl>#icon-22-nodesc</styleUrl>
        <Point>
          <coordinates>
            4.997632,51.921686,0
          </coordinates>
        </Point>
      </Placemark>
      <Placemark>
        <name>H. Willibrordusbegraafplaats, Bodegraven</name>
        <styleUrl>#icon-22-nodesc</styleUrl>
        <Point>
          <coordinates>
            4.744084,52.084176,0
          </coordinates>
        </Point>
      </Placemark>
      <Placemark>
        <name>NH Kerkhof, Zwammerdam</name>
        <styleUrl>#icon-1899-DB4436-nodesc</styleUrl>
        <Point>
          <coordinates>
            4.727437,52.10529,0
          </coordinates>
        </Point>
      </Placemark>
      <Placemark>
        <name>Begraafplaats Buitendorp, Zwammerdam</name>
        <styleUrl>#icon-22-nodesc</styleUrl>
        <Point>
          <coordinates>
            4.720042,52.104371,0
          </coordinates>
        </Point>
      </Placemark>
      <Placemark>
        <name>Nieuwe gem. begraafplaats, Boskoop</name>
        <styleUrl>#icon-22-nodesc</styleUrl>
        <Point>
          <coordinates>
            4.634242,52.076838,0
          </coordinates>
        </Point>
      </Placemark>
      <Placemark>
        <name>RK begraafplaats, Boskoop</name>
        <styleUrl>#icon-22-nodesc</styleUrl>
        <Point>
          <coordinates>
            4.663546,52.075195,0
          </coordinates>
        </Point>
      </Placemark>
      <Placemark>
        <name>Oude gem. begraafplaats, Boskoop</name>
        <styleUrl>#icon-22-nodesc</styleUrl>
        <Point>
          <coordinates>
            4.666968,52.073831,0
          </coordinates>
        </Point>
      </Placemark>
      <Placemark>
        <name>Nieuwe gem. begraafplaats, Numansdorp</name>
        <styleUrl>#poly-AA0000-3000-140-nodesc</styleUrl>
        <Polygon>
          <outerBoundaryIs>
            <LinearRing>
              <tessellate>1</tessellate>
              <coordinates>
                4.429869,51.733699,0
                4.429712,51.732348,0
                4.430915,51.732296,0
                4.430959,51.732726,0
                4.431016,51.732783,0
                4.431073,51.732809,0
                4.431125,51.732817,0
                4.432577,51.732753,0
                4.432685,51.733591,0
                4.429869,51.733699,0
              </coordinates>
            </LinearRing>
          </outerBoundaryIs>
        </Polygon>
      </Placemark>
      <Placemark>
        <name>Gem. begraafplaats, Nieuwe-Tonge</name>
        <styleUrl>#poly-AA0000-3000-140-nodesc</styleUrl>
        <Polygon>
          <outerBoundaryIs>
            <LinearRing>
              <tessellate>1</tessellate>
              <coordinates>
                4.165646,51.712865,0
                4.16479,51.711717,0
                4.166063,51.711352,0
                4.165687,51.710658,0
                4.166685,51.710407,0
                4.167252,51.711623,0
                4.166187,51.711884,0
                4.16621,51.71204,0
                4.165957,51.712114,0
                4.166319,51.712686,0
                4.165646,51.712865,0
              </coordinates>
            </LinearRing>
          </outerBoundaryIs>
        </Polygon>
      </Placemark>
      <Placemark>
        <name>Gem. begraafplaats, Herkingen</name>
        <styleUrl>#poly-AA0000-3000-140-nodesc</styleUrl>
        <Polygon>
          <outerBoundaryIs>
            <LinearRing>
              <tessellate>1</tessellate>
              <coordinates>
                4.092066,51.711936,0
                4.091806,51.711707,0
                4.093599,51.711324,0
                4.094321,51.711957,0
                4.094612,51.712338,0
                4.094169,51.712405,0
                4.093526,51.711648,0
                4.092066,51.711936,0
              </coordinates>
            </LinearRing>
          </outerBoundaryIs>
        </Polygon>
      </Placemark>
      <Placemark>
        <name>Oude Gem. begraafplaats, Dirksland</name>
        <styleUrl>#poly-AA0000-3000-140-nodesc</styleUrl>
        <Polygon>
          <outerBoundaryIs>
            <LinearRing>
              <tessellate>1</tessellate>
              <coordinates>
                4.101121,51.745988,0
                4.101629,51.745987,0
                4.101861,51.746041,0
                4.102023,51.746142,0
                4.102421,51.746916,0
                4.101054,51.746901,0
                4.100497,51.746693,0
                4.100629,51.746035,0
                4.101121,51.745988,0
              </coordinates>
            </LinearRing>
          </outerBoundaryIs>
        </Polygon>
      </Placemark>
      <Placemark>
        <name>Nieuwe Gem. begraafplaats, Dirksland</name>
        <styleUrl>#poly-AA0000-3000-140-nodesc</styleUrl>
        <Polygon>
          <outerBoundaryIs>
            <LinearRing>
              <tessellate>1</tessellate>
              <coordinates>
                4.092621,51.753689,0
                4.092963,51.752469,0
                4.095299,51.752733,0
                4.094946,51.753945,0
                4.092621,51.753689,0
              </coordinates>
            </LinearRing>
          </outerBoundaryIs>
        </Polygon>
      </Placemark>
      <Placemark>
        <name>Joodse begraafplaats, Dirksland</name>
        <styleUrl>#poly-AA0000-3000-140-nodesc</styleUrl>
        <Polygon>
          <outerBoundaryIs>
            <LinearRing>
              <tessellate>1</tessellate>
              <coordinates>
                4.104615,51.751091,0
                4.104595,51.750928,0
                4.105032,51.750931,0
                4.10504,51.751095,0
                4.104615,51.751091,0
              </coordinates>
            </LinearRing>
          </outerBoundaryIs>
        </Polygon>
      </Placemark>
      <Placemark>
        <name>Begraafplaats Molenweg, Sommelsdijk</name>
        <styleUrl>#poly-AA0000-3000-140-nodesc</styleUrl>
        <Polygon>
          <outerBoundaryIs>
            <LinearRing>
              <tessellate>1</tessellate>
              <coordinates>
                4.142476,51.759802,0
                4.141396,51.757974,0
                4.143794,51.757365,0
                4.14402,51.757983,0
                4.144489,51.759377,0
                4.142476,51.759802,0
              </coordinates>
            </LinearRing>
          </outerBoundaryIs>
        </Polygon>
      </Placemark>
      <Placemark>
        <name>RK begraafplaats, Middelharnis</name>
        <styleUrl>#poly-AA0000-3000-140-nodesc</styleUrl>
        <Polygon>
          <outerBoundaryIs>
            <LinearRing>
              <tessellate>1</tessellate>
              <coordinates>
                4.156896,51.758431,0
                4.157067,51.758137,0
                4.157542,51.758243,0
                4.15737,51.758547,0
                4.157197,51.758511,0
                4.157199,51.758505,0
                4.156896,51.758431,0
              </coordinates>
            </LinearRing>
          </outerBoundaryIs>
        </Polygon>
      </Placemark>
      <Placemark>
        <name>Oude gem. begraafplaats, Middelharnis</name>
        <styleUrl>#poly-AA0000-3000-140-nodesc</styleUrl>
        <Polygon>
          <outerBoundaryIs>
            <LinearRing>
              <tessellate>1</tessellate>
              <coordinates>
                4.159963,51.758169,0
                4.160407,51.757402,0
                4.161219,51.757491,0
                4.161118,51.757831,0
                4.161838,51.757911,0
                4.161689,51.758123,0
                4.161601,51.758333,0
                4.161571,51.758333,0
                4.161541,51.758334,0
                4.159963,51.758169,0
              </coordinates>
            </LinearRing>
          </outerBoundaryIs>
        </Polygon>
      </Placemark>
      <Placemark>
        <name>Joodse begraafplaats, Middelharnis</name>
        <styleUrl>#poly-AA0000-3000-140-nodesc</styleUrl>
        <Polygon>
          <outerBoundaryIs>
            <LinearRing>
              <tessellate>1</tessellate>
              <coordinates>
                4.162,51.758344,0
                4.161606,51.758334,0
                4.161691,51.758125,0
                4.162004,51.758122,0
                4.162,51.758344,0
              </coordinates>
            </LinearRing>
          </outerBoundaryIs>
        </Polygon>
      </Placemark>
      <Placemark>
        <name>NH Kerkhof, Middelharnis</name>
        <styleUrl>#poly-AA0000-3000-140-nodesc</styleUrl>
        <Polygon>
          <outerBoundaryIs>
            <LinearRing>
              <tessellate>1</tessellate>
              <coordinates>
                4.164434,51.757722,0
                4.164521,51.757556,0
                4.164694,51.757447,0
                4.164929,51.75735,0
                4.164941,51.757347,0
                4.165318,51.757304,0
                4.165624,51.757321,0
                4.165816,51.757423,0
                4.166005,51.757622,0
                4.166111,51.757811,0
                4.166067,51.757935,0
                4.165985,51.758048,0
                4.165765,51.758135,0
                4.165601,51.758143,0
                4.165518,51.758022,0
                4.165182,51.758029,0
                4.165095,51.75791,0
                4.164824,51.757933,0
                4.164702,51.757768,0
                4.164434,51.757722,0
              </coordinates>
            </LinearRing>
          </outerBoundaryIs>
        </Polygon>
      </Placemark>
      <Placemark>
        <name>Gem. Begraafplaats Vrederust, Middelharnis</name>
        <styleUrl>#poly-AA0000-3000-140-nodesc</styleUrl>
        <Polygon>
          <outerBoundaryIs>
            <LinearRing>
              <tessellate>1</tessellate>
              <coordinates>
                4.167522,51.752206,0
                4.167988,51.75144,0
                4.168735,51.751678,0
                4.169072,51.751316,0
                4.171014,51.751942,0
                4.170863,51.752156,0
                4.170848,51.752356,0
                4.170913,51.75253,0
                4.171049,51.752674,0
                4.171049,51.752868,0
                4.171177,51.752977,0
                4.171024,51.753081,0
                4.169024,51.752598,0
                4.168952,51.752722,0
                4.168341,51.752574,0
                4.168429,51.752445,0
                4.167522,51.752206,0
              </coordinates>
            </LinearRing>
          </outerBoundaryIs>
        </Polygon>
      </Placemark>
      <Placemark>
        <name><![CDATA[Gem. Begraafplaats, Stad aan 't Haringvliet]]></name>
        <styleUrl>#poly-AA0000-3000-140-nodesc</styleUrl>
        <Polygon>
          <outerBoundaryIs>
            <LinearRing>
              <tessellate>1</tessellate>
              <coordinates>
                4.239184,51.738482,0
                4.239534,51.738028,0
                4.240169,51.7376,0
                4.240763,51.737935,0
                4.240268,51.738294,0
                4.241405,51.738667,0
                4.241078,51.739035,0
                4.239184,51.738482,0
              </coordinates>
            </LinearRing>
          </outerBoundaryIs>
        </Polygon>
      </Placemark>
      <Placemark>
        <name>Vm. RK begraafplaats, Delft</name>
        <styleUrl>#poly-AA0000-3000-140-nodesc</styleUrl>
        <Polygon>
          <outerBoundaryIs>
            <LinearRing>
              <tessellate>1</tessellate>
              <coordinates>
                4.364952,52.006184,0
                4.365099,52.006173,0
                4.366239,52.006585,0
                4.3658,52.007065,0
                4.365208,52.006858,0
                4.365304,52.006775,0
                4.365209,52.006724,0
                4.365039,52.006653,0
                4.365092,52.0066,0
                4.364698,52.006461,0
                4.364952,52.006184,0
              </coordinates>
            </LinearRing>
          </outerBoundaryIs>
        </Polygon>
      </Placemark>
      <Placemark>
        <name>H. Bavokerkhof, Oud Ade</name>
        <styleUrl>#poly-AA0000-3000-140-nodesc</styleUrl>
        <Polygon>
          <outerBoundaryIs>
            <LinearRing>
              <tessellate>1</tessellate>
              <coordinates>
                4.566142,52.192093,0
                4.566208,52.191892,0
                4.566288,52.191903,0
                4.566297,52.191863,0
                4.566333,52.191867,0
                4.566347,52.191819,0
                4.566612,52.191851,0
                4.5665,52.192142,0
                4.566142,52.192093,0
              </coordinates>
            </LinearRing>
          </outerBoundaryIs>
        </Polygon>
      </Placemark>
      <Placemark>
        <name>Gem. begraafplaats Westduin, Dan Haag</name>
        <styleUrl>#poly-AA0000-3000-140-nodesc</styleUrl>
        <Polygon>
          <outerBoundaryIs>
            <LinearRing>
              <tessellate>1</tessellate>
              <coordinates>
                4.223018,52.058436,0
                4.219062,52.056714,0
                4.219573,52.056132,0
                4.217398,52.055243,0
                4.217712,52.054542,0
                4.22365,52.055214,0
                4.226008,52.055589,0
                4.226296,52.055723,0
                4.22518,52.056701,0
                4.224914,52.056605,0
                4.223018,52.058436,0
              </coordinates>
            </LinearRing>
          </outerBoundaryIs>
        </Polygon>
      </Placemark>
      <Placemark>
        <name>Oude alg. begraafplaats, Numansdorp</name>
        <styleUrl>#icon-1899-DB4436-nodesc</styleUrl>
        <Point>
          <coordinates>
            4.439931,51.727506,0
          </coordinates>
        </Point>
      </Placemark>
      <Placemark>
        <name>Nieuwe gem. begraafplaats, Numansdorp</name>
        <styleUrl>#icon-1899-DB4436-nodesc</styleUrl>
        <Point>
          <coordinates>
            4.431706,51.733598,0
          </coordinates>
        </Point>
      </Placemark>
      <Placemark>
        <name>Gem. begraafplaats, Nieuwe-Tonge</name>
        <styleUrl>#icon-22-nodesc</styleUrl>
        <Point>
          <coordinates>
            4.166273,51.7127,0
          </coordinates>
        </Point>
      </Placemark>
      <Placemark>
        <name>Gem. begraafplaats, Herkingen</name>
        <styleUrl>#icon-22-nodesc</styleUrl>
        <Point>
          <coordinates>
            4.091842,51.711726,0
          </coordinates>
        </Point>
      </Placemark>
      <Placemark>
        <name>Oude Gem. begraafplaats, Dirksland</name>
        <styleUrl>#icon-22-nodesc</styleUrl>
        <Point>
          <coordinates>
            4.102323,51.746909,0
          </coordinates>
        </Point>
      </Placemark>
      <Placemark>
        <name>Nieuwe Gem. begraafplaats, Dirksland</name>
        <styleUrl>#icon-22-nodesc</styleUrl>
        <Point>
          <coordinates>
            4.095207,51.753093,0
          </coordinates>
        </Point>
      </Placemark>
      <Placemark>
        <name>Joodse begraafplaats, Dirksland</name>
        <styleUrl>#icon-22-nodesc</styleUrl>
        <Point>
          <coordinates>
            4.104601,51.750952,0
          </coordinates>
        </Point>
      </Placemark>
      <Placemark>
        <name>Begraafplaats Molenweg, Sommelsdijk</name>
        <styleUrl>#icon-22-nodesc</styleUrl>
        <Point>
          <coordinates>
            4.144251,51.758712,0
          </coordinates>
        </Point>
      </Placemark>
      <Placemark>
        <name>RK begraafplaats, Middelharnis</name>
        <styleUrl>#icon-22-nodesc</styleUrl>
        <Point>
          <coordinates>
            4.156943,51.758402,0
          </coordinates>
        </Point>
      </Placemark>
      <Placemark>
        <name>Oude gem. begraafplaats, Middelharnis</name>
        <styleUrl>#icon-22-nodesc</styleUrl>
        <Point>
          <coordinates>
            4.161408,51.758355,0
          </coordinates>
        </Point>
      </Placemark>
      <Placemark>
        <name>Joodse begraafplaats, Middelharnis</name>
        <styleUrl>#icon-22-nodesc</styleUrl>
        <Point>
          <coordinates>
            4.161635,51.758314,0
          </coordinates>
        </Point>
      </Placemark>
      <Placemark>
        <name>NH Kerkhof, Middelharnis</name>
        <styleUrl>#icon-1899-DB4436-nodesc</styleUrl>
        <Point>
          <coordinates>
            4.164466,51.757688,0
          </coordinates>
        </Point>
      </Placemark>
      <Placemark>
        <name>Gem. Begraafplaats Vrederust, Middelharnis</name>
        <styleUrl>#icon-22-nodesc</styleUrl>
        <Point>
          <coordinates>
            4.168679,51.752654,0
          </coordinates>
        </Point>
      </Placemark>
      <Placemark>
        <name><![CDATA[Gem. Begraafplaats, Stad aan 't Haringvliet]]></name>
        <styleUrl>#icon-22-nodesc</styleUrl>
        <Point>
          <coordinates>
            4.241243,51.738866,0
          </coordinates>
        </Point>
      </Placemark>
      <Placemark>
        <name>Vm. RK begraafplaats, Delft</name>
        <styleUrl>#icon-1899-DB4436-nodesc</styleUrl>
        <Point>
          <coordinates>
            4.364574,52.006577,0
          </coordinates>
        </Point>
      </Placemark>
      <Placemark>
        <name>H. Bavokerkhof, Oud Ade</name>
        <styleUrl>#icon-22-nodesc</styleUrl>
        <Point>
          <coordinates>
            4.56645,52.191845,0
          </coordinates>
        </Point>
      </Placemark>
      <Placemark>
        <name>NH kerkhof Loosduinen, Den Haag</name>
        <styleUrl>#poly-AA0000-3000-140-nodesc</styleUrl>
        <Polygon>
          <outerBoundaryIs>
            <LinearRing>
              <tessellate>1</tessellate>
              <coordinates>
                4.233952,52.050709,0
                4.234169,52.050323,0
                4.235127,52.050533,0
                4.235102,52.05061,0
                4.234775,52.050605,0
                4.234757,52.050581,0
                4.234628,52.050583,0
                4.234621,52.050714,0
                4.23456,52.050835,0
                4.233952,52.050709,0
              </coordinates>
            </LinearRing>
          </outerBoundaryIs>
        </Polygon>
      </Placemark>
      <Placemark>
        <name>St. Jozefbegraafplaats, Den Haag</name>
        <styleUrl>#poly-AA0000-3000-140-nodesc</styleUrl>
        <Polygon>
          <outerBoundaryIs>
            <LinearRing>
              <tessellate>1</tessellate>
              <coordinates>
                4.242032,52.051915,0
                4.242303,52.05149,0
                4.243251,52.051711,0
                4.243094,52.051941,0
                4.242963,52.052139,0
                4.242032,52.051915,0
              </coordinates>
            </LinearRing>
          </outerBoundaryIs>
        </Polygon>
      </Placemark>
      <Placemark>
        <name>Bonifatiusbegraafplaats, Rijswijk</name>
        <styleUrl>#poly-AA0000-3000-140-nodesc</styleUrl>
        <Polygon>
          <outerBoundaryIs>
            <LinearRing>
              <tessellate>1</tessellate>
              <coordinates>
                4.329121,52.051555,0
                4.32967,52.051001,0
                4.331184,52.051561,0
                4.330897,52.051834,0
                4.330208,52.051574,0
                4.329906,52.05187,0
                4.329121,52.051555,0
              </coordinates>
            </LinearRing>
          </outerBoundaryIs>
        </Polygon>
      </Placemark>
      <Placemark>
        <name>Gem. kerkhof, Rijswijk</name>
        <styleUrl>#poly-AA0000-3000-140-nodesc</styleUrl>
        <Polygon>
          <outerBoundaryIs>
            <LinearRing>
              <tessellate>1</tessellate>
              <coordinates>
                4.33427,52.055817,0
                4.334253,52.05589,0
                4.334347,52.055909,0
                4.334394,52.055838,0
                4.334557,52.055852,0
                4.334587,52.055822,0
                4.334673,52.055835,0
                4.334646,52.055876,0
                4.334541,52.055996,0
                4.334477,52.056016,0
                4.334214,52.055997,0
                4.334199,52.056059,0
                4.334095,52.05604,0
                4.334125,52.055973,0
                4.333858,52.055916,0
                4.333876,52.055877,0
                4.333807,52.055858,0
                4.333864,52.055765,0
                4.33427,52.055817,0
              </coordinates>
            </LinearRing>
          </outerBoundaryIs>
        </Polygon>
      </Placemark>
      <Placemark>
        <name>Gem. begraafplaats, Woubrugge</name>
        <styleUrl>#poly-AA0000-3000-140-nodesc</styleUrl>
        <Polygon>
          <outerBoundaryIs>
            <LinearRing>
              <tessellate>1</tessellate>
              <coordinates>
                4.62506,52.165026,0
                4.625196,52.164428,0
                4.625224,52.164433,0
                4.625262,52.164248,0
                4.627181,52.164544,0
                4.626898,52.165292,0
                4.62506,52.165026,0
              </coordinates>
            </LinearRing>
          </outerBoundaryIs>
        </Polygon>
      </Placemark>
      <Placemark>
        <name>Oude alg. begraafplaats, Alphen aan den Rijn</name>
        <styleUrl>#poly-AA0000-3000-140-nodesc</styleUrl>
        <Polygon>
          <outerBoundaryIs>
            <LinearRing>
              <tessellate>1</tessellate>
              <coordinates>
                4.658527,52.142122,0
                4.65877,52.142661,0
                4.65848,52.142714,0
                4.658183,52.142188,0
                4.658527,52.142122,0
              </coordinates>
            </LinearRing>
          </outerBoundaryIs>
        </Polygon>
      </Placemark>
      <Placemark>
        <name>Grafkapel fam. De Smeth, Alphen aan den Rijn</name>
        <styleUrl>#poly-AA0000-3000-140-nodesc</styleUrl>
        <Polygon>
          <outerBoundaryIs>
            <LinearRing>
              <tessellate>1</tessellate>
              <coordinates>
                4.660604,52.128759,0
                4.660613,52.128737,0
                4.660615,52.128732,0
                4.660615,52.128726,0
                4.660653,52.128713,0
                4.660704,52.128717,0
                4.660739,52.128738,0
                4.660732,52.128768,0
                4.660697,52.12879,0
                4.660635,52.128789,0
                4.660604,52.128759,0
              </coordinates>
            </LinearRing>
          </outerBoundaryIs>
        </Polygon>
      </Placemark>
      <Placemark>
        <name>H. Bonifaciuskerkhof, Alphen aan den Rijn</name>
        <styleUrl>#poly-AA0000-3000-140-nodesc</styleUrl>
        <Polygon>
          <outerBoundaryIs>
            <LinearRing>
              <tessellate>1</tessellate>
              <coordinates>
                4.659032,52.128046,0
                4.659119,52.127441,0
                4.659496,52.127456,0
                4.659481,52.127602,0
                4.659535,52.127634,0
                4.659546,52.127635,0
                4.659539,52.127667,0
                4.66019,52.127693,0
                4.660157,52.127774,0
                4.659826,52.127755,0
                4.659803,52.127835,0
                4.659582,52.127819,0
                4.659496,52.127925,0
                4.659498,52.128076,0
                4.659032,52.128046,0
              </coordinates>
            </LinearRing>
          </outerBoundaryIs>
        </Polygon>
      </Placemark>
      <Placemark>
        <name>Joodse begraafplaats, Alphen aan den Rijn (geruimd)</name>
        <styleUrl>#poly-AA0000-3000-140-nodesc</styleUrl>
        <Polygon>
          <outerBoundaryIs>
            <LinearRing>
              <tessellate>1</tessellate>
              <coordinates>
                4.66725,52.130709,0
                4.667402,52.130318,0
                4.668072,52.130387,0
                4.66809,52.130664,0
                4.667726,52.130629,0
                4.667649,52.130767,0
                4.66725,52.130709,0
              </coordinates>
            </LinearRing>
          </outerBoundaryIs>
        </Polygon>
      </Placemark>
      <Placemark>
        <name>Gem. Oosterbegraafplaats, Alphen aan den Rijn</name>
        <styleUrl>#poly-AA0000-3000-140-nodesc</styleUrl>
        <Polygon>
          <outerBoundaryIs>
            <LinearRing>
              <tessellate>1</tessellate>
              <coordinates>
                4.676806,52.131466,0
                4.67679,52.13141,0
                4.67673,52.13084,0
                4.676903,52.130168,0
                4.677011,52.130166,0
                4.677402,52.130193,0
                4.677616,52.130207,0
                4.677852,52.13021,0
                4.678599,52.130206,0
                4.678871,52.130184,0
                4.679142,52.130155,0
                4.679441,52.130129,0
                4.679735,52.130101,0
                4.680295,52.130005,0
                4.680906,52.129868,0
                4.681304,52.129757,0
                4.681671,52.129616,0
                4.681701,52.129631,0
                4.681771,52.129714,0
                4.681811,52.129752,0
                4.68185,52.129785,0
                4.681937,52.129841,0
                4.682006,52.129879,0
                4.682066,52.129908,0
                4.682153,52.129947,0
                4.682183,52.129984,0
                4.682166,52.130044,0
                4.682095,52.130123,0
                4.682035,52.130218,0
                4.681967,52.130352,0
                4.68192,52.130481,0
                4.681873,52.130647,0
                4.681737,52.131121,0
                4.681642,52.13141,0
                4.681609,52.131463,0
                4.681524,52.131489,0
                4.681473,52.13149,0
                4.681369,52.131478,0
                4.68126,52.131446,0
                4.681005,52.131343,0
                4.680959,52.131337,0
                4.680947,52.131355,0
                4.681106,52.131433,0
                4.681118,52.131455,0
                4.680978,52.131884,0
                4.680801,52.132489,0
                4.680611,52.132471,0
                4.68003,52.13234,0
                4.679884,52.132291,0
                4.679386,52.132134,0
                4.679241,52.132091,0
                4.679202,52.132088,0
                4.679173,52.132107,0
                4.679151,52.132131,0
                4.678964,52.132077,0
                4.678694,52.131845,0
                4.678272,52.131468,0
                4.678007,52.131233,0
                4.677896,52.131466,0
                4.677854,52.131529,0
                4.677805,52.131556,0
                4.677725,52.131589,0
                4.677675,52.131599,0
                4.677598,52.131608,0
                4.677469,52.131592,0
                4.676806,52.131466,0
              </coordinates>
            </LinearRing>
          </outerBoundaryIs>
        </Polygon>
      </Placemark>
      <Placemark>
        <name>Gem. kerkhof, Zevenhoven</name>
        <styleUrl>#poly-AA0000-3000-140-nodesc</styleUrl>
        <Polygon>
          <outerBoundaryIs>
            <LinearRing>
              <tessellate>1</tessellate>
              <coordinates>
                4.783208,52.180814,0
                4.78321,52.180685,0
                4.783289,52.180704,0
                4.783314,52.180676,0
                4.783342,52.180665,0
                4.783533,52.180673,0
                4.783656,52.18068,0
                4.783822,52.180705,0
                4.783894,52.180737,0
                4.783975,52.18074,0
                4.783977,52.180795,0
                4.783964,52.180839,0
                4.783949,52.180898,0
                4.783908,52.180967,0
                4.783872,52.181001,0
                4.783811,52.181051,0
                4.783703,52.18108,0
                4.783608,52.181094,0
                4.783525,52.181087,0
                4.783463,52.181074,0
                4.783473,52.181021,0
                4.783491,52.180915,0
                4.7835,52.180858,0
                4.783502,52.18084,0
                4.783358,52.180827,0
                4.783208,52.180814,0
              </coordinates>
            </LinearRing>
          </outerBoundaryIs>
        </Polygon>
      </Placemark>
      <Placemark>
        <name>RK begraafplaats, Noordeinde</name>
        <styleUrl>#poly-AA0000-3000-140-nodesc</styleUrl>
        <Polygon>
          <outerBoundaryIs>
            <LinearRing>
              <tessellate>1</tessellate>
              <coordinates>
                4.774872,52.193853,0
                4.774767,52.194108,0
                4.774445,52.194059,0
                4.774548,52.193829,0
                4.774872,52.193853,0
              </coordinates>
            </LinearRing>
          </outerBoundaryIs>
        </Polygon>
      </Placemark>
      <Placemark>
        <name>St Jan de Doperbegraafplaats, Wateringen</name>
        <styleUrl>#poly-AA0000-3000-140-nodesc</styleUrl>
        <Polygon>
          <outerBoundaryIs>
            <LinearRing>
              <tessellate>1</tessellate>
              <coordinates>
                4.279895,52.026971,0
                4.279837,52.026986,0
                4.279787,52.02698,0
                4.279722,52.026961,0
                4.279703,52.026929,0
                4.279639,52.026886,0
                4.279464,52.026844,0
                4.279138,52.026753,0
                4.279086,52.026705,0
                4.279395,52.02628,0
                4.279445,52.026275,0
                4.27955,52.026302,0
                4.279703,52.026341,0
                4.279832,52.026379,0
                4.27988,52.026346,0
                4.27995,52.026313,0
                4.280295,52.026406,0
                4.279895,52.026971,0
              </coordinates>
            </LinearRing>
          </outerBoundaryIs>
        </Polygon>
      </Placemark>
      <Placemark>
        <name>Gem. begraafplaats, Wateringen</name>
        <styleUrl>#poly-AA0000-3000-140-nodesc</styleUrl>
        <Polygon>
          <outerBoundaryIs>
            <LinearRing>
              <tessellate>1</tessellate>
              <coordinates>
                4.269873,52.02604,0
                4.270042,52.026323,0
                4.269818,52.026367,0
                4.269669,52.026362,0
                4.26957,52.026336,0
                4.269526,52.026276,0
                4.269463,52.026247,0
                4.269063,52.026144,0
                4.26903,52.026089,0
                4.269318,52.025636,0
                4.270034,52.025764,0
                4.27006,52.025782,0
                4.269873,52.02604,0
              </coordinates>
            </LinearRing>
          </outerBoundaryIs>
        </Polygon>
      </Placemark>
      <Placemark>
        <name>H. Andreasbegraafplaats, Kwintsheul</name>
        <styleUrl>#poly-AA0000-3000-140-nodesc</styleUrl>
        <Polygon>
          <outerBoundaryIs>
            <LinearRing>
              <tessellate>1</tessellate>
              <coordinates>
                4.255619,52.014849,0
                4.256201,52.014534,0
                4.256553,52.014795,0
                4.256147,52.015025,0
                4.255897,52.014849,0
                4.255731,52.014927,0
                4.255619,52.014849,0
              </coordinates>
            </LinearRing>
          </outerBoundaryIs>
        </Polygon>
      </Placemark>
      <Placemark>
        <name>RK begraafplaats, Poeldijk</name>
        <styleUrl>#poly-AA0000-3000-140-nodesc</styleUrl>
        <Polygon>
          <outerBoundaryIs>
            <LinearRing>
              <tessellate>1</tessellate>
              <coordinates>
                4.22067,52.021165,0
                4.220643,52.02115,0
                4.220629,52.021129,0
                4.220623,52.021102,0
                4.220634,52.021077,0
                4.220672,52.021051,0
                4.220705,52.021042,0
                4.220764,52.021036,0
                4.22126,52.021006,0
                4.22211,52.020989,0
                4.222112,52.021174,0
                4.222159,52.021221,0
                4.222177,52.021316,0
                4.221364,52.021368,0
                4.221364,52.02138,0
                4.221128,52.021396,0
                4.221148,52.021278,0
                4.221136,52.021198,0
                4.220812,52.021181,0
                4.220724,52.021175,0
                4.22067,52.021165,0
              </coordinates>
            </LinearRing>
          </outerBoundaryIs>
        </Polygon>
      </Placemark>
      <Placemark>
        <name><![CDATA[Grafkelder Vredenburch, 's-Gravenzande]]></name>
        <styleUrl>#poly-AA0000-3000-140-nodesc</styleUrl>
        <Polygon>
          <outerBoundaryIs>
            <LinearRing>
              <tessellate>1</tessellate>
              <coordinates>
                4.160984,52.004327,0
                4.161005,52.004292,0
                4.16104,52.004285,0
                4.161087,52.004294,0
                4.161122,52.004314,0
                4.161101,52.004357,0
                4.161072,52.004371,0
                4.161004,52.004365,0
                4.160984,52.004327,0
              </coordinates>
            </LinearRing>
          </outerBoundaryIs>
        </Polygon>
      </Placemark>
      <Placemark>
        <name>Gem. begraafplaats, Maasdijk</name>
        <styleUrl>#poly-AA0000-3000-140-nodesc</styleUrl>
        <Polygon>
          <outerBoundaryIs>
            <LinearRing>
              <tessellate>1</tessellate>
              <coordinates>
                4.2132,51.959193,0
                4.211975,51.958639,0
                4.212767,51.957995,0
                4.213949,51.958515,0
                4.2132,51.959193,0
              </coordinates>
            </LinearRing>
          </outerBoundaryIs>
        </Polygon>
      </Placemark>
      <Placemark>
        <name>Gem. begraafplaats Westduin, Dan Haag</name>
        <styleUrl>#icon-1899-DB4436-nodesc</styleUrl>
        <Point>
          <coordinates>
            4.224448,52.057053,0
          </coordinates>
        </Point>
      </Placemark>
      <Placemark>
        <name>NH kerkhof Loosduinen, Den Haag</name>
        <styleUrl>#icon-1899-DB4436-nodesc</styleUrl>
        <Point>
          <coordinates>
            4.234603,52.050766,0
          </coordinates>
        </Point>
      </Placemark>
      <Placemark>
        <name>St. Jozefbegraafplaats, Den Haag</name>
        <styleUrl>#icon-1899-DB4436-nodesc</styleUrl>
        <Point>
          <coordinates>
            4.242894,52.052113,0
          </coordinates>
        </Point>
      </Placemark>
      <Placemark>
        <name>Bonifatiusbegraafplaats, Rijswijk</name>
        <styleUrl>#icon-1899-DB4436-nodesc</styleUrl>
        <Point>
          <coordinates>
            4.330925,52.051798,0
          </coordinates>
        </Point>
      </Placemark>
      <Placemark>
        <name>Gem. kerkhof, Rijswijk</name>
        <styleUrl>#icon-1899-DB4436-nodesc</styleUrl>
        <Point>
          <coordinates>
            4.333832,52.055812,0
          </coordinates>
        </Point>
      </Placemark>
      <Placemark>
        <name>Gem. begraafplaats, Woubrugge</name>
        <styleUrl>#icon-22-nodesc</styleUrl>
        <Point>
          <coordinates>
            4.625911,52.165164,0
          </coordinates>
        </Point>
      </Placemark>
      <Placemark>
        <name>Oude alg. begraafplaats, Alphen aan den Rijn</name>
        <styleUrl>#icon-22-nodesc</styleUrl>
        <Point>
          <coordinates>
            4.658348,52.142123,0
          </coordinates>
        </Point>
      </Placemark>
      <Placemark>
        <name>Grafkapel fam. De Smeth, Alphen aan den Rijn</name>
        <styleUrl>#icon-22-nodesc</styleUrl>
        <Point>
          <coordinates>
            4.660604,52.128745,0
          </coordinates>
        </Point>
      </Placemark>
      <Placemark>
        <name>H. Bonifaciuskerkhof, Alphen aan den Rijn</name>
        <styleUrl>#icon-22-nodesc</styleUrl>
        <Point>
          <coordinates>
            4.660214,52.127731,0
          </coordinates>
        </Point>
      </Placemark>
      <Placemark>
        <name>Joodse begraafplaats, Alphen aan den Rijn (geruimd)</name>
        <styleUrl>#icon-1899-DB4436-nodesc</styleUrl>
        <Point>
          <coordinates>
            4.667613,52.130728,0
          </coordinates>
        </Point>
      </Placemark>
      <Placemark>
        <name>Gem. Oosterbegraafplaats, Alphen aan den Rijn</name>
        <styleUrl>#icon-1899-DB4436-nodesc</styleUrl>
        <Point>
          <coordinates>
            4.678179,52.131542,0
          </coordinates>
        </Point>
      </Placemark>
      <Placemark>
        <name>Gem. kerkhof, Zevenhoven</name>
        <styleUrl>#icon-1899-DB4436-nodesc</styleUrl>
        <Point>
          <coordinates>
            4.783153,52.180944,0
          </coordinates>
        </Point>
      </Placemark>
      <Placemark>
        <name>RK begraafplaats, Noordeinde</name>
        <styleUrl>#icon-1899-DB4436-nodesc</styleUrl>
        <Point>
          <coordinates>
            4.774542,52.193829,0
          </coordinates>
        </Point>
      </Placemark>
      <Placemark>
        <name>St Jan de Doperbegraafplaats, Wateringen</name>
        <styleUrl>#icon-1899-DB4436-nodesc</styleUrl>
        <Point>
          <coordinates>
            4.280069,52.026739,0
          </coordinates>
        </Point>
      </Placemark>
      <Placemark>
        <name>Gem. begraafplaats, Wateringen</name>
        <styleUrl>#icon-1899-DB4436-nodesc</styleUrl>
        <Point>
          <coordinates>
            4.270014,52.026329,0
          </coordinates>
        </Point>
      </Placemark>
      <Placemark>
        <name>H. Andreasbegraafplaats, Kwintsheul</name>
        <styleUrl>#icon-1899-DB4436-nodesc</styleUrl>
        <Point>
          <coordinates>
            4.2556,52.01486,0
          </coordinates>
        </Point>
      </Placemark>
      <Placemark>
        <name>RK begraafplaats, Poeldijk</name>
        <styleUrl>#icon-1899-DB4436-nodesc</styleUrl>
        <Point>
          <coordinates>
            4.22144,52.02137,0
          </coordinates>
        </Point>
      </Placemark>
      <Placemark>
        <name><![CDATA[Grafkelder Vredenburch, 's-Gravenzande]]></name>
        <styleUrl>#icon-1899-DB4436-nodesc</styleUrl>
        <Point>
          <coordinates>
            4.160988,52.004313,0
          </coordinates>
        </Point>
      </Placemark>
      <Placemark>
        <name>Gem. begraafplaats, De Lier</name>
        <styleUrl>#poly-AA0000-3000-140-nodesc</styleUrl>
        <Polygon>
          <outerBoundaryIs>
            <LinearRing>
              <tessellate>1</tessellate>
              <coordinates>
                4.253132,51.972736,0
                4.25437,51.971452,0
                4.253365,51.971099,0
                4.253911,51.970526,0
                4.255738,51.971199,0
                4.253929,51.973039,0
                4.253132,51.972736,0
              </coordinates>
            </LinearRing>
          </outerBoundaryIs>
        </Polygon>
      </Placemark>
      <Placemark>
        <name><![CDATA[NH Kerkhof, 't Woudt]]></name>
        <styleUrl>#poly-AA0000-3000-140-nodesc</styleUrl>
        <Polygon>
          <outerBoundaryIs>
            <LinearRing>
              <tessellate>1</tessellate>
              <coordinates>
                4.294216,51.996458,0
                4.294275,51.996347,0
                4.294348,51.996364,0
                4.294404,51.996252,0
                4.294646,51.996309,0
                4.294525,51.996529,0
                4.294216,51.996458,0
              </coordinates>
            </LinearRing>
          </outerBoundaryIs>
        </Polygon>
      </Placemark>
      <Placemark>
        <name>RK begraafplaats, Den Hoorn</name>
        <styleUrl>#poly-AA0000-3000-140-nodesc</styleUrl>
        <Polygon>
          <outerBoundaryIs>
            <LinearRing>
              <tessellate>1</tessellate>
              <coordinates>
                4.331325,51.998596,0
                4.331492,51.998304,0
                4.332167,51.998421,0
                4.331992,51.998736,0
                4.331325,51.998596,0
              </coordinates>
            </LinearRing>
          </outerBoundaryIs>
        </Polygon>
      </Placemark>
      <Placemark>
        <name>Gem. begraafplaats Sint Janshof, Nootdorp</name>
        <styleUrl>#poly-AA0000-3000-140-nodesc</styleUrl>
        <Polygon>
          <outerBoundaryIs>
            <LinearRing>
              <tessellate>1</tessellate>
              <coordinates>
                4.412049,52.035012,0
                4.413393,52.034607,0
                4.413596,52.034673,0
                4.415449,52.035436,0
                4.41499,52.035887,0
                4.414232,52.03616,0
                4.414049,52.036081,0
                4.414005,52.036089,0
                4.413963,52.036105,0
                4.413812,52.03626,0
                4.413797,52.036274,0
                4.413741,52.03628,0
                4.411587,52.035428,0
                4.412049,52.035012,0
              </coordinates>
            </LinearRing>
          </outerBoundaryIs>
        </Polygon>
      </Placemark>
      <Placemark>
        <name>NH Kerkhof, Nootdorp</name>
        <styleUrl>#poly-AA0000-3000-140-nodesc</styleUrl>
        <Polygon>
          <outerBoundaryIs>
            <LinearRing>
              <tessellate>1</tessellate>
              <coordinates>
                4.394964,52.042945,0
                4.394973,52.042872,0
                4.39489,52.042858,0
                4.394774,52.042843,0
                4.394729,52.04284,0
                4.394655,52.042838,0
                4.39459,52.042832,0
                4.394492,52.042822,0
                4.394574,52.042756,0
                4.394598,52.04274,0
                4.394632,52.042724,0
                4.394707,52.042708,0
                4.394785,52.042699,0
                4.394851,52.042701,0
                4.394937,52.042709,0
                4.395031,52.042732,0
                4.39511,52.042763,0
                4.395204,52.042819,0
                4.395095,52.04294,0
                4.394964,52.042945,0
              </coordinates>
            </LinearRing>
          </outerBoundaryIs>
        </Polygon>
      </Placemark>
      <Placemark>
        <name>RK begraafplaats, Nootdorp</name>
        <styleUrl>#poly-AA0000-3000-140-nodesc</styleUrl>
        <Polygon>
          <outerBoundaryIs>
            <LinearRing>
              <tessellate>1</tessellate>
              <coordinates>
                4.394538,52.04915,0
                4.39432,52.049304,0
                4.394268,52.049285,0
                4.394097,52.049324,0
                4.393992,52.049227,0
                4.394032,52.049165,0
                4.39384,52.04904,0
                4.39404,52.048893,0
                4.394538,52.04915,0
              </coordinates>
            </LinearRing>
          </outerBoundaryIs>
        </Polygon>
      </Placemark>
      <Placemark>
        <name>NH Kerkhof Hilligersberg, Rotterdam</name>
        <styleUrl>#poly-AA0000-3000-140-nodesc</styleUrl>
        <Polygon>
          <outerBoundaryIs>
            <LinearRing>
              <tessellate>1</tessellate>
              <coordinates>
                4.492874,51.955455,0
                4.493648,51.95581,0
                4.493822,51.955933,0
                4.493859,51.956006,0
                4.493917,51.956151,0
                4.493628,51.956373,0
                4.493627,51.956459,0
                4.493584,51.956583,0
                4.493457,51.956646,0
                4.4933,51.95668,0
                4.493125,51.956695,0
                4.492924,51.956656,0
                4.492837,51.956581,0
                4.492764,51.956436,0
                4.49278,51.956306,0
                4.492726,51.956223,0
                4.492647,51.95615,0
                4.492623,51.956012,0
                4.492664,51.955786,0
                4.492724,51.955718,0
                4.492664,51.955592,0
                4.492874,51.955455,0
              </coordinates>
            </LinearRing>
          </outerBoundaryIs>
        </Polygon>
      </Placemark>
      <Placemark>
        <name>Begraafplaats Schiebroek, Rotterdam</name>
        <styleUrl>#poly-AA0000-3000-140-nodesc</styleUrl>
        <Polygon>
          <outerBoundaryIs>
            <LinearRing>
              <tessellate>1</tessellate>
              <coordinates>
                4.478028,51.956314,0
                4.477619,51.956464,0
                4.477526,51.956323,0
                4.477963,51.956185,0
                4.478028,51.956314,0
              </coordinates>
            </LinearRing>
          </outerBoundaryIs>
        </Polygon>
      </Placemark>
      <Placemark>
        <name>NH kerkhof Koningshof, Pijnacker</name>
        <styleUrl>#poly-AA0000-3000-140-nodesc</styleUrl>
        <Polygon>
          <outerBoundaryIs>
            <LinearRing>
              <tessellate>1</tessellate>
              <coordinates>
                4.433649,52.013188,0
                4.433679,52.013168,0
                4.433676,52.013126,0
                4.43364,52.013104,0
                4.433633,52.013058,0
                4.433521,52.013057,0
                4.433515,52.012997,0
                4.433361,52.012993,0
                4.433364,52.013059,0
                4.43291,52.013067,0
                4.433076,52.012853,0
                4.43345,52.012928,0
                4.433909,52.013055,0
                4.433982,52.012988,0
                4.434071,52.012867,0
                4.434009,52.012851,0
                4.434091,52.012696,0
                4.434117,52.012669,0
                4.434252,52.012611,0
                4.434277,52.012581,0
                4.434292,52.012558,0
                4.435158,52.012758,0
                4.434921,52.013197,0
                4.434065,52.013007,0
                4.433892,52.013132,0
                4.433855,52.013122,0
                4.433839,52.013198,0
                4.433649,52.013188,0
              </coordinates>
            </LinearRing>
          </outerBoundaryIs>
        </Polygon>
      </Placemark>
      <Placemark>
        <name>Johannes de Doperbegraafplaats, Pijnacker</name>
        <styleUrl>#poly-AA0000-3000-140-nodesc</styleUrl>
        <Polygon>
          <outerBoundaryIs>
            <LinearRing>
              <tessellate>1</tessellate>
              <coordinates>
                4.431637,52.020196,0
                4.4318,52.019988,0
                4.432825,52.020243,0
                4.432686,52.020441,0
                4.431637,52.020196,0
              </coordinates>
            </LinearRing>
          </outerBoundaryIs>
        </Polygon>
      </Placemark>
      <Placemark>
        <name>Hervormd kerkhof, Sassenheim</name>
        <styleUrl>#poly-AA0000-3000-140-nodesc</styleUrl>
        <Polygon>
          <outerBoundaryIs>
            <LinearRing>
              <tessellate>1</tessellate>
              <coordinates>
                4.523004,52.22718,0
                4.52301,52.227255,0
                4.523012,52.227301,0
                4.522849,52.227408,0
                4.52263,52.227457,0
                4.522578,52.227457,0
                4.52181,52.227878,0
                4.52126,52.227454,0
                4.521523,52.227264,0
                4.521696,52.227347,0
                4.521885,52.227193,0
                4.521976,52.227233,0
                4.521983,52.227141,0
                4.522027,52.227058,0
                4.5222,52.226956,0
                4.522321,52.226917,0
                4.522458,52.226916,0
                4.52257,52.226929,0
                4.523004,52.22718,0
              </coordinates>
            </LinearRing>
          </outerBoundaryIs>
        </Polygon>
      </Placemark>
      <Placemark>
        <name>H. Matthiasbegraafplaats, Warmond</name>
        <styleUrl>#poly-AA0000-3000-140-nodesc</styleUrl>
        <Polygon>
          <outerBoundaryIs>
            <LinearRing>
              <tessellate>1</tessellate>
              <coordinates>
                4.500506,52.198775,0
                4.500486,52.198783,0
                4.500461,52.19878,0
                4.500124,52.198451,0
                4.500132,52.198428,0
                4.500574,52.198212,0
                4.500594,52.198208,0
                4.500626,52.198212,0
                4.500959,52.198515,0
                4.500964,52.198533,0
                4.500943,52.198561,0
                4.500506,52.198775,0
              </coordinates>
            </LinearRing>
          </outerBoundaryIs>
        </Polygon>
      </Placemark>
      <Placemark>
        <name>Kerkhof Groene Kerkje, Oegstgeest</name>
        <styleUrl>#poly-AA0000-3000-140-nodesc</styleUrl>
        <Polygon>
          <outerBoundaryIs>
            <LinearRing>
              <tessellate>1</tessellate>
              <coordinates>
                4.468224,52.194559,0
                4.467428,52.194303,0
                4.467321,52.194198,0
                4.467254,52.19412,0
                4.467243,52.19406,0
                4.467247,52.193911,0
                4.467317,52.193735,0
                4.467495,52.193443,0
                4.46834,52.193611,0
                4.468544,52.193302,0
                4.469044,52.193535,0
                4.468224,52.194559,0
              </coordinates>
            </LinearRing>
          </outerBoundaryIs>
        </Polygon>
      </Placemark>
      <Placemark>
        <name>Laurentiuskerkhof, Voorschoten</name>
        <styleUrl>#poly-AA0000-3000-140-nodesc</styleUrl>
        <Polygon>
          <outerBoundaryIs>
            <LinearRing>
              <tessellate>1</tessellate>
              <coordinates>
                4.454832,52.13016,0
                4.455894,52.129514,0
                4.456149,52.129665,0
                4.455534,52.130085,0
                4.455294,52.12995,0
                4.454905,52.130213,0
                4.454832,52.13016,0
              </coordinates>
            </LinearRing>
          </outerBoundaryIs>
        </Polygon>
      </Placemark>
      <Placemark>
        <name>NH Kerkhof, Voorschoten</name>
        <styleUrl>#poly-AA0000-3000-140-nodesc</styleUrl>
        <Polygon>
          <outerBoundaryIs>
            <LinearRing>
              <tessellate>1</tessellate>
              <coordinates>
                4.446685,52.125191,0
                4.446785,52.124965,0
                4.446835,52.124932,0
                4.446898,52.124929,0
                4.44698,52.124939,0
                4.44704,52.124967,0
                4.447091,52.125098,0
                4.447131,52.125236,0
                4.447116,52.125276,0
                4.446944,52.125353,0
                4.446814,52.125404,0
                4.446642,52.125306,0
                4.446445,52.125255,0
                4.44633,52.125186,0
                4.446338,52.12514,0
                4.446685,52.125191,0
              </coordinates>
            </LinearRing>
          </outerBoundaryIs>
        </Polygon>
      </Placemark>
      <Placemark>
        <name>Kloosterbegraafplaats Bijdorp, Voorschoten</name>
        <styleUrl>#poly-AA0000-3000-140-nodesc</styleUrl>
        <Polygon>
          <outerBoundaryIs>
            <LinearRing>
              <tessellate>1</tessellate>
              <coordinates>
                4.445903,52.120295,0
                4.445733,52.120164,0
                4.446172,52.119948,0
                4.446342,52.120088,0
                4.445903,52.120295,0
              </coordinates>
            </LinearRing>
          </outerBoundaryIs>
        </Polygon>
      </Placemark>
      <Placemark>
        <name>Nieuwe begraafplaats, Oegstgeest</name>
        <styleUrl>#poly-AA0000-3000-140-nodesc</styleUrl>
        <Polygon>
          <outerBoundaryIs>
            <LinearRing>
              <tessellate>1</tessellate>
              <coordinates>
                4.467939,52.195622,0
                4.467724,52.196284,0
                4.467206,52.196012,0
                4.467088,52.196006,0
                4.466469,52.195426,0
                4.466886,52.195269,0
                4.467398,52.195439,0
                4.467939,52.195622,0
              </coordinates>
            </LinearRing>
          </outerBoundaryIs>
        </Polygon>
      </Placemark>
      <Placemark>
        <name>RK begraafplaats, Schipluiden</name>
        <styleUrl>#poly-AA0000-3000-140-nodesc</styleUrl>
        <Polygon>
          <outerBoundaryIs>
            <LinearRing>
              <tessellate>1</tessellate>
              <coordinates>
                4.318871,51.986639,0
                4.319001,51.986308,0
                4.319758,51.986432,0
                4.319643,51.986757,0
                4.318871,51.986639,0
              </coordinates>
            </LinearRing>
          </outerBoundaryIs>
        </Polygon>
      </Placemark>
      <Placemark>
        <name>Gem. begraafplaats, Schipluiden</name>
        <styleUrl>#poly-AA0000-3000-140-nodesc</styleUrl>
        <Polygon>
          <outerBoundaryIs>
            <LinearRing>
              <tessellate>1</tessellate>
              <coordinates>
                4.310078,51.976324,0
                4.310032,51.976356,0
                4.309276,51.976202,0
                4.309333,51.976061,0
                4.309468,51.976047,0
                4.309618,51.975978,0
                4.310403,51.975616,0
                4.310728,51.975699,0
                4.310967,51.975946,0
                4.310977,51.975969,0
                4.310991,51.976131,0
                4.311096,51.976328,0
                4.311127,51.976533,0
                4.310923,51.976503,0
                4.310855,51.976429,0
                4.310792,51.976397,0
                4.310351,51.976315,0
                4.310178,51.976283,0
                4.310078,51.976324,0
              </coordinates>
            </LinearRing>
          </outerBoundaryIs>
        </Polygon>
      </Placemark>
      <Placemark>
        <name>RK begraafplaats St. Barbara, Leerdam</name>
        <styleUrl>#poly-AA0000-3000-140-nodesc</styleUrl>
        <Polygon>
          <outerBoundaryIs>
            <LinearRing>
              <tessellate>1</tessellate>
              <coordinates>
                5.10853,51.893447,0
                5.10868,51.893934,0
                5.108357,51.893968,0
                5.108223,51.893503,0
                5.10853,51.893447,0
              </coordinates>
            </LinearRing>
          </outerBoundaryIs>
        </Polygon>
      </Placemark>
      <Placemark>
        <name>Oude alg. begraafplaats, Schoonrewoerd</name>
        <styleUrl>#poly-AA0000-3000-140-nodesc</styleUrl>
        <Polygon>
          <outerBoundaryIs>
            <LinearRing>
              <tessellate>1</tessellate>
              <coordinates>
                5.116243,51.921124,0
                5.116224,51.921099,0
                5.116222,51.920843,0
                5.116212,51.920789,0
                5.116758,51.920691,0
                5.116852,51.920796,0
                5.116441,51.920873,0
                5.11648,51.921105,0
                5.116359,51.921101,0
                5.116307,51.921106,0
                5.116243,51.921124,0
              </coordinates>
            </LinearRing>
          </outerBoundaryIs>
        </Polygon>
      </Placemark>
      <Placemark>
        <name>Gem. begraafplaats, Maasdijk</name>
        <styleUrl>#icon-1899-DB4436-nodesc</styleUrl>
        <Point>
          <coordinates>
            4.213445,51.958963,0
          </coordinates>
        </Point>
      </Placemark>
      <Placemark>
        <name>Gem. begraafplaats, De Lier</name>
        <styleUrl>#icon-1899-DB4436-nodesc</styleUrl>
        <Point>
          <coordinates>
            4.253845,51.972997,0
          </coordinates>
        </Point>
      </Placemark>
      <Placemark>
        <name><![CDATA[NH Kerkhof, 't Woudt]]></name>
        <styleUrl>#icon-1899-DB4436-nodesc</styleUrl>
        <Point>
          <coordinates>
            4.294235,51.996423,0
          </coordinates>
        </Point>
      </Placemark>
      <Placemark>
        <name>RK begraafplaats, Den Hoorn</name>
        <styleUrl>#icon-1899-DB4436-nodesc</styleUrl>
        <Point>
          <coordinates>
            4.332073,51.998594,0
          </coordinates>
        </Point>
      </Placemark>
      <Placemark>
        <name>Gem. begraafplaats Sint Janshof, Nootdorp</name>
        <styleUrl>#icon-1899-DB4436-nodesc</styleUrl>
        <Point>
          <coordinates>
            4.411843,52.035162,0
          </coordinates>
        </Point>
      </Placemark>
      <Placemark>
        <name>NH Kerkhof, Nootdorp</name>
        <styleUrl>#icon-1899-DB4436-nodesc</styleUrl>
        <Point>
          <coordinates>
            4.39455,52.042875,0
          </coordinates>
        </Point>
      </Placemark>
      <Placemark>
        <name>RK begraafplaats, Nootdorp</name>
        <styleUrl>#icon-1899-DB4436-nodesc</styleUrl>
        <Point>
          <coordinates>
            4.392698,52.050402,0
          </coordinates>
        </Point>
      </Placemark>
      <Placemark>
        <name>NH Kerkhof Hilligersberg, Rotterdam</name>
        <styleUrl>#icon-1899-DB4436-nodesc</styleUrl>
        <Point>
          <coordinates>
            4.493293,51.956675,0
          </coordinates>
        </Point>
      </Placemark>
      <Placemark>
        <name>Begraafplaats Schiebroek, Rotterdam</name>
        <styleUrl>#icon-1899-DB4436-nodesc</styleUrl>
        <Point>
          <coordinates>
            4.477997,51.956274,0
          </coordinates>
        </Point>
      </Placemark>
      <Placemark>
        <name>NH kerkhof Koningshof, Pijnacker</name>
        <styleUrl>#icon-1899-DB4436-nodesc</styleUrl>
        <Point>
          <coordinates>
            4.433847,52.013199,0
          </coordinates>
        </Point>
      </Placemark>
      <Placemark>
        <name>Johannes de Doperbegraafplaats, Pijnacker</name>
        <styleUrl>#icon-1899-DB4436-nodesc</styleUrl>
        <Point>
          <coordinates>
            4.433142,52.020566,0
          </coordinates>
        </Point>
      </Placemark>
      <Placemark>
        <name>Hervormd kerkhof, Sassenheim</name>
        <styleUrl>#icon-1899-DB4436-nodesc</styleUrl>
        <Point>
          <coordinates>
            4.522605,52.226948,0
          </coordinates>
        </Point>
      </Placemark>
      <Placemark>
        <name>H. Matthiasbegraafplaats, Warmond</name>
        <styleUrl>#icon-1899-DB4436-nodesc</styleUrl>
        <Point>
          <coordinates>
            4.5003,52.198615,0
          </coordinates>
        </Point>
      </Placemark>
      <Placemark>
        <name>Kerkhof Groene Kerkje, Oegstgeest</name>
        <styleUrl>#icon-1899-DB4436-nodesc</styleUrl>
        <Point>
          <coordinates>
            4.467534,52.193449,0
          </coordinates>
        </Point>
      </Placemark>
      <Placemark>
        <name>Laurentiuskerkhof, Voorschoten</name>
        <styleUrl>#icon-1899-DB4436-nodesc</styleUrl>
        <Point>
          <coordinates>
            4.454849,52.130175,0
          </coordinates>
        </Point>
      </Placemark>
      <Placemark>
        <name>NH Kerkhof, Voorschoten</name>
        <styleUrl>#icon-1899-DB4436-nodesc</styleUrl>
        <Point>
          <coordinates>
            4.446343,52.125161,0
          </coordinates>
        </Point>
      </Placemark>
      <Placemark>
        <name>Kloosterbegraafplaats Bijdorp, Voorschoten</name>
        <styleUrl>#icon-1899-DB4436-nodesc</styleUrl>
        <Point>
          <coordinates>
            4.445899,52.12008,0
          </coordinates>
        </Point>
      </Placemark>
      <Placemark>
        <name>Nieuwe begraafplaats, Oegstgeest</name>
        <styleUrl>#icon-1899-DB4436-nodesc</styleUrl>
        <Point>
          <coordinates>
            4.467332,52.195418,0
          </coordinates>
        </Point>
      </Placemark>
      <Placemark>
        <name>RK begraafplaats, Schipluiden</name>
        <styleUrl>#icon-1899-DB4436-nodesc</styleUrl>
        <Point>
          <coordinates>
            4.319642,51.986748,0
          </coordinates>
        </Point>
      </Placemark>
      <Placemark>
        <name>Gem. begraafplaats, Schipluiden</name>
        <styleUrl>#icon-1899-DB4436-nodesc</styleUrl>
        <Point>
          <coordinates>
            4.310494,51.976339,0
          </coordinates>
        </Point>
      </Placemark>
      <Placemark>
        <name>RK begraafplaats St. Barbara, Leerdam</name>
        <styleUrl>#icon-22-nodesc</styleUrl>
        <Point>
          <coordinates>
            5.108368,51.893471,0
          </coordinates>
        </Point>
      </Placemark>
      <Placemark>
        <name>Gem. begraafplaats, Schoonrewoerd</name>
        <styleUrl>#poly-AA0000-3000-140-nodesc</styleUrl>
        <Polygon>
          <outerBoundaryIs>
            <LinearRing>
              <tessellate>1</tessellate>
              <coordinates>
                5.109412,51.921539,0
                5.110365,51.922573,0
                5.109863,51.922759,0
                5.108848,51.92167,0
                5.109064,51.921583,0
                5.109123,51.921643,0
                5.109412,51.921539,0
              </coordinates>
            </LinearRing>
          </outerBoundaryIs>
        </Polygon>
      </Placemark>
      <Placemark>
        <name>NH Kerkhof, Hei en Boeicop (geruimd)</name>
        <styleUrl>#poly-AA0000-3000-140-nodesc</styleUrl>
        <Polygon>
          <outerBoundaryIs>
            <LinearRing>
              <tessellate>1</tessellate>
              <coordinates>
                5.081658,51.945011,0
                5.081577,51.944977,0
                5.081572,51.944894,0
                5.081619,51.944832,0
                5.081812,51.944773,0
                5.082008,51.944796,0
                5.082087,51.944836,0
                5.082115,51.944899,0
                5.082099,51.944972,0
                5.082023,51.945016,0
                5.081832,51.945041,0
                5.081658,51.945011,0
              </coordinates>
            </LinearRing>
          </outerBoundaryIs>
        </Polygon>
      </Placemark>
      <Placemark>
        <name>Gem. begraafplaats, Hei en Boeicop</name>
        <styleUrl>#poly-AA0000-3000-140-nodesc</styleUrl>
        <Polygon>
          <outerBoundaryIs>
            <LinearRing>
              <tessellate>1</tessellate>
              <coordinates>
                5.067434,51.947703,0
                5.068129,51.94875,0
                5.067716,51.948855,0
                5.067191,51.948117,0
                5.067001,51.947821,0
                5.067434,51.947703,0
              </coordinates>
            </LinearRing>
          </outerBoundaryIs>
        </Polygon>
      </Placemark>
      <Placemark>
        <name>Kerkhof oude kerk, Zwijndrecht</name>
        <styleUrl>#poly-AA0000-3000-140-nodesc</styleUrl>
        <Polygon>
          <outerBoundaryIs>
            <LinearRing>
              <tessellate>1</tessellate>
              <coordinates>
                4.653031,51.818378,0
                4.653229,51.818613,0
                4.65267,51.81876,0
                4.65269,51.818872,0
                4.652575,51.818916,0
                4.652479,51.818911,0
                4.652453,51.818847,0
                4.652038,51.818884,0
                4.651753,51.818973,0
                4.651623,51.818777,0
                4.653031,51.818378,0
              </coordinates>
            </LinearRing>
          </outerBoundaryIs>
        </Polygon>
      </Placemark>
      <Placemark>
        <name>Algemene begraafplaats Groote Lindt, Zwijndrecht</name>
        <styleUrl>#poly-AA0000-3000-140-nodesc</styleUrl>
        <Polygon>
          <outerBoundaryIs>
            <LinearRing>
              <tessellate>1</tessellate>
              <coordinates>
                4.624196,51.81204,0
                4.624337,51.811895,0
                4.624733,51.812141,0
                4.62455,51.812245,0
                4.624196,51.81204,0
              </coordinates>
            </LinearRing>
          </outerBoundaryIs>
        </Polygon>
      </Placemark>
      <Placemark>
        <name>Gem. begraafplaats Jeroen Boschlaan, Zwijndrecht</name>
        <styleUrl>#poly-AA0000-3000-140-nodesc</styleUrl>
        <Polygon>
          <outerBoundaryIs>
            <LinearRing>
              <tessellate>1</tessellate>
              <coordinates>
                4.632669,51.82061,0
                4.635296,51.823046,0
                4.633403,51.823782,0
                4.630684,51.82143,0
                4.632669,51.82061,0
              </coordinates>
            </LinearRing>
          </outerBoundaryIs>
        </Polygon>
      </Placemark>
      <Placemark>
        <name>Pietermankerkhof, Zwijndrecht</name>
        <styleUrl>#poly-AA0000-3000-140-nodesc</styleUrl>
        <Polygon>
          <outerBoundaryIs>
            <LinearRing>
              <tessellate>1</tessellate>
              <coordinates>
                4.621409,51.820974,0
                4.621416,51.820955,0
                4.621439,51.820921,0
                4.62147,51.820892,0
                4.621503,51.820868,0
                4.62154,51.820851,0
                4.621593,51.820831,0
                4.621638,51.82082,0
                4.621698,51.820813,0
                4.621743,51.820812,0
                4.6218,51.820817,0
                4.621848,51.820824,0
                4.621901,51.82084,0
                4.621941,51.820857,0
                4.621977,51.820877,0
                4.62201,51.820902,0
                4.622034,51.820927,0
                4.622052,51.820956,0
                4.62206,51.82098,0
                4.622067,51.821001,0
                4.622067,51.821031,0
                4.622063,51.821052,0
                4.622053,51.821081,0
                4.622034,51.82111,0
                4.62201,51.821136,0
                4.621987,51.821154,0
                4.621957,51.821173,0
                4.621917,51.821191,0
                4.62188,51.821204,0
                4.621839,51.821215,0
                4.621794,51.821223,0
                4.62175,51.821225,0
                4.621696,51.821224,0
                4.621657,51.82122,0
                4.621609,51.82121,0
                4.621576,51.8212,0
                4.621538,51.821187,0
                4.621509,51.82117,0
                4.621485,51.821157,0
                4.621463,51.821139,0
                4.621442,51.821119,0
                4.621425,51.821096,0
                4.621413,51.821075,0
                4.621404,51.821052,0
                4.6214,51.821028,0
                4.621401,51.821003,0
                4.621409,51.820974,0
              </coordinates>
            </LinearRing>
          </outerBoundaryIs>
        </Polygon>
      </Placemark>
      <Placemark>
        <name>Gem. begraafplaats Munnekesteeg, Zwijndrecht</name>
        <styleUrl>#poly-AA0000-3000-140-nodesc</styleUrl>
        <Polygon>
          <outerBoundaryIs>
            <LinearRing>
              <tessellate>1</tessellate>
              <coordinates>
                4.60522,51.823776,0
                4.608915,51.823717,0
                4.608959,51.825029,0
                4.60715,51.82545,0
                4.607074,51.825398,0
                4.606868,51.82539,0
                4.605226,51.824207,0
                4.60522,51.823776,0
              </coordinates>
            </LinearRing>
          </outerBoundaryIs>
        </Polygon>
      </Placemark>
      <Placemark>
        <name>Kerkhof Kijfhoek, Zwijndrecht</name>
        <styleUrl>#poly-AA0000-3000-140-nodesc</styleUrl>
        <Polygon>
          <outerBoundaryIs>
            <LinearRing>
              <tessellate>1</tessellate>
              <coordinates>
                4.591474,51.825495,0
                4.591624,51.825698,0
                4.591171,51.825832,0
                4.591019,51.825646,0
                4.591474,51.825495,0
              </coordinates>
            </LinearRing>
          </outerBoundaryIs>
        </Polygon>
      </Placemark>
      <Placemark>
        <name>Gem. begraafplaats, Heerjansdam</name>
        <styleUrl>#poly-AA0000-3000-140-nodesc</styleUrl>
        <Polygon>
          <outerBoundaryIs>
            <LinearRing>
              <tessellate>1</tessellate>
              <coordinates>
                4.562773,51.838235,0
                4.563261,51.837961,0
                4.564112,51.837615,0
                4.564582,51.838023,0
                4.564107,51.838249,0
                4.563406,51.838642,0
                4.562773,51.838235,0
              </coordinates>
            </LinearRing>
          </outerBoundaryIs>
        </Polygon>
      </Placemark>
      <Placemark>
        <name>Begraafplaats Sancta Maria, Noordwijk</name>
        <styleUrl>#poly-AA0000-3000-140-nodesc</styleUrl>
        <Polygon>
          <outerBoundaryIs>
            <LinearRing>
              <tessellate>1</tessellate>
              <coordinates>
                4.487255,52.276654,0
                4.487907,52.276919,0
                4.487244,52.277413,0
                4.48663,52.277181,0
                4.487255,52.276654,0
              </coordinates>
            </LinearRing>
          </outerBoundaryIs>
        </Polygon>
      </Placemark>
      <Placemark>
        <name>Algemene begraafplaats, Kaag</name>
        <styleUrl>#poly-AA0000-3000-140-nodesc</styleUrl>
        <Polygon>
          <outerBoundaryIs>
            <LinearRing>
              <tessellate>1</tessellate>
              <coordinates>
                4.558899,52.216867,0
                4.558834,52.216692,0
                4.559192,52.216645,0
                4.559305,52.216814,0
                4.558899,52.216867,0
              </coordinates>
            </LinearRing>
          </outerBoundaryIs>
        </Polygon>
      </Placemark>
      <Placemark>
        <name>Gem. begraafplaats Hofwijk, Rotterdam</name>
        <styleUrl>#poly-AA0000-3000-140-nodesc</styleUrl>
        <Polygon>
          <outerBoundaryIs>
            <LinearRing>
              <tessellate>1</tessellate>
              <coordinates>
                4.40221,51.955891,0
                4.408916,51.95864,0
                4.407392,51.960212,0
                4.406729,51.960762,0
                4.404757,51.961632,0
                4.397655,51.958736,0
                4.398878,51.957691,0
                4.398717,51.957416,0
                4.400283,51.956417,0
                4.40078,51.956627,0
                4.40221,51.955891,0
              </coordinates>
            </LinearRing>
          </outerBoundaryIs>
        </Polygon>
      </Placemark>
      <Placemark>
        <name>NH begraafplaats Overschie, Rotterdam</name>
        <styleUrl>#poly-AA0000-3000-140-nodesc</styleUrl>
        <Polygon>
          <outerBoundaryIs>
            <LinearRing>
              <tessellate>1</tessellate>
              <coordinates>
                4.421502,51.938079,0
                4.42097,51.938557,0
                4.420589,51.938411,0
                4.420592,51.938388,0
                4.421201,51.937848,0
                4.421228,51.937834,0
                4.421555,51.93796,0
                4.421557,51.938008,0
                4.421502,51.938079,0
              </coordinates>
            </LinearRing>
          </outerBoundaryIs>
        </Polygon>
      </Placemark>
      <Placemark>
        <name>Joodse begraafplaats Delfshaven, Rotterdam</name>
        <styleUrl>#poly-AA0000-3000-140-nodesc</styleUrl>
        <Polygon>
          <outerBoundaryIs>
            <LinearRing>
              <tessellate>1</tessellate>
              <coordinates>
                4.457183,51.906026,0
                4.457249,51.90593,0
                4.457483,51.905978,0
                4.457436,51.906072,0
                4.457183,51.906026,0
              </coordinates>
            </LinearRing>
          </outerBoundaryIs>
        </Polygon>
      </Placemark>
      <Placemark>
        <name>NH begraafplaats Charlois, Rotterdam</name>
        <styleUrl>#poly-AA0000-3000-140-nodesc</styleUrl>
        <Polygon>
          <outerBoundaryIs>
            <LinearRing>
              <tessellate>1</tessellate>
              <coordinates>
                4.464038,51.865163,0
                4.465936,51.862911,0
                4.467256,51.862772,0
                4.468614,51.865224,0
                4.465182,51.865237,0
                4.463999,51.865242,0
                4.464038,51.865163,0
              </coordinates>
            </LinearRing>
          </outerBoundaryIs>
        </Polygon>
      </Placemark>
      <Placemark>
        <name>Grafkelder Groeninx van Zoelen, Ridderkerk</name>
        <styleUrl>#poly-AA0000-3000-140-nodesc</styleUrl>
        <Polygon>
          <outerBoundaryIs>
            <LinearRing>
              <tessellate>1</tessellate>
              <coordinates>
                4.596078,51.880613,0
                4.596635,51.881084,0
                4.596014,51.881365,0
                4.595464,51.88087,0
                4.596078,51.880613,0
              </coordinates>
            </LinearRing>
          </outerBoundaryIs>
        </Polygon>
      </Placemark>
      <Placemark>
        <name>Begraafplaats Vredehof, Ridderkerk</name>
        <styleUrl>#poly-AA0000-3000-140-nodesc</styleUrl>
        <Polygon>
          <outerBoundaryIs>
            <LinearRing>
              <tessellate>1</tessellate>
              <coordinates>
                4.585053,51.868157,0
                4.587511,51.866716,0
                4.588057,51.867051,0
                4.588422,51.866897,0
                4.58857,51.866982,0
                4.589372,51.867516,0
                4.589593,51.867459,0
                4.590146,51.867476,0
                4.590421,51.867677,0
                4.591202,51.867973,0
                4.591206,51.868013,0
                4.591154,51.868073,0
                4.591005,51.868122,0
                4.588695,51.869575,0
                4.588552,51.869701,0
                4.58846,51.869722,0
                4.588368,51.869712,0
                4.587094,51.869335,0
                4.586741,51.869221,0
                4.586639,51.869185,0
                4.586546,51.869119,0
                4.586401,51.868677,0
                4.586242,51.86855,0
                4.586117,51.868472,0
                4.586301,51.868365,0
                4.586236,51.868322,0
                4.585723,51.868613,0
                4.585053,51.868157,0
              </coordinates>
            </LinearRing>
          </outerBoundaryIs>
        </Polygon>
      </Placemark>
      <Placemark>
        <name>Gemeentelijke Begraafplaats Achterambacht, Hendrik-Ido-Ambacht</name>
        <styleUrl>#poly-AA0000-3000-140-nodesc</styleUrl>
        <Polygon>
          <outerBoundaryIs>
            <LinearRing>
              <tessellate>1</tessellate>
              <coordinates>
                4.608611,51.846973,0
                4.610462,51.84647,0
                4.612341,51.849084,0
                4.611699,51.849218,0
                4.611154,51.849098,0
                4.610646,51.848384,0
                4.609729,51.848597,0
                4.608611,51.846973,0
              </coordinates>
            </LinearRing>
          </outerBoundaryIs>
        </Polygon>
      </Placemark>
      <Placemark>
        <name>Oude alg. begraafplaats, Schoonrewoerd</name>
        <styleUrl>#icon-22-nodesc</styleUrl>
        <Point>
          <coordinates>
            5.116429,51.920719,0
          </coordinates>
        </Point>
      </Placemark>
      <Placemark>
        <name>Gem. begraafplaats, Schoonrewoerd</name>
        <styleUrl>#icon-22-nodesc</styleUrl>
        <Point>
          <coordinates>
            5.109111,51.921601,0
          </coordinates>
        </Point>
      </Placemark>
      <Placemark>
        <name>NH Kerkhof, Hei en Boeicop (geruimd)</name>
        <styleUrl>#icon-1899-DB4436-nodesc</styleUrl>
        <Point>
          <coordinates>
            5.08181,51.944777,0
          </coordinates>
        </Point>
      </Placemark>
      <Placemark>
        <name>Gem. begraafplaats, Hei en Boeicop</name>
        <styleUrl>#icon-22-nodesc</styleUrl>
        <Point>
          <coordinates>
            5.067226,51.947704,0
          </coordinates>
        </Point>
      </Placemark>
      <Placemark>
        <name>Kerkhof oude kerk, Zwijndrecht</name>
        <styleUrl>#icon-22-nodesc</styleUrl>
        <Point>
          <coordinates>
            4.652602,51.818903,0
          </coordinates>
        </Point>
      </Placemark>
      <Placemark>
        <name>Algemene begraafplaats Groote Lindt, Zwijndrecht</name>
        <styleUrl>#icon-22-nodesc</styleUrl>
        <Point>
          <coordinates>
            4.624487,51.811986,0
          </coordinates>
        </Point>
      </Placemark>
      <Placemark>
        <name>Gem. begraafplaats Jeroen Boschlaan, Zwijndrecht</name>
        <styleUrl>#icon-22-nodesc</styleUrl>
        <Point>
          <coordinates>
            4.631686,51.820964,0
          </coordinates>
        </Point>
      </Placemark>
      <Placemark>
        <name>Pietermankerkhof, Zwijndrecht</name>
        <styleUrl>#icon-22-nodesc</styleUrl>
        <Point>
          <coordinates>
            4.62206,51.820966,0
          </coordinates>
        </Point>
      </Placemark>
      <Placemark>
        <name>Gem. begraafplaats Munnekesteeg, Zwijndrecht</name>
        <styleUrl>#icon-22-nodesc</styleUrl>
        <Point>
          <coordinates>
            4.606463,51.825026,0
          </coordinates>
        </Point>
      </Placemark>
      <Placemark>
        <name>Kerkhof Kijfhoek, Zwijndrecht</name>
        <styleUrl>#icon-22-nodesc</styleUrl>
        <Point>
          <coordinates>
            4.591544,51.825585,0
          </coordinates>
        </Point>
      </Placemark>
      <Placemark>
        <name>Gem. begraafplaats, Heerjansdam</name>
        <styleUrl>#icon-22-nodesc</styleUrl>
        <Point>
          <coordinates>
            4.564135,51.838235,0
          </coordinates>
        </Point>
      </Placemark>
      <Placemark>
        <name>Begraafplaats Sancta Maria, Noordwijk</name>
        <styleUrl>#icon-22-nodesc</styleUrl>
        <Point>
          <coordinates>
            4.48757,52.277198,0
          </coordinates>
        </Point>
      </Placemark>
      <Placemark>
        <name>Algemene begraafplaats, Kaag</name>
        <styleUrl>#icon-1899-DB4436-nodesc</styleUrl>
        <Point>
          <coordinates>
            4.558384,52.21679,0
          </coordinates>
        </Point>
      </Placemark>
      <Placemark>
        <name>Gem. begraafplaats Hofwijk, Rotterdam</name>
        <styleUrl>#icon-22-nodesc</styleUrl>
        <Point>
          <coordinates>
            4.398798,51.957391,0
          </coordinates>
        </Point>
      </Placemark>
      <Placemark>
        <name>NH begraafplaats Overschie, Rotterdam</name>
        <styleUrl>#icon-22-nodesc</styleUrl>
        <Point>
          <coordinates>
            4.420476,51.938926,0
          </coordinates>
        </Point>
      </Placemark>
      <Placemark>
        <name>Joodse begraafplaats Delfshaven, Rotterdam</name>
        <styleUrl>#icon-22-nodesc</styleUrl>
        <Point>
          <coordinates>
            4.457461,51.906022,0
          </coordinates>
        </Point>
      </Placemark>
      <Placemark>
        <name>NH begraafplaats Charlois, Rotterdam</name>
        <styleUrl>#icon-22-nodesc</styleUrl>
        <Point>
          <coordinates>
            4.467802,51.86522,0
          </coordinates>
        </Point>
      </Placemark>
      <Placemark>
        <name>Grafkelder Groeninx van Zoelen, Ridderkerk</name>
        <styleUrl>#icon-22-nodesc</styleUrl>
        <Point>
          <coordinates>
            4.595939,51.880709,0
          </coordinates>
        </Point>
      </Placemark>
      <Placemark>
        <name>Begraafplaats Vredehof, Ridderkerk</name>
        <styleUrl>#icon-22-nodesc</styleUrl>
        <Point>
          <coordinates>
            4.590478,51.86756,0
          </coordinates>
        </Point>
      </Placemark>
      <Placemark>
        <name>Begraafplaats Waelhof, Hendrik-Ido-Ambacht</name>
        <styleUrl>#poly-AA0000-3000-140-nodesc</styleUrl>
        <Polygon>
          <outerBoundaryIs>
            <LinearRing>
              <tessellate>1</tessellate>
              <coordinates>
                4.64031,51.84926,0
                4.640464,51.849372,0
                4.640308,51.849433,0
                4.640528,51.849653,0
                4.640229,51.849795,0
                4.639777,51.849999,0
                4.639491,51.850121,0
                4.63929,51.850195,0
                4.639089,51.850259,0
                4.638949,51.850294,0
                4.638902,51.850287,0
                4.638731,51.85018,0
                4.638609,51.850216,0
                4.638336,51.850033,0
                4.64031,51.84926,0
              </coordinates>
            </LinearRing>
          </outerBoundaryIs>
        </Polygon>
      </Placemark>
      <Placemark>
        <name>Gem. begraafplaats, Papendrecht</name>
        <styleUrl>#poly-AA0000-3000-140-nodesc</styleUrl>
        <Polygon>
          <outerBoundaryIs>
            <LinearRing>
              <tessellate>1</tessellate>
              <coordinates>
                4.70017,51.825102,0
                4.701036,51.826794,0
                4.701852,51.826512,0
                4.702247,51.827324,0
                4.700787,51.827767,0
                4.700601,51.827471,0
                4.700326,51.827008,0
                4.69841,51.827378,0
                4.698066,51.826705,0
                4.699038,51.82645,0
                4.69915,51.826431,0
                4.699835,51.826277,0
                4.699345,51.825275,0
                4.70017,51.825102,0
              </coordinates>
            </LinearRing>
          </outerBoundaryIs>
        </Polygon>
      </Placemark>
      <Placemark>
        <name>Gemeentelijke begraafplaats Dubbeldam, Dordrecht</name>
        <styleUrl>#poly-AA0000-3000-140-nodesc</styleUrl>
        <Polygon>
          <outerBoundaryIs>
            <LinearRing>
              <tessellate>1</tessellate>
              <coordinates>
                4.687788,51.786073,0
                4.687459,51.784803,0
                4.687831,51.784721,0
                4.688195,51.784692,0
                4.68839,51.784701,0
                4.68924,51.784654,0
                4.689303,51.784814,0
                4.689322,51.784996,0
                4.689229,51.785052,0
                4.688903,51.785129,0
                4.688751,51.785141,0
                4.688675,51.785197,0
                4.688805,51.785987,0
                4.687788,51.786073,0
              </coordinates>
            </LinearRing>
          </outerBoundaryIs>
        </Polygon>
      </Placemark>
      <Placemark>
        <name>Gem. begraafplaats, Klaaswaal</name>
        <styleUrl>#poly-AA0000-3000-140-nodesc</styleUrl>
        <Polygon>
          <outerBoundaryIs>
            <LinearRing>
              <tessellate>1</tessellate>
              <coordinates>
                4.437972,51.768988,0
                4.437934,51.770268,0
                4.437969,51.77147,0
                4.436938,51.771582,0
                4.436597,51.770316,0
                4.437245,51.77026,0
                4.436879,51.768997,0
                4.437972,51.768988,0
              </coordinates>
            </LinearRing>
          </outerBoundaryIs>
        </Polygon>
      </Placemark>
      <Placemark>
        <name>Gem. begraafplaats, Westmaas</name>
        <styleUrl>#poly-AA0000-3000-140-nodesc</styleUrl>
        <Polygon>
          <outerBoundaryIs>
            <LinearRing>
              <tessellate>1</tessellate>
              <coordinates>
                4.475192,51.784743,0
                4.475273,51.785326,0
                4.474415,51.785408,0
                4.474409,51.785386,0
                4.473538,51.78547,0
                4.47373,51.784966,0
                4.47418,51.784923,0
                4.474207,51.784878,0
                4.474373,51.78486,0
                4.474372,51.784815,0
                4.475192,51.784743,0
              </coordinates>
            </LinearRing>
          </outerBoundaryIs>
        </Polygon>
      </Placemark>
      <Placemark>
        <name>Gem. begraafplaats, Mijnsheerenland</name>
        <styleUrl>#poly-AA0000-3000-140-nodesc</styleUrl>
        <Polygon>
          <outerBoundaryIs>
            <LinearRing>
              <tessellate>1</tessellate>
              <coordinates>
                4.482534,51.801145,0
                4.482,51.800211,0
                4.483072,51.799933,0
                4.48368,51.800789,0
                4.482534,51.801145,0
              </coordinates>
            </LinearRing>
          </outerBoundaryIs>
        </Polygon>
      </Placemark>
      <Placemark>
        <name>Gem. begraafplaats, Zevenhuizen</name>
        <styleUrl>#poly-AA0000-3000-140-nodesc</styleUrl>
        <Polygon>
          <outerBoundaryIs>
            <LinearRing>
              <tessellate>1</tessellate>
              <coordinates>
                4.586367,52.008524,0
                4.586653,52.008571,0
                4.586718,52.008651,0
                4.586781,52.008867,0
                4.586731,52.008896,0
                4.587756,52.009573,0
                4.587584,52.009692,0
                4.587029,52.010049,0
                4.5859,52.009346,0
                4.586188,52.008664,0
                4.586367,52.008524,0
              </coordinates>
            </LinearRing>
          </outerBoundaryIs>
        </Polygon>
      </Placemark>
      <Placemark>
        <name>Gem. begraafplaat Westhage, Moerkapelle</name>
        <styleUrl>#poly-AA0000-3000-140-nodesc</styleUrl>
        <Polygon>
          <outerBoundaryIs>
            <LinearRing>
              <tessellate>1</tessellate>
              <coordinates>
                4.569644,52.044354,0
                4.569646,52.044508,0
                4.569641,52.044894,0
                4.568543,52.044963,0
                4.56841,52.044941,0
                4.568311,52.044214,0
                4.569644,52.044354,0
              </coordinates>
            </LinearRing>
          </outerBoundaryIs>
        </Polygon>
      </Placemark>
      <Placemark>
        <name>Gem. begraafplaat Moerhage, Moerkapelle</name>
        <styleUrl>#poly-AA0000-3000-140-nodesc</styleUrl>
        <Polygon>
          <outerBoundaryIs>
            <LinearRing>
              <tessellate>1</tessellate>
              <coordinates>
                4.576162,52.046439,0
                4.575901,52.046405,0
                4.575789,52.046311,0
                4.575337,52.046254,0
                4.575461,52.045694,0
                4.576315,52.04577,0
                4.576355,52.045789,0
                4.576162,52.046439,0
              </coordinates>
            </LinearRing>
          </outerBoundaryIs>
        </Polygon>
      </Placemark>
      <Placemark>
        <name>Oosterbegraafplaats, Voorburg</name>
        <styleUrl>#poly-AA0000-3000-140-nodesc</styleUrl>
        <Polygon>
          <outerBoundaryIs>
            <LinearRing>
              <tessellate>1</tessellate>
              <coordinates>
                4.37789,52.081771,0
                4.378009,52.081753,0
                4.378473,52.081451,0
                4.379284,52.081915,0
                4.379463,52.082121,0
                4.379542,52.082205,0
                4.379648,52.082353,0
                4.379648,52.082388,0
                4.379423,52.082537,0
                4.380189,52.08299,0
                4.380179,52.083028,0
                4.380163,52.083043,0
                4.380007,52.083143,0
                4.379659,52.083366,0
                4.379547,52.083544,0
                4.379448,52.083542,0
                4.379447,52.083807,0
                4.379463,52.083852,0
                4.379528,52.083907,0
                4.379719,52.083966,0
                4.379743,52.08399,0
                4.379718,52.084035,0
                4.379543,52.084146,0
                4.379327,52.084322,0
                4.379337,52.084454,0
                4.379155,52.084573,0
                4.378901,52.084637,0
                4.37871,52.084569,0
                4.378402,52.084458,0
                4.378225,52.084383,0
                4.377928,52.084234,0
                4.377716,52.084127,0
                4.3776,52.084052,0
                4.377387,52.083907,0
                4.376934,52.083586,0
                4.376502,52.083288,0
                4.375967,52.082912,0
                4.375598,52.082704,0
                4.3754,52.08257,0
                4.376036,52.082147,0
                4.376242,52.082134,0
                4.376317,52.082182,0
                4.376364,52.082174,0
                4.3774,52.0815,0
                4.37789,52.081771,0
              </coordinates>
            </LinearRing>
          </outerBoundaryIs>
        </Polygon>
      </Placemark>
      <Placemark>
        <name>Gemeentelijke begraafplaats Rosenburgh, Voorschoten</name>
        <styleUrl>#poly-AA0000-3000-140-nodesc</styleUrl>
        <Polygon>
          <outerBoundaryIs>
            <LinearRing>
              <tessellate>1</tessellate>
              <coordinates>
                4.427866,52.11816,0
                4.429031,52.11967,0
                4.426932,52.12032,0
                4.425656,52.11885,0
                4.427866,52.11816,0
              </coordinates>
            </LinearRing>
          </outerBoundaryIs>
        </Polygon>
      </Placemark>
      <Placemark>
        <name>Gem. begraafplaats, Oud-Alblas</name>
        <styleUrl>#poly-AA0000-3000-140-nodesc</styleUrl>
        <Polygon>
          <outerBoundaryIs>
            <LinearRing>
              <tessellate>1</tessellate>
              <coordinates>
                4.708355,51.859895,0
                4.708334,51.859826,0
                4.708403,51.859826,0
                4.708137,51.859269,0
                4.708258,51.859278,0
                4.708593,51.859339,0
                4.708762,51.859363,0
                4.709027,51.859371,0
                4.709119,51.85937,0
                4.709164,51.859368,0
                4.709385,51.859393,0
                4.709461,51.859398,0
                4.709772,51.860019,0
                4.709335,51.859959,0
                4.709265,51.859982,0
                4.708703,51.859921,0
                4.708722,51.859895,0
                4.708598,51.859892,0
                4.708595,51.859883,0
                4.708355,51.859895,0
              </coordinates>
            </LinearRing>
          </outerBoundaryIs>
        </Polygon>
      </Placemark>
      <Placemark>
        <name>Gem. begraafplaats, Bleskensgraaf</name>
        <styleUrl>#poly-AA0000-3000-140-nodesc</styleUrl>
        <Polygon>
          <outerBoundaryIs>
            <LinearRing>
              <tessellate>1</tessellate>
              <coordinates>
                4.787953,51.871346,0
                4.787972,51.87147,0
                4.78858,51.871451,0
                4.788611,51.87156,0
                4.788761,51.871614,0
                4.78911,51.871594,0
                4.789142,51.871813,0
                4.787989,51.871853,0
                4.787922,51.871571,0
                4.787881,51.871485,0
                4.787836,51.871449,0
                4.787729,51.871451,0
                4.78772,51.871462,0
                4.787772,51.871863,0
                4.787838,51.871863,0
                4.78787,51.871887,0
                4.787941,51.872455,0
                4.787285,51.872489,0
                4.787224,51.871922,0
                4.787238,51.871903,0
                4.787306,51.871882,0
                4.787259,51.871484,0
                4.787707,51.87146,0
                4.787847,51.871347,0
                4.787953,51.871346,0
              </coordinates>
            </LinearRing>
          </outerBoundaryIs>
        </Polygon>
      </Placemark>
      <Placemark>
        <name>Gem. kerkhof, Brandwijk</name>
        <styleUrl>#poly-AA0000-3000-140-nodesc</styleUrl>
        <Polygon>
          <outerBoundaryIs>
            <LinearRing>
              <tessellate>1</tessellate>
              <coordinates>
                4.813845,51.889819,0
                4.813891,51.889687,0
                4.814077,51.889719,0
                4.813868,51.889986,0
                4.813415,51.889901,0
                4.813475,51.889774,0
                4.813845,51.889819,0
              </coordinates>
            </LinearRing>
          </outerBoundaryIs>
        </Polygon>
      </Placemark>
      <Placemark>
        <name>Gem. kerkhof, Ottoland</name>
        <styleUrl>#poly-AA0000-3000-140-nodesc</styleUrl>
        <Polygon>
          <outerBoundaryIs>
            <LinearRing>
              <tessellate>1</tessellate>
              <coordinates>
                4.873717,51.892945,0
                4.873772,51.89295,0
                4.873762,51.893055,0
                4.873935,51.893063,0
                4.8739,51.893172,0
                4.873687,51.893172,0
                4.873564,51.893336,0
                4.873463,51.893475,0
                4.873034,51.893429,0
                4.873258,51.893141,0
                4.873303,51.893126,0
                4.87336,51.892914,0
                4.873717,51.892945,0
              </coordinates>
            </LinearRing>
          </outerBoundaryIs>
        </Polygon>
      </Placemark>
      <Placemark>
        <name>H. Michael en Bernarduskerkhof, Hazerswoude-Rijndijk (geruimd)</name>
        <styleUrl>#poly-AA0000-3000-140-nodesc</styleUrl>
        <Polygon>
          <outerBoundaryIs>
            <LinearRing>
              <tessellate>1</tessellate>
              <coordinates>
                4.559568,52.131696,0
                4.559755,52.131852,0
                4.559436,52.132,0
                4.559244,52.13185,0
                4.559568,52.131696,0
              </coordinates>
            </LinearRing>
          </outerBoundaryIs>
        </Polygon>
      </Placemark>
      <Placemark>
        <name>Gem. begraafplaats, Benthuizen</name>
        <styleUrl>#poly-AA0000-3000-140-nodesc</styleUrl>
        <Polygon>
          <outerBoundaryIs>
            <LinearRing>
              <tessellate>1</tessellate>
              <coordinates>
                4.545691,52.074112,0
                4.545656,52.074672,0
                4.544278,52.074649,0
                4.544246,52.074633,0
                4.544243,52.074103,0
                4.545691,52.074112,0
              </coordinates>
            </LinearRing>
          </outerBoundaryIs>
        </Polygon>
      </Placemark>
      <Placemark>
        <name>Gem. begraafplaats Thijmhof, Waddinxveen</name>
        <styleUrl>#poly-AA0000-3000-140-nodesc</styleUrl>
        <Polygon>
          <outerBoundaryIs>
            <LinearRing>
              <tessellate>1</tessellate>
              <coordinates>
                4.647861,52.060411,0
                4.648127,52.058877,0
                4.648139,52.058858,0
                4.648168,52.058851,0
                4.648227,52.058851,0
                4.649292,52.058879,0
                4.649941,52.058826,0
                4.65108,52.058811,0
                4.651104,52.058833,0
                4.651122,52.059492,0
                4.650145,52.059499,0
                4.650153,52.059933,0
                4.650842,52.059931,0
                4.650858,52.060355,0
                4.650816,52.060398,0
                4.650297,52.060414,0
                4.650248,52.060441,0
                4.650235,52.060568,0
                4.650191,52.060584,0
                4.647861,52.060411,0
              </coordinates>
            </LinearRing>
          </outerBoundaryIs>
        </Polygon>
      </Placemark>
      <Placemark>
        <name>Oude alg. begraafplaats, Waddinxveen</name>
        <styleUrl>#poly-AA0000-3000-140-nodesc</styleUrl>
        <Polygon>
          <outerBoundaryIs>
            <LinearRing>
              <tessellate>1</tessellate>
              <coordinates>
                4.645325,52.045899,0
                4.644551,52.046005,0
                4.644241,52.045172,0
                4.644947,52.045056,0
                4.645063,52.04523,0
                4.645325,52.045899,0
              </coordinates>
            </LinearRing>
          </outerBoundaryIs>
        </Polygon>
      </Placemark>
      <Placemark>
        <name>RK begraafplaats, Waddinxveen</name>
        <styleUrl>#poly-AA0000-3000-140-nodesc</styleUrl>
        <Polygon>
          <outerBoundaryIs>
            <LinearRing>
              <tessellate>1</tessellate>
              <coordinates>
                4.657117,52.030944,0
                4.657188,52.030768,0
                4.657341,52.030781,0
                4.657702,52.030832,0
                4.657646,52.031006,0
                4.657117,52.030944,0
              </coordinates>
            </LinearRing>
          </outerBoundaryIs>
        </Polygon>
      </Placemark>
      <Placemark>
        <name>Gemeentelijke Begraafplaats Achterambacht, Hendrik-Ido-Ambacht</name>
        <styleUrl>#icon-22-nodesc</styleUrl>
        <Point>
          <coordinates>
            4.610428,51.848473,0
          </coordinates>
        </Point>
      </Placemark>
      <Placemark>
        <name>Begraafplaats Waelhof, Hendrik-Ido-Ambacht</name>
        <styleUrl>#icon-22-nodesc</styleUrl>
        <Point>
          <coordinates>
            4.640365,51.84948,0
          </coordinates>
        </Point>
      </Placemark>
      <Placemark>
        <name>Gem. begraafplaats, Papendrecht</name>
        <styleUrl>#icon-22-nodesc</styleUrl>
        <Point>
          <coordinates>
            4.699066,51.82552,0
          </coordinates>
        </Point>
      </Placemark>
      <Placemark>
        <name>Gemeentelijke begraafplaats Dubbeldam, Dordrecht</name>
        <styleUrl>#icon-22-nodesc</styleUrl>
        <Point>
          <coordinates>
            4.689119,51.784256,0
          </coordinates>
        </Point>
      </Placemark>
      <Placemark>
        <name>Gem. begraafplaats, Klaaswaal</name>
        <styleUrl>#icon-1899-DB4436-nodesc</styleUrl>
        <Point>
          <coordinates>
            4.437584,51.768989,0
          </coordinates>
        </Point>
      </Placemark>
      <Placemark>
        <name>Gem. begraafplaats, Westmaas</name>
        <styleUrl>#icon-1899-DB4436-nodesc</styleUrl>
        <Point>
          <coordinates>
            4.474405,51.784853,0
          </coordinates>
        </Point>
      </Placemark>
      <Placemark>
        <name>Gem. begraafplaats, Mijnsheerenland</name>
        <styleUrl>#icon-1899-DB4436-nodesc</styleUrl>
        <Point>
          <coordinates>
            4.482429,51.800085,0
          </coordinates>
        </Point>
      </Placemark>
      <Placemark>
        <name>Gem. begraafplaats, Zevenhuizen</name>
        <styleUrl>#icon-1899-DB4436-nodesc</styleUrl>
        <Point>
          <coordinates>
            4.586658,52.008607,0
          </coordinates>
        </Point>
      </Placemark>
      <Placemark>
        <name>Gem. begraafplaat Westhage, Moerkapelle</name>
        <styleUrl>#icon-1899-DB4436-nodesc</styleUrl>
        <Point>
          <coordinates>
            4.569645,52.044608,0
          </coordinates>
        </Point>
      </Placemark>
      <Placemark>
        <name>Gem. begraafplaat Moerhage, Moerkapelle</name>
        <styleUrl>#icon-1899-DB4436-nodesc</styleUrl>
        <Point>
          <coordinates>
            4.576115,52.046444,0
          </coordinates>
        </Point>
      </Placemark>
      <Placemark>
        <name>Oosterbegraafplaats, Voorburg</name>
        <styleUrl>#icon-22-nodesc</styleUrl>
        <Point>
          <coordinates>
            4.375872,52.082306,0
          </coordinates>
        </Point>
      </Placemark>
      <Placemark>
        <name>Gemeentelijke begraafplaats Rosenburgh, Voorschoten</name>
        <styleUrl>#icon-22-nodesc</styleUrl>
        <Point>
          <coordinates>
            4.428967,52.119615,0
          </coordinates>
        </Point>
      </Placemark>
      <Placemark>
        <name>Gem. begraafplaats, Oud-Alblas</name>
        <styleUrl>#icon-22-nodesc</styleUrl>
        <Point>
          <coordinates>
            4.708768,51.859929,0
          </coordinates>
        </Point>
      </Placemark>
      <Placemark>
        <name>Gem. begraafplaats, Bleskensgraaf</name>
        <styleUrl>#icon-22-nodesc</styleUrl>
        <Point>
          <coordinates>
            4.78745,51.871217,0
          </coordinates>
        </Point>
      </Placemark>
      <Placemark>
        <name>Gem. kerkhof, Brandwijk</name>
        <styleUrl>#icon-22-nodesc</styleUrl>
        <Point>
          <coordinates>
            4.813497,51.889762,0
          </coordinates>
        </Point>
      </Placemark>
      <Placemark>
        <name>Gem. kerkhof, Ottoland</name>
        <styleUrl>#icon-22-nodesc</styleUrl>
        <Point>
          <coordinates>
            4.873554,51.892944,0
          </coordinates>
        </Point>
      </Placemark>
      <Placemark>
        <name>H. Michael en Bernarduskerkhof, Hazerswoude-Rijndijk (geruimd)</name>
        <styleUrl>#icon-1899-DB4436-nodesc</styleUrl>
        <Point>
          <coordinates>
            4.559583,52.13163,0
          </coordinates>
        </Point>
      </Placemark>
      <Placemark>
        <name>Gem. begraafplaats, Benthuizen</name>
        <styleUrl>#icon-22-nodesc</styleUrl>
        <Point>
          <coordinates>
            4.54426,52.07449,0
          </coordinates>
        </Point>
      </Placemark>
      <Placemark>
        <name>Gem. begraafplaats Thijmhof, Waddinxveen</name>
        <styleUrl>#icon-22-nodesc</styleUrl>
        <Point>
          <coordinates>
            4.650146,52.059697,0
          </coordinates>
        </Point>
      </Placemark>
      <Placemark>
        <name>Oude alg. begraafplaats, Waddinxveen</name>
        <styleUrl>#icon-22-nodesc</styleUrl>
        <Point>
          <coordinates>
            4.645278,52.045908,0
          </coordinates>
        </Point>
      </Placemark>
      <Placemark>
        <name>Gem. begraafplaats IJsselhof, Gouda</name>
        <styleUrl>#poly-AA0000-3000-140-nodesc</styleUrl>
        <Polygon>
          <outerBoundaryIs>
            <LinearRing>
              <tessellate>1</tessellate>
              <coordinates>
                4.724782,52.008095,0
                4.724889,52.008046,0
                4.725012,52.008002,0
                4.725321,52.007531,0
                4.726556,52.007897,0
                4.727166,52.008079,0
                4.727753,52.008332,0
                4.728371,52.008616,0
                4.72911,52.008991,0
                4.729172,52.00902,0
                4.729523,52.009151,0
                4.729915,52.009264,0
                4.730188,52.009339,0
                4.730538,52.009412,0
                4.730485,52.009547,0
                4.73051,52.009581,0
                4.730538,52.009634,0
                4.730513,52.009694,0
                4.730405,52.009724,0
                4.730553,52.009737,0
                4.730552,52.009872,0
                4.729566,52.009995,0
                4.729121,52.010048,0
                4.728836,52.010071,0
                4.728518,52.010048,0
                4.728079,52.009982,0
                4.727691,52.009894,0
                4.727243,52.00977,0
                4.72718,52.009708,0
                4.727283,52.009617,0
                4.727125,52.009538,0
                4.726792,52.009377,0
                4.726655,52.009293,0
                4.72659,52.009302,0
                4.726576,52.009305,0
                4.726532,52.009331,0
                4.72635,52.009213,0
                4.726395,52.009165,0
                4.726044,52.008997,0
                4.725802,52.008744,0
                4.725555,52.008509,0
                4.725294,52.008368,0
                4.724782,52.008095,0
              </coordinates>
            </LinearRing>
          </outerBoundaryIs>
        </Polygon>
      </Placemark>
      <Placemark>
        <name>NH Kerkhof Sluipwijk, Reeuwijk</name>
        <styleUrl>#poly-AA0000-3000-140-nodesc</styleUrl>
        <Polygon>
          <outerBoundaryIs>
            <LinearRing>
              <tessellate>1</tessellate>
              <coordinates>
                4.740762,52.039419,0
                4.740838,52.039372,0
                4.740924,52.039327,0
                4.741066,52.039281,0
                4.741199,52.03945,0
                4.740765,52.039455,0
                4.740762,52.039419,0
              </coordinates>
            </LinearRing>
          </outerBoundaryIs>
        </Polygon>
      </Placemark>
      <Placemark>
        <name>Gem. begraafplaats Tempel, Reeuwijk</name>
        <styleUrl>#poly-AA0000-3000-140-nodesc</styleUrl>
        <Polygon>
          <outerBoundaryIs>
            <LinearRing>
              <tessellate>1</tessellate>
              <coordinates>
                4.708563,52.061785,0
                4.70903,52.060956,0
                4.709554,52.061,0
                4.71088,52.061536,0
                4.71076,52.061688,0
                4.710527,52.061685,0
                4.710031,52.062224,0
                4.708563,52.061785,0
              </coordinates>
            </LinearRing>
          </outerBoundaryIs>
        </Polygon>
      </Placemark>
      <Placemark>
        <name>NH kerkhof, Reeuwijk-Dorp</name>
        <styleUrl>#poly-AA0000-3000-140-nodesc</styleUrl>
        <Polygon>
          <outerBoundaryIs>
            <LinearRing>
              <tessellate>1</tessellate>
              <coordinates>
                4.695857,52.05449,0
                4.695944,52.054448,0
                4.696226,52.054502,0
                4.696225,52.05464,0
                4.696189,52.054664,0
                4.69623,52.054713,0
                4.695866,52.054708,0
                4.695819,52.054679,0
                4.695857,52.05449,0
              </coordinates>
            </LinearRing>
          </outerBoundaryIs>
        </Polygon>
      </Placemark>
      <Placemark>
        <name>RK begraafplaats, Reeuwijk-Dorp</name>
        <styleUrl>#poly-AA0000-3000-140-nodesc</styleUrl>
        <Polygon>
          <outerBoundaryIs>
            <LinearRing>
              <tessellate>1</tessellate>
              <coordinates>
                4.691879,52.056333,0
                4.691922,52.056027,0
                4.692454,52.056031,0
                4.692889,52.056051,0
                4.692851,52.056362,0
                4.691879,52.056333,0
              </coordinates>
            </LinearRing>
          </outerBoundaryIs>
        </Polygon>
      </Placemark>
      <Placemark>
        <name>NH Kerkhof, Aarlanderveen (geruimd)</name>
        <styleUrl>#poly-AA0000-3000-140-nodesc</styleUrl>
        <Polygon>
          <outerBoundaryIs>
            <LinearRing>
              <tessellate>1</tessellate>
              <coordinates>
                4.728519,52.140601,0
                4.72841,52.140572,0
                4.728453,52.140504,0
                4.728559,52.140446,0
                4.72871,52.140446,0
                4.728821,52.140478,0
                4.728878,52.140521,0
                4.728918,52.140598,0
                4.728892,52.140656,0
                4.728828,52.140713,0
                4.728748,52.14074,0
                4.728649,52.140746,0
                4.728472,52.140705,0
                4.728519,52.140601,0
              </coordinates>
            </LinearRing>
          </outerBoundaryIs>
        </Polygon>
      </Placemark>
      <Placemark>
        <name>Gem. begraafplaats, Ouddorp</name>
        <styleUrl>#poly-AA0000-3000-140-nodesc</styleUrl>
        <Polygon>
          <outerBoundaryIs>
            <LinearRing>
              <tessellate>1</tessellate>
              <coordinates>
                3.925926,51.807277,0
                3.926446,51.807417,0
                3.926798,51.807353,0
                3.927381,51.806664,0
                3.929046,51.807147,0
                3.928507,51.807925,0
                3.928855,51.807996,0
                3.929958,51.80823,0
                3.92977,51.808596,0
                3.928596,51.808429,0
                3.92857,51.808538,0
                3.927762,51.80843,0
                3.926287,51.807981,0
                3.925581,51.807721,0
                3.925926,51.807277,0
              </coordinates>
            </LinearRing>
          </outerBoundaryIs>
        </Polygon>
      </Placemark>
      <Placemark>
        <name>NH kerkhof, Ouddorp (geruimd)</name>
        <styleUrl>#poly-AA0000-3000-140-nodesc</styleUrl>
        <Polygon>
          <outerBoundaryIs>
            <LinearRing>
              <tessellate>1</tessellate>
              <coordinates>
                3.93535,51.809339,0
                3.935293,51.809339,0
                3.935195,51.809396,0
                3.935121,51.80931,0
                3.935125,51.809225,0
                3.935197,51.809087,0
                3.935251,51.808997,0
                3.935332,51.808975,0
                3.935435,51.808981,0
                3.935673,51.808996,0
                3.935893,51.809023,0
                3.935956,51.809143,0
                3.936002,51.809181,0
                3.93608,51.80921,0
                3.935966,51.809384,0
                3.935824,51.809387,0
                3.935599,51.80937,0
                3.93535,51.809339,0
              </coordinates>
            </LinearRing>
          </outerBoundaryIs>
        </Polygon>
      </Placemark>
      <Placemark>
        <name>Gem. begraafplaats, Stellendam</name>
        <styleUrl>#poly-AA0000-3000-140-nodesc</styleUrl>
        <Polygon>
          <outerBoundaryIs>
            <LinearRing>
              <tessellate>1</tessellate>
              <coordinates>
                4.024399,51.803718,0
                4.023003,51.802803,0
                4.023823,51.802366,0
                4.0244,51.802753,0
                4.024958,51.802456,0
                4.025765,51.802991,0
                4.024399,51.803718,0
              </coordinates>
            </LinearRing>
          </outerBoundaryIs>
        </Polygon>
      </Placemark>
      <Placemark>
        <name>Oude gem. begraafplaats, Melissant</name>
        <styleUrl>#poly-AA0000-3000-140-nodesc</styleUrl>
        <Polygon>
          <outerBoundaryIs>
            <LinearRing>
              <tessellate>1</tessellate>
              <coordinates>
                4.068774,51.769751,0
                4.067954,51.769486,0
                4.068359,51.76905,0
                4.069079,51.769301,0
                4.069106,51.7694,0
                4.068774,51.769751,0
              </coordinates>
            </LinearRing>
          </outerBoundaryIs>
        </Polygon>
      </Placemark>
      <Placemark>
        <name>Gem. begraafplaats, Melissant</name>
        <styleUrl>#poly-AA0000-3000-140-nodesc</styleUrl>
        <Polygon>
          <outerBoundaryIs>
            <LinearRing>
              <tessellate>1</tessellate>
              <coordinates>
                4.067821,51.767651,0
                4.067166,51.768442,0
                4.066709,51.768272,0
                4.066549,51.768461,0
                4.065414,51.768125,0
                4.066327,51.767199,0
                4.067821,51.767651,0
              </coordinates>
            </LinearRing>
          </outerBoundaryIs>
        </Polygon>
      </Placemark>
      <Placemark>
        <name>NH kerkhof Nieuw Helvoet, Hellevoetsluis (geruimd)</name>
        <styleUrl>#poly-AA0000-3000-140-nodesc</styleUrl>
        <Polygon>
          <outerBoundaryIs>
            <LinearRing>
              <tessellate>1</tessellate>
              <coordinates>
                4.1233,51.838084,0
                4.123465,51.838405,0
                4.123089,51.838475,0
                4.12271,51.838452,0
                4.122603,51.838249,0
                4.122832,51.838148,0
                4.1233,51.838084,0
              </coordinates>
            </LinearRing>
          </outerBoundaryIs>
        </Polygon>
      </Placemark>
      <Placemark>
        <name>Zuiderbegraafplaats, Rotterdam</name>
        <styleUrl>#poly-AA0000-3000-140-nodesc</styleUrl>
        <Polygon>
          <outerBoundaryIs>
            <LinearRing>
              <tessellate>1</tessellate>
              <coordinates>
                4.503894,51.87625,0
                4.507353,51.871149,0
                4.511472,51.871829,0
                4.511729,51.871277,0
                4.513371,51.871566,0
                4.512771,51.872924,0
                4.511946,51.873741,0
                4.511136,51.874511,0
                4.509797,51.875404,0
                4.508544,51.875915,0
                4.506975,51.87666,0
                4.506098,51.877017,0
                4.503894,51.87625,0
              </coordinates>
            </LinearRing>
          </outerBoundaryIs>
        </Polygon>
      </Placemark>
      <Placemark>
        <name>Oud gem. kerkhof, Pernis</name>
        <styleUrl>#poly-AA0000-3000-140-nodesc</styleUrl>
        <Polygon>
          <outerBoundaryIs>
            <LinearRing>
              <tessellate>1</tessellate>
              <coordinates>
                4.393066,51.887812,0
                4.393512,51.887762,0
                4.393577,51.887991,0
                4.39311,51.888078,0
                4.393066,51.887812,0
              </coordinates>
            </LinearRing>
          </outerBoundaryIs>
        </Polygon>
      </Placemark>
      <Placemark>
        <name>Gem. begraafplaats, Pernis</name>
        <styleUrl>#poly-AA0000-3000-140-nodesc</styleUrl>
        <Polygon>
          <outerBoundaryIs>
            <LinearRing>
              <tessellate>1</tessellate>
              <coordinates>
                4.381549,51.888716,0
                4.381361,51.889694,0
                4.379863,51.889559,0
                4.380036,51.889018,0
                4.379733,51.888975,0
                4.379759,51.888616,0
                4.379818,51.888581,0
                4.379985,51.888582,0
                4.381549,51.888716,0
              </coordinates>
            </LinearRing>
          </outerBoundaryIs>
        </Polygon>
      </Placemark>
      <Placemark>
        <name>Gem. begraafplaats, Waarder</name>
        <styleUrl>#poly-AA0000-3000-140-nodesc</styleUrl>
        <Polygon>
          <outerBoundaryIs>
            <LinearRing>
              <tessellate>1</tessellate>
              <coordinates>
                4.824405,52.064395,0
                4.824435,52.064598,0
                4.823201,52.064672,0
                4.8232,52.064689,0
                4.822354,52.064736,0
                4.822254,52.06464,0
                4.822233,52.06449,0
                4.823163,52.064437,0
                4.823195,52.064461,0
                4.824405,52.064395,0
              </coordinates>
            </LinearRing>
          </outerBoundaryIs>
        </Polygon>
      </Placemark>
      <Placemark>
        <name>Kloosterbegraafplaats Afzondering St. Gabriël, Haastrecht</name>
        <styleUrl>#poly-AA0000-3000-140-nodesc</styleUrl>
        <Polygon>
          <outerBoundaryIs>
            <LinearRing>
              <tessellate>1</tessellate>
              <coordinates>
                4.802234,52.013307,0
                4.802168,52.013405,0
                4.802021,52.013369,0
                4.802017,52.013344,0
                4.802072,52.013265,0
                4.802234,52.013307,0
              </coordinates>
            </LinearRing>
          </outerBoundaryIs>
        </Polygon>
      </Placemark>
      <Placemark>
        <name>RK begraafplaats, Waddinxveen</name>
        <styleUrl>#icon-22-nodesc</styleUrl>
        <Point>
          <coordinates>
            4.657675,52.030962,0
          </coordinates>
        </Point>
      </Placemark>
      <Placemark>
        <name>Gem. begraafplaats IJsselhof, Gouda</name>
        <styleUrl>#icon-22-nodesc</styleUrl>
        <Point>
          <coordinates>
            4.726711,52.009386,0
          </coordinates>
        </Point>
      </Placemark>
      <Placemark>
        <name>NH Kerkhof Sluipwijk, Reeuwijk</name>
        <styleUrl>#icon-22-nodesc</styleUrl>
        <Point>
          <coordinates>
            4.740921,52.039323,0
          </coordinates>
        </Point>
      </Placemark>
      <Placemark>
        <name>Gem. begraafplaats Tempel, Reeuwijk</name>
        <styleUrl>#icon-22-nodesc</styleUrl>
        <Point>
          <coordinates>
            4.710324,52.061842,0
          </coordinates>
        </Point>
      </Placemark>
      <Placemark>
        <name>NH kerkhof, Reeuwijk-Dorp</name>
        <styleUrl>#icon-22-nodesc</styleUrl>
        <Point>
          <coordinates>
            4.69626,52.054695,0
          </coordinates>
        </Point>
      </Placemark>
      <Placemark>
        <name>RK begraafplaats, Reeuwijk-Dorp</name>
        <styleUrl>#icon-22-nodesc</styleUrl>
        <Point>
          <coordinates>
            4.692837,52.05545,0
          </coordinates>
        </Point>
      </Placemark>
      <Placemark>
        <name>NH Kerkhof, Aarlanderveen (geruimd)</name>
        <styleUrl>#icon-1899-DB4436-nodesc</styleUrl>
        <Point>
          <coordinates>
            4.728909,52.140639,0
          </coordinates>
        </Point>
      </Placemark>
      <Placemark>
        <name>Gem. begraafplaats, Ouddorp</name>
        <styleUrl>#icon-1899-DB4436-nodesc</styleUrl>
        <Point>
          <coordinates>
            3.928997,51.80714,0
          </coordinates>
        </Point>
      </Placemark>
      <Placemark>
        <name>NH kerkhof, Ouddorp (geruimd)</name>
        <styleUrl>#icon-1899-DB4436-nodesc</styleUrl>
        <Point>
          <coordinates>
            3.935143,51.809172,0
          </coordinates>
        </Point>
      </Placemark>
      <Placemark>
        <name>Gem. begraafplaats, Stellendam</name>
        <styleUrl>#icon-22-nodesc</styleUrl>
        <Point>
          <coordinates>
            4.025233,51.802643,0
          </coordinates>
        </Point>
      </Placemark>
      <Placemark>
        <name>Oude gem. begraafplaats, Melissant</name>
        <styleUrl>#icon-22-nodesc</styleUrl>
        <Point>
          <coordinates>
            4.068075,51.769336,0
          </coordinates>
        </Point>
      </Placemark>
      <Placemark>
        <name>Gem. begraafplaats, Melissant</name>
        <styleUrl>#icon-22-nodesc</styleUrl>
        <Point>
          <coordinates>
            4.066479,51.768451,0
          </coordinates>
        </Point>
      </Placemark>
      <Placemark>
        <name>NH kerkhof Nieuw Helvoet, Hellevoetsluis (geruimd)</name>
        <styleUrl>#icon-1899-DB4436-nodesc</styleUrl>
        <Point>
          <coordinates>
            4.122894,51.838146,0
          </coordinates>
        </Point>
      </Placemark>
      <Placemark>
        <name>Zuiderbegraafplaats, Rotterdam</name>
        <styleUrl>#icon-22-nodesc</styleUrl>
        <Point>
          <coordinates>
            4.504398,51.876403,0
          </coordinates>
        </Point>
      </Placemark>
      <Placemark>
        <name>Oud gem. kerkhof, Pernis</name>
        <styleUrl>#icon-22-nodesc</styleUrl>
        <Point>
          <coordinates>
            4.393282,51.887784,0
          </coordinates>
        </Point>
      </Placemark>
      <Placemark>
        <name>Gem. begraafplaats, Pernis</name>
        <styleUrl>#icon-22-nodesc</styleUrl>
        <Point>
          <coordinates>
            4.381572,51.888887,0
          </coordinates>
        </Point>
      </Placemark>
      <Placemark>
        <name>Gem. begraafplaats, Waarder</name>
        <styleUrl>#icon-22-nodesc</styleUrl>
        <Point>
          <coordinates>
            4.822232,52.064499,0
          </coordinates>
        </Point>
      </Placemark>
      <Placemark>
        <name>Kloosterbegraafplaats Afzondering St. Gabriël, Haastrecht</name>
        <styleUrl>#icon-22-nodesc</styleUrl>
        <Point>
          <coordinates>
            4.802019,52.013332,0
          </coordinates>
        </Point>
      </Placemark>
      <Placemark>
        <name>Gem. begraafplaats, Ammerstol</name>
        <styleUrl>#poly-AA0000-3000-140-nodesc</styleUrl>
        <Polygon>
          <outerBoundaryIs>
            <LinearRing>
              <tessellate>1</tessellate>
              <coordinates>
                4.805201,51.928148,0
                4.805165,51.928112,0
                4.805264,51.92753,0
                4.805422,51.926756,0
                4.805821,51.926786,0
                4.805521,51.928217,0
                4.805201,51.928148,0
              </coordinates>
            </LinearRing>
          </outerBoundaryIs>
        </Polygon>
      </Placemark>
      <Placemark>
        <name>Gem. begraafplaats, Bergambacht</name>
        <styleUrl>#poly-AA0000-3000-140-nodesc</styleUrl>
        <Polygon>
          <outerBoundaryIs>
            <LinearRing>
              <tessellate>1</tessellate>
              <coordinates>
                4.783887,51.922353,0
                4.782952,51.922376,0
                4.782949,51.921668,0
                4.783792,51.921641,0
                4.783809,51.921864,0
                4.784613,51.921842,0
                4.784634,51.921988,0
                4.784688,51.921991,0
                4.7847,51.922339,0
                4.783887,51.922353,0
              </coordinates>
            </LinearRing>
          </outerBoundaryIs>
        </Polygon>
      </Placemark>
      <Placemark>
        <name>Gem. kerkhof, Berkenwoude</name>
        <styleUrl>#poly-AA0000-3000-140-nodesc</styleUrl>
        <Polygon>
          <outerBoundaryIs>
            <LinearRing>
              <tessellate>1</tessellate>
              <coordinates>
                4.709107,51.945468,0
                4.709094,51.945496,0
                4.709353,51.945548,0
                4.709361,51.945536,0
                4.70954,51.94556,0
                4.709462,51.94562,0
                4.709391,51.945647,0
                4.709293,51.945649,0
                4.70905,51.945642,0
                4.708959,51.945615,0
                4.708815,51.945516,0
                4.708776,51.945485,0
                4.708809,51.945463,0
                4.70891,51.945457,0
                4.709033,51.945458,0
                4.709107,51.945468,0
              </coordinates>
            </LinearRing>
          </outerBoundaryIs>
        </Polygon>
      </Placemark>
      <Placemark>
        <name>Gem. begraafplaats, Berkenwoude</name>
        <styleUrl>#poly-AA0000-3000-140-nodesc</styleUrl>
        <Polygon>
          <outerBoundaryIs>
            <LinearRing>
              <tessellate>1</tessellate>
              <coordinates>
                4.707559,51.941682,0
                4.707597,51.941698,0
                4.707669,51.942828,0
                4.706975,51.942846,0
                4.706897,51.941715,0
                4.706918,51.941699,0
                4.707559,51.941682,0
              </coordinates>
            </LinearRing>
          </outerBoundaryIs>
        </Polygon>
      </Placemark>
      <Placemark>
        <name>Begraafplaats De Dijk, Maassluis</name>
        <styleUrl>#poly-AA0000-3000-140-nodesc</styleUrl>
        <Polygon>
          <outerBoundaryIs>
            <LinearRing>
              <tessellate>1</tessellate>
              <coordinates>
                4.268294,51.909229,0
                4.267424,51.90848,0
                4.270416,51.907212,0
                4.271281,51.907783,0
                4.268294,51.909229,0
              </coordinates>
            </LinearRing>
          </outerBoundaryIs>
        </Polygon>
      </Placemark>
      <Placemark>
        <name>St. Barbarabegraafplaats, Maassluis</name>
        <styleUrl>#poly-AA0000-3000-140-nodesc</styleUrl>
        <Polygon>
          <outerBoundaryIs>
            <LinearRing>
              <tessellate>1</tessellate>
              <coordinates>
                4.265211,51.92468,0
                4.264574,51.92449,0
                4.264935,51.924051,0
                4.264919,51.924028,0
                4.264978,51.92396,0
                4.265698,51.924196,0
                4.265581,51.924328,0
                4.265511,51.924307,0
                4.265211,51.92468,0
              </coordinates>
            </LinearRing>
          </outerBoundaryIs>
        </Polygon>
      </Placemark>
      <Placemark>
        <name>RK begraafplaats, Maasland</name>
        <styleUrl>#poly-AA0000-3000-140-nodesc</styleUrl>
        <Polygon>
          <outerBoundaryIs>
            <LinearRing>
              <tessellate>1</tessellate>
              <coordinates>
                4.273445,51.933075,0
                4.273282,51.933272,0
                4.272853,51.933137,0
                4.27303,51.932937,0
                4.273445,51.933075,0
              </coordinates>
            </LinearRing>
          </outerBoundaryIs>
        </Polygon>
      </Placemark>
      <Placemark>
        <name>Vm. NH kerkhof, Maasland</name>
        <styleUrl>#poly-AA0000-3000-140-nodesc</styleUrl>
        <Polygon>
          <outerBoundaryIs>
            <LinearRing>
              <tessellate>1</tessellate>
              <coordinates>
                4.271603,51.936205,0
                4.271876,51.936037,0
                4.272259,51.936043,0
                4.272444,51.936164,0
                4.272514,51.936301,0
                4.272391,51.936401,0
                4.272196,51.93644,0
                4.27201,51.936442,0
                4.271834,51.936442,0
                4.271708,51.936432,0
                4.271622,51.936348,0
                4.271616,51.936344,0
                4.271603,51.936205,0
              </coordinates>
            </LinearRing>
          </outerBoundaryIs>
        </Polygon>
      </Placemark>
      <Placemark>
        <name>Oude gemeentelijke Begraafplaats, Maasland</name>
        <styleUrl>#poly-AA0000-3000-140-nodesc</styleUrl>
        <Polygon>
          <outerBoundaryIs>
            <LinearRing>
              <tessellate>1</tessellate>
              <coordinates>
                4.272949,51.938629,0
                4.273069,51.938964,0
                4.273008,51.939013,0
                4.272732,51.93903,0
                4.272643,51.939023,0
                4.272532,51.938719,0
                4.272513,51.938639,0
                4.272526,51.93862,0
                4.272577,51.938607,0
                4.272621,51.93861,0
                4.272833,51.938627,0
                4.272949,51.938629,0
              </coordinates>
            </LinearRing>
          </outerBoundaryIs>
        </Polygon>
      </Placemark>
      <Placemark>
        <name>Nieuwe gemeentelijke Begraafplaats, Maasland</name>
        <styleUrl>#poly-AA0000-3000-140-nodesc</styleUrl>
        <Polygon>
          <outerBoundaryIs>
            <LinearRing>
              <tessellate>1</tessellate>
              <coordinates>
                4.273764,51.938965,0
                4.273827,51.938875,0
                4.274055,51.938849,0
                4.275095,51.93912,0
                4.274644,51.939797,0
                4.273557,51.939486,0
                4.273551,51.939466,0
                4.273406,51.93942,0
                4.273616,51.939063,0
                4.273764,51.938965,0
              </coordinates>
            </LinearRing>
          </outerBoundaryIs>
        </Polygon>
      </Placemark>
      <Placemark>
        <name>Alg. begraafplaats, Strijensas</name>
        <styleUrl>#poly-AA0000-3000-140-nodesc</styleUrl>
        <Polygon>
          <outerBoundaryIs>
            <LinearRing>
              <tessellate>1</tessellate>
              <coordinates>
                4.582595,51.716047,0
                4.582515,51.71607,0
                4.582464,51.716077,0
                4.582416,51.716067,0
                4.582395,51.716044,0
                4.582311,51.715846,0
                4.582307,51.715803,0
                4.582313,51.715732,0
                4.58232,51.715703,0
                4.582541,51.715651,0
                4.58281,51.715971,0
                4.582595,51.716047,0
              </coordinates>
            </LinearRing>
          </outerBoundaryIs>
        </Polygon>
      </Placemark>
      <Placemark>
        <name>Alg. begraafplaats, Strijen</name>
        <styleUrl>#poly-AA0000-3000-140-nodesc</styleUrl>
        <Polygon>
          <outerBoundaryIs>
            <LinearRing>
              <tessellate>1</tessellate>
              <coordinates>
                4.549554,51.745086,0
                4.549806,51.745202,0
                4.550012,51.745339,0
                4.549975,51.745359,0
                4.550149,51.7455,0
                4.549992,51.745572,0
                4.549518,51.7454,0
                4.549424,51.745496,0
                4.54981,51.745649,0
                4.549815,51.745676,0
                4.54942,51.746035,0
                4.549368,51.746051,0
                4.549223,51.746049,0
                4.548929,51.745985,0
                4.548879,51.745971,0
                4.548862,51.745989,0
                4.548807,51.745969,0
                4.54882,51.745955,0
                4.548757,51.745914,0
                4.548683,51.745885,0
                4.548633,51.745849,0
                4.548573,51.745818,0
                4.54845,51.745683,0
                4.548394,51.745683,0
                4.54833,51.745673,0
                4.548268,51.745656,0
                4.548207,51.745626,0
                4.548168,51.745598,0
                4.54814,51.745571,0
                4.548128,51.745546,0
                4.548137,51.74552,0
                4.548354,51.745332,0
                4.548834,51.744907,0
                4.548885,51.74487,0
                4.548946,51.744836,0
                4.548973,51.744846,0
                4.54935,51.744532,0
                4.549742,51.744712,0
                4.549754,51.744709,0
                4.549781,51.744724,0
                4.549739,51.744756,0
                4.549744,51.74477,0
                4.549416,51.745043,0
                4.549554,51.745086,0
              </coordinates>
            </LinearRing>
          </outerBoundaryIs>
        </Polygon>
      </Placemark>
      <Placemark>
        <name>Alg. begraafplaats, Cillaarshoek</name>
        <styleUrl>#poly-AA0000-3000-140-nodesc</styleUrl>
        <Polygon>
          <outerBoundaryIs>
            <LinearRing>
              <tessellate>1</tessellate>
              <coordinates>
                4.547477,51.773562,0
                4.547476,51.773402,0
                4.548415,51.773327,0
                4.548451,51.773493,0
                4.547477,51.773562,0
              </coordinates>
            </LinearRing>
          </outerBoundaryIs>
        </Polygon>
      </Placemark>
      <Placemark>
        <name>Gemeentelijk kerkhof St. Anthonie-Polder, Maasdam</name>
        <styleUrl>#poly-AA0000-3000-140-nodesc</styleUrl>
        <Polygon>
          <outerBoundaryIs>
            <LinearRing>
              <tessellate>1</tessellate>
              <coordinates>
                4.531621,51.797312,0
                4.531572,51.796991,0
                4.532214,51.796984,0
                4.532242,51.797258,0
                4.5317,51.79725,0
                4.531706,51.797312,0
                4.531621,51.797312,0
              </coordinates>
            </LinearRing>
          </outerBoundaryIs>
        </Polygon>
      </Placemark>
      <Placemark>
        <name>Begraafplaats Neder-Hardinxveld, Giessendam</name>
        <styleUrl>#poly-AA0000-3000-140-nodesc</styleUrl>
        <Polygon>
          <outerBoundaryIs>
            <LinearRing>
              <tessellate>1</tessellate>
              <coordinates>
                4.83602,51.828669,0
                4.836001,51.828656,0
                4.835985,51.82836,0
                4.836009,51.828175,0
                4.83599,51.827275,0
                4.838202,51.827267,0
                4.838227,51.827872,0
                4.838166,51.827895,0
                4.838181,51.828474,0
                4.83694,51.828491,0
                4.836943,51.82875,0
                4.836541,51.828761,0
                4.836312,51.828737,0
                4.83602,51.828669,0
              </coordinates>
            </LinearRing>
          </outerBoundaryIs>
        </Polygon>
      </Placemark>
      <Placemark>
        <name>Gemeentelijke begraafplaats, Sliedrecht</name>
        <styleUrl>#poly-AA0000-3000-140-nodesc</styleUrl>
        <Polygon>
          <outerBoundaryIs>
            <LinearRing>
              <tessellate>1</tessellate>
              <coordinates>
                4.774474,51.825672,0
                4.774726,51.825633,0
                4.774442,51.824922,0
                4.77652,51.824594,0
                4.777031,51.826016,0
                4.777018,51.826132,0
                4.776966,51.826231,0
                4.776923,51.826303,0
                4.777026,51.826675,0
                4.77508,51.827259,0
                4.774474,51.825672,0
              </coordinates>
            </LinearRing>
          </outerBoundaryIs>
        </Polygon>
      </Placemark>
      <Placemark>
        <name>Gem. kerkhof, Molenaarsgraaf</name>
        <styleUrl>#poly-AA0000-3000-140-nodesc</styleUrl>
        <Polygon>
          <outerBoundaryIs>
            <LinearRing>
              <tessellate>1</tessellate>
              <coordinates>
                4.817722,51.875303,0
                4.817878,51.874988,0
                4.818394,51.875074,0
                4.818241,51.875391,0
                4.817722,51.875303,0
              </coordinates>
            </LinearRing>
          </outerBoundaryIs>
        </Polygon>
      </Placemark>
      <Placemark>
        <name>Gemeentelijke begraafplaats Brandwijk en Molenaarsgraaf, Brandwijk</name>
        <styleUrl>#poly-AA0000-3000-140-nodesc</styleUrl>
        <Polygon>
          <outerBoundaryIs>
            <LinearRing>
              <tessellate>1</tessellate>
              <coordinates>
                4.820865,51.880395,0
                4.821397,51.879726,0
                4.821614,51.879777,0
                4.821731,51.879659,0
                4.822052,51.879732,0
                4.822103,51.879682,0
                4.822533,51.879794,0
                4.822544,51.879822,0
                4.822316,51.879872,0
                4.822368,51.879962,0
                4.822577,51.879915,0
                4.822601,51.879926,0
                4.822614,51.879973,0
                4.822592,51.880013,0
                4.82247,51.880028,0
                4.821927,51.880712,0
                4.820865,51.880395,0
              </coordinates>
            </LinearRing>
          </outerBoundaryIs>
        </Polygon>
      </Placemark>
      <Placemark>
        <name>Gem. begraafplaats, Ammerstol</name>
        <styleUrl>#icon-22-nodesc</styleUrl>
        <Point>
          <coordinates>
            4.805614,51.926776,0
          </coordinates>
        </Point>
      </Placemark>
      <Placemark>
        <name>Gem. begraafplaats, Bergambacht</name>
        <styleUrl>#icon-22-nodesc</styleUrl>
        <Point>
          <coordinates>
            4.784506,51.922165,0
          </coordinates>
        </Point>
      </Placemark>
      <Placemark>
        <name>Gem. kerkhof, Berkenwoude</name>
        <styleUrl>#icon-22-nodesc</styleUrl>
        <Point>
          <coordinates>
            4.708915,51.94548,0
          </coordinates>
        </Point>
      </Placemark>
      <Placemark>
        <name>Gem. begraafplaats, Berkenwoude</name>
        <styleUrl>#icon-22-nodesc</styleUrl>
        <Point>
          <coordinates>
            4.707299,51.942835,0
          </coordinates>
        </Point>
      </Placemark>
      <Placemark>
        <name>Begraafplaats De Dijk, Maassluis</name>
        <styleUrl>#icon-22-nodesc</styleUrl>
        <Point>
          <coordinates>
            4.268066,51.90904,0
          </coordinates>
        </Point>
      </Placemark>
      <Placemark>
        <name>St. Barbarabegraafplaats, Maassluis</name>
        <styleUrl>#icon-22-nodesc</styleUrl>
        <Point>
          <coordinates>
            4.264943,51.923992,0
          </coordinates>
        </Point>
      </Placemark>
      <Placemark>
        <name>RK begraafplaats, Maasland</name>
        <styleUrl>#icon-22-nodesc</styleUrl>
        <Point>
          <coordinates>
            4.272943,51.933113,0
          </coordinates>
        </Point>
      </Placemark>
      <Placemark>
        <name>Vm. NH kerkhof, Maasland (geruimd)</name>
        <styleUrl>#icon-1899-DB4436-nodesc</styleUrl>
        <Point>
          <coordinates>
            4.2718,51.936052,0
          </coordinates>
        </Point>
      </Placemark>
      <Placemark>
        <name>Oude gemeentelijke Begraafplaats, Maasland</name>
        <styleUrl>#icon-22-nodesc</styleUrl>
        <Point>
          <coordinates>
            4.272953,51.93866,0
          </coordinates>
        </Point>
      </Placemark>
      <Placemark>
        <name>Nieuwe gemeentelijke Begraafplaats, Maasland</name>
        <styleUrl>#icon-22-nodesc</styleUrl>
        <Point>
          <coordinates>
            4.273784,51.938929,0
          </coordinates>
        </Point>
      </Placemark>
      <Placemark>
        <name>Alg. begraafplaats, Strijensas</name>
        <styleUrl>#icon-22-nodesc</styleUrl>
        <Point>
          <coordinates>
            4.582406,51.715683,0
          </coordinates>
        </Point>
      </Placemark>
      <Placemark>
        <name>Alg. begraafplaats, Strijen</name>
        <styleUrl>#icon-22-nodesc</styleUrl>
        <Point>
          <coordinates>
            4.549443,51.745075,0
          </coordinates>
        </Point>
      </Placemark>
      <Placemark>
        <name>Alg. begraafplaats, Cillaarshoek</name>
        <styleUrl>#icon-22-nodesc</styleUrl>
        <Point>
          <coordinates>
            4.547443,51.773484,0
          </coordinates>
        </Point>
      </Placemark>
      <Placemark>
        <name>Gemeentelijk kerkhof St. Anthonie-Polder, Maasdam</name>
        <styleUrl>#icon-22-nodesc</styleUrl>
        <Point>
          <coordinates>
            4.532215,51.797113,0
          </coordinates>
        </Point>
      </Placemark>
      <Placemark>
        <name>Begraafplaats Neder-Hardinxveld, Giessendam</name>
        <styleUrl>#icon-22-nodesc</styleUrl>
        <Point>
          <coordinates>
            4.836445,51.82869,0
          </coordinates>
        </Point>
      </Placemark>
      <Placemark>
        <name>Gemeentelijke begraafplaats, Sliedrecht</name>
        <styleUrl>#icon-22-nodesc</styleUrl>
        <Point>
          <coordinates>
            4.774543,51.825097,0
          </coordinates>
        </Point>
      </Placemark>
      <Placemark>
        <name>Gem. kerkhof, Molenaarsgraaf</name>
        <styleUrl>#icon-22-nodesc</styleUrl>
        <Point>
          <coordinates>
            4.818226,51.875383,0
          </coordinates>
        </Point>
      </Placemark>
      <Placemark>
        <name>Gem. begraafplaats Duinrust, Katwijk aan Zee</name>
        <styleUrl>#poly-AA0000-3000-140-nodesc</styleUrl>
        <Polygon>
          <outerBoundaryIs>
            <LinearRing>
              <tessellate>1</tessellate>
              <coordinates>
                4.401208,52.199744,0
                4.401187,52.199483,0
                4.401166,52.199237,0
                4.401383,52.199025,0
                4.401861,52.198819,0
                4.401963,52.198897,0
                4.402434,52.198738,0
                4.40304,52.199647,0
                4.402215,52.199841,0
                4.401848,52.199828,0
                4.401408,52.199791,0
                4.401208,52.199744,0
              </coordinates>
            </LinearRing>
          </outerBoundaryIs>
        </Polygon>
      </Placemark>
      <Placemark>
        <name>Portugees-Joodse Begraafplaats, Rotterdam</name>
        <styleUrl>#poly-AA0000-3000-140-nodesc</styleUrl>
        <Polygon>
          <outerBoundaryIs>
            <LinearRing>
              <tessellate>1</tessellate>
              <coordinates>
                4.488055,51.925345,0
                4.488034,51.92516,0
                4.488487,51.925094,0
                4.488571,51.925317,0
                4.488055,51.925345,0
              </coordinates>
            </LinearRing>
          </outerBoundaryIs>
        </Polygon>
      </Placemark>
      <Placemark>
        <name>Joodse begraafplaats Oostzeedijk, Rotterdam</name>
        <styleUrl>#poly-AA0000-3000-140-nodesc</styleUrl>
        <Polygon>
          <outerBoundaryIs>
            <LinearRing>
              <tessellate>1</tessellate>
              <coordinates>
                4.503582,51.92187,0
                4.503646,51.922,0
                4.502789,51.922177,0
                4.502738,51.922051,0
                4.503582,51.92187,0
              </coordinates>
            </LinearRing>
          </outerBoundaryIs>
        </Polygon>
      </Placemark>
      <Placemark>
        <name>Gem. begraafplaats Holy, Vlaardingen</name>
        <styleUrl>#poly-AA0000-3000-140-nodesc</styleUrl>
        <Polygon>
          <outerBoundaryIs>
            <LinearRing>
              <tessellate>1</tessellate>
              <coordinates>
                4.335904,51.939845,0
                4.336855,51.938237,0
                4.338301,51.938575,0
                4.341111,51.939165,0
                4.340155,51.940746,0
                4.335904,51.939845,0
              </coordinates>
            </LinearRing>
          </outerBoundaryIs>
        </Polygon>
      </Placemark>
      <Placemark>
        <name>NH Kerkhof, Kethel (Schiedam)</name>
        <styleUrl>#poly-AA0000-3000-140-nodesc</styleUrl>
        <Polygon>
          <outerBoundaryIs>
            <LinearRing>
              <tessellate>1</tessellate>
              <coordinates>
                4.377451,51.937157,0
                4.377651,51.937164,0
                4.37768,51.937188,0
                4.377687,51.937223,0
                4.37767,51.93729,0
                4.377639,51.937326,0
                4.377604,51.937336,0
                4.377445,51.937328,0
                4.377451,51.937157,0
              </coordinates>
            </LinearRing>
          </outerBoundaryIs>
        </Polygon>
      </Placemark>
      <Placemark>
        <name>HH Jacobus en Martinusbegraafplaats, Kerkbuurt (Schiedam)</name>
        <styleUrl>#poly-AA0000-3000-140-nodesc</styleUrl>
        <Polygon>
          <outerBoundaryIs>
            <LinearRing>
              <tessellate>1</tessellate>
              <coordinates>
                4.387707,51.943609,0
                4.387852,51.943431,0
                4.388195,51.943556,0
                4.388069,51.943724,0
                4.387707,51.943609,0
              </coordinates>
            </LinearRing>
          </outerBoundaryIs>
        </Polygon>
      </Placemark>
      <Placemark>
        <name>NH Kerkhof, Vierpolders</name>
        <styleUrl>#poly-AA0000-3000-140-nodesc</styleUrl>
        <Polygon>
          <outerBoundaryIs>
            <LinearRing>
              <tessellate>1</tessellate>
              <coordinates>
                4.180461,51.879157,0
                4.180504,51.879164,0
                4.180604,51.879219,0
                4.180796,51.879323,0
                4.180666,51.879556,0
                4.180667,51.879648,0
                4.180497,51.879827,0
                4.180457,51.879856,0
                4.180289,51.879775,0
                4.180203,51.879733,0
                4.180022,51.87957,0
                4.179858,51.879618,0
                4.179678,51.879387,0
                4.180373,51.879164,0
                4.180461,51.879157,0
              </coordinates>
            </LinearRing>
          </outerBoundaryIs>
        </Polygon>
      </Placemark>
      <Placemark>
        <name>Gem. begraafplaats, Zwartewaal</name>
        <styleUrl>#poly-AA0000-3000-140-nodesc</styleUrl>
        <Polygon>
          <outerBoundaryIs>
            <LinearRing>
              <tessellate>1</tessellate>
              <coordinates>
                4.214188,51.877139,0
                4.213985,51.877487,0
                4.214044,51.877502,0
                4.21374,51.878005,0
                4.213683,51.878083,0
                4.213605,51.878152,0
                4.213551,51.878189,0
                4.213296,51.87769,0
                4.213481,51.877371,0
                4.213507,51.877377,0
                4.21371,51.877028,0
                4.214188,51.877139,0
              </coordinates>
            </LinearRing>
          </outerBoundaryIs>
        </Polygon>
      </Placemark>
      <Placemark>
        <name>Gem. kerkhof, Abbenbroek</name>
        <styleUrl>#poly-AA0000-3000-140-nodesc</styleUrl>
        <Polygon>
          <outerBoundaryIs>
            <LinearRing>
              <tessellate>1</tessellate>
              <coordinates>
                4.241029,51.848262,0
                4.241522,51.848404,0
                4.24125,51.848423,0
                4.241239,51.848388,0
                4.240872,51.848421,0
                4.240881,51.848466,0
                4.240846,51.848468,0
                4.240866,51.848577,0
                4.240897,51.848576,0
                4.240902,51.848602,0
                4.240718,51.84862,0
                4.240649,51.848572,0
                4.240578,51.848321,0
                4.241029,51.848262,0
              </coordinates>
            </LinearRing>
          </outerBoundaryIs>
        </Polygon>
      </Placemark>
      <Placemark>
        <name>Gem. begraafplaats, Abbenbroek</name>
        <styleUrl>#poly-AA0000-3000-140-nodesc</styleUrl>
        <Polygon>
          <outerBoundaryIs>
            <LinearRing>
              <tessellate>1</tessellate>
              <coordinates>
                4.238297,51.846588,0
                4.238344,51.84668,0
                4.238285,51.8467,0
                4.238194,51.846741,0
                4.238149,51.846795,0
                4.238174,51.846853,0
                4.238215,51.846918,0
                4.238275,51.846941,0
                4.238348,51.84693,0
                4.238425,51.84693,0
                4.238451,51.846949,0
                4.238029,51.847055,0
                4.237657,51.847189,0
                4.237384,51.846874,0
                4.238297,51.846588,0
              </coordinates>
            </LinearRing>
          </outerBoundaryIs>
        </Polygon>
      </Placemark>
      <Placemark>
        <name>NH Kerkhof, Oudenhoorn</name>
        <styleUrl>#poly-AA0000-3000-140-nodesc</styleUrl>
        <Polygon>
          <outerBoundaryIs>
            <LinearRing>
              <tessellate>1</tessellate>
              <coordinates>
                4.191619,51.827676,0
                4.191741,51.827669,0
                4.191869,51.827705,0
                4.192017,51.827824,0
                4.19213,51.827932,0
                4.192086,51.828048,0
                4.191589,51.828273,0
                4.191436,51.828307,0
                4.191294,51.828285,0
                4.191152,51.82823,0
                4.190988,51.828103,0
                4.190978,51.828015,0
                4.191033,51.827947,0
                4.191201,51.827836,0
                4.191435,51.827729,0
                4.191619,51.827676,0
              </coordinates>
            </LinearRing>
          </outerBoundaryIs>
        </Polygon>
      </Placemark>
      <Placemark>
        <name>Gem. begraafplaats, Oudenhoorn</name>
        <styleUrl>#poly-AA0000-3000-140-nodesc</styleUrl>
        <Polygon>
          <outerBoundaryIs>
            <LinearRing>
              <tessellate>1</tessellate>
              <coordinates>
                4.191578,51.826536,0
                4.191578,51.826522,0
                4.192168,51.826212,0
                4.192419,51.826062,0
                4.192443,51.826056,0
                4.192477,51.826061,0
                4.192784,51.826223,0
                4.192813,51.826261,0
                4.192809,51.82634,0
                4.192466,51.826525,0
                4.19197,51.826785,0
                4.191943,51.826793,0
                4.191898,51.826767,0
                4.191578,51.826536,0
              </coordinates>
            </LinearRing>
          </outerBoundaryIs>
        </Polygon>
      </Placemark>
      <Placemark>
        <name>Gem. begraafplaats, Zuidland</name>
        <styleUrl>#poly-AA0000-3000-140-nodesc</styleUrl>
        <Polygon>
          <outerBoundaryIs>
            <LinearRing>
              <tessellate>1</tessellate>
              <coordinates>
                4.255714,51.817834,0
                4.256704,51.817331,0
                4.256732,51.81733,0
                4.257985,51.818254,0
                4.256957,51.818775,0
                4.255714,51.817834,0
              </coordinates>
            </LinearRing>
          </outerBoundaryIs>
        </Polygon>
      </Placemark>
      <Placemark>
        <name>Oude gem. begraafplaats, Zuidland</name>
        <styleUrl>#poly-AA0000-3000-140-nodesc</styleUrl>
        <Polygon>
          <outerBoundaryIs>
            <LinearRing>
              <tessellate>1</tessellate>
              <coordinates>
                4.256706,51.820815,0
                4.257373,51.821111,0
                4.257075,51.821351,0
                4.256324,51.821013,0
                4.256706,51.820815,0
              </coordinates>
            </LinearRing>
          </outerBoundaryIs>
        </Polygon>
      </Placemark>
      <Placemark>
        <name>NH Kerkhof, Simonshaven</name>
        <styleUrl>#poly-AA0000-3000-140-nodesc</styleUrl>
        <Polygon>
          <outerBoundaryIs>
            <LinearRing>
              <tessellate>1</tessellate>
              <coordinates>
                4.291392,51.823883,0
                4.291418,51.823839,0
                4.291421,51.82382,0
                4.291427,51.823808,0
                4.291615,51.82388,0
                4.291656,51.823928,0
                4.291654,51.823979,0
                4.29165,51.824053,0
                4.291618,51.824119,0
                4.291511,51.824358,0
                4.290969,51.824276,0
                4.290997,51.82418,0
                4.291328,51.824198,0
                4.291346,51.824066,0
                4.291291,51.824063,0
                4.291258,51.824045,0
                4.291273,51.82402,0
                4.291392,51.823883,0
              </coordinates>
            </LinearRing>
          </outerBoundaryIs>
        </Polygon>
      </Placemark>
      <Placemark>
        <name>Gem. begraafplaats, Hekelingen</name>
        <styleUrl>#poly-AA0000-3000-140-nodesc</styleUrl>
        <Polygon>
          <outerBoundaryIs>
            <LinearRing>
              <tessellate>1</tessellate>
              <coordinates>
                4.340338,51.827095,0
                4.340398,51.827016,0
                4.340456,51.826996,0
                4.340882,51.826985,0
                4.341088,51.82698,0
                4.341208,51.827033,0
                4.341274,51.827107,0
                4.34127,51.827143,0
                4.34118,51.827267,0
                4.341103,51.827328,0
                4.341017,51.827355,0
                4.340825,51.827402,0
                4.340759,51.827402,0
                4.340711,51.827392,0
                4.340671,51.827368,0
                4.340354,51.827119,0
                4.340338,51.827095,0
              </coordinates>
            </LinearRing>
          </outerBoundaryIs>
        </Polygon>
      </Placemark>
      <Placemark>
        <name>Gem. begraafplaats Vredehof, Spijkenisse</name>
        <styleUrl>#poly-AA0000-3000-140-nodesc</styleUrl>
        <Polygon>
          <outerBoundaryIs>
            <LinearRing>
              <tessellate>1</tessellate>
              <coordinates>
                4.321937,51.847927,0
                4.323076,51.846855,0
                4.323789,51.847375,0
                4.323141,51.848057,0
                4.323081,51.848173,0
                4.322754,51.848045,0
                4.322638,51.848154,0
                4.321937,51.847927,0
              </coordinates>
            </LinearRing>
          </outerBoundaryIs>
        </Polygon>
      </Placemark>
      <Placemark>
        <name>Gem. begraafplaats De Ommering, Spijkenisse</name>
        <styleUrl>#poly-AA0000-3000-140-nodesc</styleUrl>
        <Polygon>
          <outerBoundaryIs>
            <LinearRing>
              <tessellate>1</tessellate>
              <coordinates>
                4.300287,51.858791,0
                4.300729,51.858299,0
                4.301316,51.858324,0
                4.301987,51.858414,0
                4.302416,51.858502,0
                4.303465,51.858945,0
                4.303428,51.859219,0
                4.30208,51.860691,0
                4.301614,51.860547,0
                4.300987,51.860027,0
                4.300759,51.859961,0
                4.30049,51.86009,0
                4.299381,51.859696,0
                4.299717,51.859314,0
                4.300287,51.858791,0
              </coordinates>
            </LinearRing>
          </outerBoundaryIs>
        </Polygon>
      </Placemark>
      <Placemark>
        <name>Begraafplaats OudHoogvliet, Hoogvliet</name>
        <styleUrl>#poly-AA0000-3000-140-nodesc</styleUrl>
        <Polygon>
          <outerBoundaryIs>
            <LinearRing>
              <tessellate>1</tessellate>
              <coordinates>
                4.361039,51.863927,0
                4.360087,51.863652,0
                4.360325,51.863337,0
                4.361055,51.863567,0
                4.361039,51.863645,0
                4.361039,51.863927,0
              </coordinates>
            </LinearRing>
          </outerBoundaryIs>
        </Polygon>
      </Placemark>
      <Placemark>
        <name>Gemeentelijke begraafplaats Brandwijk en Molenaarsgraaf, Brandwijk</name>
        <styleUrl>#icon-22-nodesc</styleUrl>
        <Point>
          <coordinates>
            4.821174,51.88,0
          </coordinates>
        </Point>
      </Placemark>
      <Placemark>
        <name>Portugees-Joodse Begraafplaats, Rotterdam</name>
        <styleUrl>#icon-1899-DB4436-nodesc</styleUrl>
        <Point>
          <coordinates>
            4.488425,51.925322,0
          </coordinates>
        </Point>
      </Placemark>
      <Placemark>
        <name>Joodse begraafplaats Oostzeedijk, Rotterdam</name>
        <styleUrl>#icon-1899-DB4436-nodesc</styleUrl>
        <Point>
          <coordinates>
            4.502823,51.922166,0
          </coordinates>
        </Point>
      </Placemark>
      <Placemark>
        <name>Gem. begraafplaats Holy, Vlaardingen</name>
        <styleUrl>#icon-22-nodesc</styleUrl>
        <Point>
          <coordinates>
            4.33781,51.938555,0
          </coordinates>
        </Point>
      </Placemark>
      <Placemark>
        <name>NH Kerkhof, Kethel (Schiedam)</name>
        <styleUrl>#icon-22-nodesc</styleUrl>
        <Point>
          <coordinates>
            4.377468,51.937162,0
          </coordinates>
        </Point>
      </Placemark>
      <Placemark>
        <name>HH Jacobus en Martinusbegraafplaats, Kerkbuurt (Schiedam)</name>
        <styleUrl>#icon-22-nodesc</styleUrl>
        <Point>
          <coordinates>
            4.387791,51.943532,0
          </coordinates>
        </Point>
      </Placemark>
      <Placemark>
        <name>NH Kerkhof, Vierpolders</name>
        <styleUrl>#icon-22-nodesc</styleUrl>
        <Point>
          <coordinates>
            4.180305,51.879778,0
          </coordinates>
        </Point>
      </Placemark>
      <Placemark>
        <name>Gem. begraafplaats, Zwartewaal</name>
        <styleUrl>#icon-22-nodesc</styleUrl>
        <Point>
          <coordinates>
            4.213545,51.878144,0
          </coordinates>
        </Point>
      </Placemark>
      <Placemark>
        <name>Gem. kerkhof, Abbenbroek</name>
        <styleUrl>#icon-22-nodesc</styleUrl>
        <Point>
          <coordinates>
            4.241194,51.848361,0
          </coordinates>
        </Point>
      </Placemark>
      <Placemark>
        <name>Gem. begraafplaats, Abbenbroek</name>
        <styleUrl>#icon-22-nodesc</styleUrl>
        <Point>
          <coordinates>
            4.238175,51.84685,0
          </coordinates>
        </Point>
      </Placemark>
      <Placemark>
        <name>NH Kerkhof, Oudenhoorn</name>
        <styleUrl>#icon-22-nodesc</styleUrl>
        <Point>
          <coordinates>
            4.192397,51.826557,0
          </coordinates>
        </Point>
      </Placemark>
      <Placemark>
        <name>Gem. begraafplaats, Zuidland</name>
        <styleUrl>#icon-22-nodesc</styleUrl>
        <Point>
          <coordinates>
            4.257447,51.818501,0
          </coordinates>
        </Point>
      </Placemark>
      <Placemark>
        <name>Oude gem. begraafplaats, Zuidland</name>
        <styleUrl>#icon-22-nodesc</styleUrl>
        <Point>
          <coordinates>
            4.257022,51.821311,0
          </coordinates>
        </Point>
      </Placemark>
      <Placemark>
        <name>NH Kerkhof, Simonshaven</name>
        <styleUrl>#icon-22-nodesc</styleUrl>
        <Point>
          <coordinates>
            4.2914,51.823793,0
          </coordinates>
        </Point>
      </Placemark>
      <Placemark>
        <name>Gem. begraafplaats, Hekelingen</name>
        <styleUrl>#icon-22-nodesc</styleUrl>
        <Point>
          <coordinates>
            4.34132,51.827102,0
          </coordinates>
        </Point>
      </Placemark>
      <Placemark>
        <name>Gem. begraafplaats Vredehof, Spijkenisse</name>
        <styleUrl>#icon-22-nodesc</styleUrl>
        <Point>
          <coordinates>
            4.322297,51.848014,0
          </coordinates>
        </Point>
      </Placemark>
      <Placemark>
        <name>Gem. begraafplaats De Ommering, Spijkenisse</name>
        <styleUrl>#icon-22-nodesc</styleUrl>
        <Point>
          <coordinates>
            4.301835,51.860602,0
          </coordinates>
        </Point>
      </Placemark>
      <Placemark>
        <name>Begraafplaats Oudeland, Hoogvliet</name>
        <styleUrl>#poly-AA0000-3000-140-nodesc</styleUrl>
        <Polygon>
          <outerBoundaryIs>
            <LinearRing>
              <tessellate>1</tessellate>
              <coordinates>
                4.364203,51.873406,0
                4.364441,51.873274,0
                4.365967,51.87287,0
                4.367924,51.872369,0
                4.368798,51.87217,0
                4.368951,51.872172,0
                4.369034,51.872228,0
                4.369136,51.872392,0
                4.369453,51.87297,0
                4.369517,51.873251,0
                4.369533,51.873549,0
                4.369555,51.87393,0
                4.369584,51.874224,0
                4.369556,51.874306,0
                4.369486,51.874351,0
                4.369365,51.874346,0
                4.369151,51.874285,0
                4.368909,51.874193,0
                4.368354,51.874024,0
                4.368012,51.873952,0
                4.367647,51.873933,0
                4.367203,51.87392,0
                4.366585,51.873914,0
                4.365598,51.873908,0
                4.365063,51.873871,0
                4.364446,51.873748,0
                4.36424,51.873672,0
                4.364165,51.873529,0
                4.364203,51.873406,0
              </coordinates>
            </LinearRing>
          </outerBoundaryIs>
        </Polygon>
      </Placemark>
      <Placemark>
        <name>Gem. kerkhof, Poortugaal</name>
        <styleUrl>#poly-AA0000-3000-140-nodesc</styleUrl>
        <Polygon>
          <outerBoundaryIs>
            <LinearRing>
              <tessellate>1</tessellate>
              <coordinates>
                4.390168,51.860567,0
                4.390668,51.860503,0
                4.391145,51.860478,0
                4.391942,51.860424,0
                4.391954,51.860545,0
                4.391691,51.860936,0
                4.393193,51.861284,0
                4.394063,51.861499,0
                4.393896,51.861718,0
                4.393793,51.861772,0
                4.393657,51.861817,0
                4.39312,51.861877,0
                4.392889,51.861903,0
                4.39221,51.861933,0
                4.39229,51.861821,0
                4.392287,51.861763,0
                4.39226,51.86173,0
                4.39221,51.861705,0
                4.391672,51.861554,0
                4.391325,51.861487,0
                4.390957,51.861504,0
                4.390784,51.861443,0
                4.390641,51.861362,0
                4.390604,51.861314,0
                4.390542,51.86127,0
                4.390181,51.861135,0
                4.390015,51.861047,0
                4.389942,51.861004,0
                4.389825,51.860913,0
                4.38964,51.860694,0
                4.389626,51.860651,0
                4.390168,51.860567,0
              </coordinates>
            </LinearRing>
          </outerBoundaryIs>
        </Polygon>
      </Placemark>
      <Placemark>
        <name>NH kerkhof, Charlois (geruimd)</name>
        <styleUrl>#poly-AA0000-3000-140-nodesc</styleUrl>
        <Polygon>
          <outerBoundaryIs>
            <LinearRing>
              <tessellate>1</tessellate>
              <coordinates>
                4.465917,51.892476,0
                4.466127,51.892481,0
                4.466407,51.892535,0
                4.466581,51.892605,0
                4.46668,51.892792,0
                4.466573,51.892916,0
                4.466385,51.893024,0
                4.466021,51.893109,0
                4.465969,51.893011,0
                4.465721,51.893043,0
                4.465588,51.89284,0
                4.46535,51.892888,0
                4.465183,51.892703,0
                4.465191,51.892662,0
                4.465917,51.892476,0
              </coordinates>
            </LinearRing>
          </outerBoundaryIs>
        </Polygon>
      </Placemark>
      <Placemark>
        <name>NH Kerkhof, Capelle aan den IJssel (geruimd)</name>
        <styleUrl>#poly-AA0000-3000-140-nodesc</styleUrl>
        <Polygon>
          <outerBoundaryIs>
            <LinearRing>
              <tessellate>1</tessellate>
              <coordinates>
                4.595719,51.9262,0
                4.595698,51.926314,0
                4.595397,51.926301,0
                4.595397,51.926309,0
                4.595351,51.926307,0
                4.595342,51.926367,0
                4.595396,51.926372,0
                4.595392,51.926413,0
                4.59581,51.926438,0
                4.595846,51.926426,0
                4.595871,51.926407,0
                4.595871,51.926387,0
                4.596005,51.926414,0
                4.595989,51.926475,0
                4.59585,51.926528,0
                4.595653,51.926544,0
                4.59543,51.926551,0
                4.595212,51.926518,0
                4.595226,51.92645,0
                4.595253,51.9264,0
                4.595279,51.926341,0
                4.595328,51.926289,0
                4.595362,51.926253,0
                4.595439,51.926233,0
                4.595719,51.9262,0
              </coordinates>
            </LinearRing>
          </outerBoundaryIs>
        </Polygon>
      </Placemark>
      <Placemark>
        <name>Begraafplaats Schollevaar, Capelle aan den IJssel</name>
        <styleUrl>#poly-AA0000-3000-140-nodesc</styleUrl>
        <Polygon>
          <outerBoundaryIs>
            <LinearRing>
              <tessellate>1</tessellate>
              <coordinates>
                4.58793,51.957192,0
                4.591672,51.958859,0
                4.59021,51.960105,0
                4.587978,51.959076,0
                4.58815,51.958924,0
                4.587487,51.958614,0
                4.587729,51.958394,0
                4.586929,51.958073,0
                4.58793,51.957192,0
              </coordinates>
            </LinearRing>
          </outerBoundaryIs>
        </Polygon>
      </Placemark>
      <Placemark>
        <name>Nieuwe gem. begraafplaats Essenhof, Nieuwerkerk aan den IJssel</name>
        <styleUrl>#poly-AA0000-3000-140-nodesc</styleUrl>
        <Polygon>
          <outerBoundaryIs>
            <LinearRing>
              <tessellate>1</tessellate>
              <coordinates>
                4.604193,51.957671,0
                4.60423,51.957664,0
                4.604325,51.9577,0
                4.605394,51.958182,0
                4.605461,51.958279,0
                4.605716,51.95836,0
                4.605821,51.958378,0
                4.611212,51.960829,0
                4.610649,51.961323,0
                4.608801,51.960459,0
                4.606801,51.959577,0
                4.607284,51.959169,0
                4.606614,51.958865,0
                4.606131,51.959303,0
                4.603515,51.95828,0
                4.603497,51.958257,0
                4.604193,51.957671,0
              </coordinates>
            </LinearRing>
          </outerBoundaryIs>
        </Polygon>
      </Placemark>
      <Placemark>
        <name>Oude gem. begraafplaats, Nieuwerkerk aan den IJssel</name>
        <styleUrl>#poly-AA0000-3000-140-nodesc</styleUrl>
        <Polygon>
          <outerBoundaryIs>
            <LinearRing>
              <tessellate>1</tessellate>
              <coordinates>
                4.618764,51.964377,0
                4.619108,51.964708,0
                4.618541,51.964919,0
                4.618238,51.964603,0
                4.618234,51.964561,0
                4.618764,51.964377,0
              </coordinates>
            </LinearRing>
          </outerBoundaryIs>
        </Polygon>
      </Placemark>
      <Placemark>
        <name>RK begraafplaats, Nieuwerkerk aan den IJssel</name>
        <styleUrl>#poly-AA0000-3000-140-nodesc</styleUrl>
        <Polygon>
          <outerBoundaryIs>
            <LinearRing>
              <tessellate>1</tessellate>
              <coordinates>
                4.624265,51.962148,0
                4.624375,51.962321,0
                4.62412,51.962383,0
                4.62401,51.962208,0
                4.624265,51.962148,0
              </coordinates>
            </LinearRing>
          </outerBoundaryIs>
        </Polygon>
      </Placemark>
      <Placemark>
        <name>Grafkelder Drost-IJserman, Moordrecht</name>
        <styleUrl>#poly-AA0000-3000-140-nodesc</styleUrl>
        <Polygon>
          <outerBoundaryIs>
            <LinearRing>
              <tessellate>1</tessellate>
              <coordinates>
                4.669169,51.983537,0
                4.669197,51.983621,0
                4.669026,51.98365,0
                4.669004,51.983558,0
                4.669169,51.983537,0
              </coordinates>
            </LinearRing>
          </outerBoundaryIs>
        </Polygon>
      </Placemark>
      <Placemark>
        <name>Oude gem. begraafplaats, Moordrecht</name>
        <styleUrl>#poly-AA0000-3000-140-nodesc</styleUrl>
        <Polygon>
          <outerBoundaryIs>
            <LinearRing>
              <tessellate>1</tessellate>
              <coordinates>
                4.6675,51.987483,0
                4.667374,51.987364,0
                4.667195,51.987154,0
                4.667472,51.987053,0
                4.668152,51.987627,0
                4.667816,51.98777,0
                4.6675,51.987483,0
              </coordinates>
            </LinearRing>
          </outerBoundaryIs>
        </Polygon>
      </Placemark>
      <Placemark>
        <name>RK Kerkhof H. Johannes Onthoofding, Moordrecht</name>
        <styleUrl>#poly-AA0000-3000-140-nodesc</styleUrl>
        <Polygon>
          <outerBoundaryIs>
            <LinearRing>
              <tessellate>1</tessellate>
              <coordinates>
                4.677007,51.991915,0
                4.677124,51.992015,0
                4.676867,51.992131,0
                4.676749,51.99203,0
                4.677007,51.991915,0
              </coordinates>
            </LinearRing>
          </outerBoundaryIs>
        </Polygon>
      </Placemark>
      <Placemark>
        <name>Gem. begraafplaats Middelweg, Moordrecht</name>
        <styleUrl>#poly-AA0000-3000-140-nodesc</styleUrl>
        <Polygon>
          <outerBoundaryIs>
            <LinearRing>
              <tessellate>1</tessellate>
              <coordinates>
                4.656633,51.991328,0
                4.656779,51.991219,0
                4.656728,51.991181,0
                4.657051,51.990988,0
                4.657116,51.99102,0
                4.657242,51.990947,0
                4.65859,51.991746,0
                4.657939,51.992159,0
                4.656633,51.991328,0
              </coordinates>
            </LinearRing>
          </outerBoundaryIs>
        </Polygon>
      </Placemark>
      <Placemark>
        <name>NH kerkhof, Zevenhuizen (geruimd)</name>
        <styleUrl>#poly-AA0000-3000-140-nodesc</styleUrl>
        <Polygon>
          <outerBoundaryIs>
            <LinearRing>
              <tessellate>1</tessellate>
              <coordinates>
                4.581597,52.012301,0
                4.581688,52.012283,0
                4.581855,52.012283,0
                4.581997,52.01234,0
                4.582036,52.012437,0
                4.582057,52.012534,0
                4.581991,52.012608,0
                4.581938,52.012692,0
                4.58181,52.012711,0
                4.581677,52.012715,0
                4.581529,52.012678,0
                4.581433,52.012646,0
                4.581362,52.012575,0
                4.581471,52.012566,0
                4.581473,52.012594,0
                4.581927,52.012598,0
                4.581943,52.012539,0
                4.581982,52.012534,0
                4.582016,52.012513,0
                4.581982,52.012484,0
                4.581926,52.01248,0
                4.581807,52.012466,0
                4.581805,52.012452,0
                4.581354,52.012445,0
                4.581448,52.012364,0
                4.581597,52.012301,0
              </coordinates>
            </LinearRing>
          </outerBoundaryIs>
        </Polygon>
      </Placemark>
      <Placemark>
        <name>NH Kerkhof, Benthuizen</name>
        <styleUrl>#poly-AA0000-3000-140-nodesc</styleUrl>
        <Polygon>
          <outerBoundaryIs>
            <LinearRing>
              <tessellate>1</tessellate>
              <coordinates>
                4.540592,52.077118,0
                4.540614,52.076982,0
                4.540659,52.07698,0
                4.540683,52.076924,0
                4.540829,52.076931,0
                4.54086,52.076978,0
                4.540877,52.077033,0
                4.540845,52.077134,0
                4.540592,52.077118,0
              </coordinates>
            </LinearRing>
          </outerBoundaryIs>
        </Polygon>
      </Placemark>
      <Placemark>
        <name>Joods deel achter de alg. begraafplaats, Leerdam</name>
        <styleUrl>#poly-AA0000-3000-140-nodesc</styleUrl>
        <Polygon>
          <outerBoundaryIs>
            <LinearRing>
              <tessellate>1</tessellate>
              <coordinates>
                5.083224,51.881496,0
                5.083189,51.881514,0
                5.083065,51.881436,0
                5.083102,51.88142,0
                5.083224,51.881496,0
              </coordinates>
            </LinearRing>
          </outerBoundaryIs>
        </Polygon>
      </Placemark>
      <Placemark>
        <name>NH Kerkhof, Oosterwijk</name>
        <styleUrl>#poly-AA0000-3000-140-nodesc</styleUrl>
        <Polygon>
          <outerBoundaryIs>
            <LinearRing>
              <tessellate>1</tessellate>
              <coordinates>
                5.078337,51.878937,0
                5.078442,51.878708,0
                5.07854,51.878714,0
                5.078534,51.878744,0
                5.078489,51.878741,0
                5.078482,51.878782,0
                5.07852,51.878783,0
                5.078518,51.878806,0
                5.078743,51.878817,0
                5.078748,51.878782,0
                5.07893,51.878792,0
                5.078655,51.879181,0
                5.078401,51.879112,0
                5.078482,51.87899,0
                5.078438,51.87898,0
                5.078451,51.878964,0
                5.078337,51.878937,0
              </coordinates>
            </LinearRing>
          </outerBoundaryIs>
        </Polygon>
      </Placemark>
      <Placemark>
        <name>Begraafplaats OudHoogvliet, Hoogvliet</name>
        <styleUrl>#icon-22-nodesc</styleUrl>
        <Point>
          <coordinates>
            4.359106,51.86328,0
          </coordinates>
        </Point>
      </Placemark>
      <Placemark>
        <name>Begraafplaats Oudeland, Hoogvliet</name>
        <styleUrl>#icon-22-nodesc</styleUrl>
        <Point>
          <coordinates>
            4.367407,51.872466,0
          </coordinates>
        </Point>
      </Placemark>
      <Placemark>
        <name>Gem. kerkhof, Poortugaal</name>
        <styleUrl>#icon-22-nodesc</styleUrl>
        <Point>
          <coordinates>
            4.38962,51.860693,0
          </coordinates>
        </Point>
      </Placemark>
      <Placemark>
        <name>NH kerkhof, Charlois (geruimd)</name>
        <styleUrl>#icon-1899-DB4436-nodesc</styleUrl>
        <Point>
          <coordinates>
            4.46624,51.893006,0
          </coordinates>
        </Point>
      </Placemark>
      <Placemark>
        <name>NH Kerkhof, Capelle aan den IJssel (geruimd)</name>
        <styleUrl>#icon-1899-DB4436-nodesc</styleUrl>
        <Point>
          <coordinates>
            4.595296,51.926324,0
          </coordinates>
        </Point>
      </Placemark>
      <Placemark>
        <name>Begraafplaats Schollevaar, Capelle aan den IJssel</name>
        <styleUrl>#icon-22-nodesc</styleUrl>
        <Point>
          <coordinates>
            4.588072,51.958966,0
          </coordinates>
        </Point>
      </Placemark>
      <Placemark>
        <name>Nieuwe gem. begraafplaats Essenhof, Nieuwerkerk aan den IJssel</name>
        <styleUrl>#icon-22-nodesc</styleUrl>
        <Point>
          <coordinates>
            4.607032,51.959043,0
          </coordinates>
        </Point>
      </Placemark>
      <Placemark>
        <name>Oude gem. begraafplaats, Nieuwerkerk aan den IJssel</name>
        <styleUrl>#icon-22-nodesc</styleUrl>
        <Point>
          <coordinates>
            4.618915,51.96454,0
          </coordinates>
        </Point>
      </Placemark>
      <Placemark>
        <name>RK begraafplaats, Nieuwerkerk aan den IJssel</name>
        <styleUrl>#icon-22-nodesc</styleUrl>
        <Point>
          <coordinates>
            4.62275,51.962424,0
          </coordinates>
        </Point>
      </Placemark>
      <Placemark>
        <name>Grafkelder Drost-IJserman, Moordrecht</name>
        <styleUrl>#icon-22-nodesc</styleUrl>
        <Point>
          <coordinates>
            4.669014,51.983597,0
          </coordinates>
        </Point>
      </Placemark>
      <Placemark>
        <name>Oude gem. begraafplaats, Moordrecht</name>
        <styleUrl>#icon-22-nodesc</styleUrl>
        <Point>
          <coordinates>
            4.667422,51.986947,0
          </coordinates>
        </Point>
      </Placemark>
      <Placemark>
        <name>RK Kerkhof H. Johannes Onthoofding, Moordrecht</name>
        <styleUrl>#icon-22-nodesc</styleUrl>
        <Point>
          <coordinates>
            4.677065,51.991968,0
          </coordinates>
        </Point>
      </Placemark>
      <Placemark>
        <name>Gem. begraafplaats Middelweg, Moordrecht</name>
        <styleUrl>#icon-22-nodesc</styleUrl>
        <Point>
          <coordinates>
            4.65825,51.991968,0
          </coordinates>
        </Point>
      </Placemark>
      <Placemark>
        <name>NH kerkhof, Zevenhuizen (geruimd)</name>
        <styleUrl>#icon-1899-DB4436-nodesc</styleUrl>
        <Point>
          <coordinates>
            4.581379,52.012423,0
          </coordinates>
        </Point>
      </Placemark>
      <Placemark>
        <name>NH Kerkhof, Benthuizen</name>
        <styleUrl>#icon-22-nodesc</styleUrl>
        <Point>
          <coordinates>
            4.540616,52.077125,0
          </coordinates>
        </Point>
      </Placemark>
      <Placemark>
        <name>Joods deel achter de alg. begraafplaats, Leerdam</name>
        <styleUrl>#icon-22-nodesc</styleUrl>
        <Point>
          <coordinates>
            5.083161,51.881463,0
          </coordinates>
        </Point>
      </Placemark>
      <Placemark>
        <name>Gem. begraafplaats, Kedichem</name>
        <styleUrl>#poly-AA0000-3000-140-nodesc</styleUrl>
        <Polygon>
          <outerBoundaryIs>
            <LinearRing>
              <tessellate>1</tessellate>
              <coordinates>
                5.050526,51.859912,0
                5.05056,51.859939,0
                5.050467,51.860175,0
                5.05069,51.860234,0
                5.050692,51.860234,0
                5.050678,51.860284,0
                5.049762,51.860127,0
                5.049947,51.859752,0
                5.049959,51.859737,0
                5.050184,51.859791,0
                5.050203,51.859761,0
                5.050274,51.859777,0
                5.050239,51.85983,0
                5.05029,51.859851,0
                5.050526,51.859912,0
              </coordinates>
            </LinearRing>
          </outerBoundaryIs>
        </Polygon>
      </Placemark>
      <Placemark>
        <name>Nieuwe gem. begraafplaats, Leerbroek</name>
        <styleUrl>#poly-AA0000-3000-140-nodesc</styleUrl>
        <Polygon>
          <outerBoundaryIs>
            <LinearRing>
              <tessellate>1</tessellate>
              <coordinates>
                5.05661,51.911797,0
                5.057231,51.911469,0
                5.057754,51.91181,0
                5.05711,51.912178,0
                5.05661,51.911797,0
              </coordinates>
            </LinearRing>
          </outerBoundaryIs>
        </Polygon>
      </Placemark>
      <Placemark>
        <name>NH Kerkhof, Leerbroek</name>
        <styleUrl>#poly-AA0000-3000-140-nodesc</styleUrl>
        <Polygon>
          <outerBoundaryIs>
            <LinearRing>
              <tessellate>1</tessellate>
              <coordinates>
                5.050407,51.908021,0
                5.050744,51.90803,0
                5.050749,51.907998,0
                5.050838,51.908,0
                5.050861,51.907943,0
                5.05095,51.908016,0
                5.050949,51.908016,0
                5.051266,51.908299,0
                5.051129,51.908342,0
                5.050665,51.908337,0
                5.050429,51.908252,0
                5.050357,51.908226,0
                5.05018,51.908145,0
                5.050323,51.908057,0
                5.050335,51.908018,0
                5.050407,51.908021,0
              </coordinates>
            </LinearRing>
          </outerBoundaryIs>
        </Polygon>
      </Placemark>
      <Placemark>
        <name>NH Kerkhof, Nieuwland</name>
        <styleUrl>#poly-AA0000-3000-140-nodesc</styleUrl>
        <Polygon>
          <outerBoundaryIs>
            <LinearRing>
              <tessellate>1</tessellate>
              <coordinates>
                5.013799,51.901081,0
                5.013749,51.90146,0
                5.013933,51.901472,0
                5.013937,51.901499,0
                5.013923,51.901521,0
                5.013904,51.90154,0
                5.013867,51.901556,0
                5.013605,51.901532,0
                5.01361,51.901521,0
                5.013466,51.901505,0
                5.013449,51.90165,0
                5.013865,51.901681,0
                5.013853,51.901713,0
                5.013913,51.901717,0
                5.013902,51.901764,0
                5.013437,51.901719,0
                5.013468,51.901428,0
                5.013352,51.901422,0
                5.013352,51.901363,0
                5.01339,51.901065,0
                5.013799,51.901081,0
              </coordinates>
            </LinearRing>
          </outerBoundaryIs>
        </Polygon>
      </Placemark>
      <Placemark>
        <name>NH Kerkhof, Noordeloos</name>
        <styleUrl>#poly-AA0000-3000-140-nodesc</styleUrl>
        <Polygon>
          <outerBoundaryIs>
            <LinearRing>
              <tessellate>1</tessellate>
              <coordinates>
                4.940925,51.905322,0
                4.941066,51.905017,0
                4.941052,51.904989,0
                4.941031,51.904977,0
                4.940996,51.90497,0
                4.941173,51.904637,0
                4.941423,51.904684,0
                4.941605,51.904716,0
                4.941556,51.904805,0
                4.941732,51.904832,0
                4.941551,51.905278,0
                4.941579,51.905297,0
                4.941556,51.905396,0
                4.941593,51.905419,0
                4.941573,51.905462,0
                4.941524,51.905461,0
                4.941456,51.905431,0
                4.940925,51.905322,0
              </coordinates>
            </LinearRing>
          </outerBoundaryIs>
        </Polygon>
      </Placemark>
      <Placemark>
        <name>Gem. begraafplaats, Bergschenhoek</name>
        <styleUrl>#poly-AA0000-3000-140-nodesc</styleUrl>
        <Polygon>
          <outerBoundaryIs>
            <LinearRing>
              <tessellate>1</tessellate>
              <coordinates>
                4.498663,51.984101,0
                4.498906,51.985085,0
                4.49891,51.985189,0
                4.499076,51.985918,0
                4.49827,51.985999,0
                4.498083,51.985282,0
                4.498826,51.985001,0
                4.498801,51.98483,0
                4.498656,51.984842,0
                4.498489,51.984916,0
                4.498431,51.984959,0
                4.498388,51.984963,0
                4.498347,51.984958,0
                4.498314,51.984939,0
                4.498255,51.984768,0
                4.498292,51.984759,0
                4.498262,51.984655,0
                4.498188,51.984658,0
                4.498168,51.984602,0
                4.498245,51.984593,0
                4.498191,51.984365,0
                4.498163,51.984369,0
                4.498125,51.984179,0
                4.498211,51.984139,0
                4.498537,51.984099,0
                4.498663,51.984101,0
              </coordinates>
            </LinearRing>
          </outerBoundaryIs>
        </Polygon>
      </Placemark>
      <Placemark>
        <name>Willibrordusbegraafplaats, Bergschenhoek</name>
        <styleUrl>#poly-AA0000-3000-140-nodesc</styleUrl>
        <Polygon>
          <outerBoundaryIs>
            <LinearRing>
              <tessellate>1</tessellate>
              <coordinates>
                4.495734,51.987908,0
                4.495466,51.987708,0
                4.495861,51.987505,0
                4.496131,51.98772,0
                4.495734,51.987908,0
              </coordinates>
            </LinearRing>
          </outerBoundaryIs>
        </Polygon>
      </Placemark>
      <Placemark>
        <name>Gem. begraafplaats, Berkel en Rodenrijs</name>
        <styleUrl>#poly-AA0000-3000-140-nodesc</styleUrl>
        <Polygon>
          <outerBoundaryIs>
            <LinearRing>
              <tessellate>1</tessellate>
              <coordinates>
                4.480455,51.993063,0
                4.480138,51.992425,0
                4.481243,51.992226,0
                4.481285,51.992366,0
                4.481666,51.992784,0
                4.481148,51.992905,0
                4.480974,51.992588,0
                4.480909,51.992583,0
                4.480855,51.992588,0
                4.480808,51.992596,0
                4.48075,51.992614,0
                4.480704,51.992643,0
                4.480883,51.99296,0
                4.480455,51.993063,0
              </coordinates>
            </LinearRing>
          </outerBoundaryIs>
        </Polygon>
      </Placemark>
      <Placemark>
        <name>NH Kerkhof, Berkel en Rodenrijd</name>
        <styleUrl>#poly-AA0000-3000-140-nodesc</styleUrl>
        <Polygon>
          <outerBoundaryIs>
            <LinearRing>
              <tessellate>1</tessellate>
              <coordinates>
                4.478294,51.993131,0
                4.478331,51.993009,0
                4.478387,51.992991,0
                4.478499,51.992982,0
                4.478622,51.992981,0
                4.478746,51.992981,0
                4.478829,51.993014,0
                4.478944,51.993141,0
                4.478294,51.993131,0
              </coordinates>
            </LinearRing>
          </outerBoundaryIs>
        </Polygon>
      </Placemark>
      <Placemark>
        <name>OLV Geboortebegraafplaats, Berkel en Rodenrijs</name>
        <styleUrl>#poly-AA0000-3000-140-nodesc</styleUrl>
        <Polygon>
          <outerBoundaryIs>
            <LinearRing>
              <tessellate>1</tessellate>
              <coordinates>
                4.483956,52.001104,0
                4.483965,52.001619,0
                4.48384,52.001675,0
                4.483578,52.00169,0
                4.483326,52.001669,0
                4.48326,52.00159,0
                4.483144,52.001165,0
                4.48314,52.000895,0
                4.483152,52.000864,0
                4.48399,52.000849,0
                4.483996,52.001042,0
                4.483956,52.001104,0
              </coordinates>
            </LinearRing>
          </outerBoundaryIs>
        </Polygon>
      </Placemark>
      <Placemark>
        <name>Gem. begraafplaats, Bleiswijk</name>
        <styleUrl>#poly-AA0000-3000-140-nodesc</styleUrl>
        <Polygon>
          <outerBoundaryIs>
            <LinearRing>
              <tessellate>1</tessellate>
              <coordinates>
                4.525016,52.007779,0
                4.524982,52.007765,0
                4.525009,52.00762,0
                4.525103,52.007314,0
                4.525128,52.007295,0
                4.527131,52.006931,0
                4.527287,52.007258,0
                4.526975,52.007313,0
                4.527018,52.007415,0
                4.526977,52.007444,0
                4.525016,52.007779,0
              </coordinates>
            </LinearRing>
          </outerBoundaryIs>
        </Polygon>
      </Placemark>
      <Placemark>
        <name>RK kerkhof, Bleiswijk</name>
        <styleUrl>#poly-AA0000-3000-140-nodesc</styleUrl>
        <Polygon>
          <outerBoundaryIs>
            <LinearRing>
              <tessellate>1</tessellate>
              <coordinates>
                4.532484,52.014812,0
                4.532459,52.014754,0
                4.532328,52.014773,0
                4.532205,52.014542,0
                4.5326,52.014474,0
                4.532736,52.014771,0
                4.532484,52.014812,0
              </coordinates>
            </LinearRing>
          </outerBoundaryIs>
        </Polygon>
      </Placemark>
      <Placemark>
        <name><![CDATA[NH Kerkhof, 's-Gravendeel (geruimd)]]></name>
        <styleUrl>#poly-AA0000-3000-140-nodesc</styleUrl>
        <Polygon>
          <outerBoundaryIs>
            <LinearRing>
              <tessellate>1</tessellate>
              <coordinates>
                4.616408,51.77876,0
                4.616492,51.778731,0
                4.616553,51.778755,0
                4.616697,51.779214,0
                4.616703,51.779305,0
                4.616491,51.779523,0
                4.615782,51.779233,0
                4.616408,51.77876,0
              </coordinates>
            </LinearRing>
          </outerBoundaryIs>
        </Polygon>
      </Placemark>
      <Placemark>
        <name><![CDATA[Oude begraafplaats, 's-Gravendeel]]></name>
        <styleUrl>#poly-AA0000-3000-140-nodesc</styleUrl>
        <Polygon>
          <outerBoundaryIs>
            <LinearRing>
              <tessellate>1</tessellate>
              <coordinates>
                4.615062,51.779654,0
                4.61481,51.779847,0
                4.613844,51.779356,0
                4.613778,51.779034,0
                4.613801,51.779017,0
                4.615062,51.779654,0
              </coordinates>
            </LinearRing>
          </outerBoundaryIs>
        </Polygon>
      </Placemark>
      <Placemark>
        <name><![CDATA[Gem. begraafplaats, 's-Gravendeel]]></name>
        <styleUrl>#poly-AA0000-3000-140-nodesc</styleUrl>
        <Polygon>
          <outerBoundaryIs>
            <LinearRing>
              <tessellate>1</tessellate>
              <coordinates>
                4.609303,51.782808,0
                4.609149,51.782002,0
                4.609843,51.781952,0
                4.609918,51.782355,0
                4.610505,51.782357,0
                4.611525,51.782313,0
                4.611625,51.782371,0
                4.611815,51.782516,0
                4.612028,51.782651,0
                4.612269,51.782823,0
                4.612303,51.782874,0
                4.612295,51.782913,0
                4.61189,51.783172,0
                4.61183,51.783204,0
                4.610456,51.783288,0
                4.610385,51.782832,0
                4.610219,51.782741,0
                4.609303,51.782808,0
              </coordinates>
            </LinearRing>
          </outerBoundaryIs>
        </Polygon>
      </Placemark>
      <Placemark>
        <name>NH Kerkhof, Maasdam</name>
        <styleUrl>#poly-AA0000-3000-140-nodesc</styleUrl>
        <Polygon>
          <outerBoundaryIs>
            <LinearRing>
              <tessellate>1</tessellate>
              <coordinates>
                4.551956,51.787918,0
                4.551919,51.787883,0
                4.552382,51.787512,0
                4.552947,51.787696,0
                4.552956,51.787865,0
                4.552551,51.78787,0
                4.552554,51.787975,0
                4.552713,51.787973,0
                4.552716,51.788095,0
                4.552443,51.788104,0
                4.551956,51.787918,0
              </coordinates>
            </LinearRing>
          </outerBoundaryIs>
        </Polygon>
      </Placemark>
      <Placemark>
        <name>Begraafplaats De Essenhof, Puttershoek</name>
        <styleUrl>#poly-AA0000-3000-140-nodesc</styleUrl>
        <Polygon>
          <outerBoundaryIs>
            <LinearRing>
              <tessellate>1</tessellate>
              <coordinates>
                4.564423,51.798895,0
                4.56446,51.797982,0
                4.565004,51.797698,0
                4.565417,51.797697,0
                4.565634,51.797866,0
                4.565614,51.79825,0
                4.565437,51.798249,0
                4.56535,51.798248,0
                4.56533,51.798518,0
                4.564831,51.79884,0
                4.564737,51.798903,0
                4.564423,51.798895,0
              </coordinates>
            </LinearRing>
          </outerBoundaryIs>
        </Polygon>
      </Placemark>
      <Placemark>
        <name>Oude alg. begraafplaats, Puttershoek</name>
        <styleUrl>#poly-AA0000-3000-140-nodesc</styleUrl>
        <Polygon>
          <outerBoundaryIs>
            <LinearRing>
              <tessellate>1</tessellate>
              <coordinates>
                4.572081,51.804924,0
                4.57287,51.80463,0
                4.573155,51.804949,0
                4.572372,51.805234,0
                4.572081,51.804924,0
              </coordinates>
            </LinearRing>
          </outerBoundaryIs>
        </Polygon>
      </Placemark>
      <Placemark>
        <name>NH begraafplaats, Puttershoek</name>
        <styleUrl>#poly-AA0000-3000-140-nodesc</styleUrl>
        <Polygon>
          <outerBoundaryIs>
            <LinearRing>
              <tessellate>1</tessellate>
              <coordinates>
                4.574767,51.805203,0
                4.57516,51.805524,0
                4.574797,51.8057,0
                4.575161,51.806005,0
                4.574519,51.806223,0
                4.574247,51.805984,0
                4.574302,51.805962,0
                4.574198,51.805878,0
                4.57428,51.805836,0
                4.573925,51.805532,0
                4.574767,51.805203,0
              </coordinates>
            </LinearRing>
          </outerBoundaryIs>
        </Polygon>
      </Placemark>
      <Placemark>
        <name>Familiebegraafplaats Van Ommeren, Wassenaar</name>
        <styleUrl>#poly-AA0000-3000-140-nodesc</styleUrl>
        <Polygon>
          <outerBoundaryIs>
            <LinearRing>
              <tessellate>1</tessellate>
              <coordinates>
                4.378642,52.121501,0
                4.378635,52.12144,0
                4.378648,52.121401,0
                4.378694,52.121368,0
                4.378763,52.12134,0
                4.378851,52.121324,0
                4.378997,52.121328,0
                4.379121,52.121347,0
                4.379178,52.121365,0
                4.379223,52.121386,0
                4.379243,52.12142,0
                4.379225,52.121447,0
                4.379191,52.121478,0
                4.379091,52.121511,0
                4.378947,52.121544,0
                4.37884,52.121553,0
                4.378721,52.121554,0
                4.378642,52.121501,0
              </coordinates>
            </LinearRing>
          </outerBoundaryIs>
        </Polygon>
      </Placemark>
      <Placemark>
        <name>Joodse begraafplaats, Lekkerkerk</name>
        <styleUrl>#poly-AA0000-3000-140-nodesc</styleUrl>
        <Polygon>
          <outerBoundaryIs>
            <LinearRing>
              <tessellate>1</tessellate>
              <coordinates>
                4.683844,51.902598,0
                4.683856,51.902667,0
                4.683509,51.902655,0
                4.683501,51.902608,0
                4.683844,51.902598,0
              </coordinates>
            </LinearRing>
          </outerBoundaryIs>
        </Polygon>
      </Placemark>
      <Placemark>
        <name>Gem. begraafplaats IJsseldijk, Krimpen aan den IJssel</name>
        <styleUrl>#poly-AA0000-3000-140-nodesc</styleUrl>
        <Polygon>
          <outerBoundaryIs>
            <LinearRing>
              <tessellate>1</tessellate>
              <coordinates>
                4.607153,51.924221,0
                4.606892,51.923596,0
                4.606909,51.923517,0
                4.60706,51.923315,0
                4.607142,51.923249,0
                4.607311,51.923146,0
                4.607934,51.922745,0
                4.608194,51.922719,0
                4.608836,51.922692,0
                4.608955,51.922797,0
                4.608279,51.923235,0
                4.608151,51.923344,0
                4.608179,51.923454,0
                4.608369,51.92405,0
                4.607153,51.924221,0
              </coordinates>
            </LinearRing>
          </outerBoundaryIs>
        </Polygon>
      </Placemark>
      <Placemark>
        <name>NH Kerkhof, Oosterwijk</name>
        <styleUrl>#icon-22-nodesc</styleUrl>
        <Point>
          <coordinates>
            5.078492,51.878699,0
          </coordinates>
        </Point>
      </Placemark>
      <Placemark>
        <name>Gem. begraafplaats, Kedichem</name>
        <styleUrl>#icon-22-nodesc</styleUrl>
        <Point>
          <coordinates>
            5.050124,51.859802,0
          </coordinates>
        </Point>
      </Placemark>
      <Placemark>
        <name>Nieuwe gem. begraafplaats, Leerbroek</name>
        <styleUrl>#icon-22-nodesc</styleUrl>
        <Point>
          <coordinates>
            5.057411,51.911684,0
          </coordinates>
        </Point>
      </Placemark>
      <Placemark>
        <name>NH Kerkhof, Leerbroek</name>
        <styleUrl>#icon-22-nodesc</styleUrl>
        <Point>
          <coordinates>
            5.05031,51.908039,0
          </coordinates>
        </Point>
      </Placemark>
      <Placemark>
        <name>NH Kerkhof, Nieuwland</name>
        <styleUrl>#icon-22-nodesc</styleUrl>
        <Point>
          <coordinates>
            5.013061,51.901448,0
          </coordinates>
        </Point>
      </Placemark>
      <Placemark>
        <name>NH Kerkhof, Noordeloos</name>
        <styleUrl>#icon-22-nodesc</styleUrl>
        <Point>
          <coordinates>
            4.941148,51.904607,0
          </coordinates>
        </Point>
      </Placemark>
      <Placemark>
        <name>Gem. begraafplaats, Bergschenhoek</name>
        <styleUrl>#icon-22-nodesc</styleUrl>
        <Point>
          <coordinates>
            4.49877,51.984399,0
          </coordinates>
        </Point>
      </Placemark>
      <Placemark>
        <name>Willibrordusbegraafplaats, Bergschenhoek</name>
        <styleUrl>#icon-22-nodesc</styleUrl>
        <Point>
          <coordinates>
            4.496145,51.987718,0
          </coordinates>
        </Point>
      </Placemark>
      <Placemark>
        <name>Gem. begraafplaats, Berkel en Rodenrijs</name>
        <styleUrl>#icon-22-nodesc</styleUrl>
        <Point>
          <coordinates>
            4.481114,51.992868,0
          </coordinates>
        </Point>
      </Placemark>
      <Placemark>
        <name>NH Kerkhof, Berkel en Rodenrijs</name>
        <styleUrl>#icon-22-nodesc</styleUrl>
        <Point>
          <coordinates>
            4.478318,51.993141,0
          </coordinates>
        </Point>
      </Placemark>
      <Placemark>
        <name>OLV Geboortebegraafplaats, Berkel en Rodenrijs</name>
        <styleUrl>#icon-22-nodesc</styleUrl>
        <Point>
          <coordinates>
            4.483111,52.001121,0
          </coordinates>
        </Point>
      </Placemark>
      <Placemark>
        <name>Gem. begraafplaats, Bleiswijk</name>
        <styleUrl>#icon-22-nodesc</styleUrl>
        <Point>
          <coordinates>
            4.527981,52.00705,0
          </coordinates>
        </Point>
      </Placemark>
      <Placemark>
        <name>RK kerkhof, Bleiswijk</name>
        <styleUrl>#icon-22-nodesc</styleUrl>
        <Point>
          <coordinates>
            4.532223,52.014575,0
          </coordinates>
        </Point>
      </Placemark>
      <Placemark>
        <name><![CDATA[NH Kerkhof, 's-Gravendeel (geruimd)]]></name>
        <styleUrl>#icon-1899-DB4436-nodesc</styleUrl>
        <Point>
          <coordinates>
            4.616558,51.779445,0
          </coordinates>
        </Point>
      </Placemark>
      <Placemark>
        <name><![CDATA[Oude begraafplaats, 's-Gravendeel]]></name>
        <styleUrl>#icon-22-nodesc</styleUrl>
        <Point>
          <coordinates>
            4.615054,51.77962,0
          </coordinates>
        </Point>
      </Placemark>
      <Placemark>
        <name><![CDATA[Gem. begraafplaats, 's-Gravendeel]]></name>
        <styleUrl>#icon-22-nodesc</styleUrl>
        <Point>
          <coordinates>
            4.610858,51.782285,0
          </coordinates>
        </Point>
      </Placemark>
      <Placemark>
        <name>NH Kerkhof, Maasdam</name>
        <styleUrl>#icon-22-nodesc</styleUrl>
        <Point>
          <coordinates>
            4.552771,51.787966,0
          </coordinates>
        </Point>
      </Placemark>
      <Placemark>
        <name>Begraafplaats De Essenhof, Puttershoek</name>
        <styleUrl>#icon-22-nodesc</styleUrl>
        <Point>
          <coordinates>
            4.565476,51.79845,0
          </coordinates>
        </Point>
      </Placemark>
      <Placemark>
        <name>Oude alg. begraafplaats, Puttershoek</name>
        <styleUrl>#icon-22-nodesc</styleUrl>
        <Point>
          <coordinates>
            4.572969,51.804825,0
          </coordinates>
        </Point>
      </Placemark>
      <Placemark>
        <name>NH begraafplaats, Puttershoek</name>
        <styleUrl>#icon-22-nodesc</styleUrl>
        <Point>
          <coordinates>
            4.574231,51.805808,0
          </coordinates>
        </Point>
      </Placemark>
      <Placemark>
        <name>Familiebegraafplaats Van Ommeren, Wassenaar</name>
        <styleUrl>#icon-22-nodesc</styleUrl>
        <Point>
          <coordinates>
            4.378725,52.121553,0
          </coordinates>
        </Point>
      </Placemark>
      <Placemark>
        <name>Joodse begraafplaats, Lekkerkerk</name>
        <styleUrl>#icon-22-nodesc</styleUrl>
        <Point>
          <coordinates>
            4.683544,51.902648,0
          </coordinates>
        </Point>
      </Placemark>
      <Placemark>
        <name>Gem. begraafplaats, Gouderak</name>
        <styleUrl>#poly-AA0000-3000-140-nodesc</styleUrl>
        <Polygon>
          <outerBoundaryIs>
            <LinearRing>
              <tessellate>1</tessellate>
              <coordinates>
                4.675175,51.984522,0
                4.675473,51.984739,0
                4.674854,51.985077,0
                4.674806,51.985046,0
                4.674682,51.98512,0
                4.674414,51.984972,0
                4.675175,51.984522,0
              </coordinates>
            </LinearRing>
          </outerBoundaryIs>
        </Polygon>
      </Placemark>
      <Placemark>
        <name>Begraafplaats Den Ouden Dijck, Barendrecht</name>
        <styleUrl>#poly-AA0000-3000-140-nodesc</styleUrl>
        <Polygon>
          <outerBoundaryIs>
            <LinearRing>
              <tessellate>1</tessellate>
              <coordinates>
                4.533366,51.838404,0
                4.533306,51.835705,0
                4.536104,51.835678,0
                4.536057,51.836739,0
                4.535916,51.836744,0
                4.535862,51.83666,0
                4.535526,51.836657,0
                4.535229,51.836717,0
                4.534971,51.836823,0
                4.535297,51.837244,0
                4.535083,51.837427,0
                4.535039,51.837634,0
                4.535195,51.837809,0
                4.535404,51.837944,0
                4.53558,51.838061,0
                4.535662,51.838178,0
                4.535713,51.838447,0
                4.534816,51.838452,0
                4.534816,51.838388,0
                4.533366,51.838404,0
              </coordinates>
            </LinearRing>
          </outerBoundaryIs>
        </Polygon>
      </Placemark>
      <Placemark>
        <name>NH Kerkhof, Barendrecht (geruimd)</name>
        <styleUrl>#poly-AA0000-3000-140-nodesc</styleUrl>
        <Polygon>
          <outerBoundaryIs>
            <LinearRing>
              <tessellate>1</tessellate>
              <coordinates>
                4.534098,51.85806,0
                4.534063,51.858025,0
                4.534093,51.857988,0
                4.534046,51.857948,0
                4.533992,51.857944,0
                4.533723,51.858021,0
                4.533796,51.858102,0
                4.533822,51.858098,0
                4.533863,51.858144,0
                4.534084,51.858139,0
                4.534112,51.858185,0
                4.533829,51.858205,0
                4.533624,51.858204,0
                4.533487,51.858197,0
                4.533405,51.858131,0
                4.533311,51.858021,0
                4.53356,51.857866,0
                4.53385,51.857743,0
                4.534336,51.858041,0
                4.534098,51.85806,0
              </coordinates>
            </LinearRing>
          </outerBoundaryIs>
        </Polygon>
      </Placemark>
      <Placemark>
        <name>Begraafplaats Scheldestraat, Barendrecht</name>
        <styleUrl>#poly-AA0000-3000-140-nodesc</styleUrl>
        <Polygon>
          <outerBoundaryIs>
            <LinearRing>
              <tessellate>1</tessellate>
              <coordinates>
                4.536479,51.860974,0
                4.536494,51.860201,0
                4.537487,51.860215,0
                4.5375,51.860577,0
                4.537746,51.860582,0
                4.537759,51.860109,0
                4.536431,51.860086,0
                4.536394,51.859424,0
                4.536924,51.859432,0
                4.537365,51.85959,0
                4.537619,51.859645,0
                4.53826,51.859667,0
                4.538269,51.859392,0
                4.53839,51.859397,0
                4.538926,51.859437,0
                4.538899,51.860517,0
                4.538817,51.860993,0
                4.538693,51.861033,0
                4.537666,51.860979,0
                4.536479,51.860974,0
              </coordinates>
            </LinearRing>
          </outerBoundaryIs>
        </Polygon>
      </Placemark>
      <Placemark>
        <name>NH Kerkhof, Heerjansdam (geruimd)</name>
        <styleUrl>#poly-AA0000-3000-140-nodesc</styleUrl>
        <Polygon>
          <outerBoundaryIs>
            <LinearRing>
              <tessellate>1</tessellate>
              <coordinates>
                4.564075,51.836067,0
                4.564359,51.836491,0
                4.563801,51.836676,0
                4.563658,51.836592,0
                4.563745,51.836429,0
                4.563819,51.836421,0
                4.563819,51.836337,0
                4.563864,51.836334,0
                4.564006,51.836322,0
                4.564058,51.836283,0
                4.564033,51.836231,0
                4.563993,51.836201,0
                4.563852,51.836204,0
                4.563592,51.83621,0
                4.563585,51.836075,0
                4.564075,51.836067,0
              </coordinates>
            </LinearRing>
          </outerBoundaryIs>
        </Polygon>
      </Placemark>
      <Placemark>
        <name>Gem. begraafplaats, Heinenoord</name>
        <styleUrl>#poly-AA0000-3000-140-nodesc</styleUrl>
        <Polygon>
          <outerBoundaryIs>
            <LinearRing>
              <tessellate>1</tessellate>
              <coordinates>
                4.481663,51.824152,0
                4.48167,51.823871,0
                4.481904,51.823289,0
                4.482822,51.823327,0
                4.482702,51.823457,0
                4.48265,51.823534,0
                4.482688,51.82363,0
                4.482746,51.823641,0
                4.482774,51.823689,0
                4.482707,51.823772,0
                4.482553,51.823973,0
                4.482452,51.82408,0
                4.482356,51.824172,0
                4.481663,51.824152,0
              </coordinates>
            </LinearRing>
          </outerBoundaryIs>
        </Polygon>
      </Placemark>
      <Placemark>
        <name>NH kerkhof, Heinenoord (geruimd)</name>
        <styleUrl>#poly-AA0000-3000-140-nodesc</styleUrl>
        <Polygon>
          <outerBoundaryIs>
            <LinearRing>
              <tessellate>1</tessellate>
              <coordinates>
                4.473379,51.82559,0
                4.473358,51.825177,0
                4.473572,51.825169,0
                4.473582,51.825167,0
                4.473595,51.825167,0
                4.473635,51.825167,0
                4.473961,51.825179,0
                4.474114,51.825215,0
                4.474206,51.825268,0
                4.474225,51.825384,0
                4.474217,51.825499,0
                4.473973,51.825507,0
                4.473873,51.825601,0
                4.473379,51.82559,0
              </coordinates>
            </LinearRing>
          </outerBoundaryIs>
        </Polygon>
      </Placemark>
      <Placemark>
        <name>Gem. begraafplaats, Oud-Beijerland</name>
        <styleUrl>#poly-AA0000-3000-140-nodesc</styleUrl>
        <Polygon>
          <outerBoundaryIs>
            <LinearRing>
              <tessellate>1</tessellate>
              <coordinates>
                4.41306,51.820065,0
                4.412566,51.81843,0
                4.41247,51.818154,0
                4.412515,51.818129,0
                4.414972,51.817824,0
                4.41512,51.817812,0
                4.415211,51.817902,0
                4.415267,51.818038,0
                4.415391,51.818413,0
                4.415365,51.818416,0
                4.415025,51.818464,0
                4.415201,51.818997,0
                4.413725,51.819401,0
                4.413702,51.819422,0
                4.413672,51.819448,0
                4.413577,51.819712,0
                4.413469,51.820025,0
                4.41306,51.820065,0
              </coordinates>
            </LinearRing>
          </outerBoundaryIs>
        </Polygon>
      </Placemark>
      <Placemark>
        <name>RK Kerkhof, Oud-Beijerland</name>
        <styleUrl>#poly-AA0000-3000-140-nodesc</styleUrl>
        <Polygon>
          <outerBoundaryIs>
            <LinearRing>
              <tessellate>1</tessellate>
              <coordinates>
                4.409542,51.82339,0
                4.409741,51.824115,0
                4.409398,51.824151,0
                4.409195,51.823435,0
                4.409542,51.82339,0
              </coordinates>
            </LinearRing>
          </outerBoundaryIs>
        </Polygon>
      </Placemark>
      <Placemark>
        <name>NH Kerkhof, Nieuw-Beijerland (geruimd)</name>
        <styleUrl>#poly-AA0000-3000-140-nodesc</styleUrl>
        <Polygon>
          <outerBoundaryIs>
            <LinearRing>
              <tessellate>1</tessellate>
              <coordinates>
                4.33871,51.810439,0
                4.338742,51.810439,0
                4.339535,51.810712,0
                4.339526,51.810733,0
                4.339257,51.811039,0
                4.338433,51.810757,0
                4.338433,51.810729,0
                4.338682,51.810443,0
                4.33871,51.810439,0
              </coordinates>
            </LinearRing>
          </outerBoundaryIs>
        </Polygon>
      </Placemark>
      <Placemark>
        <name>Oude gem. begraafplaats, Zuid-Beijerland</name>
        <styleUrl>#poly-AA0000-3000-140-nodesc</styleUrl>
        <Polygon>
          <outerBoundaryIs>
            <LinearRing>
              <tessellate>1</tessellate>
              <coordinates>
                4.36759,51.749248,0
                4.36688,51.749364,0
                4.366839,51.748972,0
                4.367536,51.748855,0
                4.36759,51.749248,0
              </coordinates>
            </LinearRing>
          </outerBoundaryIs>
        </Polygon>
      </Placemark>
      <Placemark>
        <name>Gem. begraafplaats, Zuid-Beijerland</name>
        <styleUrl>#poly-AA0000-3000-140-nodesc</styleUrl>
        <Polygon>
          <outerBoundaryIs>
            <LinearRing>
              <tessellate>1</tessellate>
              <coordinates>
                4.365788,51.746872,0
                4.365604,51.745716,0
                4.36699,51.745638,0
                4.367144,51.746784,0
                4.365788,51.746872,0
              </coordinates>
            </LinearRing>
          </outerBoundaryIs>
        </Polygon>
      </Placemark>
      <Placemark>
        <name>Nieuwe gemeentelijke begraafplaats, Geervliet</name>
        <styleUrl>#poly-AA0000-3000-140-nodesc</styleUrl>
        <Polygon>
          <outerBoundaryIs>
            <LinearRing>
              <tessellate>1</tessellate>
              <coordinates>
                4.250177,51.864942,0
                4.24965,51.864149,0
                4.250959,51.863822,0
                4.251503,51.864367,0
                4.250619,51.86459,0
                4.250768,51.864817,0
                4.25021,51.864966,0
                4.250177,51.864942,0
              </coordinates>
            </LinearRing>
          </outerBoundaryIs>
        </Polygon>
      </Placemark>
      <Placemark>
        <name>Gem. begraafplaats, Heenvliet</name>
        <styleUrl>#poly-AA0000-3000-140-nodesc</styleUrl>
        <Polygon>
          <outerBoundaryIs>
            <LinearRing>
              <tessellate>1</tessellate>
              <coordinates>
                4.236265,51.865286,0
                4.236234,51.865866,0
                4.235548,51.865854,0
                4.235535,51.86584,0
                4.235556,51.865223,0
                4.235564,51.86521,0
                4.235585,51.865209,0
                4.236265,51.865286,0
              </coordinates>
            </LinearRing>
          </outerBoundaryIs>
        </Polygon>
      </Placemark>
      <Placemark>
        <name>Oude gem. begraafplaats, Nieuw-Beijerland</name>
        <styleUrl>#poly-AA0000-3000-140-nodesc</styleUrl>
        <Polygon>
          <outerBoundaryIs>
            <LinearRing>
              <tessellate>1</tessellate>
              <coordinates>
                4.34333,51.810304,0
                4.342759,51.81098,0
                4.341944,51.810725,0
                4.342467,51.810074,0
                4.34333,51.810304,0
              </coordinates>
            </LinearRing>
          </outerBoundaryIs>
        </Polygon>
      </Placemark>
      <Placemark>
        <name>Nieuwe gem. begraafplaats, Nieuw Beijerland</name>
        <styleUrl>#poly-AA0000-3000-140-nodesc</styleUrl>
        <Polygon>
          <outerBoundaryIs>
            <LinearRing>
              <tessellate>1</tessellate>
              <coordinates>
                4.347651,51.805675,0
                4.347942,51.806672,0
                4.347368,51.806733,0
                4.347401,51.806674,0
                4.347427,51.806634,0
                4.347475,51.806554,0
                4.347486,51.806508,0
                4.347478,51.806448,0
                4.347434,51.806386,0
                4.347384,51.806358,0
                4.34731,51.806348,0
                4.347224,51.806345,0
                4.347071,51.806363,0
                4.346966,51.806327,0
                4.346594,51.805791,0
                4.347651,51.805675,0
              </coordinates>
            </LinearRing>
          </outerBoundaryIs>
        </Polygon>
      </Placemark>
      <Placemark>
        <name>Nieuwe gem. begraafplaats, Piershil</name>
        <styleUrl>#poly-AA0000-3000-140-nodesc</styleUrl>
        <Polygon>
          <outerBoundaryIs>
            <LinearRing>
              <tessellate>1</tessellate>
              <coordinates>
                4.319843,51.793678,0
                4.320255,51.792775,0
                4.320459,51.792811,0
                4.320506,51.79269,0
                4.320733,51.792834,0
                4.320946,51.792959,0
                4.32108,51.793033,0
                4.320744,51.793647,0
                4.320216,51.793613,0
                4.320088,51.793624,0
                4.320016,51.793629,0
                4.319961,51.793654,0
                4.319923,51.793691,0
                4.319843,51.793678,0
              </coordinates>
            </LinearRing>
          </outerBoundaryIs>
        </Polygon>
      </Placemark>
      <Placemark>
        <name>Gem. kerkhof, Piershil</name>
        <styleUrl>#poly-AA0000-3000-140-nodesc</styleUrl>
        <Polygon>
          <outerBoundaryIs>
            <LinearRing>
              <tessellate>1</tessellate>
              <coordinates>
                4.314119,51.793455,0
                4.314196,51.793152,0
                4.314432,51.793172,0
                4.314528,51.793194,0
                4.314599,51.79322,0
                4.31466,51.79327,0
                4.314692,51.793308,0
                4.314719,51.793329,0
                4.31475,51.793354,0
                4.314772,51.793364,0
                4.314793,51.793377,0
                4.314332,51.793398,0
                4.314327,51.793411,0
                4.314271,51.793409,0
                4.314271,51.793419,0
                4.314119,51.793455,0
              </coordinates>
            </LinearRing>
          </outerBoundaryIs>
        </Polygon>
      </Placemark>
      <Placemark>
        <name>Gem. begraafplaats, Goudswaard</name>
        <styleUrl>#poly-AA0000-3000-140-nodesc</styleUrl>
        <Polygon>
          <outerBoundaryIs>
            <LinearRing>
              <tessellate>1</tessellate>
              <coordinates>
                4.278661,51.791054,0
                4.278409,51.791527,0
                4.277897,51.791618,0
                4.277847,51.791591,0
                4.27778,51.791591,0
                4.277757,51.791593,0
                4.277693,51.791703,0
                4.276454,51.791914,0
                4.27633,51.791923,0
                4.27631,51.791907,0
                4.276306,51.791884,0
                4.276342,51.791852,0
                4.277146,51.791114,0
                4.278661,51.791054,0
              </coordinates>
            </LinearRing>
          </outerBoundaryIs>
        </Polygon>
      </Placemark>
      <Placemark>
        <name>Nieuwe begraafplaats, Stellendam</name>
        <styleUrl>#poly-AA0000-3000-140-nodesc</styleUrl>
        <Polygon>
          <outerBoundaryIs>
            <LinearRing>
              <tessellate>1</tessellate>
              <coordinates>
                4.020103,51.800176,0
                4.02129,51.800962,0
                4.019007,51.802247,0
                4.017883,51.801473,0
                4.020103,51.800176,0
              </coordinates>
            </LinearRing>
          </outerBoundaryIs>
        </Polygon>
      </Placemark>
      <Placemark>
        <name>NH Kerkhof, Moordrecht (geruimd)</name>
        <styleUrl>#poly-AA0000-3000-140-nodesc</styleUrl>
        <Polygon>
          <outerBoundaryIs>
            <LinearRing>
              <tessellate>1</tessellate>
              <coordinates>
                4.6707,51.986583,0
                4.670857,51.986525,0
                4.670982,51.986498,0
                4.671111,51.986479,0
                4.671254,51.986478,0
                4.671364,51.986503,0
                4.671463,51.986551,0
                4.671569,51.986601,0
                4.671657,51.98665,0
                4.671631,51.986735,0
                4.671537,51.986804,0
                4.671462,51.986853,0
                4.671369,51.986884,0
                4.671241,51.986883,0
                4.671122,51.986864,0
                4.670908,51.986767,0
                4.6707,51.986583,0
              </coordinates>
            </LinearRing>
          </outerBoundaryIs>
        </Polygon>
      </Placemark>
      <Placemark>
        <name>Gem. begraafplaats IJsseldijk, Krimpen aan den IJssel</name>
        <styleUrl>#icon-22-nodesc</styleUrl>
        <Point>
          <coordinates>
            4.607797,51.924138,0
          </coordinates>
        </Point>
      </Placemark>
      <Placemark>
        <name>Gem. begraafplaats, Gouderak</name>
        <styleUrl>#icon-22-nodesc</styleUrl>
        <Point>
          <coordinates>
            4.674524,51.985053,0
          </coordinates>
        </Point>
      </Placemark>
      <Placemark>
        <name>Begraafplaats Den Ouden Dijck, Barendrecht</name>
        <styleUrl>#icon-22-nodesc</styleUrl>
        <Point>
          <coordinates>
            4.535064,51.837579,0
          </coordinates>
        </Point>
      </Placemark>
      <Placemark>
        <name>NH Kerkhof, Barendrecht (geruimd)</name>
        <styleUrl>#icon-1899-DB4436-nodesc</styleUrl>
        <Point>
          <coordinates>
            4.533438,51.858166,0
          </coordinates>
        </Point>
      </Placemark>
      <Placemark>
        <name>Begraafplaats Scheldestraat, Barendrecht</name>
        <styleUrl>#icon-22-nodesc</styleUrl>
        <Point>
          <coordinates>
            4.538143,51.859663,0
          </coordinates>
        </Point>
      </Placemark>
      <Placemark>
        <name>NH Kerkhof, Heerjansdam (geruimd)</name>
        <styleUrl>#icon-1899-DB4436-nodesc</styleUrl>
        <Point>
          <coordinates>
            4.56359,51.836239,0
          </coordinates>
        </Point>
      </Placemark>
      <Placemark>
        <name>Gem. begraafplaats, Heinenoord</name>
        <styleUrl>#icon-22-nodesc</styleUrl>
        <Point>
          <coordinates>
            4.482524,51.823999,0
          </coordinates>
        </Point>
      </Placemark>
      <Placemark>
        <name>NH kerkhof, Heinenoord (geruimd)</name>
        <styleUrl>#icon-1899-DB4436-nodesc</styleUrl>
        <Point>
          <coordinates>
            4.47402,51.82546,0
          </coordinates>
        </Point>
      </Placemark>
      <Placemark>
        <name>Gem. begraafplaats, Oud-Beijerland</name>
        <styleUrl>#icon-22-nodesc</styleUrl>
        <Point>
          <coordinates>
            4.415098,51.818642,0
          </coordinates>
        </Point>
      </Placemark>
      <Placemark>
        <name>RK Kerkhof, Oud-Beijerland</name>
        <styleUrl>#icon-22-nodesc</styleUrl>
        <Point>
          <coordinates>
            4.409655,51.824103,0
          </coordinates>
        </Point>
      </Placemark>
      <Placemark>
        <name>NH Kerkhof, Nieuw-Beijerland (geruimd)</name>
        <styleUrl>#icon-1899-DB4436-nodesc</styleUrl>
        <Point>
          <coordinates>
            4.338438,51.810698,0
          </coordinates>
        </Point>
      </Placemark>
      <Placemark>
        <name>Oude gem. begraafplaats, Zuid-Beijerland</name>
        <styleUrl>#icon-22-nodesc</styleUrl>
        <Point>
          <coordinates>
            4.367184,51.749327,0
          </coordinates>
        </Point>
      </Placemark>
      <Placemark>
        <name>Gem. begraafplaats, Zuid-Beijerland</name>
        <styleUrl>#icon-22-nodesc</styleUrl>
        <Point>
          <coordinates>
            4.365648,51.746161,0
          </coordinates>
        </Point>
      </Placemark>
      <Placemark>
        <name>Nieuwe gemeentelijke begraafplaats, Geervliet</name>
        <styleUrl>#icon-22-nodesc</styleUrl>
        <Point>
          <coordinates>
            4.251637,51.864492,0
          </coordinates>
        </Point>
      </Placemark>
      <Placemark>
        <name>Gem. begraafplaats, Heenvliet</name>
        <styleUrl>#icon-22-nodesc</styleUrl>
        <Point>
          <coordinates>
            4.235921,51.865244,0
          </coordinates>
        </Point>
      </Placemark>
      <Placemark>
        <name>Oude gem. begraafplaats, Nieuw-Beijerland</name>
        <styleUrl>#icon-22-nodesc</styleUrl>
        <Point>
          <coordinates>
            4.342166,51.810427,0
          </coordinates>
        </Point>
      </Placemark>
      <Placemark>
        <name>Nieuwe gem. begraafplaats, Nieuw Beijerland</name>
        <styleUrl>#icon-22-nodesc</styleUrl>
        <Point>
          <coordinates>
            4.347656,51.806706,0
          </coordinates>
        </Point>
      </Placemark>
      <Placemark>
        <name>Nieuwe gem. begraafplaats, Piershil</name>
        <styleUrl>#icon-22-nodesc</styleUrl>
        <Point>
          <coordinates>
            4.319993,51.793727,0
          </coordinates>
        </Point>
      </Placemark>
      <Placemark>
        <name>Gem. kerkhof, Piershil</name>
        <styleUrl>#icon-22-nodesc</styleUrl>
        <Point>
          <coordinates>
            4.314198,51.793441,0
          </coordinates>
        </Point>
      </Placemark>
      <Placemark>
        <name>Gem. begraafplaats, Goudswaard</name>
        <styleUrl>#icon-22-nodesc</styleUrl>
        <Point>
          <coordinates>
            4.276328,51.791846,0
          </coordinates>
        </Point>
      </Placemark>
      <Placemark>
        <name>Nieuwe begraafplaats, Stellendam</name>
        <styleUrl>#icon-1899-DB4436-nodesc</styleUrl>
        <Point>
          <coordinates>
            4.020295,51.801549,0
          </coordinates>
        </Point>
      </Placemark>
      <Placemark>
        <name>NH Kerkhof, Moordrecht (geruimd)</name>
        <styleUrl>#icon-1899-DB4436-nodesc</styleUrl>
        <Point>
          <coordinates>
            4.670725,51.986566,0
          </coordinates>
        </Point>
      </Placemark>
      <Placemark>
        <name>NH kerkhof, Noordwijkerhout (geruimd)</name>
        <styleUrl>#poly-AA0000-3000-140-nodesc</styleUrl>
        <Polygon>
          <outerBoundaryIs>
            <LinearRing>
              <tessellate>1</tessellate>
              <coordinates>
                4.49306,52.262734,0
                4.492803,52.262533,0
                4.492798,52.262508,0
                4.492817,52.262475,0
                4.492868,52.262447,0
                4.492934,52.262427,0
                4.493044,52.262396,0
                4.493131,52.262378,0
                4.493232,52.262371,0
                4.493302,52.262369,0
                4.493356,52.262374,0
                4.493406,52.262387,0
                4.493454,52.262407,0
                4.493519,52.262445,0
                4.493548,52.262473,0
                4.493583,52.262514,0
                4.493596,52.262562,0
                4.493587,52.262599,0
                4.493546,52.262636,0
                4.493495,52.262675,0
                4.493393,52.262717,0
                4.49331,52.262731,0
                4.493228,52.262746,0
                4.493156,52.262749,0
                4.493094,52.262747,0
                4.49306,52.262734,0
              </coordinates>
            </LinearRing>
          </outerBoundaryIs>
        </Polygon>
      </Placemark>
      <Placemark>
        <name>NH kerkhof, Scheveningen (geruimd)</name>
        <styleUrl>#poly-AA0000-3000-140-nodesc</styleUrl>
        <Polygon>
          <outerBoundaryIs>
            <LinearRing>
              <tessellate>1</tessellate>
              <coordinates>
                4.273311,52.106708,0
                4.273372,52.106703,0
                4.273356,52.106621,0
                4.273336,52.106621,0
                4.273312,52.106537,0
                4.273374,52.106531,0
                4.273479,52.106524,0
                4.273505,52.106541,0
                4.27357,52.106551,0
                4.273673,52.106597,0
                4.27371,52.106586,0
                4.273743,52.106566,0
                4.273834,52.106832,0
                4.273784,52.106939,0
                4.273757,52.106962,0
                4.273722,52.106974,0
                4.273694,52.106975,0
                4.272861,52.106953,0
                4.272783,52.106947,0
                4.272742,52.106928,0
                4.272718,52.106905,0
                4.272698,52.106875,0
                4.272698,52.106851,0
                4.272702,52.106832,0
                4.272718,52.106809,0
                4.273089,52.106617,0
                4.273103,52.10661,0
                4.273113,52.106618,0
                4.273118,52.106631,0
                4.273143,52.106722,0
                4.273311,52.106708,0
              </coordinates>
            </LinearRing>
          </outerBoundaryIs>
        </Polygon>
      </Placemark>
      <Placemark>
        <name>Oude gem. begraafplaats, Monster (geruimd)</name>
        <styleUrl>#poly-AA0000-3000-140-nodesc</styleUrl>
        <Polygon>
          <outerBoundaryIs>
            <LinearRing>
              <tessellate>1</tessellate>
              <coordinates>
                4.173734,52.025772,0
                4.17408,52.025712,0
                4.174119,52.025779,0
                4.174413,52.026063,0
                4.174472,52.026119,0
                4.174191,52.026242,0
                4.174042,52.026135,0
                4.173938,52.026038,0
                4.173819,52.025918,0
                4.173758,52.025825,0
                4.173734,52.025772,0
              </coordinates>
            </LinearRing>
          </outerBoundaryIs>
        </Polygon>
      </Placemark>
      <Placemark>
        <name>NH kerkhof, Brielle (geruimd)</name>
        <styleUrl>#poly-AA0000-3000-140-nodesc</styleUrl>
        <Polygon>
          <outerBoundaryIs>
            <LinearRing>
              <tessellate>1</tessellate>
              <coordinates>
                4.163115,51.9022,0
                4.163234,51.902315,0
                4.163369,51.902451,0
                4.163438,51.902529,0
                4.163453,51.902604,0
                4.16344,51.902655,0
                4.163372,51.902721,0
                4.163258,51.902819,0
                4.163143,51.902914,0
                4.162965,51.902958,0
                4.162795,51.90292,0
                4.162072,51.902926,0
                4.162014,51.90291,0
                4.161926,51.902878,0
                4.161656,51.902699,0
                4.161633,51.902639,0
                4.161638,51.902616,0
                4.161658,51.902581,0
                4.161678,51.902551,0
                4.161735,51.902524,0
                4.161808,51.90251,0
                4.161939,51.902485,0
                4.162201,51.902421,0
                4.162419,51.902369,0
                4.162547,51.902334,0
                4.162786,51.902258,0
                4.163012,51.902189,0
                4.163115,51.9022,0
              </coordinates>
            </LinearRing>
          </outerBoundaryIs>
        </Polygon>
      </Placemark>
      <Placemark>
        <name>NH kerkhof, Zwartewaal (geruimd)</name>
        <styleUrl>#poly-AA0000-3000-140-nodesc</styleUrl>
        <Polygon>
          <outerBoundaryIs>
            <LinearRing>
              <tessellate>1</tessellate>
              <coordinates>
                4.222799,51.884089,0
                4.222775,51.883726,0
                4.223538,51.883702,0
                4.223556,51.883821,0
                4.223694,51.883855,0
                4.223691,51.883919,0
                4.223536,51.884064,0
                4.223196,51.884083,0
                4.222963,51.884092,0
                4.222926,51.884105,0
                4.222897,51.884139,0
                4.222842,51.884167,0
                4.222779,51.884146,0
                4.222799,51.884089,0
              </coordinates>
            </LinearRing>
          </outerBoundaryIs>
        </Polygon>
      </Placemark>
      <Placemark>
        <name>NH kerkhof, Zuidland (geruimd)</name>
        <styleUrl>#poly-AA0000-3000-140-nodesc</styleUrl>
        <Polygon>
          <outerBoundaryIs>
            <LinearRing>
              <tessellate>1</tessellate>
              <coordinates>
                4.259642,51.822471,0
                4.259586,51.822432,0
                4.259574,51.822408,0
                4.259707,51.822162,0
                4.260067,51.822142,0
                4.260346,51.822136,0
                4.260515,51.822138,0
                4.260602,51.822142,0
                4.260539,51.822384,0
                4.260469,51.822409,0
                4.260478,51.822447,0
                4.260286,51.822487,0
                4.260176,51.822489,0
                4.26003,51.822489,0
                4.259898,51.822491,0
                4.2598,51.82249,0
                4.259694,51.822481,0
                4.259642,51.822471,0
              </coordinates>
            </LinearRing>
          </outerBoundaryIs>
        </Polygon>
      </Placemark>
      <Placemark>
        <name>NH kerkhof, Spijkenisse (geruimd)</name>
        <styleUrl>#poly-AA0000-3000-140-nodesc</styleUrl>
        <Polygon>
          <outerBoundaryIs>
            <LinearRing>
              <tessellate>1</tessellate>
              <coordinates>
                4.324649,51.850657,0
                4.324651,51.850552,0
                4.324662,51.850489,0
                4.324671,51.850431,0
                4.324698,51.850387,0
                4.324749,51.850338,0
                4.32483,51.850297,0
                4.324945,51.850281,0
                4.325076,51.85028,0
                4.325193,51.850304,0
                4.325278,51.850332,0
                4.325364,51.850363,0
                4.325411,51.850406,0
                4.325452,51.850445,0
                4.325479,51.850481,0
                4.325479,51.850498,0
                4.325423,51.850624,0
                4.325367,51.850709,0
                4.325345,51.85072,0
                4.324857,51.850684,0
                4.324709,51.850672,0
                4.324649,51.850657,0
              </coordinates>
            </LinearRing>
          </outerBoundaryIs>
        </Polygon>
      </Placemark>
      <Placemark>
        <name>NH kerkhof, Nieuwe-Tonge (geruimd)</name>
        <styleUrl>#poly-AA0000-3000-140-nodesc</styleUrl>
        <Polygon>
          <outerBoundaryIs>
            <LinearRing>
              <tessellate>1</tessellate>
              <coordinates>
                4.164801,51.713644,0
                4.164881,51.71365,0
                4.164961,51.713657,0
                4.165069,51.713669,0
                4.165173,51.713697,0
                4.165231,51.713721,0
                4.165295,51.713756,0
                4.165319,51.71378,0
                4.16534,51.713809,0
                4.165354,51.713847,0
                4.165348,51.713878,0
                4.16534,51.713905,0
                4.165303,51.713935,0
                4.165275,51.713954,0
                4.16523,51.713988,0
                4.16515,51.714032,0
                4.165075,51.714064,0
                4.164993,51.714086,0
                4.164914,51.714104,0
                4.164844,51.714111,0
                4.16478,51.714111,0
                4.164744,51.714106,0
                4.1647,51.714104,0
                4.164641,51.714073,0
                4.164586,51.714044,0
                4.16455,51.713996,0
                4.164507,51.713948,0
                4.164487,51.713896,0
                4.164479,51.713857,0
                4.164506,51.713801,0
                4.164528,51.713767,0
                4.164563,51.713735,0
                4.164615,51.713694,0
                4.164685,51.713655,0
                4.164801,51.713644,0
              </coordinates>
            </LinearRing>
          </outerBoundaryIs>
        </Polygon>
      </Placemark>
      <Placemark>
        <name>NH kerkhof, Dirksland (geruimd)</name>
        <styleUrl>#poly-AA0000-3000-140-nodesc</styleUrl>
        <Polygon>
          <outerBoundaryIs>
            <LinearRing>
              <tessellate>1</tessellate>
              <coordinates>
                4.101227,51.747551,0
                4.101373,51.747498,0
                4.101503,51.747463,0
                4.101653,51.747439,0
                4.101761,51.747439,0
                4.101836,51.747462,0
                4.101913,51.747505,0
                4.101949,51.74755,0
                4.102011,51.747598,0
                4.102112,51.747661,0
                4.102036,51.747682,0
                4.102093,51.747752,0
                4.102249,51.747946,0
                4.101856,51.748103,0
                4.101866,51.748133,0
                4.1018,51.748153,0
                4.101655,51.748162,0
                4.101576,51.748162,0
                4.101467,51.748148,0
                4.101394,51.748132,0
                4.101341,51.748111,0
                4.10129,51.748086,0
                4.101226,51.748048,0
                4.101171,51.748017,0
                4.101122,51.747977,0
                4.10108,51.747945,0
                4.101042,51.747902,0
                4.101017,51.747861,0
                4.100995,51.747808,0
                4.100996,51.747766,0
                4.100986,51.747726,0
                4.10102,51.747682,0
                4.101056,51.747633,0
                4.101227,51.747551,0
              </coordinates>
            </LinearRing>
          </outerBoundaryIs>
        </Polygon>
      </Placemark>
      <Placemark>
        <name>NH kerkhof, Noordwijkerhout (geruimd)</name>
        <styleUrl>#icon-1899-DB4436-nodesc</styleUrl>
        <Point>
          <coordinates>
            4.492804,52.26251,0
          </coordinates>
        </Point>
      </Placemark>
      <Placemark>
        <name>NH kerkhof, Scheveningen (geruimd)</name>
        <styleUrl>#icon-1899-DB4436-nodesc</styleUrl>
        <Point>
          <coordinates>
            4.273334,52.106584,0
          </coordinates>
        </Point>
      </Placemark>
      <Placemark>
        <name>Oude gem. begraafplaats, Monster (geruimd)</name>
        <styleUrl>#icon-1899-DB4436-nodesc</styleUrl>
        <Point>
          <coordinates>
            4.173892,52.025974,0
          </coordinates>
        </Point>
      </Placemark>
      <Placemark>
        <name>NH kerkhof, Brielle (geruimd)</name>
        <styleUrl>#icon-1899-DB4436-nodesc</styleUrl>
        <Point>
          <coordinates>
            4.163427,51.902505,0
          </coordinates>
        </Point>
      </Placemark>
      <Placemark>
        <name>NH kerkhof, Zwartewaal (geruimd)</name>
        <styleUrl>#icon-1899-DB4436-nodesc</styleUrl>
        <Point>
          <coordinates>
            4.22369,51.883872,0
          </coordinates>
        </Point>
      </Placemark>
      <Placemark>
        <name>NH kerkhof, Zuidland (geruimd)</name>
        <styleUrl>#icon-1899-DB4436-nodesc</styleUrl>
        <Point>
          <coordinates>
            4.259572,51.822394,0
          </coordinates>
        </Point>
      </Placemark>
      <Placemark>
        <name>NH kerkhof, Spijkenisse (geruimd)</name>
        <styleUrl>#icon-1899-DB4436-nodesc</styleUrl>
        <Point>
          <coordinates>
            4.324662,51.850432,0
          </coordinates>
        </Point>
      </Placemark>
      <Placemark>
        <name>NH kerkhof, Oude-Tonge (geruimd)</name>
        <styleUrl>#poly-AA0000-3000-140-nodesc</styleUrl>
        <Polygon>
          <outerBoundaryIs>
            <LinearRing>
              <tessellate>1</tessellate>
              <coordinates>
                4.21223,51.6907,0
                4.212308,51.690681,0
                4.21232,51.690709,0
                4.21258,51.690675,0
                4.21257,51.690649,0
                4.212841,51.690618,0
                4.212918,51.690621,0
                4.21296,51.690638,0
                4.213022,51.690662,0
                4.213209,51.69085,0
                4.213222,51.690879,0
                4.213212,51.690922,0
                4.213193,51.690963,0
                4.21317,51.690996,0
                4.213067,51.691056,0
                4.212973,51.691098,0
                4.212903,51.691119,0
                4.212834,51.691127,0
                4.212417,51.69113,0
                4.212342,51.691113,0
                4.212287,51.691086,0
                4.212255,51.691067,0
                4.212183,51.691002,0
                4.212103,51.690939,0
                4.212069,51.690904,0
                4.212062,51.690884,0
                4.212068,51.690853,0
                4.21207,51.690823,0
                4.212093,51.690785,0
                4.212121,51.690758,0
                4.212163,51.690732,0
                4.21223,51.6907,0
              </coordinates>
            </LinearRing>
          </outerBoundaryIs>
        </Polygon>
      </Placemark>
      <Placemark>
        <name>NH kerkhof, Hoogblokland</name>
        <styleUrl>#poly-AA0000-3000-140-nodesc</styleUrl>
        <Polygon>
          <outerBoundaryIs>
            <LinearRing>
              <tessellate>1</tessellate>
              <coordinates>
                4.97461,51.873653,0
                4.974631,51.873681,0
                4.974953,51.8738,0
                4.975068,51.873921,0
                4.97459,51.874088,0
                4.974543,51.874103,0
                4.974503,51.874107,0
                4.974467,51.874108,0
                4.974443,51.874102,0
                4.974415,51.874094,0
                4.974407,51.874085,0
                4.974402,51.874062,0
                4.974372,51.873991,0
                4.974262,51.873706,0
                4.97461,51.873653,0
              </coordinates>
            </LinearRing>
          </outerBoundaryIs>
        </Polygon>
      </Placemark>
      <Placemark>
        <name>NH kerkhof, Puttershoek (geruimd)</name>
        <styleUrl>#poly-AA0000-3000-140-nodesc</styleUrl>
        <Polygon>
          <outerBoundaryIs>
            <LinearRing>
              <tessellate>1</tessellate>
              <coordinates>
                4.5762,51.806198,0
                4.575609,51.806372,0
                4.575232,51.806105,0
                4.575859,51.805892,0
                4.5762,51.806198,0
              </coordinates>
            </LinearRing>
          </outerBoundaryIs>
        </Polygon>
      </Placemark>
      <Placemark>
        <name>Natuurbegraafplaats Zomerlanden, Heinenoord</name>
        <styleUrl>#poly-AA0000-3000-140-nodesc</styleUrl>
        <Polygon>
          <outerBoundaryIs>
            <LinearRing>
              <tessellate>1</tessellate>
              <coordinates>
                4.526618,51.826112,0
                4.526673,51.826599,0
                4.521202,51.827293,0
                4.519312,51.827787,0
                4.519595,51.82577,0
                4.520154,51.825714,0
                4.520594,51.825635,0
                4.520879,51.825574,0
                4.526117,51.824968,0
                4.526618,51.826112,0
              </coordinates>
            </LinearRing>
          </outerBoundaryIs>
        </Polygon>
      </Placemark>
      <Placemark>
        <name>NH kerkhof, Heenvliet</name>
        <styleUrl>#poly-AA0000-3000-140-nodesc</styleUrl>
        <Polygon>
          <outerBoundaryIs>
            <LinearRing>
              <tessellate>1</tessellate>
              <coordinates>
                4.244432,51.864506,0
                4.243588,51.864701,0
                4.243307,51.864329,0
                4.243585,51.864226,0
                4.243956,51.864167,0
                4.244091,51.864149,0
                4.2442,51.864155,0
                4.244432,51.864506,0
              </coordinates>
            </LinearRing>
          </outerBoundaryIs>
        </Polygon>
      </Placemark>
      <Placemark>
        <name>NH kerkhof, Bergambacht (geruimd)</name>
        <styleUrl>#poly-AA0000-3000-140-nodesc</styleUrl>
        <Polygon>
          <outerBoundaryIs>
            <LinearRing>
              <tessellate>1</tessellate>
              <coordinates>
                4.782518,51.931423,0
                4.782579,51.931406,0
                4.782685,51.931394,0
                4.78278,51.931396,0
                4.782893,51.931401,0
                4.782966,51.931413,0
                4.783075,51.931435,0
                4.783117,51.931455,0
                4.783133,51.931476,0
                4.783138,51.931514,0
                4.783144,51.931551,0
                4.783144,51.931606,0
                4.783124,51.93165,0
                4.783025,51.931678,0
                4.782939,51.931709,0
                4.782833,51.931727,0
                4.782722,51.931741,0
                4.782567,51.931747,0
                4.782479,51.931746,0
                4.782385,51.931729,0
                4.782361,51.931709,0
                4.782345,51.931663,0
                4.78234,51.93164,0
                4.782343,51.931611,0
                4.782344,51.931574,0
                4.78236,51.931529,0
                4.782381,51.931504,0
                4.782425,51.931469,0
                4.782477,51.931446,0
                4.782518,51.931423,0
              </coordinates>
            </LinearRing>
          </outerBoundaryIs>
        </Polygon>
      </Placemark>
      <Placemark>
        <name>NH kerkhof, Schipluiden (geruimd)</name>
        <styleUrl>#poly-AA0000-3000-140-nodesc</styleUrl>
        <Polygon>
          <outerBoundaryIs>
            <LinearRing>
              <tessellate>1</tessellate>
              <coordinates>
                4.316806,51.978064,0
                4.316808,51.978048,0
                4.316839,51.97803,0
                4.317072,51.978007,0
                4.317115,51.978009,0
                4.317148,51.978015,0
                4.317177,51.978026,0
                4.31723,51.978059,0
                4.317332,51.978154,0
                4.317309,51.978155,0
                4.3173,51.978148,0
                4.31725,51.978121,0
                4.317135,51.978109,0
                4.317122,51.978093,0
                4.316806,51.978064,0
              </coordinates>
            </LinearRing>
          </outerBoundaryIs>
        </Polygon>
      </Placemark>
      <Placemark>
        <name>Asurn Hazelhoff Roelfsema bij monument gevallenen Wassenaarseslag, Wassenaar</name>
        <styleUrl>#poly-AA0000-3000-140-nodesc</styleUrl>
        <Polygon>
          <outerBoundaryIs>
            <LinearRing>
              <tessellate>1</tessellate>
              <coordinates>
                4.3766,52.12692,0
                4.376642,52.126896,0
                4.376685,52.126922,0
                4.376645,52.126945,0
                4.3766,52.12692,0
              </coordinates>
            </LinearRing>
          </outerBoundaryIs>
        </Polygon>
      </Placemark>
      <Placemark>
        <name>NH kerkhof, Bodegraven</name>
        <styleUrl>#poly-AA0000-3000-140-nodesc</styleUrl>
        <Polygon>
          <outerBoundaryIs>
            <LinearRing>
              <tessellate>1</tessellate>
              <coordinates>
                4.744944,52.086147,0
                4.74495,52.086109,0
                4.745037,52.086121,0
                4.745031,52.086165,0
                4.745117,52.086163,0
                4.745127,52.086137,0
                4.745163,52.086136,0
                4.745206,52.086114,0
                4.745276,52.086141,0
                4.745319,52.086184,0
                4.74514,52.086273,0
                4.745019,52.086326,0
                4.744885,52.086379,0
                4.744675,52.086451,0
                4.744568,52.086362,0
                4.744532,52.086299,0
                4.744572,52.08614,0
                4.744944,52.086147,0
              </coordinates>
            </LinearRing>
          </outerBoundaryIs>
        </Polygon>
      </Placemark>
      <Placemark>
        <name>NH kerkhof, Nieuwe-Tonge (geruimd)</name>
        <styleUrl>#icon-1899-DB4436-nodesc</styleUrl>
        <Point>
          <coordinates>
            4.164481,51.713856,0
          </coordinates>
        </Point>
      </Placemark>
      <Placemark>
        <name>NH kerkhof, Dirksland (geruimd)</name>
        <styleUrl>#icon-1899-DB4436-nodesc</styleUrl>
        <Point>
          <coordinates>
            4.100998,51.747789,0
          </coordinates>
        </Point>
      </Placemark>
      <Placemark>
        <name>NH kerkhof, Oude-Tonge (geruimd)</name>
        <styleUrl>#icon-1899-DB4436-nodesc</styleUrl>
        <Point>
          <coordinates>
            4.212072,51.690882,0
          </coordinates>
        </Point>
      </Placemark>
      <Placemark>
        <name>NH kerkhof, Hoogblokland</name>
        <styleUrl>#icon-1899-DB4436-nodesc</styleUrl>
        <Point>
          <coordinates>
            4.974471,51.874057,0
          </coordinates>
        </Point>
      </Placemark>
      <Placemark>
        <name>NH kerkhof, Puttershoek (geruimd)</name>
        <styleUrl>#icon-1899-DB4436-nodesc</styleUrl>
        <Point>
          <coordinates>
            4.575411,51.806211,0
          </coordinates>
        </Point>
      </Placemark>
      <Placemark>
        <name>Natuurbegraafplaats Zomerlanden, Heinenoord</name>
        <styleUrl>#icon-1899-DB4436-nodesc</styleUrl>
        <Point>
          <coordinates>
            4.526493,51.825857,0
          </coordinates>
        </Point>
      </Placemark>
      <Placemark>
        <name>NH kerkhof, Heenvliet</name>
        <styleUrl>#icon-1899-DB4436-nodesc</styleUrl>
        <Point>
          <coordinates>
            4.243465,51.864538,0
          </coordinates>
        </Point>
      </Placemark>
      <Placemark>
        <name>NH kerkhof, Bergambacht (geruimd)</name>
        <styleUrl>#icon-1899-DB4436-nodesc</styleUrl>
        <Point>
          <coordinates>
            4.782701,51.931396,0
          </coordinates>
        </Point>
      </Placemark>
      <Placemark>
        <name>NH kerkhof, Schipluiden (geruimd)</name>
        <styleUrl>#icon-1899-DB4436-nodesc</styleUrl>
        <Point>
          <coordinates>
            4.317074,51.977994,0
          </coordinates>
        </Point>
      </Placemark>
      <Placemark>
        <name>Asurn Hazelhoff Roelfsema bij monument gevallenen Wassenaarseslag, Wassenaar</name>
        <styleUrl>#icon-1899-DB4436-nodesc</styleUrl>
        <Point>
          <coordinates>
            4.376664,52.126905,0
          </coordinates>
        </Point>
      </Placemark>
      <Placemark>
        <name>NH kerkhof, Haastrecht (geruimd)</name>
        <styleUrl>#poly-AA0000-3000-140-nodesc</styleUrl>
        <Polygon>
          <outerBoundaryIs>
            <LinearRing>
              <tessellate>1</tessellate>
              <coordinates>
                4.774317,52.000807,0
                4.774372,52.000811,0
                4.774366,52.000839,0
                4.774405,52.000843,0
                4.774454,52.000855,0
                4.774489,52.000872,0
                4.774501,52.000896,0
                4.774497,52.000932,0
                4.774482,52.000954,0
                4.774456,52.00098,0
                4.774413,52.000994,0
                4.77437,52.000997,0
                4.774281,52.000994,0
                4.77429,52.000948,0
                4.774325,52.000952,0
                4.774339,52.000886,0
                4.774301,52.000882,0
                4.774317,52.000807,0
              </coordinates>
            </LinearRing>
          </outerBoundaryIs>
        </Polygon>
      </Placemark>
      <Placemark>
        <name><![CDATA[NH kerkhof, Stad aan 't Haringvliet]]></name>
        <styleUrl>#poly-AA0000-3000-140-nodesc</styleUrl>
        <Polygon>
          <outerBoundaryIs>
            <LinearRing>
              <tessellate>1</tessellate>
              <coordinates>
                4.241864,51.73892,0
                4.241523,51.739224,0
                4.24125,51.738993,0
                4.241401,51.738807,0
                4.241864,51.73892,0
              </coordinates>
            </LinearRing>
          </outerBoundaryIs>
        </Polygon>
      </Placemark>
      <Placemark>
        <name>NH kerkhof, Ridderkerk (geruimd)</name>
        <styleUrl>#poly-AA0000-3000-140-nodesc</styleUrl>
        <Polygon>
          <outerBoundaryIs>
            <LinearRing>
              <tessellate>1</tessellate>
              <coordinates>
                4.601848,51.870623,0
                4.601905,51.870558,0
                4.601942,51.870525,0
                4.601991,51.870496,0
                4.602045,51.870475,0
                4.60213,51.870471,0
                4.602195,51.870474,0
                4.602275,51.870479,0
                4.602415,51.87051,0
                4.602528,51.870537,0
                4.602604,51.870558,0
                4.602661,51.870586,0
                4.602716,51.870636,0
                4.602746,51.870672,0
                4.602743,51.870731,0
                4.602739,51.870773,0
                4.602685,51.870809,0
                4.602628,51.870834,0
                4.602563,51.870858,0
                4.602462,51.870871,0
                4.602328,51.870884,0
                4.602189,51.870883,0
                4.602071,51.870875,0
                4.601998,51.870865,0
                4.60192,51.870842,0
                4.601879,51.870804,0
                4.601829,51.870743,0
                4.601823,51.870703,0
                4.601848,51.870623,0
              </coordinates>
            </LinearRing>
          </outerBoundaryIs>
        </Polygon>
      </Placemark>
      <Placemark>
        <name>NH kerkhof, Hendrik-Ido-Ambacht (geruimd)</name>
        <styleUrl>#poly-AA0000-3000-140-nodesc</styleUrl>
        <Polygon>
          <outerBoundaryIs>
            <LinearRing>
              <tessellate>1</tessellate>
              <coordinates>
                4.630962,51.849711,0
                4.631264,51.849585,0
                4.631315,51.849626,0
                4.631375,51.849597,0
                4.63147,51.849672,0
                4.631571,51.849625,0
                4.631781,51.849798,0
                4.631244,51.849949,0
                4.630962,51.849711,0
              </coordinates>
            </LinearRing>
          </outerBoundaryIs>
        </Polygon>
      </Placemark>
      <Placemark>
        <name>NH kerkhof, Bodegraven</name>
        <styleUrl>#icon-1899-DB4436-nodesc</styleUrl>
        <Point>
          <coordinates>
            4.744566,52.086163,0
          </coordinates>
        </Point>
      </Placemark>
      <Placemark>
        <name>NH kerkhof, Haastrecht (geruimd)</name>
        <styleUrl>#icon-1899-DB4436-nodesc</styleUrl>
        <Point>
          <coordinates>
            4.774338,52.000796,0
          </coordinates>
        </Point>
      </Placemark>
      <Placemark>
        <name><![CDATA[NH kerkhof, Stad aan 't Haringvliet]]></name>
        <styleUrl>#icon-1899-DB4436-nodesc</styleUrl>
        <Point>
          <coordinates>
            4.241711,51.739047,0
          </coordinates>
        </Point>
      </Placemark>
      <Placemark>
        <name>NH kerkhof, Ridderkerk (geruimd)</name>
        <styleUrl>#icon-1899-DB4436-nodesc</styleUrl>
        <Point>
          <coordinates>
            4.602759,51.870672,0
          </coordinates>
        </Point>
      </Placemark>
      <Placemark>
        <name>NH kerkhof, Westmaas (geruimd)</name>
        <styleUrl>#poly-AA0000-3000-140-nodesc</styleUrl>
        <Polygon>
          <outerBoundaryIs>
            <LinearRing>
              <tessellate>1</tessellate>
              <coordinates>
                4.474422,51.788117,0
                4.473738,51.788174,0
                4.473691,51.787878,0
                4.47436,51.787825,0
                4.474422,51.788117,0
              </coordinates>
            </LinearRing>
          </outerBoundaryIs>
        </Polygon>
      </Placemark>
      <Placemark>
        <name>NH kerkhof, Klaaswaal (geruimd)</name>
        <styleUrl>#poly-AA0000-3000-140-nodesc</styleUrl>
        <Polygon>
          <outerBoundaryIs>
            <LinearRing>
              <tessellate>1</tessellate>
              <coordinates>
                4.445455,51.769893,0
                4.445455,51.770074,0
                4.445251,51.770056,0
                4.444796,51.770063,0
                4.444867,51.769883,0
                4.445098,51.769877,0
                4.445455,51.769893,0
              </coordinates>
            </LinearRing>
          </outerBoundaryIs>
        </Polygon>
      </Placemark>
      <Placemark>
        <name>NH kerkhof, Oud-Beijerland (geruimd)</name>
        <styleUrl>#poly-AA0000-3000-140-nodesc</styleUrl>
        <Polygon>
          <outerBoundaryIs>
            <LinearRing>
              <tessellate>1</tessellate>
              <coordinates>
                4.41194,51.824255,0
                4.411879,51.824524,0
                4.411813,51.82471,0
                4.411776,51.824739,0
                4.411108,51.824718,0
                4.411172,51.824346,0
                4.41194,51.824255,0
              </coordinates>
            </LinearRing>
          </outerBoundaryIs>
        </Polygon>
      </Placemark>
      <Placemark>
        <name>NH kerkhof, Woubrugge (geruimd)</name>
        <styleUrl>#poly-AA0000-3000-140-nodesc</styleUrl>
        <Polygon>
          <outerBoundaryIs>
            <LinearRing>
              <tessellate>1</tessellate>
              <coordinates>
                4.637849,52.167,0
                4.637895,52.166885,0
                4.638618,52.166987,0
                4.638459,52.167188,0
                4.637814,52.167105,0
                4.637849,52.167,0
              </coordinates>
            </LinearRing>
          </outerBoundaryIs>
        </Polygon>
      </Placemark>
      <Placemark>
        <name>NH Kerkhof Cillaarshoek, Strijen (geruimd)</name>
        <styleUrl>#poly-AA0000-3000-140-nodesc</styleUrl>
        <Polygon>
          <outerBoundaryIs>
            <LinearRing>
              <tessellate>1</tessellate>
              <coordinates>
                4.5471,51.772675,0
                4.547067,51.772793,0
                4.547008,51.772896,0
                4.546746,51.772847,0
                4.546746,51.772818,0
                4.547003,51.772806,0
                4.546996,51.772734,0
                4.546704,51.77273,0
                4.546696,51.772659,0
                4.547102,51.772644,0
                4.5471,51.772675,0
              </coordinates>
            </LinearRing>
          </outerBoundaryIs>
        </Polygon>
      </Placemark>
      <Placemark>
        <name>NH kerkhof, Mijnsheerenland (geruimd)</name>
        <styleUrl>#poly-AA0000-3000-140-nodesc</styleUrl>
        <Polygon>
          <outerBoundaryIs>
            <LinearRing>
              <tessellate>1</tessellate>
              <coordinates>
                4.492838,51.797785,0
                4.493393,51.797674,0
                4.493586,51.798048,0
                4.492718,51.798239,0
                4.492501,51.797859,0
                4.492838,51.797785,0
              </coordinates>
            </LinearRing>
          </outerBoundaryIs>
        </Polygon>
      </Placemark>
      <Placemark>
        <name>Gemeentelijke begraafplaats Kleistee, Ouddorp</name>
        <styleUrl>#poly-AA0000-3000-140-nodesc</styleUrl>
        <Polygon>
          <outerBoundaryIs>
            <LinearRing>
              <tessellate>1</tessellate>
              <coordinates>
                3.923089,51.811835,0
                3.924126,51.809551,0
                3.924876,51.809781,0
                3.924667,51.810058,0
                3.924909,51.810188,0
                3.92491,51.810358,0
                3.926055,51.810524,0
                3.925404,51.811968,0
                3.923089,51.811835,0
              </coordinates>
            </LinearRing>
          </outerBoundaryIs>
        </Polygon>
      </Placemark>
      <Placemark>
        <name>NH kerkhof, Hendrik-Ido-Ambacht (geruimd)</name>
        <styleUrl>#icon-1899-DB4436-nodesc</styleUrl>
        <Point>
          <coordinates>
            4.631212,51.849911,0
          </coordinates>
        </Point>
      </Placemark>
      <Placemark>
        <name>NH kerkhof, Westmaas (geruimd)</name>
        <styleUrl>#icon-1899-DB4436-nodesc</styleUrl>
        <Point>
          <coordinates>
            4.473718,51.788014,0
          </coordinates>
        </Point>
      </Placemark>
      <Placemark>
        <name>NH kerkhof, Klaaswaal (geruimd)</name>
        <styleUrl>#icon-1899-DB4436-nodesc</styleUrl>
        <Point>
          <coordinates>
            4.445323,51.769869,0
          </coordinates>
        </Point>
      </Placemark>
      <Placemark>
        <name>NH kerkhof, Oud-Beijerland (geruimd)</name>
        <styleUrl>#icon-1899-DB4436-nodesc</styleUrl>
        <Point>
          <coordinates>
            4.411142,51.824468,0
          </coordinates>
        </Point>
      </Placemark>
      <Placemark>
        <name>NH kerkhof, Woubrugge (geruimd)</name>
        <styleUrl>#icon-1899-DB4436-nodesc</styleUrl>
        <Point>
          <coordinates>
            4.638573,52.167012,0
          </coordinates>
        </Point>
      </Placemark>
      <Placemark>
        <name>NH Kerkhof Cillaarshoek, Strijen (geruimd)</name>
        <styleUrl>#icon-1899-DB4436-nodesc</styleUrl>
        <Point>
          <coordinates>
            4.547064,51.77275,0
          </coordinates>
        </Point>
      </Placemark>
      <Placemark>
        <name>NH kerkhof, Mijnsheerenland (geruimd)</name>
        <styleUrl>#icon-1899-DB4436-nodesc</styleUrl>
        <Point>
          <coordinates>
            4.492946,51.797746,0
          </coordinates>
        </Point>
      </Placemark>
      <Placemark>
        <name>Gemeentelijke begraafplaats Kleistee, Ouddorp</name>
        <styleUrl>#icon-1899-DB4436-nodesc</styleUrl>
        <Point>
          <coordinates>
            3.924632,51.811897,0
          </coordinates>
        </Point>
      </Placemark>
    </Folder>
  </Document>
</kml>
