{
  "type": "FeatureCollection",
  "name": "begraafplaatsen_zuid_holland",
  "crs": {
    "type": "name",
    "properties": {
      "name": "urn:ogc:def:crs:OGC:1.3:CRS84"
    }
  },
  "features": [
    {
      "type": "Feature",
      "properties": {
        "id": "zh-0001",
        "naam": "Vm. Geref. kerkhof",
        "plaats_origineel": "Oude Wetering",
        "plaats": "Oude Wetering",
        "geruimd": false,
        "geruimd_bron_terrein": false,
        "geruimd_bron_ingang": false,
        "status_conflict": false,
        "oppervlakte_m2": 1081.92,
        "oppervlakte_ha": 0.1082,
        "omtrek_m": 144.68,
        "ingang": {
          "type": "Point",
          "coordinates": [
            4.644496,
            52.215119
          ]
        },
        "ingang_lon": 4.644496,
        "ingang_lat": 52.215119,
        "ingang_koppelwijze": "exact_name_place",
        "ingang_afstand_tot_terrein_m": 0.09,
        "ingang_gedeeld": false,
        "naam_bron_terrein": "Vm. Geref. kerkhof",
        "naam_bron_ingang": "Vm. Geref. kerkhof",
        "bron_rij_terrein": 2,
        "bron_rij_ingang": 18,
        "bron": "Begraafplaatsen Zuid-Holland",
        "source_file": "Begraafplaatsen Zuid-Holland- Zuid-Holland.csv"
      },
      "geometry": {
        "type": "Polygon",
        "coordinates": [
          [
            [
              4.644094,
              52.215156
            ],
            [
              4.644228,
              52.214757
            ],
            [
              4.644534,
              52.214785
            ],
            [
              4.644476,
              52.21493
            ],
            [
              4.644498,
              52.214936
            ],
            [
              4.644474,
              52.215002
            ],
            [
              4.644533,
              52.215008
            ],
            [
              4.644465,
              52.215205
            ],
            [
              4.644094,
              52.215156
            ]
          ]
        ]
      }
    },
    {
      "type": "Feature",
      "properties": {
        "id": "zh-0002",
        "naam": "NH Kerkhof",
        "plaats_origineel": "Oude Wetering",
        "plaats": "Oude Wetering",
        "geruimd": false,
        "geruimd_bron_terrein": false,
        "geruimd_bron_ingang": false,
        "status_conflict": false,
        "oppervlakte_m2": 732.11,
        "oppervlakte_ha": 0.0732,
        "omtrek_m": 108.83,
        "ingang": {
          "type": "Point",
          "coordinates": [
            4.645979,
            52.212158
          ]
        },
        "ingang_lon": 4.645979,
        "ingang_lat": 52.212158,
        "ingang_koppelwijze": "exact_name_place",
        "ingang_afstand_tot_terrein_m": 4.49,
        "ingang_gedeeld": false,
        "naam_bron_terrein": "NH Kerkhof",
        "naam_bron_ingang": "NH Kerkhof",
        "bron_rij_terrein": 3,
        "bron_rij_ingang": 19,
        "bron": "Begraafplaatsen Zuid-Holland",
        "source_file": "Begraafplaatsen Zuid-Holland- Zuid-Holland.csv"
      },
      "geometry": {
        "type": "Polygon",
        "coordinates": [
          [
            [
              4.645447,
              52.21226
            ],
            [
              4.645493,
              52.212051
            ],
            [
              4.645931,
              52.212092
            ],
            [
              4.645867,
              52.212319
            ],
            [
              4.645447,
              52.21226
            ]
          ]
        ]
      }
    },
    {
      "type": "Feature",
      "properties": {
        "id": "zh-0003",
        "naam": "RK begraafplaats",
        "plaats_origineel": "Oude Wetering",
        "plaats": "Oude Wetering",
        "geruimd": null,
        "geruimd_bron_terrein": false,
        "geruimd_bron_ingang": true,
        "status_conflict": true,
        "oppervlakte_m2": 498.15,
        "oppervlakte_ha": 0.0498,
        "omtrek_m": 89.96,
        "ingang": {
          "type": "Point",
          "coordinates": [
            4.646465,
            52.208892
          ]
        },
        "ingang_lon": 4.646465,
        "ingang_lat": 52.208892,
        "ingang_koppelwijze": "exact_name_place",
        "ingang_afstand_tot_terrein_m": 7.58,
        "ingang_gedeeld": false,
        "naam_bron_terrein": "RK begraafplaats",
        "naam_bron_ingang": "RK begraafplaats",
        "bron_rij_terrein": 4,
        "bron_rij_ingang": 20,
        "bron": "Begraafplaatsen Zuid-Holland",
        "source_file": "Begraafplaatsen Zuid-Holland- Zuid-Holland.csv"
      },
      "geometry": {
        "type": "Polygon",
        "coordinates": [
          [
            [
              4.646562,
              52.2092
            ],
            [
              4.646276,
              52.20917
            ],
            [
              4.646317,
              52.208947
            ],
            [
              4.646604,
              52.208974
            ],
            [
              4.646562,
              52.2092
            ]
          ]
        ]
      }
    },
    {
      "type": "Feature",
      "properties": {
        "id": "zh-0004",
        "naam": "Gem. kerkhof",
        "plaats_origineel": "Alblasserdam",
        "plaats": "Alblasserdam",
        "geruimd": false,
        "geruimd_bron_terrein": false,
        "geruimd_bron_ingang": false,
        "status_conflict": false,
        "oppervlakte_m2": 18461.19,
        "oppervlakte_ha": 1.8461,
        "omtrek_m": 602.35,
        "ingang": {
          "type": "Point",
          "coordinates": [
            4.667894,
            51.861847
          ]
        },
        "ingang_lon": 4.667894,
        "ingang_lat": 51.861847,
        "ingang_koppelwijze": "exact_name_place",
        "ingang_afstand_tot_terrein_m": 0.0,
        "ingang_gedeeld": false,
        "naam_bron_terrein": "Gem. kerkhof",
        "naam_bron_ingang": "Gem. kerkhof",
        "bron_rij_terrein": 5,
        "bron_rij_ingang": 21,
        "bron": "Begraafplaatsen Zuid-Holland",
        "source_file": "Begraafplaatsen Zuid-Holland- Zuid-Holland.csv"
      },
      "geometry": {
        "type": "Polygon",
        "coordinates": [
          [
            [
              4.668229,
              51.862123
            ],
            [
              4.66802,
              51.862035
            ],
            [
              4.667934,
              51.861979
            ],
            [
              4.667883,
              51.861942
            ],
            [
              4.667862,
              51.861893
            ],
            [
              4.667917,
              51.861766
            ],
            [
              4.667943,
              51.861703
            ],
            [
              4.667985,
              51.861602
            ],
            [
              4.66821,
              51.861642
            ],
            [
              4.668295,
              51.861496
            ],
            [
              4.668704,
              51.861573
            ],
            [
              4.668893,
              51.86162
            ],
            [
              4.669245,
              51.86173
            ],
            [
              4.669431,
              51.861819
            ],
            [
              4.669577,
              51.861921
            ],
            [
              4.669704,
              51.86201
            ],
            [
              4.669836,
              51.862092
            ],
            [
              4.670028,
              51.862213
            ],
            [
              4.669856,
              51.862414
            ],
            [
              4.669466,
              51.862868
            ],
            [
              4.668604,
              51.863347
            ],
            [
              4.668302,
              51.863243
            ],
            [
              4.668111,
              51.863343
            ],
            [
              4.668075,
              51.863335
            ],
            [
              4.668049,
              51.862815
            ],
            [
              4.668371,
              51.862411
            ],
            [
              4.668295,
              51.862393
            ],
            [
              4.668247,
              51.862356
            ],
            [
              4.668205,
              51.862298
            ],
            [
              4.668229,
              51.862123
            ]
          ]
        ]
      }
    },
    {
      "type": "Feature",
      "properties": {
        "id": "zh-0005",
        "naam": "Gem. begraafplaats",
        "plaats_origineel": "Aarlanderveen",
        "plaats": "Aarlanderveen",
        "geruimd": false,
        "geruimd_bron_terrein": false,
        "geruimd_bron_ingang": false,
        "status_conflict": false,
        "oppervlakte_m2": 1219.13,
        "oppervlakte_ha": 0.1219,
        "omtrek_m": 158.33,
        "ingang": {
          "type": "Point",
          "coordinates": [
            4.7368,
            52.134901
          ]
        },
        "ingang_lon": 4.7368,
        "ingang_lat": 52.134901,
        "ingang_koppelwijze": "exact_name_place",
        "ingang_afstand_tot_terrein_m": 0.05,
        "ingang_gedeeld": false,
        "naam_bron_terrein": "Gem. begraafplaats",
        "naam_bron_ingang": "Gem. begraafplaats",
        "bron_rij_terrein": 6,
        "bron_rij_ingang": 22,
        "bron": "Begraafplaatsen Zuid-Holland",
        "source_file": "Begraafplaatsen Zuid-Holland- Zuid-Holland.csv"
      },
      "geometry": {
        "type": "Polygon",
        "coordinates": [
          [
            [
              4.736668,
              52.134943
            ],
            [
              4.736948,
              52.134855
            ],
            [
              4.737363,
              52.135279
            ],
            [
              4.737372,
              52.135297
            ],
            [
              4.737134,
              52.135398
            ],
            [
              4.736668,
              52.134943
            ]
          ]
        ]
      }
    },
    {
      "type": "Feature",
      "properties": {
        "id": "zh-0006",
        "naam": "Begraafplaats HH Petrus en Paulus",
        "plaats_origineel": "Aarlanderveen",
        "plaats": "Aarlanderveen",
        "geruimd": false,
        "geruimd_bron_terrein": false,
        "geruimd_bron_ingang": false,
        "status_conflict": false,
        "oppervlakte_m2": 1346.62,
        "oppervlakte_ha": 0.1347,
        "omtrek_m": 148.02,
        "ingang": {
          "type": "Point",
          "coordinates": [
            4.722793,
            52.148674
          ]
        },
        "ingang_lon": 4.722793,
        "ingang_lat": 52.148674,
        "ingang_koppelwijze": "exact_name_place",
        "ingang_afstand_tot_terrein_m": 57.45,
        "ingang_gedeeld": false,
        "naam_bron_terrein": "Begraafplaats HH Petrus en Paulus",
        "naam_bron_ingang": "Begraafplaats HH Petrus en Paulus",
        "bron_rij_terrein": 7,
        "bron_rij_ingang": 23,
        "bron": "Begraafplaatsen Zuid-Holland",
        "source_file": "Begraafplaatsen Zuid-Holland- Zuid-Holland.csv"
      },
      "geometry": {
        "type": "Polygon",
        "coordinates": [
          [
            [
              4.721818,
              52.148125
            ],
            [
              4.722271,
              52.147865
            ],
            [
              4.722575,
              52.14807
            ],
            [
              4.722359,
              52.148203
            ],
            [
              4.722185,
              52.148318
            ],
            [
              4.722136,
              52.148339
            ],
            [
              4.721818,
              52.148125
            ]
          ]
        ]
      }
    },
    {
      "type": "Feature",
      "properties": {
        "id": "zh-0007",
        "naam": "Gemeentelijk kerkhof",
        "plaats_origineel": "Geervliet",
        "plaats": "Geervliet",
        "geruimd": false,
        "geruimd_bron_terrein": false,
        "geruimd_bron_ingang": false,
        "status_conflict": false,
        "oppervlakte_m2": 895.4,
        "oppervlakte_ha": 0.0895,
        "omtrek_m": 140.7,
        "ingang": {
          "type": "Point",
          "coordinates": [
            4.259249,
            51.859683
          ]
        },
        "ingang_lon": 4.259249,
        "ingang_lat": 51.859683,
        "ingang_koppelwijze": "exact_name_place",
        "ingang_afstand_tot_terrein_m": 0.0,
        "ingang_gedeeld": false,
        "naam_bron_terrein": "Gemeentelijk kerkhof",
        "naam_bron_ingang": "Gemeentelijk kerkhof",
        "bron_rij_terrein": 8,
        "bron_rij_ingang": 24,
        "bron": "Begraafplaatsen Zuid-Holland",
        "source_file": "Begraafplaatsen Zuid-Holland- Zuid-Holland.csv"
      },
      "geometry": {
        "type": "Polygon",
        "coordinates": [
          [
            [
              4.259228,
              51.859742
            ],
            [
              4.259256,
              51.859595
            ],
            [
              4.25949,
              51.859604
            ],
            [
              4.259818,
              51.859625
            ],
            [
              4.259859,
              51.859897
            ],
            [
              4.259667,
              51.859882
            ],
            [
              4.259679,
              51.859832
            ],
            [
              4.25962,
              51.859806
            ],
            [
              4.25953,
              51.859796
            ],
            [
              4.259537,
              51.859767
            ],
            [
              4.259228,
              51.859742
            ]
          ]
        ]
      }
    },
    {
      "type": "Feature",
      "properties": {
        "id": "zh-0008",
        "naam": "Joodse begraafplaats",
        "plaats_origineel": "Geervliet",
        "plaats": "Geervliet",
        "geruimd": false,
        "geruimd_bron_terrein": false,
        "geruimd_bron_ingang": false,
        "status_conflict": false,
        "oppervlakte_m2": 1350.95,
        "oppervlakte_ha": 0.1351,
        "omtrek_m": 154.89,
        "ingang": {
          "type": "Point",
          "coordinates": [
            4.255029,
            51.860492
          ]
        },
        "ingang_lon": 4.255029,
        "ingang_lat": 51.860492,
        "ingang_koppelwijze": "exact_name_place",
        "ingang_afstand_tot_terrein_m": 5.08,
        "ingang_gedeeld": false,
        "naam_bron_terrein": "Joodse begraafplaats",
        "naam_bron_ingang": "Joodse begraafplaats",
        "bron_rij_terrein": 9,
        "bron_rij_ingang": 25,
        "bron": "Begraafplaatsen Zuid-Holland",
        "source_file": "Begraafplaatsen Zuid-Holland- Zuid-Holland.csv"
      },
      "geometry": {
        "type": "Polygon",
        "coordinates": [
          [
            [
              4.254717,
              51.860309
            ],
            [
              4.255061,
              51.860091
            ],
            [
              4.255209,
              51.860008
            ],
            [
              4.255504,
              51.860189
            ],
            [
              4.255489,
              51.860204
            ],
            [
              4.255244,
              51.860322
            ],
            [
              4.254902,
              51.860498
            ],
            [
              4.25475,
              51.860334
            ],
            [
              4.254717,
              51.860309
            ]
          ]
        ]
      }
    },
    {
      "type": "Feature",
      "properties": {
        "id": "zh-0009",
        "naam": "Joodse begraafplaats",
        "plaats_origineel": "Zuidland",
        "plaats": "Zuidland",
        "geruimd": false,
        "geruimd_bron_terrein": false,
        "geruimd_bron_ingang": false,
        "status_conflict": false,
        "oppervlakte_m2": 83.06,
        "oppervlakte_ha": 0.0083,
        "omtrek_m": 36.53,
        "ingang": {
          "type": "Point",
          "coordinates": [
            4.253152,
            51.820836
          ]
        },
        "ingang_lon": 4.253152,
        "ingang_lat": 51.820836,
        "ingang_koppelwijze": "exact_name_place",
        "ingang_afstand_tot_terrein_m": 16.72,
        "ingang_gedeeld": false,
        "naam_bron_terrein": "Joodse begraafplaats",
        "naam_bron_ingang": "Joodse begraafplaats",
        "bron_rij_terrein": 10,
        "bron_rij_ingang": 26,
        "bron": "Begraafplaatsen Zuid-Holland",
        "source_file": "Begraafplaatsen Zuid-Holland- Zuid-Holland.csv"
      },
      "geometry": {
        "type": "Polygon",
        "coordinates": [
          [
            [
              4.253241,
              51.820987
            ],
            [
              4.25334,
              51.820934
            ],
            [
              4.253427,
              51.821003
            ],
            [
              4.253335,
              51.82105
            ],
            [
              4.253241,
              51.820987
            ]
          ]
        ]
      }
    },
    {
      "type": "Feature",
      "properties": {
        "id": "zh-0010",
        "naam": "Oude gem. begraafplaats Haagpoort",
        "plaats_origineel": "Delft",
        "plaats": "Delft",
        "geruimd": false,
        "geruimd_bron_terrein": false,
        "geruimd_bron_ingang": false,
        "status_conflict": false,
        "oppervlakte_m2": 2765.78,
        "oppervlakte_ha": 0.2766,
        "omtrek_m": 203.34,
        "ingang": {
          "type": "Point",
          "coordinates": [
            4.351615,
            52.01765
          ]
        },
        "ingang_lon": 4.351615,
        "ingang_lat": 52.01765,
        "ingang_koppelwijze": "exact_name_place",
        "ingang_afstand_tot_terrein_m": 0.0,
        "ingang_gedeeld": false,
        "naam_bron_terrein": "Oude gem. begraafplaats Haagpoort",
        "naam_bron_ingang": "Oude gem. begraafplaats Haagpoort",
        "bron_rij_terrein": 11,
        "bron_rij_ingang": 27,
        "bron": "Begraafplaatsen Zuid-Holland",
        "source_file": "Begraafplaatsen Zuid-Holland- Zuid-Holland.csv"
      },
      "geometry": {
        "type": "Polygon",
        "coordinates": [
          [
            [
              4.351667,
              52.017054
            ],
            [
              4.351887,
              52.017238
            ],
            [
              4.351918,
              52.017411
            ],
            [
              4.351827,
              52.01748
            ],
            [
              4.351595,
              52.017695
            ],
            [
              4.351299,
              52.017741
            ],
            [
              4.351124,
              52.017293
            ],
            [
              4.351245,
              52.017171
            ],
            [
              4.351667,
              52.017054
            ]
          ]
        ]
      }
    },
    {
      "type": "Feature",
      "properties": {
        "id": "zh-0011",
        "naam": "Gemeentelijke begraafplaats Jaffa",
        "plaats_origineel": "Delft",
        "plaats": "Delft",
        "geruimd": false,
        "geruimd_bron_terrein": false,
        "geruimd_bron_ingang": false,
        "status_conflict": false,
        "oppervlakte_m2": 43815.47,
        "oppervlakte_ha": 4.3815,
        "omtrek_m": 819.46,
        "ingang": {
          "type": "Point",
          "coordinates": [
            4.371772,
            52.003627
          ]
        },
        "ingang_lon": 4.371772,
        "ingang_lat": 52.003627,
        "ingang_koppelwijze": "exact_name_place",
        "ingang_afstand_tot_terrein_m": 0.0,
        "ingang_gedeeld": false,
        "naam_bron_terrein": "Gemeentelijke begraafplaats Jaffa",
        "naam_bron_ingang": "Gemeentelijke begraafplaats Jaffa",
        "bron_rij_terrein": 12,
        "bron_rij_ingang": 28,
        "bron": "Begraafplaatsen Zuid-Holland",
        "source_file": "Begraafplaatsen Zuid-Holland- Zuid-Holland.csv"
      },
      "geometry": {
        "type": "GeometryCollection",
        "geometries": [
          {
            "type": "Polygon",
            "coordinates": [
              [
                [
                  4.372349,
                  52.002793
                ],
                [
                  4.372379,
                  52.002793
                ],
                [
                  4.3723738,
                  52.0027995
                ],
                [
                  4.372349,
                  52.002793
                ]
              ]
            ]
          },
          {
            "type": "Polygon",
            "coordinates": [
              [
                [
                  4.3723738,
                  52.0027995
                ],
                [
                  4.374264,
                  52.003297
                ],
                [
                  4.375376,
                  52.003621
                ],
                [
                  4.374842,
                  52.004449
                ],
                [
                  4.373821,
                  52.004809
                ],
                [
                  4.371899,
                  52.004869
                ],
                [
                  4.371142,
                  52.004343
                ],
                [
                  4.371483,
                  52.003817
                ],
                [
                  4.371692,
                  52.003498
                ],
                [
                  4.371849,
                  52.003316
                ],
                [
                  4.371934,
                  52.003346
                ],
                [
                  4.3723738,
                  52.0027995
                ]
              ]
            ]
          }
        ]
      }
    },
    {
      "type": "Feature",
      "properties": {
        "id": "zh-0012",
        "naam": "Begraafplaats Oud Eik en Duinen",
        "plaats_origineel": "Den Haag",
        "plaats": "Den Haag",
        "geruimd": false,
        "geruimd_bron_terrein": false,
        "geruimd_bron_ingang": false,
        "status_conflict": false,
        "oppervlakte_m2": 109842.39,
        "oppervlakte_ha": 10.9842,
        "omtrek_m": 1526.27,
        "ingang": {
          "type": "Point",
          "coordinates": [
            4.264969,
            52.06773
          ]
        },
        "ingang_lon": 4.264969,
        "ingang_lat": 52.06773,
        "ingang_koppelwijze": "exact_name_place",
        "ingang_afstand_tot_terrein_m": 11.51,
        "ingang_gedeeld": false,
        "naam_bron_terrein": "Begraafplaats Oud Eik en Duinen",
        "naam_bron_ingang": "Begraafplaats Oud Eik en Duinen",
        "bron_rij_terrein": 13,
        "bron_rij_ingang": 29,
        "bron": "Begraafplaatsen Zuid-Holland",
        "source_file": "Begraafplaatsen Zuid-Holland- Zuid-Holland.csv"
      },
      "geometry": {
        "type": "Polygon",
        "coordinates": [
          [
            [
              4.25962,
              52.067356
            ],
            [
              4.259711,
              52.067124
            ],
            [
              4.259834,
              52.066922
            ],
            [
              4.260048,
              52.066726
            ],
            [
              4.260348,
              52.066573
            ],
            [
              4.260381,
              52.066379
            ],
            [
              4.260534,
              52.066249
            ],
            [
              4.260969,
              52.065809
            ],
            [
              4.261478,
              52.065308
            ],
            [
              4.261657,
              52.065093
            ],
            [
              4.261875,
              52.06492
            ],
            [
              4.262059,
              52.0647
            ],
            [
              4.262539,
              52.064877
            ],
            [
              4.263513,
              52.065276
            ],
            [
              4.263811,
              52.065378
            ],
            [
              4.264691,
              52.065696
            ],
            [
              4.264872,
              52.06549
            ],
            [
              4.265434,
              52.06572
            ],
            [
              4.265204,
              52.066081
            ],
            [
              4.265008,
              52.066359
            ],
            [
              4.265366,
              52.066495
            ],
            [
              4.265676,
              52.066605
            ],
            [
              4.26519,
              52.067434
            ],
            [
              4.264564,
              52.06726
            ],
            [
              4.264332,
              52.067536
            ],
            [
              4.264818,
              52.067684
            ],
            [
              4.264635,
              52.067974
            ],
            [
              4.264874,
              52.068037
            ],
            [
              4.264212,
              52.069084
            ],
            [
              4.263945,
              52.068881
            ],
            [
              4.263717,
              52.068712
            ],
            [
              4.25962,
              52.067356
            ]
          ]
        ]
      }
    },
    {
      "type": "Feature",
      "properties": {
        "id": "zh-0013",
        "naam": "Begraafplaats Nieuw Eykenduinen",
        "plaats_origineel": "Den Haag",
        "plaats": "Den Haag",
        "geruimd": false,
        "geruimd_bron_terrein": false,
        "geruimd_bron_ingang": false,
        "status_conflict": false,
        "oppervlakte_m2": 91949.98,
        "oppervlakte_ha": 9.195,
        "omtrek_m": 1285.45,
        "ingang": {
          "type": "Point",
          "coordinates": [
            4.269654,
            52.067297
          ]
        },
        "ingang_lon": 4.269654,
        "ingang_lat": 52.067297,
        "ingang_koppelwijze": "exact_name_place",
        "ingang_afstand_tot_terrein_m": 4.62,
        "ingang_gedeeld": false,
        "naam_bron_terrein": "Begraafplaats Nieuw Eykenduinen",
        "naam_bron_ingang": "Begraafplaats Nieuw Eykenduinen",
        "bron_rij_terrein": 14,
        "bron_rij_ingang": 30,
        "bron": "Begraafplaatsen Zuid-Holland",
        "source_file": "Begraafplaatsen Zuid-Holland- Zuid-Holland.csv"
      },
      "geometry": {
        "type": "Polygon",
        "coordinates": [
          [
            [
              4.267417,
              52.066153
            ],
            [
              4.270025,
              52.067005
            ],
            [
              4.269964,
              52.067122
            ],
            [
              4.269484,
              52.067316
            ],
            [
              4.269278,
              52.067436
            ],
            [
              4.268998,
              52.067611
            ],
            [
              4.268835,
              52.067754
            ],
            [
              4.268741,
              52.067894
            ],
            [
              4.268829,
              52.068052
            ],
            [
              4.268964,
              52.068147
            ],
            [
              4.269154,
              52.06835
            ],
            [
              4.267663,
              52.070136
            ],
            [
              4.267339,
              52.07004
            ],
            [
              4.264759,
              52.069237
            ],
            [
              4.26491,
              52.068743
            ],
            [
              4.265693,
              52.067363
            ],
            [
              4.266096,
              52.066584
            ],
            [
              4.266354,
              52.066296
            ],
            [
              4.266722,
              52.066408
            ],
            [
              4.266894,
              52.066283
            ],
            [
              4.267198,
              52.066355
            ],
            [
              4.267417,
              52.066153
            ]
          ]
        ]
      }
    },
    {
      "type": "Feature",
      "properties": {
        "id": "zh-0014",
        "naam": "Ter Navolging",
        "plaats_origineel": "Den Haag",
        "plaats": "Den Haag",
        "geruimd": false,
        "geruimd_bron_terrein": false,
        "geruimd_bron_ingang": false,
        "status_conflict": false,
        "oppervlakte_m2": 521.04,
        "oppervlakte_ha": 0.0521,
        "omtrek_m": 89.38,
        "ingang": {
          "type": "Point",
          "coordinates": [
            4.27774,
            52.102476
          ]
        },
        "ingang_lon": 4.27774,
        "ingang_lat": 52.102476,
        "ingang_koppelwijze": "exact_name_place",
        "ingang_afstand_tot_terrein_m": 20.68,
        "ingang_gedeeld": false,
        "naam_bron_terrein": "Ter Navolging",
        "naam_bron_ingang": "Ter Navolging",
        "bron_rij_terrein": 15,
        "bron_rij_ingang": 31,
        "bron": "Begraafplaatsen Zuid-Holland",
        "source_file": "Begraafplaatsen Zuid-Holland- Zuid-Holland.csv"
      },
      "geometry": {
        "type": "Polygon",
        "coordinates": [
          [
            [
              4.277413,
              52.102406
            ],
            [
              4.277435,
              52.102432
            ],
            [
              4.27744,
              52.102456
            ],
            [
              4.277425,
              52.102482
            ],
            [
              4.277295,
              52.102599
            ],
            [
              4.277221,
              52.102623
            ],
            [
              4.277011,
              52.102542
            ],
            [
              4.277245,
              52.102336
            ],
            [
              4.277413,
              52.102406
            ]
          ]
        ]
      }
    },
    {
      "type": "Feature",
      "properties": {
        "id": "zh-0015",
        "naam": "Gemeentelijke begraafplaats Kerkhoflaan",
        "plaats_origineel": "Den Haag",
        "plaats": "Den Haag",
        "geruimd": false,
        "geruimd_bron_terrein": false,
        "geruimd_bron_ingang": false,
        "status_conflict": false,
        "oppervlakte_m2": 54552.89,
        "oppervlakte_ha": 5.4553,
        "omtrek_m": 1045.95,
        "ingang": {
          "type": "Point",
          "coordinates": [
            4.302505,
            52.094982
          ]
        },
        "ingang_lon": 4.302505,
        "ingang_lat": 52.094982,
        "ingang_koppelwijze": "exact_name_place",
        "ingang_afstand_tot_terrein_m": 0.0,
        "ingang_gedeeld": false,
        "naam_bron_terrein": "Gemeentelijke begraafplaats Kerkhoflaan",
        "naam_bron_ingang": "Gemeentelijke begraafplaats Kerkhoflaan",
        "bron_rij_terrein": 16,
        "bron_rij_ingang": 32,
        "bron": "Begraafplaatsen Zuid-Holland",
        "source_file": "Begraafplaatsen Zuid-Holland- Zuid-Holland.csv"
      },
      "geometry": {
        "type": "Polygon",
        "coordinates": [
          [
            [
              4.302309,
              52.095056
            ],
            [
              4.302596,
              52.09485
            ],
            [
              4.302789,
              52.094903
            ],
            [
              4.303119,
              52.094597
            ],
            [
              4.302756,
              52.094463
            ],
            [
              4.303171,
              52.094066
            ],
            [
              4.305815,
              52.095013
            ],
            [
              4.30492,
              52.096017
            ],
            [
              4.304512,
              52.095901
            ],
            [
              4.303454,
              52.09697
            ],
            [
              4.302707,
              52.096696
            ],
            [
              4.300927,
              52.09606
            ],
            [
              4.301953,
              52.094937
            ],
            [
              4.302309,
              52.095056
            ]
          ]
        ]
      }
    },
    {
      "type": "Feature",
      "properties": {
        "id": "zh-0016",
        "naam": "RK St. Petrus Banden",
        "plaats_origineel": "Den Haag",
        "plaats": "Den Haag",
        "geruimd": false,
        "geruimd_bron_terrein": false,
        "geruimd_bron_ingang": false,
        "status_conflict": false,
        "oppervlakte_m2": 25123.66,
        "oppervlakte_ha": 2.5124,
        "omtrek_m": 697.9,
        "ingang": {
          "type": "Point",
          "coordinates": [
            4.299772,
            52.093678
          ]
        },
        "ingang_lon": 4.299772,
        "ingang_lat": 52.093678,
        "ingang_koppelwijze": "exact_name_place",
        "ingang_afstand_tot_terrein_m": 0.0,
        "ingang_gedeeld": false,
        "naam_bron_terrein": "RK St. Petrus Banden",
        "naam_bron_ingang": "RK St. Petrus Banden",
        "bron_rij_terrein": 17,
        "bron_rij_ingang": 53,
        "bron": "Begraafplaatsen Zuid-Holland",
        "source_file": "Begraafplaatsen Zuid-Holland- Zuid-Holland.csv"
      },
      "geometry": {
        "type": "Polygon",
        "coordinates": [
          [
            [
              4.29845,
              52.093318
            ],
            [
              4.298628,
              52.093132
            ],
            [
              4.298293,
              52.093018
            ],
            [
              4.29898,
              52.092289
            ],
            [
              4.299045,
              52.092224
            ],
            [
              4.299415,
              52.092381
            ],
            [
              4.301707,
              52.093459
            ],
            [
              4.300846,
              52.094264
            ],
            [
              4.299904,
              52.0939
            ],
            [
              4.299948,
              52.093806
            ],
            [
              4.299821,
              52.093708
            ],
            [
              4.299668,
              52.093651
            ],
            [
              4.299503,
              52.093655
            ],
            [
              4.299378,
              52.093688
            ],
            [
              4.29845,
              52.093318
            ]
          ]
        ]
      }
    },
    {
      "type": "Feature",
      "properties": {
        "id": "zh-0017",
        "naam": "RK St. Barbara",
        "plaats_origineel": "Den Haag",
        "plaats": "Den Haag",
        "geruimd": false,
        "geruimd_bron_terrein": false,
        "geruimd_bron_ingang": false,
        "status_conflict": false,
        "oppervlakte_m2": 38681.65,
        "oppervlakte_ha": 3.8682,
        "omtrek_m": 936.89,
        "ingang": {
          "type": "Point",
          "coordinates": [
            4.341102,
            52.06811
          ]
        },
        "ingang_lon": 4.341102,
        "ingang_lat": 52.06811,
        "ingang_koppelwijze": "exact_name_place",
        "ingang_afstand_tot_terrein_m": 5.69,
        "ingang_gedeeld": false,
        "naam_bron_terrein": "RK St. Barbara",
        "naam_bron_ingang": "RK St. Barbara",
        "bron_rij_terrein": 33,
        "bron_rij_ingang": 54,
        "bron": "Begraafplaatsen Zuid-Holland",
        "source_file": "Begraafplaatsen Zuid-Holland- Zuid-Holland.csv"
      },
      "geometry": {
        "type": "Polygon",
        "coordinates": [
          [
            [
              4.34042,
              52.068557
            ],
            [
              4.340701,
              52.06826
            ],
            [
              4.340959,
              52.068354
            ],
            [
              4.341624,
              52.067678
            ],
            [
              4.345667,
              52.069124
            ],
            [
              4.345008,
              52.069861
            ],
            [
              4.343911,
              52.06948
            ],
            [
              4.343686,
              52.069721
            ],
            [
              4.34042,
              52.068557
            ]
          ]
        ]
      }
    },
    {
      "type": "Feature",
      "properties": {
        "id": "zh-0018",
        "naam": "Vm. kerkhof Nieuwe Kerk",
        "plaats_origineel": "Den Haag",
        "plaats": "Den Haag",
        "geruimd": false,
        "geruimd_bron_terrein": false,
        "geruimd_bron_ingang": false,
        "status_conflict": false,
        "oppervlakte_m2": 5683.05,
        "oppervlakte_ha": 0.5683,
        "omtrek_m": 336.32,
        "ingang": {
          "type": "Point",
          "coordinates": [
            4.316495,
            52.07666
          ]
        },
        "ingang_lon": 4.316495,
        "ingang_lat": 52.07666,
        "ingang_koppelwijze": "exact_name_place",
        "ingang_afstand_tot_terrein_m": 0.0,
        "ingang_gedeeld": false,
        "naam_bron_terrein": "Vm. kerkhof Nieuwe Kerk",
        "naam_bron_ingang": "Vm. kerkhof Nieuwe kerk",
        "bron_rij_terrein": 34,
        "bron_rij_ingang": 55,
        "bron": "Begraafplaatsen Zuid-Holland",
        "source_file": "Begraafplaatsen Zuid-Holland- Zuid-Holland.csv"
      },
      "geometry": {
        "type": "Polygon",
        "coordinates": [
          [
            [
              4.314895,
              52.076218
            ],
            [
              4.315366,
              52.075866
            ],
            [
              4.316794,
              52.076518
            ],
            [
              4.316352,
              52.076755
            ],
            [
              4.316086,
              52.076635
            ],
            [
              4.316005,
              52.07669
            ],
            [
              4.315776,
              52.07662
            ],
            [
              4.314895,
              52.076218
            ]
          ]
        ]
      }
    },
    {
      "type": "Feature",
      "properties": {
        "id": "zh-0019",
        "naam": "Joodse begraafplaats",
        "plaats_origineel": "Den Haag",
        "plaats": "Den Haag",
        "geruimd": false,
        "geruimd_bron_terrein": false,
        "geruimd_bron_ingang": false,
        "status_conflict": false,
        "oppervlakte_m2": 22466.1,
        "oppervlakte_ha": 2.2466,
        "omtrek_m": 691.4,
        "ingang": {
          "type": "Point",
          "coordinates": [
            4.296507,
            52.088344
          ]
        },
        "ingang_lon": 4.296507,
        "ingang_lat": 52.088344,
        "ingang_koppelwijze": "exact_name_place",
        "ingang_afstand_tot_terrein_m": 0.25,
        "ingang_gedeeld": false,
        "naam_bron_terrein": "Joodse begraafplaats",
        "naam_bron_ingang": "Joodse begraafplaats",
        "bron_rij_terrein": 35,
        "bron_rij_ingang": 56,
        "bron": "Begraafplaatsen Zuid-Holland",
        "source_file": "Begraafplaatsen Zuid-Holland- Zuid-Holland.csv"
      },
      "geometry": {
        "type": "Polygon",
        "coordinates": [
          [
            [
              4.295474,
              52.090555
            ],
            [
              4.295414,
              52.089162
            ],
            [
              4.295401,
              52.089132
            ],
            [
              4.296277,
              52.088411
            ],
            [
              4.296483,
              52.088509
            ],
            [
              4.296603,
              52.088418
            ],
            [
              4.296492,
              52.088359
            ],
            [
              4.296764,
              52.088152
            ],
            [
              4.297597,
              52.088538
            ],
            [
              4.297599,
              52.088558
            ],
            [
              4.297755,
              52.088637
            ],
            [
              4.297527,
              52.088858
            ],
            [
              4.297491,
              52.088948
            ],
            [
              4.29625,
              52.090184
            ],
            [
              4.296249,
              52.090193
            ],
            [
              4.296186,
              52.090257
            ],
            [
              4.295968,
              52.090477
            ],
            [
              4.29595,
              52.090488
            ],
            [
              4.29591,
              52.090497
            ],
            [
              4.295603,
              52.090554
            ],
            [
              4.295474,
              52.090555
            ]
          ]
        ]
      }
    },
    {
      "type": "Feature",
      "properties": {
        "id": "zh-0020",
        "naam": "Gem. begraafplaats De Essenhof",
        "plaats_origineel": "Dordrecht",
        "plaats": "Dordrecht",
        "geruimd": false,
        "geruimd_bron_terrein": false,
        "geruimd_bron_ingang": false,
        "status_conflict": false,
        "oppervlakte_m2": 100478.07,
        "oppervlakte_ha": 10.0478,
        "omtrek_m": 1283.77,
        "ingang": {
          "type": "Point",
          "coordinates": [
            4.673361,
            51.800204
          ]
        },
        "ingang_lon": 4.673361,
        "ingang_lat": 51.800204,
        "ingang_koppelwijze": "spatial_name_variant",
        "ingang_afstand_tot_terrein_m": 0.0,
        "ingang_gedeeld": false,
        "naam_bron_terrein": "Gem. begraafplaats De Essenhof",
        "naam_bron_ingang": "Gemeentelijke begraafplaats De Essenhof",
        "bron_rij_terrein": 36,
        "bron_rij_ingang": 57,
        "bron": "Begraafplaatsen Zuid-Holland",
        "source_file": "Begraafplaatsen Zuid-Holland- Zuid-Holland.csv"
      },
      "geometry": {
        "type": "Polygon",
        "coordinates": [
          [
            [
              4.674235,
              51.799123
            ],
            [
              4.674313,
              51.799078
            ],
            [
              4.674375,
              51.799063
            ],
            [
              4.674443,
              51.799056
            ],
            [
              4.674545,
              51.799068
            ],
            [
              4.674623,
              51.799104
            ],
            [
              4.676164,
              51.799971
            ],
            [
              4.676363,
              51.800084
            ],
            [
              4.676468,
              51.800151
            ],
            [
              4.676523,
              51.800205
            ],
            [
              4.676555,
              51.800289
            ],
            [
              4.676541,
              51.800379
            ],
            [
              4.676481,
              51.800513
            ],
            [
              4.676431,
              51.800587
            ],
            [
              4.676393,
              51.80067
            ],
            [
              4.676378,
              51.800731
            ],
            [
              4.676398,
              51.800813
            ],
            [
              4.67643,
              51.800894
            ],
            [
              4.676508,
              51.800976
            ],
            [
              4.676685,
              51.801071
            ],
            [
              4.67696,
              51.801196
            ],
            [
              4.677174,
              51.8013
            ],
            [
              4.677527,
              51.801508
            ],
            [
              4.677758,
              51.801749
            ],
            [
              4.678074,
              51.802068
            ],
            [
              4.67815,
              51.802179
            ],
            [
              4.676006,
              51.803043
            ],
            [
              4.675871,
              51.803048
            ],
            [
              4.67514,
              51.802854
            ],
            [
              4.674346,
              51.802581
            ],
            [
              4.673557,
              51.802276
            ],
            [
              4.672785,
              51.801926
            ],
            [
              4.672255,
              51.801669
            ],
            [
              4.672104,
              51.801537
            ],
            [
              4.67211,
              51.801398
            ],
            [
              4.672983,
              51.800481
            ],
            [
              4.674235,
              51.799123
            ]
          ]
        ]
      }
    },
    {
      "type": "Feature",
      "properties": {
        "id": "zh-0021",
        "naam": "Joodse begraafplaats",
        "plaats_origineel": "Dordrecht",
        "plaats": "Dordrecht",
        "geruimd": false,
        "geruimd_bron_terrein": false,
        "geruimd_bron_ingang": false,
        "status_conflict": false,
        "oppervlakte_m2": 2109.35,
        "oppervlakte_ha": 0.2109,
        "omtrek_m": 222.9,
        "ingang": {
          "type": "Point",
          "coordinates": [
            4.678256,
            51.801699
          ]
        },
        "ingang_lon": 4.678256,
        "ingang_lat": 51.801699,
        "ingang_koppelwijze": "exact_name_place",
        "ingang_afstand_tot_terrein_m": 2.58,
        "ingang_gedeeld": false,
        "naam_bron_terrein": "Joodse begraafplaats",
        "naam_bron_ingang": "Joodse begraafplaats",
        "bron_rij_terrein": 37,
        "bron_rij_ingang": 58,
        "bron": "Begraafplaatsen Zuid-Holland",
        "source_file": "Begraafplaatsen Zuid-Holland- Zuid-Holland.csv"
      },
      "geometry": {
        "type": "Polygon",
        "coordinates": [
          [
            [
              4.677507,
              51.801159
            ],
            [
              4.677365,
              51.801087
            ],
            [
              4.678029,
              51.800997
            ],
            [
              4.67832,
              51.801667
            ],
            [
              4.678142,
              51.80169
            ],
            [
              4.677815,
              51.80139
            ],
            [
              4.677507,
              51.801159
            ]
          ]
        ]
      }
    },
    {
      "type": "Feature",
      "properties": {
        "id": "zh-0022",
        "naam": "Gemeentelijk kerkhof",
        "plaats_origineel": "Arkel",
        "plaats": "Arkel",
        "geruimd": false,
        "geruimd_bron_terrein": false,
        "geruimd_bron_ingang": false,
        "status_conflict": false,
        "oppervlakte_m2": 7457.11,
        "oppervlakte_ha": 0.7457,
        "omtrek_m": 452.84,
        "ingang": {
          "type": "Point",
          "coordinates": [
            4.992348,
            51.8512
          ]
        },
        "ingang_lon": 4.992348,
        "ingang_lat": 51.8512,
        "ingang_koppelwijze": "exact_name_place",
        "ingang_afstand_tot_terrein_m": 3.22,
        "ingang_gedeeld": false,
        "naam_bron_terrein": "Gemeentelijk kerkhof",
        "naam_bron_ingang": "Gemeentelijk kerkhof",
        "bron_rij_terrein": 38,
        "bron_rij_ingang": 59,
        "bron": "Begraafplaatsen Zuid-Holland",
        "source_file": "Begraafplaatsen Zuid-Holland- Zuid-Holland.csv"
      },
      "geometry": {
        "type": "Polygon",
        "coordinates": [
          [
            [
              4.991872,
              51.850535
            ],
            [
              4.992057,
              51.850745
            ],
            [
              4.99225,
              51.850932
            ],
            [
              4.992276,
              51.850956
            ],
            [
              4.99216,
              51.850976
            ],
            [
              4.99211,
              51.850993
            ],
            [
              4.992074,
              51.851054
            ],
            [
              4.9921,
              51.851115
            ],
            [
              4.992205,
              51.851141
            ],
            [
              4.99237,
              51.851104
            ],
            [
              4.992399,
              51.851156
            ],
            [
              4.992275,
              51.851187
            ],
            [
              4.992653,
              51.85174
            ],
            [
              4.991956,
              51.851871
            ],
            [
              4.99148,
              51.851008
            ],
            [
              4.991215,
              51.850506
            ],
            [
              4.991768,
              51.850379
            ],
            [
              4.991872,
              51.850535
            ]
          ]
        ]
      }
    },
    {
      "type": "Feature",
      "properties": {
        "id": "zh-0023",
        "naam": "NH Kerkhof",
        "plaats_origineel": "Schelluinen",
        "plaats": "Schelluinen",
        "geruimd": false,
        "geruimd_bron_terrein": false,
        "geruimd_bron_ingang": false,
        "status_conflict": false,
        "oppervlakte_m2": 670.83,
        "oppervlakte_ha": 0.0671,
        "omtrek_m": 105.98,
        "ingang": {
          "type": "Point",
          "coordinates": [
            4.925023,
            51.842126
          ]
        },
        "ingang_lon": 4.925023,
        "ingang_lat": 51.842126,
        "ingang_koppelwijze": "exact_name_place",
        "ingang_afstand_tot_terrein_m": 1.13,
        "ingang_gedeeld": false,
        "naam_bron_terrein": "NH Kerkhof",
        "naam_bron_ingang": "NH kerkhof",
        "bron_rij_terrein": 39,
        "bron_rij_ingang": 60,
        "bron": "Begraafplaatsen Zuid-Holland",
        "source_file": "Begraafplaatsen Zuid-Holland- Zuid-Holland.csv"
      },
      "geometry": {
        "type": "Polygon",
        "coordinates": [
          [
            [
              4.924992,
              51.842332
            ],
            [
              4.924978,
              51.842264
            ],
            [
              4.924981,
              51.842188
            ],
            [
              4.925038,
              51.842188
            ],
            [
              4.92504,
              51.842103
            ],
            [
              4.925366,
              51.842102
            ],
            [
              4.925403,
              51.842332
            ],
            [
              4.924992,
              51.842332
            ]
          ]
        ]
      }
    },
    {
      "type": "Feature",
      "properties": {
        "id": "zh-0024",
        "naam": "NH Kerkhof",
        "plaats_origineel": "Dalem",
        "plaats": "Dalem",
        "geruimd": false,
        "geruimd_bron_terrein": false,
        "geruimd_bron_ingang": false,
        "status_conflict": false,
        "oppervlakte_m2": 217.91,
        "oppervlakte_ha": 0.0218,
        "omtrek_m": 59.83,
        "ingang": {
          "type": "Point",
          "coordinates": [
            4.991696,
            51.8278
          ]
        },
        "ingang_lon": 4.991696,
        "ingang_lat": 51.8278,
        "ingang_koppelwijze": "exact_name_place",
        "ingang_afstand_tot_terrein_m": 0.37,
        "ingang_gedeeld": false,
        "naam_bron_terrein": "NH Kerkhof",
        "naam_bron_ingang": "NH Kerkhof",
        "bron_rij_terrein": 40,
        "bron_rij_ingang": 61,
        "bron": "Begraafplaatsen Zuid-Holland",
        "source_file": "Begraafplaatsen Zuid-Holland- Zuid-Holland.csv"
      },
      "geometry": {
        "type": "Polygon",
        "coordinates": [
          [
            [
              4.991737,
              51.827762
            ],
            [
              4.991887,
              51.827909
            ],
            [
              4.991818,
              51.827939
            ],
            [
              4.991701,
              51.827955
            ],
            [
              4.991621,
              51.827922
            ],
            [
              4.99163,
              51.827879
            ],
            [
              4.991737,
              51.827762
            ]
          ]
        ]
      }
    },
    {
      "type": "Feature",
      "properties": {
        "id": "zh-0025",
        "naam": "Gemeentelijke begraafplaats",
        "plaats_origineel": "Dalem",
        "plaats": "Dalem",
        "geruimd": false,
        "geruimd_bron_terrein": false,
        "geruimd_bron_ingang": false,
        "status_conflict": false,
        "oppervlakte_m2": 1411.57,
        "oppervlakte_ha": 0.1412,
        "omtrek_m": 150.75,
        "ingang": {
          "type": "Point",
          "coordinates": [
            4.994719,
            51.827346
          ]
        },
        "ingang_lon": 4.994719,
        "ingang_lat": 51.827346,
        "ingang_koppelwijze": "exact_name_place",
        "ingang_afstand_tot_terrein_m": 0.04,
        "ingang_gedeeld": false,
        "naam_bron_terrein": "Gemeentelijke begraafplaats",
        "naam_bron_ingang": "Gemeentelijke begraafplaats",
        "bron_rij_terrein": 41,
        "bron_rij_ingang": 62,
        "bron": "Begraafplaatsen Zuid-Holland",
        "source_file": "Begraafplaatsen Zuid-Holland- Zuid-Holland.csv"
      },
      "geometry": {
        "type": "Polygon",
        "coordinates": [
          [
            [
              4.994241,
              51.827605
            ],
            [
              4.994295,
              51.827231
            ],
            [
              4.994308,
              51.827216
            ],
            [
              4.994349,
              51.827201
            ],
            [
              4.994445,
              51.827192
            ],
            [
              4.994623,
              51.827198
            ],
            [
              4.994702,
              51.827202
            ],
            [
              4.994732,
              51.827211
            ],
            [
              4.99474,
              51.827223
            ],
            [
              4.994668,
              51.827634
            ],
            [
              4.994241,
              51.827605
            ]
          ]
        ]
      }
    },
    {
      "type": "Feature",
      "properties": {
        "id": "zh-0026",
        "naam": "Joodse begraafplaats",
        "plaats_origineel": "Gorinchem",
        "plaats": "Gorinchem",
        "geruimd": false,
        "geruimd_bron_terrein": false,
        "geruimd_bron_ingang": false,
        "status_conflict": false,
        "oppervlakte_m2": 1220.82,
        "oppervlakte_ha": 0.1221,
        "omtrek_m": 197.76,
        "ingang": {
          "type": "Point",
          "coordinates": [
            4.977768,
            51.836572
          ]
        },
        "ingang_lon": 4.977768,
        "ingang_lat": 51.836572,
        "ingang_koppelwijze": "exact_name_place",
        "ingang_afstand_tot_terrein_m": 0.07,
        "ingang_gedeeld": false,
        "naam_bron_terrein": "Joodse begraafplaats",
        "naam_bron_ingang": "Joodse begraafplaats",
        "bron_rij_terrein": 42,
        "bron_rij_ingang": 63,
        "bron": "Begraafplaatsen Zuid-Holland",
        "source_file": "Begraafplaatsen Zuid-Holland- Zuid-Holland.csv"
      },
      "geometry": {
        "type": "Polygon",
        "coordinates": [
          [
            [
              4.977769,
              51.836602
            ],
            [
              4.977769,
              51.836546
            ],
            [
              4.978126,
              51.836558
            ],
            [
              4.978498,
              51.836408
            ],
            [
              4.978527,
              51.836372
            ],
            [
              4.978923,
              51.836612
            ],
            [
              4.978627,
              51.836764
            ],
            [
              4.978431,
              51.836618
            ],
            [
              4.97822,
              51.836607
            ],
            [
              4.978215,
              51.836612
            ],
            [
              4.977769,
              51.836602
            ]
          ]
        ]
      }
    },
    {
      "type": "Feature",
      "properties": {
        "id": "zh-0027",
        "naam": "Oude Gemeentelijke begraafplaats",
        "plaats_origineel": "Gorinchem",
        "plaats": "Gorinchem",
        "geruimd": false,
        "geruimd_bron_terrein": false,
        "geruimd_bron_ingang": false,
        "status_conflict": false,
        "oppervlakte_m2": 26245.66,
        "oppervlakte_ha": 2.6246,
        "omtrek_m": 679.68,
        "ingang": {
          "type": "Point",
          "coordinates": [
            4.978836,
            51.837896
          ]
        },
        "ingang_lon": 4.978836,
        "ingang_lat": 51.837896,
        "ingang_koppelwijze": "exact_name_place",
        "ingang_afstand_tot_terrein_m": 1.59,
        "ingang_gedeeld": false,
        "naam_bron_terrein": "Oude Gemeentelijke begraafplaats",
        "naam_bron_ingang": "Oude gemeentelijke begraafplaats",
        "bron_rij_terrein": 43,
        "bron_rij_ingang": 64,
        "bron": "Begraafplaatsen Zuid-Holland",
        "source_file": "Begraafplaatsen Zuid-Holland- Zuid-Holland.csv"
      },
      "geometry": {
        "type": "Polygon",
        "coordinates": [
          [
            [
              4.978036,
              51.837288
            ],
            [
              4.978195,
              51.837433
            ],
            [
              4.978851,
              51.83793
            ],
            [
              4.979225,
              51.838075
            ],
            [
              4.979619,
              51.838237
            ],
            [
              4.979029,
              51.838468
            ],
            [
              4.979161,
              51.838641
            ],
            [
              4.977515,
              51.839325
            ],
            [
              4.977295,
              51.838959
            ],
            [
              4.976297,
              51.837916
            ],
            [
              4.976288,
              51.837886
            ],
            [
              4.976309,
              51.837864
            ],
            [
              4.978036,
              51.837288
            ]
          ]
        ]
      }
    },
    {
      "type": "Feature",
      "properties": {
        "id": "zh-0028",
        "naam": "Gemeentelijke begraafplaats De Haarhof",
        "plaats_origineel": "Gorinchem",
        "plaats": "Gorinchem",
        "geruimd": false,
        "geruimd_bron_terrein": false,
        "geruimd_bron_ingang": false,
        "status_conflict": false,
        "oppervlakte_m2": 18634.02,
        "oppervlakte_ha": 1.8634,
        "omtrek_m": 552.4,
        "ingang": {
          "type": "Point",
          "coordinates": [
            4.975382,
            51.850435
          ]
        },
        "ingang_lon": 4.975382,
        "ingang_lat": 51.850435,
        "ingang_koppelwijze": "exact_name_place",
        "ingang_afstand_tot_terrein_m": 32.54,
        "ingang_gedeeld": false,
        "naam_bron_terrein": "Gemeentelijke begraafplaats De Haarhof",
        "naam_bron_ingang": "Gemeentelijke begraafplaats De Haarhof",
        "bron_rij_terrein": 44,
        "bron_rij_ingang": 65,
        "bron": "Begraafplaatsen Zuid-Holland",
        "source_file": "Begraafplaatsen Zuid-Holland- Zuid-Holland.csv"
      },
      "geometry": {
        "type": "Polygon",
        "coordinates": [
          [
            [
              4.97606,
              51.849304
            ],
            [
              4.977813,
              51.849044
            ],
            [
              4.97787,
              51.850534
            ],
            [
              4.97585,
              51.850396
            ],
            [
              4.97606,
              51.849304
            ]
          ]
        ]
      }
    },
    {
      "type": "Feature",
      "properties": {
        "id": "zh-0029",
        "naam": "NH Maartenskerkhof",
        "plaats_origineel": "Hillegom",
        "plaats": "Hillegom",
        "geruimd": false,
        "geruimd_bron_terrein": false,
        "geruimd_bron_ingang": false,
        "status_conflict": false,
        "oppervlakte_m2": 896.73,
        "oppervlakte_ha": 0.0897,
        "omtrek_m": 149.04,
        "ingang": {
          "type": "Point",
          "coordinates": [
            4.578405,
            52.291701
          ]
        },
        "ingang_lon": 4.578405,
        "ingang_lat": 52.291701,
        "ingang_koppelwijze": "exact_name_place",
        "ingang_afstand_tot_terrein_m": 0.0,
        "ingang_gedeeld": false,
        "naam_bron_terrein": "NH Maartenskerkhof",
        "naam_bron_ingang": "NH Maartenskerkhof",
        "bron_rij_terrein": 45,
        "bron_rij_ingang": 66,
        "bron": "Begraafplaatsen Zuid-Holland",
        "source_file": "Begraafplaatsen Zuid-Holland- Zuid-Holland.csv"
      },
      "geometry": {
        "type": "Polygon",
        "coordinates": [
          [
            [
              4.578085,
              52.291615
            ],
            [
              4.577884,
              52.291426
            ],
            [
              4.578123,
              52.29145
            ],
            [
              4.578111,
              52.291489
            ],
            [
              4.578154,
              52.291511
            ],
            [
              4.57835,
              52.291527
            ],
            [
              4.578376,
              52.291482
            ],
            [
              4.578478,
              52.291425
            ],
            [
              4.578599,
              52.291456
            ],
            [
              4.578579,
              52.291592
            ],
            [
              4.578488,
              52.291654
            ],
            [
              4.578453,
              52.291706
            ],
            [
              4.578326,
              52.291716
            ],
            [
              4.578189,
              52.291715
            ],
            [
              4.578085,
              52.291615
            ]
          ]
        ]
      }
    },
    {
      "type": "Feature",
      "properties": {
        "id": "zh-0030",
        "naam": "RK Kerkhof",
        "plaats_origineel": "Leimuiden",
        "plaats": "Leimuiden",
        "geruimd": false,
        "geruimd_bron_terrein": false,
        "geruimd_bron_ingang": false,
        "status_conflict": false,
        "oppervlakte_m2": 1632.87,
        "oppervlakte_ha": 0.1633,
        "omtrek_m": 166.9,
        "ingang": {
          "type": "Point",
          "coordinates": [
            4.66947,
            52.21096
          ]
        },
        "ingang_lon": 4.66947,
        "ingang_lat": 52.21096,
        "ingang_koppelwijze": "exact_name_place",
        "ingang_afstand_tot_terrein_m": 0.0,
        "ingang_gedeeld": false,
        "naam_bron_terrein": "RK Kerkhof",
        "naam_bron_ingang": "RK Kerkhof",
        "bron_rij_terrein": 46,
        "bron_rij_ingang": 67,
        "bron": "Begraafplaatsen Zuid-Holland",
        "source_file": "Begraafplaatsen Zuid-Holland- Zuid-Holland.csv"
      },
      "geometry": {
        "type": "Polygon",
        "coordinates": [
          [
            [
              4.669425,
              52.21095
            ],
            [
              4.669513,
              52.210954
            ],
            [
              4.669516,
              52.210929
            ],
            [
              4.669978,
              52.210966
            ],
            [
              4.669947,
              52.21119
            ],
            [
              4.669891,
              52.211231
            ],
            [
              4.669882,
              52.211417
            ],
            [
              4.66956,
              52.211399
            ],
            [
              4.669533,
              52.211306
            ],
            [
              4.66947,
              52.211217
            ],
            [
              4.6694,
              52.211149
            ],
            [
              4.669425,
              52.21095
            ]
          ]
        ]
      }
    },
    {
      "type": "Feature",
      "properties": {
        "id": "zh-0031",
        "naam": "Gemeentelijke begraafplaats",
        "plaats_origineel": "Leimuiden",
        "plaats": "Leimuiden",
        "geruimd": false,
        "geruimd_bron_terrein": false,
        "geruimd_bron_ingang": false,
        "status_conflict": false,
        "oppervlakte_m2": 3852.31,
        "oppervlakte_ha": 0.3852,
        "omtrek_m": 360.2,
        "ingang": {
          "type": "Point",
          "coordinates": [
            4.67313,
            52.223875
          ]
        },
        "ingang_lon": 4.67313,
        "ingang_lat": 52.223875,
        "ingang_koppelwijze": "exact_name_place",
        "ingang_afstand_tot_terrein_m": 0.08,
        "ingang_gedeeld": false,
        "naam_bron_terrein": "Gemeentelijke begraafplaats",
        "naam_bron_ingang": "Gemeentelijke begraafplaats",
        "bron_rij_terrein": 47,
        "bron_rij_ingang": 68,
        "bron": "Begraafplaatsen Zuid-Holland",
        "source_file": "Begraafplaatsen Zuid-Holland- Zuid-Holland.csv"
      },
      "geometry": {
        "type": "Polygon",
        "coordinates": [
          [
            [
              4.673128,
              52.223568
            ],
            [
              4.673377,
              52.223581
            ],
            [
              4.673376,
              52.223876
            ],
            [
              4.67341,
              52.223876
            ],
            [
              4.673416,
              52.223873
            ],
            [
              4.673416,
              52.223532
            ],
            [
              4.674138,
              52.22358
            ],
            [
              4.673982,
              52.224213
            ],
            [
              4.673471,
              52.224158
            ],
            [
              4.673434,
              52.223934
            ],
            [
              4.673372,
              52.223933
            ],
            [
              4.673384,
              52.224049
            ],
            [
              4.673269,
              52.224046
            ],
            [
              4.67327,
              52.223959
            ],
            [
              4.673128,
              52.223961
            ],
            [
              4.673132,
              52.223852
            ],
            [
              4.67313,
              52.223794
            ],
            [
              4.673128,
              52.223568
            ]
          ]
        ]
      }
    },
    {
      "type": "Feature",
      "properties": {
        "id": "zh-0032",
        "naam": "Gemeentelijk kerkhof",
        "plaats_origineel": "Rijnsaterwoude",
        "plaats": "Rijnsaterwoude",
        "geruimd": false,
        "geruimd_bron_terrein": false,
        "geruimd_bron_ingang": false,
        "status_conflict": false,
        "oppervlakte_m2": 761.02,
        "oppervlakte_ha": 0.0761,
        "omtrek_m": 200.72,
        "ingang": {
          "type": "Point",
          "coordinates": [
            4.671144,
            52.199298
          ]
        },
        "ingang_lon": 4.671144,
        "ingang_lat": 52.199298,
        "ingang_koppelwijze": "exact_name_place",
        "ingang_afstand_tot_terrein_m": 0.0,
        "ingang_gedeeld": false,
        "naam_bron_terrein": "Gemeentelijk kerkhof",
        "naam_bron_ingang": "Gemeentelijk kerkhof",
        "bron_rij_terrein": 48,
        "bron_rij_ingang": 69,
        "bron": "Begraafplaatsen Zuid-Holland",
        "source_file": "Begraafplaatsen Zuid-Holland- Zuid-Holland.csv"
      },
      "geometry": {
        "type": "Polygon",
        "coordinates": [
          [
            [
              4.671096,
              52.199273
            ],
            [
              4.671294,
              52.199286
            ],
            [
              4.671392,
              52.199272
            ],
            [
              4.67161,
              52.199296
            ],
            [
              4.671766,
              52.19931
            ],
            [
              4.671715,
              52.19951
            ],
            [
              4.671663,
              52.199531
            ],
            [
              4.671041,
              52.199465
            ],
            [
              4.671057,
              52.199415
            ],
            [
              4.671395,
              52.199444
            ],
            [
              4.671395,
              52.199433
            ],
            [
              4.671484,
              52.199441
            ],
            [
              4.67155,
              52.199415
            ],
            [
              4.671557,
              52.199389
            ],
            [
              4.67153,
              52.199366
            ],
            [
              4.671409,
              52.199347
            ],
            [
              4.671403,
              52.199341
            ],
            [
              4.671075,
              52.199312
            ],
            [
              4.671096,
              52.199273
            ]
          ]
        ]
      }
    },
    {
      "type": "Feature",
      "properties": {
        "id": "zh-0033",
        "naam": "RK begraafplaats Verpleeghuis Wilbert",
        "plaats_origineel": "Katwijk aan den Rijn",
        "plaats": "Katwijk aan den Rijn",
        "geruimd": false,
        "geruimd_bron_terrein": false,
        "geruimd_bron_ingang": false,
        "status_conflict": false,
        "oppervlakte_m2": 1188.93,
        "oppervlakte_ha": 0.1189,
        "omtrek_m": 146.19,
        "ingang": {
          "type": "Point",
          "coordinates": [
            4.428684,
            52.193311
          ]
        },
        "ingang_lon": 4.428684,
        "ingang_lat": 52.193311,
        "ingang_koppelwijze": "exact_name_place",
        "ingang_afstand_tot_terrein_m": 0.0,
        "ingang_gedeeld": false,
        "naam_bron_terrein": "RK begraafplaats Verpleeghuis Wilbert",
        "naam_bron_ingang": "RK begraafplaats Verpleeghuis Wilbert",
        "bron_rij_terrein": 49,
        "bron_rij_ingang": 70,
        "bron": "Begraafplaatsen Zuid-Holland",
        "source_file": "Begraafplaatsen Zuid-Holland- Zuid-Holland.csv"
      },
      "geometry": {
        "type": "Polygon",
        "coordinates": [
          [
            [
              4.429281,
              52.19314
            ],
            [
              4.429433,
              52.193333
            ],
            [
              4.428689,
              52.19339
            ],
            [
              4.428658,
              52.193382
            ],
            [
              4.428614,
              52.193339
            ],
            [
              4.428599,
              52.19321
            ],
            [
              4.428603,
              52.1932
            ],
            [
              4.428628,
              52.193185
            ],
            [
              4.428655,
              52.193174
            ],
            [
              4.428687,
              52.193172
            ],
            [
              4.429281,
              52.19314
            ]
          ]
        ]
      }
    },
    {
      "type": "Feature",
      "properties": {
        "id": "zh-0034",
        "naam": "Grafkelder Van Wassenaar",
        "plaats_origineel": "Katwijk aan den Rijn",
        "plaats": "Katwijk aan den Rijn",
        "geruimd": false,
        "geruimd_bron_terrein": false,
        "geruimd_bron_ingang": false,
        "status_conflict": false,
        "oppervlakte_m2": 282.22,
        "oppervlakte_ha": 0.0282,
        "omtrek_m": 68.13,
        "ingang": {
          "type": "Point",
          "coordinates": [
            4.424374,
            52.196463
          ]
        },
        "ingang_lon": 4.424374,
        "ingang_lat": 52.196463,
        "ingang_koppelwijze": "exact_name_place",
        "ingang_afstand_tot_terrein_m": 0.0,
        "ingang_gedeeld": false,
        "naam_bron_terrein": "Grafkelder Van Wassenaar",
        "naam_bron_ingang": "Grafkelder Van Wassenaar",
        "bron_rij_terrein": 50,
        "bron_rij_ingang": 71,
        "bron": "Begraafplaatsen Zuid-Holland",
        "source_file": "Begraafplaatsen Zuid-Holland- Zuid-Holland.csv"
      },
      "geometry": {
        "type": "Polygon",
        "coordinates": [
          [
            [
              4.424173,
              52.196429
            ],
            [
              4.424247,
              52.196311
            ],
            [
              4.424513,
              52.19637
            ],
            [
              4.42445,
              52.196494
            ],
            [
              4.424173,
              52.196429
            ]
          ]
        ]
      }
    },
    {
      "type": "Feature",
      "properties": {
        "id": "zh-0035",
        "naam": "NH Kerkhof",
        "plaats_origineel": "Katwijk aan den Rijn",
        "plaats": "Katwijk aan den Rijn",
        "geruimd": false,
        "geruimd_bron_terrein": false,
        "geruimd_bron_ingang": false,
        "status_conflict": false,
        "oppervlakte_m2": 4045.56,
        "oppervlakte_ha": 0.4046,
        "omtrek_m": 255.77,
        "ingang": {
          "type": "Point",
          "coordinates": [
            4.423595,
            52.196298
          ]
        },
        "ingang_lon": 4.423595,
        "ingang_lat": 52.196298,
        "ingang_koppelwijze": "exact_name_place",
        "ingang_afstand_tot_terrein_m": 0.0,
        "ingang_gedeeld": false,
        "naam_bron_terrein": "NH Kerkhof",
        "naam_bron_ingang": "NH Kerkhof",
        "bron_rij_terrein": 51,
        "bron_rij_ingang": 72,
        "bron": "Begraafplaatsen Zuid-Holland",
        "source_file": "Begraafplaatsen Zuid-Holland- Zuid-Holland.csv"
      },
      "geometry": {
        "type": "Polygon",
        "coordinates": [
          [
            [
              4.423436,
              52.19626
            ],
            [
              4.424447,
              52.1965
            ],
            [
              4.424256,
              52.19671
            ],
            [
              4.424142,
              52.196819
            ],
            [
              4.424007,
              52.196926
            ],
            [
              4.423107,
              52.196776
            ],
            [
              4.423436,
              52.19626
            ]
          ]
        ]
      }
    },
    {
      "type": "Feature",
      "properties": {
        "id": "zh-0036",
        "naam": "Joodse begraafplaats",
        "plaats_origineel": "Katwijk aan den Rijn",
        "plaats": "Katwijk aan den Rijn",
        "geruimd": false,
        "geruimd_bron_terrein": false,
        "geruimd_bron_ingang": false,
        "status_conflict": false,
        "oppervlakte_m2": 3383.73,
        "oppervlakte_ha": 0.3384,
        "omtrek_m": 242.82,
        "ingang": {
          "type": "Point",
          "coordinates": [
            4.421317,
            52.198093
          ]
        },
        "ingang_lon": 4.421317,
        "ingang_lat": 52.198093,
        "ingang_koppelwijze": "exact_name_place",
        "ingang_afstand_tot_terrein_m": 0.0,
        "ingang_gedeeld": false,
        "naam_bron_terrein": "Joodse begraafplaats",
        "naam_bron_ingang": "Joodse begraafplaats",
        "bron_rij_terrein": 52,
        "bron_rij_ingang": 88,
        "bron": "Begraafplaatsen Zuid-Holland",
        "source_file": "Begraafplaatsen Zuid-Holland- Zuid-Holland.csv"
      },
      "geometry": {
        "type": "Polygon",
        "coordinates": [
          [
            [
              4.420906,
              52.198224
            ],
            [
              4.421821,
              52.197804
            ],
            [
              4.422197,
              52.198132
            ],
            [
              4.421261,
              52.198533
            ],
            [
              4.420906,
              52.198224
            ]
          ]
        ]
      }
    },
    {
      "type": "Feature",
      "properties": {
        "id": "zh-0037",
        "naam": "RK Kerkhof",
        "plaats_origineel": "Katwijk aan den Rijn",
        "plaats": "Katwijk aan den Rijn",
        "geruimd": false,
        "geruimd_bron_terrein": false,
        "geruimd_bron_ingang": false,
        "status_conflict": false,
        "oppervlakte_m2": 1493.59,
        "oppervlakte_ha": 0.1494,
        "omtrek_m": 149.28,
        "ingang": {
          "type": "Point",
          "coordinates": [
            4.420838,
            52.197402
          ]
        },
        "ingang_lon": 4.420838,
        "ingang_lat": 52.197402,
        "ingang_koppelwijze": "exact_name_place",
        "ingang_afstand_tot_terrein_m": 0.0,
        "ingang_gedeeld": false,
        "naam_bron_terrein": "RK Kerkhof",
        "naam_bron_ingang": "RK Kerkhof",
        "bron_rij_terrein": 73,
        "bron_rij_ingang": 89,
        "bron": "Begraafplaatsen Zuid-Holland",
        "source_file": "Begraafplaatsen Zuid-Holland- Zuid-Holland.csv"
      },
      "geometry": {
        "type": "Polygon",
        "coordinates": [
          [
            [
              4.420452,
              52.19769
            ],
            [
              4.420414,
              52.197683
            ],
            [
              4.420279,
              52.197652
            ],
            [
              4.420226,
              52.197626
            ],
            [
              4.420148,
              52.197602
            ],
            [
              4.420115,
              52.197565
            ],
            [
              4.420232,
              52.197344
            ],
            [
              4.420272,
              52.197322
            ],
            [
              4.420293,
              52.197294
            ],
            [
              4.420526,
              52.197339
            ],
            [
              4.420679,
              52.197327
            ],
            [
              4.420857,
              52.197402
            ],
            [
              4.42082,
              52.197444
            ],
            [
              4.420785,
              52.197454
            ],
            [
              4.420766,
              52.197472
            ],
            [
              4.420756,
              52.1975
            ],
            [
              4.42074,
              52.197545
            ],
            [
              4.420681,
              52.197629
            ],
            [
              4.420587,
              52.197673
            ],
            [
              4.420497,
              52.197691
            ],
            [
              4.420452,
              52.19769
            ]
          ]
        ]
      }
    },
    {
      "type": "Feature",
      "properties": {
        "id": "zh-0038",
        "naam": "Gem. begraafplaats De Bleekerij",
        "plaats_origineel": "Katwijk aan den Rijn",
        "plaats": "Katwijk aan den Rijn",
        "geruimd": false,
        "geruimd_bron_terrein": false,
        "geruimd_bron_ingang": false,
        "status_conflict": false,
        "oppervlakte_m2": 4687.45,
        "oppervlakte_ha": 0.4687,
        "omtrek_m": 335.88,
        "ingang": {
          "type": "Point",
          "coordinates": [
            4.422296,
            52.198925
          ]
        },
        "ingang_lon": 4.422296,
        "ingang_lat": 52.198925,
        "ingang_koppelwijze": "exact_name_place",
        "ingang_afstand_tot_terrein_m": 0.0,
        "ingang_gedeeld": false,
        "naam_bron_terrein": "Gem. begraafplaats De Bleekerij",
        "naam_bron_ingang": "Gem. begraafplaats De Bleekerij",
        "bron_rij_terrein": 74,
        "bron_rij_ingang": 90,
        "bron": "Begraafplaatsen Zuid-Holland",
        "source_file": "Begraafplaatsen Zuid-Holland- Zuid-Holland.csv"
      },
      "geometry": {
        "type": "Polygon",
        "coordinates": [
          [
            [
              4.421404,
              52.198739
            ],
            [
              4.421771,
              52.198567
            ],
            [
              4.422187,
              52.198878
            ],
            [
              4.422256,
              52.198892
            ],
            [
              4.422358,
              52.19897
            ],
            [
              4.422358,
              52.199009
            ],
            [
              4.423005,
              52.199491
            ],
            [
              4.422603,
              52.199692
            ],
            [
              4.421921,
              52.19919
            ],
            [
              4.421404,
              52.198739
            ]
          ]
        ]
      }
    },
    {
      "type": "Feature",
      "properties": {
        "id": "zh-0039",
        "naam": "NH begraafplaats Duinrust",
        "plaats_origineel": "Katwijk aan Zee",
        "plaats": "Katwijk aan Zee",
        "geruimd": false,
        "geruimd_bron_terrein": false,
        "geruimd_bron_ingang": false,
        "status_conflict": false,
        "oppervlakte_m2": 36314.15,
        "oppervlakte_ha": 3.6314,
        "omtrek_m": 823.04,
        "ingang": {
          "type": "Point",
          "coordinates": [
            4.401281,
            52.199771
          ]
        },
        "ingang_lon": 4.401281,
        "ingang_lat": 52.199771,
        "ingang_koppelwijze": "shared_entrance_spatial",
        "ingang_afstand_tot_terrein_m": 10.6,
        "ingang_gedeeld": true,
        "naam_bron_terrein": "NH begraafplaats Duinrust",
        "naam_bron_ingang": "Gem. begraafplaats Duinrust en NH begraafplaats",
        "bron_rij_terrein": 75,
        "bron_rij_ingang": 91,
        "bron": "Begraafplaatsen Zuid-Holland",
        "source_file": "Begraafplaatsen Zuid-Holland- Zuid-Holland.csv"
      },
      "geometry": {
        "type": "Polygon",
        "coordinates": [
          [
            [
              4.398353,
              52.198676
            ],
            [
              4.398896,
              52.198227
            ],
            [
              4.399258,
              52.198034
            ],
            [
              4.399589,
              52.197931
            ],
            [
              4.399964,
              52.197843
            ],
            [
              4.400372,
              52.197808
            ],
            [
              4.40091,
              52.197843
            ],
            [
              4.401635,
              52.197936
            ],
            [
              4.402192,
              52.197995
            ],
            [
              4.402529,
              52.198035
            ],
            [
              4.402492,
              52.198212
            ],
            [
              4.402352,
              52.198198
            ],
            [
              4.402304,
              52.198335
            ],
            [
              4.402366,
              52.198501
            ],
            [
              4.402422,
              52.19873
            ],
            [
              4.401966,
              52.198888
            ],
            [
              4.401863,
              52.198806
            ],
            [
              4.401796,
              52.198828
            ],
            [
              4.40137,
              52.199017
            ],
            [
              4.401147,
              52.199233
            ],
            [
              4.401174,
              52.199509
            ],
            [
              4.401135,
              52.199739
            ],
            [
              4.398752,
              52.19897
            ],
            [
              4.398353,
              52.198855
            ],
            [
              4.398353,
              52.198676
            ]
          ]
        ]
      }
    },
    {
      "type": "Feature",
      "properties": {
        "id": "zh-0040",
        "naam": "Hervormde begraafplaats",
        "plaats_origineel": "Katwijk aan Zee",
        "plaats": "Katwijk aan Zee",
        "geruimd": false,
        "geruimd_bron_terrein": false,
        "geruimd_bron_ingang": false,
        "status_conflict": false,
        "oppervlakte_m2": 4905.11,
        "oppervlakte_ha": 0.4905,
        "omtrek_m": 281.76,
        "ingang": {
          "type": "Point",
          "coordinates": [
            4.400985,
            52.202108
          ]
        },
        "ingang_lon": 4.400985,
        "ingang_lat": 52.202108,
        "ingang_koppelwijze": "exact_name_place",
        "ingang_afstand_tot_terrein_m": 0.0,
        "ingang_gedeeld": false,
        "naam_bron_terrein": "Hervormde begraafplaats",
        "naam_bron_ingang": "Hervormde begraafplaats",
        "bron_rij_terrein": 76,
        "bron_rij_ingang": 92,
        "bron": "Begraafplaatsen Zuid-Holland",
        "source_file": "Begraafplaatsen Zuid-Holland- Zuid-Holland.csv"
      },
      "geometry": {
        "type": "Polygon",
        "coordinates": [
          [
            [
              4.401654,
              52.201597
            ],
            [
              4.40143,
              52.202181
            ],
            [
              4.400508,
              52.202043
            ],
            [
              4.40053,
              52.201903
            ],
            [
              4.400408,
              52.201896
            ],
            [
              4.400552,
              52.201466
            ],
            [
              4.400719,
              52.201457
            ],
            [
              4.401654,
              52.201597
            ]
          ]
        ]
      }
    },
    {
      "type": "Feature",
      "properties": {
        "id": "zh-0041",
        "naam": "NH Kerkhof",
        "plaats_origineel": "Rijnsburg",
        "plaats": "Rijnsburg",
        "geruimd": false,
        "geruimd_bron_terrein": false,
        "geruimd_bron_ingang": false,
        "status_conflict": false,
        "oppervlakte_m2": 3367.29,
        "oppervlakte_ha": 0.3367,
        "omtrek_m": 312.8,
        "ingang": {
          "type": "Point",
          "coordinates": [
            4.443223,
            52.18937
          ]
        },
        "ingang_lon": 4.443223,
        "ingang_lat": 52.18937,
        "ingang_koppelwijze": "exact_name_place",
        "ingang_afstand_tot_terrein_m": 0.04,
        "ingang_gedeeld": false,
        "naam_bron_terrein": "NH Kerkhof",
        "naam_bron_ingang": "NH Kerkhof",
        "bron_rij_terrein": 77,
        "bron_rij_ingang": 93,
        "bron": "Begraafplaatsen Zuid-Holland",
        "source_file": "Begraafplaatsen Zuid-Holland- Zuid-Holland.csv"
      },
      "geometry": {
        "type": "Polygon",
        "coordinates": [
          [
            [
              4.444387,
              52.189125
            ],
            [
              4.44422,
              52.18971
            ],
            [
              4.443861,
              52.189681
            ],
            [
              4.443886,
              52.189569
            ],
            [
              4.443702,
              52.18955
            ],
            [
              4.443719,
              52.189487
            ],
            [
              4.443613,
              52.189475
            ],
            [
              4.443549,
              52.18943
            ],
            [
              4.44357,
              52.189352
            ],
            [
              4.443503,
              52.189346
            ],
            [
              4.443343,
              52.189324
            ],
            [
              4.44334,
              52.189336
            ],
            [
              4.443117,
              52.1894
            ],
            [
              4.443107,
              52.189462
            ],
            [
              4.442961,
              52.189443
            ],
            [
              4.442971,
              52.189312
            ],
            [
              4.443333,
              52.189237
            ],
            [
              4.443737,
              52.189154
            ],
            [
              4.444019,
              52.189107
            ],
            [
              4.44413,
              52.189093
            ],
            [
              4.44422,
              52.1891
            ],
            [
              4.444387,
              52.189125
            ]
          ]
        ]
      }
    },
    {
      "type": "Feature",
      "properties": {
        "id": "zh-0042",
        "naam": "Mausoleum Floris V",
        "plaats_origineel": "Rijnsburg",
        "plaats": "Rijnsburg",
        "geruimd": false,
        "geruimd_bron_terrein": false,
        "geruimd_bron_ingang": false,
        "status_conflict": false,
        "oppervlakte_m2": 174.08,
        "oppervlakte_ha": 0.0174,
        "omtrek_m": 57.8,
        "ingang": {
          "type": "Point",
          "coordinates": [
            4.443663,
            52.189649
          ]
        },
        "ingang_lon": 4.443663,
        "ingang_lat": 52.189649,
        "ingang_koppelwijze": "exact_name_place",
        "ingang_afstand_tot_terrein_m": 0.0,
        "ingang_gedeeld": false,
        "naam_bron_terrein": "Mausoleum Floris V",
        "naam_bron_ingang": "Mausoleum Floris V",
        "bron_rij_terrein": 78,
        "bron_rij_ingang": 94,
        "bron": "Begraafplaatsen Zuid-Holland",
        "source_file": "Begraafplaatsen Zuid-Holland- Zuid-Holland.csv"
      },
      "geometry": {
        "type": "Polygon",
        "coordinates": [
          [
            [
              4.443631,
              52.189652
            ],
            [
              4.443568,
              52.189647
            ],
            [
              4.443581,
              52.189585
            ],
            [
              4.44366,
              52.189593
            ],
            [
              4.44368,
              52.189572
            ],
            [
              4.443704,
              52.189566
            ],
            [
              4.443736,
              52.189569
            ],
            [
              4.443753,
              52.189575
            ],
            [
              4.44378,
              52.18958
            ],
            [
              4.443783,
              52.189607
            ],
            [
              4.443818,
              52.189611
            ],
            [
              4.443835,
              52.189618
            ],
            [
              4.443841,
              52.18963
            ],
            [
              4.443843,
              52.189637
            ],
            [
              4.443843,
              52.189647
            ],
            [
              4.443833,
              52.189655
            ],
            [
              4.443813,
              52.189666
            ],
            [
              4.443778,
              52.189671
            ],
            [
              4.443733,
              52.18967
            ],
            [
              4.443719,
              52.189688
            ],
            [
              4.443699,
              52.189697
            ],
            [
              4.443665,
              52.189698
            ],
            [
              4.443644,
              52.189691
            ],
            [
              4.443634,
              52.18968
            ],
            [
              4.44363,
              52.189667
            ],
            [
              4.443631,
              52.189652
            ]
          ]
        ]
      }
    },
    {
      "type": "Feature",
      "properties": {
        "id": "zh-0043",
        "naam": "Gereformeerde en algemene begraafplaats",
        "plaats_origineel": "Rijnsburg",
        "plaats": "Rijnsburg",
        "geruimd": false,
        "geruimd_bron_terrein": false,
        "geruimd_bron_ingang": false,
        "status_conflict": false,
        "oppervlakte_m2": 16848.01,
        "oppervlakte_ha": 1.6848,
        "omtrek_m": 646.64,
        "ingang": {
          "type": "Point",
          "coordinates": [
            4.436514,
            52.189373
          ]
        },
        "ingang_lon": 4.436514,
        "ingang_lat": 52.189373,
        "ingang_koppelwijze": "spatial_name_variant",
        "ingang_afstand_tot_terrein_m": 0.42,
        "ingang_gedeeld": false,
        "naam_bron_terrein": "Gereformeerde en algemene begraafplaats",
        "naam_bron_ingang": "Gereformeerde begraafplaats",
        "bron_rij_terrein": 79,
        "bron_rij_ingang": 95,
        "bron": "Begraafplaatsen Zuid-Holland",
        "source_file": "Begraafplaatsen Zuid-Holland- Zuid-Holland.csv"
      },
      "geometry": {
        "type": "Polygon",
        "coordinates": [
          [
            [
              4.436402,
              52.189365
            ],
            [
              4.436263,
              52.189349
            ],
            [
              4.436148,
              52.188706
            ],
            [
              4.435435,
              52.188727
            ],
            [
              4.435264,
              52.188563
            ],
            [
              4.435261,
              52.188336
            ],
            [
              4.435898,
              52.18831
            ],
            [
              4.436656,
              52.188294
            ],
            [
              4.43676,
              52.188265
            ],
            [
              4.437065,
              52.187887
            ],
            [
              4.438086,
              52.188183
            ],
            [
              4.437878,
              52.188497
            ],
            [
              4.437929,
              52.188504
            ],
            [
              4.438041,
              52.188995
            ],
            [
              4.436818,
              52.189086
            ],
            [
              4.436862,
              52.189349
            ],
            [
              4.436718,
              52.189362
            ],
            [
              4.436586,
              52.189372
            ],
            [
              4.436402,
              52.189365
            ]
          ]
        ]
      }
    },
    {
      "type": "Feature",
      "properties": {
        "id": "zh-0044",
        "naam": "Gemeentelijke begraafplaats",
        "plaats_origineel": "Valkenburg",
        "plaats": "Valkenburg",
        "geruimd": false,
        "geruimd_bron_terrein": false,
        "geruimd_bron_ingang": false,
        "status_conflict": false,
        "oppervlakte_m2": 3855.02,
        "oppervlakte_ha": 0.3855,
        "omtrek_m": 258.78,
        "ingang": {
          "type": "Point",
          "coordinates": [
            4.431683,
            52.180312
          ]
        },
        "ingang_lon": 4.431683,
        "ingang_lat": 52.180312,
        "ingang_koppelwijze": "exact_name_place",
        "ingang_afstand_tot_terrein_m": 5.42,
        "ingang_gedeeld": false,
        "naam_bron_terrein": "Gemeentelijke begraafplaats",
        "naam_bron_ingang": "Gemeentelijke begraafplaats",
        "bron_rij_terrein": 80,
        "bron_rij_ingang": 96,
        "bron": "Begraafplaatsen Zuid-Holland",
        "source_file": "Begraafplaatsen Zuid-Holland- Zuid-Holland.csv"
      },
      "geometry": {
        "type": "Polygon",
        "coordinates": [
          [
            [
              4.430716,
              52.179766
            ],
            [
              4.431754,
              52.180146
            ],
            [
              4.4314,
              52.180505
            ],
            [
              4.430359,
              52.18012
            ],
            [
              4.430716,
              52.179766
            ]
          ]
        ]
      }
    },
    {
      "type": "Feature",
      "properties": {
        "id": "zh-0045",
        "naam": "Militair Ereveld",
        "plaats_origineel": "Valkenburg",
        "plaats": "Valkenburg",
        "geruimd": false,
        "geruimd_bron_terrein": false,
        "geruimd_bron_ingang": false,
        "status_conflict": false,
        "oppervlakte_m2": 192.66,
        "oppervlakte_ha": 0.0193,
        "omtrek_m": 56.78,
        "ingang": {
          "type": "Point",
          "coordinates": [
            4.4328,
            52.179975
          ]
        },
        "ingang_lon": 4.4328,
        "ingang_lat": 52.179975,
        "ingang_koppelwijze": "exact_name_place",
        "ingang_afstand_tot_terrein_m": 2.16,
        "ingang_gedeeld": false,
        "naam_bron_terrein": "Militair Ereveld",
        "naam_bron_ingang": "Militair Ereveld",
        "bron_rij_terrein": 81,
        "bron_rij_ingang": 97,
        "bron": "Begraafplaatsen Zuid-Holland",
        "source_file": "Begraafplaatsen Zuid-Holland- Zuid-Holland.csv"
      },
      "geometry": {
        "type": "Polygon",
        "coordinates": [
          [
            [
              4.432789,
              52.179935
            ],
            [
              4.432727,
              52.180046
            ],
            [
              4.432678,
              52.180029
            ],
            [
              4.432648,
              52.180005
            ],
            [
              4.432592,
              52.179956
            ],
            [
              4.432561,
              52.179901
            ],
            [
              4.432596,
              52.179857
            ],
            [
              4.432633,
              52.179842
            ],
            [
              4.43275,
              52.179916
            ],
            [
              4.432789,
              52.179935
            ]
          ]
        ]
      }
    },
    {
      "type": "Feature",
      "properties": {
        "id": "zh-0046",
        "naam": "Gemeentelijke begraafplaats",
        "plaats_origineel": "Leerdam",
        "plaats": "Leerdam",
        "geruimd": false,
        "geruimd_bron_terrein": false,
        "geruimd_bron_ingang": false,
        "status_conflict": false,
        "oppervlakte_m2": 30481.77,
        "oppervlakte_ha": 3.0482,
        "omtrek_m": 786.47,
        "ingang": {
          "type": "Point",
          "coordinates": [
            5.079264,
            51.887104
          ]
        },
        "ingang_lon": 5.079264,
        "ingang_lat": 51.887104,
        "ingang_koppelwijze": "exact_name_place",
        "ingang_afstand_tot_terrein_m": 1.03,
        "ingang_gedeeld": false,
        "naam_bron_terrein": "Gemeentelijke begraafplaats",
        "naam_bron_ingang": "Gemeentelijke begraafplaats",
        "bron_rij_terrein": 82,
        "bron_rij_ingang": 98,
        "bron": "Begraafplaatsen Zuid-Holland",
        "source_file": "Begraafplaatsen Zuid-Holland- Zuid-Holland.csv"
      },
      "geometry": {
        "type": "Polygon",
        "coordinates": [
          [
            [
              5.076412,
              51.888042
            ],
            [
              5.076877,
              51.887668
            ],
            [
              5.076702,
              51.887584
            ],
            [
              5.078757,
              51.885835
            ],
            [
              5.078991,
              51.885934
            ],
            [
              5.079909,
              51.886543
            ],
            [
              5.077593,
              51.888501
            ],
            [
              5.076412,
              51.888042
            ]
          ]
        ]
      }
    },
    {
      "type": "Feature",
      "properties": {
        "id": "zh-0047",
        "naam": "Oude gemeentelijke begraafplaats",
        "plaats_origineel": "Leerdam",
        "plaats": "Leerdam",
        "geruimd": false,
        "geruimd_bron_terrein": false,
        "geruimd_bron_ingang": false,
        "status_conflict": false,
        "oppervlakte_m2": 2034.17,
        "oppervlakte_ha": 0.2034,
        "omtrek_m": 314.16,
        "ingang": {
          "type": "Point",
          "coordinates": [
            5.084831,
            51.880772
          ]
        },
        "ingang_lon": 5.084831,
        "ingang_lat": 51.880772,
        "ingang_koppelwijze": "spatial_name_variant",
        "ingang_afstand_tot_terrein_m": 1.13,
        "ingang_gedeeld": false,
        "naam_bron_terrein": "Oude gemeentelijke begraafplaats",
        "naam_bron_ingang": "Oude gem. begraafplaats",
        "bron_rij_terrein": 83,
        "bron_rij_ingang": 100,
        "bron": "Begraafplaatsen Zuid-Holland",
        "source_file": "Begraafplaatsen Zuid-Holland- Zuid-Holland.csv"
      },
      "geometry": {
        "type": "Polygon",
        "coordinates": [
          [
            [
              5.083239,
              51.881497
            ],
            [
              5.083104,
              51.881414
            ],
            [
              5.083442,
              51.881221
            ],
            [
              5.083398,
              51.881159
            ],
            [
              5.083754,
              51.880988
            ],
            [
              5.083817,
              51.881021
            ],
            [
              5.084151,
              51.880914
            ],
            [
              5.084411,
              51.880815
            ],
            [
              5.084803,
              51.880689
            ],
            [
              5.084821,
              51.880819
            ],
            [
              5.084451,
              51.880927
            ],
            [
              5.083831,
              51.881172
            ],
            [
              5.083239,
              51.881497
            ]
          ]
        ]
      }
    },
    {
      "type": "Feature",
      "properties": {
        "id": "zh-0048",
        "naam": "Joodse begraafplaats",
        "plaats_origineel": "Leerdam",
        "plaats": "Leerdam",
        "geruimd": false,
        "geruimd_bron_terrein": false,
        "geruimd_bron_ingang": false,
        "status_conflict": false,
        "oppervlakte_m2": 270.74,
        "oppervlakte_ha": 0.0271,
        "omtrek_m": 74.13,
        "ingang": {
          "type": "Point",
          "coordinates": [
            5.084121,
            51.880888
          ]
        },
        "ingang_lon": 5.084121,
        "ingang_lat": 51.880888,
        "ingang_koppelwijze": "exact_name_place",
        "ingang_afstand_tot_terrein_m": 0.0,
        "ingang_gedeeld": false,
        "naam_bron_terrein": "Joodse begraafplaats",
        "naam_bron_ingang": "Joodse begraafplaats",
        "bron_rij_terrein": 84,
        "bron_rij_ingang": 99,
        "bron": "Begraafplaatsen Zuid-Holland",
        "source_file": "Begraafplaatsen Zuid-Holland- Zuid-Holland.csv"
      },
      "geometry": {
        "type": "Polygon",
        "coordinates": [
          [
            [
              5.084084,
              51.880793
            ],
            [
              5.084161,
              51.880874
            ],
            [
              5.083826,
              51.880997
            ],
            [
              5.08375,
              51.880925
            ],
            [
              5.084084,
              51.880793
            ]
          ]
        ]
      }
    },
    {
      "type": "Feature",
      "properties": {
        "id": "zh-0049",
        "naam": "Gem. begraafplaats Groenesteeg",
        "plaats_origineel": "Leiden",
        "plaats": "Leiden",
        "geruimd": false,
        "geruimd_bron_terrein": false,
        "geruimd_bron_ingang": false,
        "status_conflict": false,
        "oppervlakte_m2": 10857.61,
        "oppervlakte_ha": 1.0858,
        "omtrek_m": 462.15,
        "ingang": {
          "type": "Point",
          "coordinates": [
            4.502982,
            52.157338
          ]
        },
        "ingang_lon": 4.502982,
        "ingang_lat": 52.157338,
        "ingang_koppelwijze": "exact_name_place",
        "ingang_afstand_tot_terrein_m": 0.0,
        "ingang_gedeeld": false,
        "naam_bron_terrein": "Gem. begraafplaats Groenesteeg",
        "naam_bron_ingang": "Gem. begraafplaats Groenesteeg",
        "bron_rij_terrein": 85,
        "bron_rij_ingang": 101,
        "bron": "Begraafplaatsen Zuid-Holland",
        "source_file": "Begraafplaatsen Zuid-Holland- Zuid-Holland.csv"
      },
      "geometry": {
        "type": "Polygon",
        "coordinates": [
          [
            [
              4.503085,
              52.15773
            ],
            [
              4.502606,
              52.156147
            ],
            [
              4.502934,
              52.156141
            ],
            [
              4.503068,
              52.156158
            ],
            [
              4.503167,
              52.156232
            ],
            [
              4.50326,
              52.156306
            ],
            [
              4.503346,
              52.15641
            ],
            [
              4.503465,
              52.156542
            ],
            [
              4.503531,
              52.156657
            ],
            [
              4.503657,
              52.156748
            ],
            [
              4.503803,
              52.156844
            ],
            [
              4.503929,
              52.156906
            ],
            [
              4.504102,
              52.15703
            ],
            [
              4.504181,
              52.157158
            ],
            [
              4.504213,
              52.157294
            ],
            [
              4.504124,
              52.157405
            ],
            [
              4.503934,
              52.157527
            ],
            [
              4.503778,
              52.157663
            ],
            [
              4.503085,
              52.15773
            ]
          ]
        ]
      }
    },
    {
      "type": "Feature",
      "properties": {
        "id": "zh-0050",
        "naam": "RK begraafplaats Zijlpoort",
        "plaats_origineel": "Leiden",
        "plaats": "Leiden",
        "geruimd": false,
        "geruimd_bron_terrein": false,
        "geruimd_bron_ingang": false,
        "status_conflict": false,
        "oppervlakte_m2": 5390.55,
        "oppervlakte_ha": 0.5391,
        "omtrek_m": 311.65,
        "ingang": {
          "type": "Point",
          "coordinates": [
            4.504172,
            52.162431
          ]
        },
        "ingang_lon": 4.504172,
        "ingang_lat": 52.162431,
        "ingang_koppelwijze": "exact_name_place",
        "ingang_afstand_tot_terrein_m": 0.0,
        "ingang_gedeeld": false,
        "naam_bron_terrein": "RK begraafplaats Zijlpoort",
        "naam_bron_ingang": "RK begraafplaats Zijlpoort",
        "bron_rij_terrein": 86,
        "bron_rij_ingang": 102,
        "bron": "Begraafplaatsen Zuid-Holland",
        "source_file": "Begraafplaatsen Zuid-Holland- Zuid-Holland.csv"
      },
      "geometry": {
        "type": "Polygon",
        "coordinates": [
          [
            [
              4.504864,
              52.162128
            ],
            [
              4.505133,
              52.162828
            ],
            [
              4.504628,
              52.162879
            ],
            [
              4.504379,
              52.162901
            ],
            [
              4.504137,
              52.162906
            ],
            [
              4.504001,
              52.162909
            ],
            [
              4.503907,
              52.162897
            ],
            [
              4.503771,
              52.162781
            ],
            [
              4.503846,
              52.162769
            ],
            [
              4.503797,
              52.162666
            ],
            [
              4.504094,
              52.162622
            ],
            [
              4.504034,
              52.162392
            ],
            [
              4.504435,
              52.162165
            ],
            [
              4.504631,
              52.162142
            ],
            [
              4.504864,
              52.162128
            ]
          ]
        ]
      }
    },
    {
      "type": "Feature",
      "properties": {
        "id": "zh-0051",
        "naam": "Rhijnhof",
        "plaats_origineel": "Leiden",
        "plaats": "Leiden",
        "geruimd": false,
        "geruimd_bron_terrein": false,
        "geruimd_bron_ingang": false,
        "status_conflict": false,
        "oppervlakte_m2": 96731.6,
        "oppervlakte_ha": 9.6732,
        "omtrek_m": 1306.22,
        "ingang": {
          "type": "Point",
          "coordinates": [
            4.454177,
            52.161846
          ]
        },
        "ingang_lon": 4.454177,
        "ingang_lat": 52.161846,
        "ingang_koppelwijze": "exact_name_place",
        "ingang_afstand_tot_terrein_m": 43.09,
        "ingang_gedeeld": false,
        "naam_bron_terrein": "Rhijnhof",
        "naam_bron_ingang": "Rhijnhof",
        "bron_rij_terrein": 87,
        "bron_rij_ingang": 122,
        "bron": "Begraafplaatsen Zuid-Holland",
        "source_file": "Begraafplaatsen Zuid-Holland- Zuid-Holland.csv"
      },
      "geometry": {
        "type": "Polygon",
        "coordinates": [
          [
            [
              4.449563,
              52.162273
            ],
            [
              4.449945,
              52.161807
            ],
            [
              4.450607,
              52.16099
            ],
            [
              4.451375,
              52.160401
            ],
            [
              4.451596,
              52.160366
            ],
            [
              4.451874,
              52.160397
            ],
            [
              4.452059,
              52.160544
            ],
            [
              4.452358,
              52.160787
            ],
            [
              4.452919,
              52.161065
            ],
            [
              4.453469,
              52.161397
            ],
            [
              4.453106,
              52.161857
            ],
            [
              4.454112,
              52.162291
            ],
            [
              4.455254,
              52.162696
            ],
            [
              4.454538,
              52.163496
            ],
            [
              4.453178,
              52.164681
            ],
            [
              4.452302,
              52.164439
            ],
            [
              4.451754,
              52.164206
            ],
            [
              4.450677,
              52.163091
            ],
            [
              4.450181,
              52.162555
            ],
            [
              4.449563,
              52.162273
            ]
          ]
        ]
      }
    },
    {
      "type": "Feature",
      "properties": {
        "id": "zh-0052",
        "naam": "NH Kerkhof",
        "plaats_origineel": "Voorburg",
        "plaats": "Voorburg",
        "geruimd": false,
        "geruimd_bron_terrein": false,
        "geruimd_bron_ingang": false,
        "status_conflict": false,
        "oppervlakte_m2": 1110.79,
        "oppervlakte_ha": 0.1111,
        "omtrek_m": 210.66,
        "ingang": {
          "type": "Point",
          "coordinates": [
            4.36459,
            52.067886
          ]
        },
        "ingang_lon": 4.36459,
        "ingang_lat": 52.067886,
        "ingang_koppelwijze": "exact_name_place",
        "ingang_afstand_tot_terrein_m": 0.0,
        "ingang_gedeeld": false,
        "naam_bron_terrein": "NH Kerkhof",
        "naam_bron_ingang": "NH Kerkhof",
        "bron_rij_terrein": 103,
        "bron_rij_ingang": 123,
        "bron": "Begraafplaatsen Zuid-Holland",
        "source_file": "Begraafplaatsen Zuid-Holland- Zuid-Holland.csv"
      },
      "geometry": {
        "type": "Polygon",
        "coordinates": [
          [
            [
              4.364444,
              52.067938
            ],
            [
              4.364455,
              52.067867
            ],
            [
              4.364677,
              52.067883
            ],
            [
              4.364664,
              52.068009
            ],
            [
              4.364274,
              52.068312
            ],
            [
              4.363758,
              52.068112
            ],
            [
              4.363873,
              52.068035
            ],
            [
              4.363927,
              52.068057
            ],
            [
              4.36402,
              52.068068
            ],
            [
              4.36418,
              52.068075
            ],
            [
              4.36415,
              52.068113
            ],
            [
              4.364308,
              52.068111
            ],
            [
              4.364312,
              52.068029
            ],
            [
              4.364483,
              52.068034
            ],
            [
              4.364519,
              52.068025
            ],
            [
              4.364542,
              52.068006
            ],
            [
              4.364546,
              52.067981
            ],
            [
              4.364531,
              52.067962
            ],
            [
              4.364489,
              52.067953
            ],
            [
              4.364434,
              52.067947
            ],
            [
              4.364444,
              52.067938
            ]
          ]
        ]
      }
    },
    {
      "type": "Feature",
      "properties": {
        "id": "zh-0053",
        "naam": "Oude gem. begraafplaats",
        "plaats_origineel": "Voorburg",
        "plaats": "Voorburg",
        "geruimd": false,
        "geruimd_bron_terrein": false,
        "geruimd_bron_ingang": false,
        "status_conflict": false,
        "oppervlakte_m2": 6519.74,
        "oppervlakte_ha": 0.652,
        "omtrek_m": 343.49,
        "ingang": {
          "type": "Point",
          "coordinates": [
            4.364694,
            52.069527
          ]
        },
        "ingang_lon": 4.364694,
        "ingang_lat": 52.069527,
        "ingang_koppelwijze": "exact_name_place",
        "ingang_afstand_tot_terrein_m": 0.22,
        "ingang_gedeeld": false,
        "naam_bron_terrein": "Oude gem. begraafplaats",
        "naam_bron_ingang": "Oude gem. begraafplaats",
        "bron_rij_terrein": 104,
        "bron_rij_ingang": 124,
        "bron": "Begraafplaatsen Zuid-Holland",
        "source_file": "Begraafplaatsen Zuid-Holland- Zuid-Holland.csv"
      },
      "geometry": {
        "type": "Polygon",
        "coordinates": [
          [
            [
              4.364975,
              52.069661
            ],
            [
              4.363926,
              52.070482
            ],
            [
              4.363271,
              52.070147
            ],
            [
              4.364336,
              52.069362
            ],
            [
              4.364975,
              52.069661
            ]
          ]
        ]
      }
    },
    {
      "type": "Feature",
      "properties": {
        "id": "zh-0054",
        "naam": "St. Martinuskerkhof",
        "plaats_origineel": "Voorburg",
        "plaats": "Voorburg",
        "geruimd": false,
        "geruimd_bron_terrein": false,
        "geruimd_bron_ingang": false,
        "status_conflict": false,
        "oppervlakte_m2": 1680.57,
        "oppervlakte_ha": 0.1681,
        "omtrek_m": 163.0,
        "ingang": {
          "type": "Point",
          "coordinates": [
            4.374166,
            52.072513
          ]
        },
        "ingang_lon": 4.374166,
        "ingang_lat": 52.072513,
        "ingang_koppelwijze": "exact_name_place",
        "ingang_afstand_tot_terrein_m": 0.0,
        "ingang_gedeeld": false,
        "naam_bron_terrein": "St. Martinuskerkhof",
        "naam_bron_ingang": "St. Martinuskerkhof",
        "bron_rij_terrein": 105,
        "bron_rij_ingang": 125,
        "bron": "Begraafplaatsen Zuid-Holland",
        "source_file": "Begraafplaatsen Zuid-Holland- Zuid-Holland.csv"
      },
      "geometry": {
        "type": "Polygon",
        "coordinates": [
          [
            [
              4.3739,
              52.072434
            ],
            [
              4.37427,
              52.0721
            ],
            [
              4.374488,
              52.07219
            ],
            [
              4.374715,
              52.072321
            ],
            [
              4.374354,
              52.072619
            ],
            [
              4.3739,
              52.072434
            ]
          ]
        ]
      }
    },
    {
      "type": "Feature",
      "properties": {
        "id": "zh-0055",
        "naam": "Gem. begraafplaats",
        "plaats_origineel": "Streefkerk",
        "plaats": "Streefkerk",
        "geruimd": false,
        "geruimd_bron_terrein": false,
        "geruimd_bron_ingang": false,
        "status_conflict": false,
        "oppervlakte_m2": 3796.99,
        "oppervlakte_ha": 0.3797,
        "omtrek_m": 250.68,
        "ingang": {
          "type": "Point",
          "coordinates": [
            4.746241,
            51.898481
          ]
        },
        "ingang_lon": 4.746241,
        "ingang_lat": 51.898481,
        "ingang_koppelwijze": "exact_name_place",
        "ingang_afstand_tot_terrein_m": 39.13,
        "ingang_gedeeld": false,
        "naam_bron_terrein": "Gem. begraafplaats",
        "naam_bron_ingang": "Gem. begraafplaats",
        "bron_rij_terrein": 106,
        "bron_rij_ingang": 126,
        "bron": "Begraafplaatsen Zuid-Holland",
        "source_file": "Begraafplaatsen Zuid-Holland- Zuid-Holland.csv"
      },
      "geometry": {
        "type": "Polygon",
        "coordinates": [
          [
            [
              4.745782,
              51.897904
            ],
            [
              4.746187,
              51.897507
            ],
            [
              4.747099,
              51.897861
            ],
            [
              4.746707,
              51.898243
            ],
            [
              4.745782,
              51.897904
            ]
          ]
        ]
      }
    },
    {
      "type": "Feature",
      "properties": {
        "id": "zh-0056",
        "naam": "NH Kerkhof",
        "plaats_origineel": "Streefkerk",
        "plaats": "Streefkerk",
        "geruimd": false,
        "geruimd_bron_terrein": false,
        "geruimd_bron_ingang": false,
        "status_conflict": false,
        "oppervlakte_m2": 825.08,
        "oppervlakte_ha": 0.0825,
        "omtrek_m": 167.78,
        "ingang": {
          "type": "Point",
          "coordinates": [
            4.743489,
            51.900479
          ]
        },
        "ingang_lon": 4.743489,
        "ingang_lat": 51.900479,
        "ingang_koppelwijze": "exact_name_place",
        "ingang_afstand_tot_terrein_m": 0.0,
        "ingang_gedeeld": false,
        "naam_bron_terrein": "NH Kerkhof",
        "naam_bron_ingang": "NH Kerkhof",
        "bron_rij_terrein": 107,
        "bron_rij_ingang": 127,
        "bron": "Begraafplaatsen Zuid-Holland",
        "source_file": "Begraafplaatsen Zuid-Holland- Zuid-Holland.csv"
      },
      "geometry": {
        "type": "Polygon",
        "coordinates": [
          [
            [
              4.743648,
              51.900616
            ],
            [
              4.743537,
              51.900611
            ],
            [
              4.743478,
              51.900575
            ],
            [
              4.743481,
              51.900487
            ],
            [
              4.743539,
              51.900363
            ],
            [
              4.743598,
              51.900332
            ],
            [
              4.743696,
              51.900312
            ],
            [
              4.743797,
              51.900306
            ],
            [
              4.743933,
              51.900295
            ],
            [
              4.744094,
              51.900318
            ],
            [
              4.744221,
              51.900364
            ],
            [
              4.744229,
              51.900408
            ],
            [
              4.744191,
              51.900473
            ],
            [
              4.744077,
              51.900451
            ],
            [
              4.744086,
              51.900402
            ],
            [
              4.743935,
              51.900388
            ],
            [
              4.743937,
              51.900426
            ],
            [
              4.743687,
              51.900423
            ],
            [
              4.743648,
              51.900616
            ]
          ]
        ]
      }
    },
    {
      "type": "Feature",
      "properties": {
        "id": "zh-0057",
        "naam": "Protestantse begraafplaats Duinhof",
        "plaats_origineel": "Lisse",
        "plaats": "Lisse",
        "geruimd": false,
        "geruimd_bron_terrein": false,
        "geruimd_bron_ingang": false,
        "status_conflict": false,
        "oppervlakte_m2": 29627.56,
        "oppervlakte_ha": 2.9628,
        "omtrek_m": 831.94,
        "ingang": {
          "type": "Point",
          "coordinates": [
            4.53785,
            52.259954
          ]
        },
        "ingang_lon": 4.53785,
        "ingang_lat": 52.259954,
        "ingang_koppelwijze": "exact_name_place",
        "ingang_afstand_tot_terrein_m": 0.0,
        "ingang_gedeeld": false,
        "naam_bron_terrein": "Protestantse begraafplaats Duinhof",
        "naam_bron_ingang": "Protestantse begraafplaats Duinhof",
        "bron_rij_terrein": 108,
        "bron_rij_ingang": 128,
        "bron": "Begraafplaatsen Zuid-Holland",
        "source_file": "Begraafplaatsen Zuid-Holland- Zuid-Holland.csv"
      },
      "geometry": {
        "type": "Polygon",
        "coordinates": [
          [
            [
              4.539594,
              52.259445
            ],
            [
              4.540086,
              52.259902
            ],
            [
              4.536818,
              52.261047
            ],
            [
              4.536004,
              52.260771
            ],
            [
              4.535292,
              52.259926
            ],
            [
              4.536963,
              52.259453
            ],
            [
              4.537106,
              52.259514
            ],
            [
              4.537656,
              52.259882
            ],
            [
              4.537923,
              52.259979
            ],
            [
              4.538146,
              52.259977
            ],
            [
              4.539594,
              52.259445
            ]
          ]
        ]
      }
    },
    {
      "type": "Feature",
      "properties": {
        "id": "zh-0058",
        "naam": "HH Engelbewaarders",
        "plaats_origineel": "Lisse",
        "plaats": "Lisse",
        "geruimd": false,
        "geruimd_bron_terrein": false,
        "geruimd_bron_ingang": false,
        "status_conflict": false,
        "oppervlakte_m2": 1530.14,
        "oppervlakte_ha": 0.153,
        "omtrek_m": 167.63,
        "ingang": {
          "type": "Point",
          "coordinates": [
            4.536739,
            52.235106
          ]
        },
        "ingang_lon": 4.536739,
        "ingang_lat": 52.235106,
        "ingang_koppelwijze": "exact_name_place",
        "ingang_afstand_tot_terrein_m": 0.0,
        "ingang_gedeeld": false,
        "naam_bron_terrein": "HH Engelbewaarders",
        "naam_bron_ingang": "HH Engelbewaarders",
        "bron_rij_terrein": 109,
        "bron_rij_ingang": 129,
        "bron": "Begraafplaatsen Zuid-Holland",
        "source_file": "Begraafplaatsen Zuid-Holland- Zuid-Holland.csv"
      },
      "geometry": {
        "type": "Polygon",
        "coordinates": [
          [
            [
              4.536791,
              52.234626
            ],
            [
              4.537166,
              52.234954
            ],
            [
              4.536829,
              52.2351
            ],
            [
              4.536814,
              52.235084
            ],
            [
              4.536622,
              52.235159
            ],
            [
              4.536622,
              52.235092
            ],
            [
              4.536611,
              52.235004
            ],
            [
              4.536572,
              52.234922
            ],
            [
              4.536413,
              52.23477
            ],
            [
              4.536791,
              52.234626
            ]
          ]
        ]
      }
    },
    {
      "type": "Feature",
      "properties": {
        "id": "zh-0059",
        "naam": "RK Kerkhof St. Agatha",
        "plaats_origineel": "Lisse",
        "plaats": "Lisse",
        "geruimd": false,
        "geruimd_bron_terrein": false,
        "geruimd_bron_ingang": false,
        "status_conflict": false,
        "oppervlakte_m2": 3848.96,
        "oppervlakte_ha": 0.3849,
        "omtrek_m": 409.97,
        "ingang": {
          "type": "Point",
          "coordinates": [
            4.553641,
            52.257179
          ]
        },
        "ingang_lon": 4.553641,
        "ingang_lat": 52.257179,
        "ingang_koppelwijze": "exact_name_place",
        "ingang_afstand_tot_terrein_m": 1.02,
        "ingang_gedeeld": false,
        "naam_bron_terrein": "RK Kerkhof St. Agatha",
        "naam_bron_ingang": "RK Kerkhof St. Agatha",
        "bron_rij_terrein": 110,
        "bron_rij_ingang": 130,
        "bron": "Begraafplaatsen Zuid-Holland",
        "source_file": "Begraafplaatsen Zuid-Holland- Zuid-Holland.csv"
      },
      "geometry": {
        "type": "Polygon",
        "coordinates": [
          [
            [
              4.553802,
              52.257376
            ],
            [
              4.553616,
              52.257201
            ],
            [
              4.554398,
              52.256863
            ],
            [
              4.554485,
              52.256803
            ],
            [
              4.55451,
              52.256754
            ],
            [
              4.5545,
              52.256711
            ],
            [
              4.554495,
              52.256664
            ],
            [
              4.554301,
              52.256483
            ],
            [
              4.554196,
              52.256448
            ],
            [
              4.554036,
              52.256439
            ],
            [
              4.553932,
              52.256443
            ],
            [
              4.55387,
              52.256452
            ],
            [
              4.553779,
              52.256374
            ],
            [
              4.554182,
              52.256168
            ],
            [
              4.554993,
              52.256899
            ],
            [
              4.553802,
              52.257376
            ]
          ]
        ]
      }
    },
    {
      "type": "Feature",
      "properties": {
        "id": "zh-0060",
        "naam": "NH Kerkhof",
        "plaats_origineel": "Lisse",
        "plaats": "Lisse",
        "geruimd": false,
        "geruimd_bron_terrein": false,
        "geruimd_bron_ingang": false,
        "status_conflict": false,
        "oppervlakte_m2": 3134.82,
        "oppervlakte_ha": 0.3135,
        "omtrek_m": 215.63,
        "ingang": {
          "type": "Point",
          "coordinates": [
            4.553252,
            52.258593
          ]
        },
        "ingang_lon": 4.553252,
        "ingang_lat": 52.258593,
        "ingang_koppelwijze": "exact_name_place",
        "ingang_afstand_tot_terrein_m": 0.0,
        "ingang_gedeeld": false,
        "naam_bron_terrein": "NH Kerkhof",
        "naam_bron_ingang": "NH Kerkhof",
        "bron_rij_terrein": 111,
        "bron_rij_ingang": 131,
        "bron": "Begraafplaatsen Zuid-Holland",
        "source_file": "Begraafplaatsen Zuid-Holland- Zuid-Holland.csv"
      },
      "geometry": {
        "type": "Polygon",
        "coordinates": [
          [
            [
              4.553166,
              52.258636
            ],
            [
              4.552989,
              52.258623
            ],
            [
              4.552853,
              52.258605
            ],
            [
              4.552692,
              52.258553
            ],
            [
              4.552578,
              52.2585
            ],
            [
              4.552475,
              52.258444
            ],
            [
              4.552639,
              52.258125
            ],
            [
              4.552757,
              52.258048
            ],
            [
              4.552922,
              52.257982
            ],
            [
              4.553011,
              52.258054
            ],
            [
              4.553185,
              52.258013
            ],
            [
              4.553282,
              52.258162
            ],
            [
              4.553323,
              52.258284
            ],
            [
              4.553357,
              52.258422
            ],
            [
              4.553337,
              52.258562
            ],
            [
              4.553166,
              52.258636
            ]
          ]
        ]
      }
    },
    {
      "type": "Feature",
      "properties": {
        "id": "zh-0061",
        "naam": "Joodse begraafplaats",
        "plaats_origineel": "Maassluis",
        "plaats": "Maassluis",
        "geruimd": false,
        "geruimd_bron_terrein": false,
        "geruimd_bron_ingang": false,
        "status_conflict": false,
        "oppervlakte_m2": 198.27,
        "oppervlakte_ha": 0.0198,
        "omtrek_m": 57.42,
        "ingang": {
          "type": "Point",
          "coordinates": [
            4.256732,
            51.91589
          ]
        },
        "ingang_lon": 4.256732,
        "ingang_lat": 51.91589,
        "ingang_koppelwijze": "exact_name_place",
        "ingang_afstand_tot_terrein_m": 0.12,
        "ingang_gedeeld": false,
        "naam_bron_terrein": "Joodse begraafplaats",
        "naam_bron_ingang": "Joodse begraafplaats",
        "bron_rij_terrein": 112,
        "bron_rij_ingang": 132,
        "bron": "Begraafplaatsen Zuid-Holland",
        "source_file": "Begraafplaatsen Zuid-Holland- Zuid-Holland.csv"
      },
      "geometry": {
        "type": "Polygon",
        "coordinates": [
          [
            [
              4.256764,
              51.915853
            ],
            [
              4.256685,
              51.915939
            ],
            [
              4.256469,
              51.915857
            ],
            [
              4.256567,
              51.915765
            ],
            [
              4.256764,
              51.915853
            ]
          ]
        ]
      }
    },
    {
      "type": "Feature",
      "properties": {
        "id": "zh-0062",
        "naam": "Gemeentelijke begraafplaats",
        "plaats_origineel": "Maassluis",
        "plaats": "Maassluis",
        "geruimd": false,
        "geruimd_bron_terrein": false,
        "geruimd_bron_ingang": false,
        "status_conflict": false,
        "oppervlakte_m2": 15571.71,
        "oppervlakte_ha": 1.5572,
        "omtrek_m": 561.19,
        "ingang": {
          "type": "Point",
          "coordinates": [
            4.257903,
            51.916346
          ]
        },
        "ingang_lon": 4.257903,
        "ingang_lat": 51.916346,
        "ingang_koppelwijze": "exact_name_place",
        "ingang_afstand_tot_terrein_m": 5.36,
        "ingang_gedeeld": false,
        "naam_bron_terrein": "Gemeentelijke begraafplaats",
        "naam_bron_ingang": "Gemeentelijke begraafplaats",
        "bron_rij_terrein": 113,
        "bron_rij_ingang": 133,
        "bron": "Begraafplaatsen Zuid-Holland",
        "source_file": "Begraafplaatsen Zuid-Holland- Zuid-Holland.csv"
      },
      "geometry": {
        "type": "Polygon",
        "coordinates": [
          [
            [
              4.255821,
              51.915948
            ],
            [
              4.255731,
              51.915854
            ],
            [
              4.255961,
              51.915767
            ],
            [
              4.256036,
              51.91576
            ],
            [
              4.256861,
              51.915524
            ],
            [
              4.257278,
              51.915423
            ],
            [
              4.257504,
              51.915393
            ],
            [
              4.257575,
              51.915318
            ],
            [
              4.257677,
              51.915258
            ],
            [
              4.258551,
              51.915089
            ],
            [
              4.258603,
              51.915692
            ],
            [
              4.258536,
              51.915972
            ],
            [
              4.25829,
              51.915951
            ],
            [
              4.258238,
              51.915956
            ],
            [
              4.258202,
              51.915966
            ],
            [
              4.258055,
              51.916135
            ],
            [
              4.25765,
              51.916479
            ],
            [
              4.25699,
              51.916291
            ],
            [
              4.256188,
              51.916003
            ],
            [
              4.255923,
              51.915911
            ],
            [
              4.255821,
              51.915948
            ]
          ]
        ]
      }
    },
    {
      "type": "Feature",
      "properties": {
        "id": "zh-0063",
        "naam": "NH Kerkhof",
        "plaats_origineel": "Sommelsdijk",
        "plaats": "Sommelsdijk",
        "geruimd": false,
        "geruimd_bron_terrein": false,
        "geruimd_bron_ingang": false,
        "status_conflict": false,
        "oppervlakte_m2": 1021.68,
        "oppervlakte_ha": 0.1022,
        "omtrek_m": 140.19,
        "ingang": {
          "type": "Point",
          "coordinates": [
            4.151763,
            51.758959
          ]
        },
        "ingang_lon": 4.151763,
        "ingang_lat": 51.758959,
        "ingang_koppelwijze": "exact_name_place",
        "ingang_afstand_tot_terrein_m": 0.0,
        "ingang_gedeeld": false,
        "naam_bron_terrein": "NH Kerkhof",
        "naam_bron_ingang": "NH Kerkhof",
        "bron_rij_terrein": 114,
        "bron_rij_ingang": 134,
        "bron": "Begraafplaatsen Zuid-Holland",
        "source_file": "Begraafplaatsen Zuid-Holland- Zuid-Holland.csv"
      },
      "geometry": {
        "type": "Polygon",
        "coordinates": [
          [
            [
              4.151651,
              51.759153
            ],
            [
              4.151688,
              51.758986
            ],
            [
              4.151698,
              51.758702
            ],
            [
              4.151824,
              51.758701
            ],
            [
              4.151849,
              51.758702
            ],
            [
              4.15187,
              51.758714
            ],
            [
              4.151885,
              51.758728
            ],
            [
              4.151907,
              51.758757
            ],
            [
              4.151985,
              51.758924
            ],
            [
              4.152009,
              51.758956
            ],
            [
              4.152032,
              51.75897
            ],
            [
              4.152057,
              51.759111
            ],
            [
              4.151952,
              51.759119
            ],
            [
              4.151942,
              51.759136
            ],
            [
              4.151911,
              51.759159
            ],
            [
              4.151876,
              51.759164
            ],
            [
              4.151651,
              51.759153
            ]
          ]
        ]
      }
    },
    {
      "type": "Feature",
      "properties": {
        "id": "zh-0064",
        "naam": "RK Kerkhof",
        "plaats_origineel": "Noorden",
        "plaats": "Noorden",
        "geruimd": false,
        "geruimd_bron_terrein": false,
        "geruimd_bron_ingang": false,
        "status_conflict": false,
        "oppervlakte_m2": 1479.98,
        "oppervlakte_ha": 0.148,
        "omtrek_m": 172.05,
        "ingang": {
          "type": "Point",
          "coordinates": [
            4.825786,
            52.163567
          ]
        },
        "ingang_lon": 4.825786,
        "ingang_lat": 52.163567,
        "ingang_koppelwijze": "spatial_name_variant",
        "ingang_afstand_tot_terrein_m": 7.86,
        "ingang_gedeeld": false,
        "naam_bron_terrein": "RK Kerkhof",
        "naam_bron_ingang": "RK begraafplaats",
        "bron_rij_terrein": 115,
        "bron_rij_ingang": 135,
        "bron": "Begraafplaatsen Zuid-Holland",
        "source_file": "Begraafplaatsen Zuid-Holland- Zuid-Holland.csv"
      },
      "geometry": {
        "type": "Polygon",
        "coordinates": [
          [
            [
              4.825768,
              52.162914
            ],
            [
              4.826089,
              52.162951
            ],
            [
              4.826094,
              52.162983
            ],
            [
              4.825923,
              52.163507
            ],
            [
              4.825596,
              52.16348
            ],
            [
              4.825723,
              52.163025
            ],
            [
              4.825768,
              52.162914
            ]
          ]
        ]
      }
    },
    {
      "type": "Feature",
      "properties": {
        "id": "zh-0065",
        "naam": "NH Kerkhof",
        "plaats_origineel": "Noorden",
        "plaats": "Noorden",
        "geruimd": false,
        "geruimd_bron_terrein": false,
        "geruimd_bron_ingang": false,
        "status_conflict": false,
        "oppervlakte_m2": 678.67,
        "oppervlakte_ha": 0.0679,
        "omtrek_m": 112.12,
        "ingang": {
          "type": "Point",
          "coordinates": [
            4.837365,
            52.168688
          ]
        },
        "ingang_lon": 4.837365,
        "ingang_lat": 52.168688,
        "ingang_koppelwijze": "exact_name_place",
        "ingang_afstand_tot_terrein_m": 0.25,
        "ingang_gedeeld": false,
        "naam_bron_terrein": "NH Kerkhof",
        "naam_bron_ingang": "NH Kerkhof",
        "bron_rij_terrein": 116,
        "bron_rij_ingang": 136,
        "bron": "Begraafplaatsen Zuid-Holland",
        "source_file": "Begraafplaatsen Zuid-Holland- Zuid-Holland.csv"
      },
      "geometry": {
        "type": "Polygon",
        "coordinates": [
          [
            [
              4.837855,
              52.168478
            ],
            [
              4.83783,
              52.168586
            ],
            [
              4.837839,
              52.168641
            ],
            [
              4.837823,
              52.168658
            ],
            [
              4.837534,
              52.168649
            ],
            [
              4.837487,
              52.168672
            ],
            [
              4.837485,
              52.16869
            ],
            [
              4.837345,
              52.168685
            ],
            [
              4.837419,
              52.168589
            ],
            [
              4.837471,
              52.168446
            ],
            [
              4.837827,
              52.16845
            ],
            [
              4.837855,
              52.168478
            ]
          ]
        ]
      }
    },
    {
      "type": "Feature",
      "properties": {
        "id": "zh-0066",
        "naam": "Gemeentelijke begraafplaats",
        "plaats_origineel": "Nieuw-Lekkerland",
        "plaats": "Nieuw-Lekkerland",
        "geruimd": false,
        "geruimd_bron_terrein": false,
        "geruimd_bron_ingang": false,
        "status_conflict": false,
        "oppervlakte_m2": 25761.21,
        "oppervlakte_ha": 2.5761,
        "omtrek_m": 637.76,
        "ingang": {
          "type": "Point",
          "coordinates": [
            4.692537,
            51.887673
          ]
        },
        "ingang_lon": 4.692537,
        "ingang_lat": 51.887673,
        "ingang_koppelwijze": "exact_name_place",
        "ingang_afstand_tot_terrein_m": 0.0,
        "ingang_gedeeld": false,
        "naam_bron_terrein": "Gemeentelijke begraafplaats",
        "naam_bron_ingang": "Gemeentelijke begraafplaats",
        "bron_rij_terrein": 117,
        "bron_rij_ingang": 137,
        "bron": "Begraafplaatsen Zuid-Holland",
        "source_file": "Begraafplaatsen Zuid-Holland- Zuid-Holland.csv"
      },
      "geometry": {
        "type": "Polygon",
        "coordinates": [
          [
            [
              4.692577,
              51.886063
            ],
            [
              4.692635,
              51.886038
            ],
            [
              4.694602,
              51.886334
            ],
            [
              4.694703,
              51.886359
            ],
            [
              4.693363,
              51.887733
            ],
            [
              4.692904,
              51.887825
            ],
            [
              4.692247,
              51.887605
            ],
            [
              4.691422,
              51.887234
            ],
            [
              4.692577,
              51.886063
            ]
          ]
        ]
      }
    },
    {
      "type": "Feature",
      "properties": {
        "id": "zh-0067",
        "naam": "Oude gemeentelijke begraafplaats",
        "plaats_origineel": "Nieuw-Lekkerland",
        "plaats": "Nieuw-Lekkerland",
        "geruimd": false,
        "geruimd_bron_terrein": false,
        "geruimd_bron_ingang": false,
        "status_conflict": false,
        "oppervlakte_m2": 2420.75,
        "oppervlakte_ha": 0.2421,
        "omtrek_m": 204.33,
        "ingang": {
          "type": "Point",
          "coordinates": [
            4.692985,
            51.891985
          ]
        },
        "ingang_lon": 4.692985,
        "ingang_lat": 51.891985,
        "ingang_koppelwijze": "exact_name_place",
        "ingang_afstand_tot_terrein_m": 0.13,
        "ingang_gedeeld": false,
        "naam_bron_terrein": "Oude gemeentelijke begraafplaats",
        "naam_bron_ingang": "Oude gemeentelijke begraafplaats",
        "bron_rij_terrein": 118,
        "bron_rij_ingang": 138,
        "bron": "Begraafplaatsen Zuid-Holland",
        "source_file": "Begraafplaatsen Zuid-Holland- Zuid-Holland.csv"
      },
      "geometry": {
        "type": "Polygon",
        "coordinates": [
          [
            [
              4.692787,
              51.891953
            ],
            [
              4.693055,
              51.891998
            ],
            [
              4.693491,
              51.892082
            ],
            [
              4.693379,
              51.892246
            ],
            [
              4.693299,
              51.892228
            ],
            [
              4.693119,
              51.892489
            ],
            [
              4.692702,
              51.892441
            ],
            [
              4.692512,
              51.892404
            ],
            [
              4.692787,
              51.891953
            ]
          ]
        ]
      }
    },
    {
      "type": "Feature",
      "properties": {
        "id": "zh-0068",
        "naam": "Gemeentelijke begraafplaats",
        "plaats_origineel": "Noordwijk",
        "plaats": "Noordwijk",
        "geruimd": false,
        "geruimd_bron_terrein": false,
        "geruimd_bron_ingang": false,
        "status_conflict": false,
        "oppervlakte_m2": 11343.14,
        "oppervlakte_ha": 1.1343,
        "omtrek_m": 489.94,
        "ingang": {
          "type": "Point",
          "coordinates": [
            4.435401,
            52.237994
          ]
        },
        "ingang_lon": 4.435401,
        "ingang_lat": 52.237994,
        "ingang_koppelwijze": "exact_name_place",
        "ingang_afstand_tot_terrein_m": 0.0,
        "ingang_gedeeld": false,
        "naam_bron_terrein": "Gemeentelijke begraafplaats",
        "naam_bron_ingang": "Gemeentelijke begraafplaats",
        "bron_rij_terrein": 119,
        "bron_rij_ingang": 139,
        "bron": "Begraafplaatsen Zuid-Holland",
        "source_file": "Begraafplaatsen Zuid-Holland- Zuid-Holland.csv"
      },
      "geometry": {
        "type": "Polygon",
        "coordinates": [
          [
            [
              4.437241,
              52.23866
            ],
            [
              4.436888,
              52.23885
            ],
            [
              4.436644,
              52.238848
            ],
            [
              4.436146,
              52.238486
            ],
            [
              4.436131,
              52.238499
            ],
            [
              4.436092,
              52.238718
            ],
            [
              4.43566,
              52.238946
            ],
            [
              4.434848,
              52.238433
            ],
            [
              4.434868,
              52.238255
            ],
            [
              4.435747,
              52.237771
            ],
            [
              4.436319,
              52.238009
            ],
            [
              4.437241,
              52.23866
            ]
          ]
        ]
      }
    },
    {
      "type": "Feature",
      "properties": {
        "id": "zh-0069",
        "naam": "H. Hart van Jezuskerkhof",
        "plaats_origineel": "De Zilk",
        "plaats": "De Zilk",
        "geruimd": false,
        "geruimd_bron_terrein": false,
        "geruimd_bron_ingang": false,
        "status_conflict": false,
        "oppervlakte_m2": 2028.73,
        "oppervlakte_ha": 0.2029,
        "omtrek_m": 211.29,
        "ingang": {
          "type": "Point",
          "coordinates": [
            4.548992,
            52.300268
          ]
        },
        "ingang_lon": 4.548992,
        "ingang_lat": 52.300268,
        "ingang_koppelwijze": "exact_name_place",
        "ingang_afstand_tot_terrein_m": 0.24,
        "ingang_gedeeld": false,
        "naam_bron_terrein": "H. Hart van Jezuskerkhof",
        "naam_bron_ingang": "H. Hart van Jezuskerkhof",
        "bron_rij_terrein": 120,
        "bron_rij_ingang": 140,
        "bron": "Begraafplaatsen Zuid-Holland",
        "source_file": "Begraafplaatsen Zuid-Holland- Zuid-Holland.csv"
      },
      "geometry": {
        "type": "Polygon",
        "coordinates": [
          [
            [
              4.549239,
              52.300059
            ],
            [
              4.549786,
              52.300724
            ],
            [
              4.549778,
              52.300737
            ],
            [
              4.549537,
              52.300807
            ],
            [
              4.549469,
              52.300784
            ],
            [
              4.549348,
              52.300671
            ],
            [
              4.549007,
              52.300285
            ],
            [
              4.548923,
              52.300157
            ],
            [
              4.549239,
              52.300059
            ]
          ]
        ]
      }
    },
    {
      "type": "Feature",
      "properties": {
        "id": "zh-0070",
        "naam": "NH begraafplaats",
        "plaats_origineel": "Noordwijkerhout",
        "plaats": "Noordwijkerhout",
        "geruimd": false,
        "geruimd_bron_terrein": false,
        "geruimd_bron_ingang": false,
        "status_conflict": false,
        "oppervlakte_m2": 3785.6,
        "oppervlakte_ha": 0.3786,
        "omtrek_m": 250.23,
        "ingang": {
          "type": "Point",
          "coordinates": [
            4.49947,
            52.265288
          ]
        },
        "ingang_lon": 4.49947,
        "ingang_lat": 52.265288,
        "ingang_koppelwijze": "exact_name_place",
        "ingang_afstand_tot_terrein_m": 0.0,
        "ingang_gedeeld": false,
        "naam_bron_terrein": "NH begraafplaats",
        "naam_bron_ingang": "NH begraafplaats",
        "bron_rij_terrein": 121,
        "bron_rij_ingang": 158,
        "bron": "Begraafplaatsen Zuid-Holland",
        "source_file": "Begraafplaatsen Zuid-Holland- Zuid-Holland.csv"
      },
      "geometry": {
        "type": "Polygon",
        "coordinates": [
          [
            [
              4.499475,
              52.264669
            ],
            [
              4.500212,
              52.265177
            ],
            [
              4.499655,
              52.265462
            ],
            [
              4.498916,
              52.265005
            ],
            [
              4.499475,
              52.264669
            ]
          ]
        ]
      }
    },
    {
      "type": "Feature",
      "properties": {
        "id": "zh-0071",
        "naam": "H. Jozefkerkhof",
        "plaats_origineel": "Noordwijkerhout",
        "plaats": "Noordwijkerhout",
        "geruimd": false,
        "geruimd_bron_terrein": false,
        "geruimd_bron_ingang": false,
        "status_conflict": false,
        "oppervlakte_m2": 4646.32,
        "oppervlakte_ha": 0.4646,
        "omtrek_m": 320.54,
        "ingang": {
          "type": "Point",
          "coordinates": [
            4.495178,
            52.264591
          ]
        },
        "ingang_lon": 4.495178,
        "ingang_lat": 52.264591,
        "ingang_koppelwijze": "exact_name_place",
        "ingang_afstand_tot_terrein_m": 0.82,
        "ingang_gedeeld": false,
        "naam_bron_terrein": "H. Jozefkerkhof",
        "naam_bron_ingang": "H. Jozefkerkhof",
        "bron_rij_terrein": 141,
        "bron_rij_ingang": 159,
        "bron": "Begraafplaatsen Zuid-Holland",
        "source_file": "Begraafplaatsen Zuid-Holland- Zuid-Holland.csv"
      },
      "geometry": {
        "type": "Polygon",
        "coordinates": [
          [
            [
              4.495013,
              52.265072
            ],
            [
              4.49526,
              52.264402
            ],
            [
              4.496813,
              52.264638
            ],
            [
              4.496742,
              52.264723
            ],
            [
              4.495981,
              52.264878
            ],
            [
              4.495013,
              52.265072
            ]
          ]
        ]
      }
    },
    {
      "type": "Feature",
      "properties": {
        "id": "zh-0072",
        "naam": "Grafmonument Wyttenbach",
        "plaats_origineel": "Oegstgeest",
        "plaats": "Oegstgeest",
        "geruimd": false,
        "geruimd_bron_terrein": false,
        "geruimd_bron_ingang": false,
        "status_conflict": false,
        "oppervlakte_m2": 538.05,
        "oppervlakte_ha": 0.0538,
        "omtrek_m": 95.56,
        "ingang": {
          "type": "Point",
          "coordinates": [
            4.470228,
            52.183025
          ]
        },
        "ingang_lon": 4.470228,
        "ingang_lat": 52.183025,
        "ingang_koppelwijze": "exact_name_place",
        "ingang_afstand_tot_terrein_m": 0.0,
        "ingang_gedeeld": false,
        "naam_bron_terrein": "Grafmonument Wyttenbach",
        "naam_bron_ingang": "Grafmonument Wyttenbach",
        "bron_rij_terrein": 142,
        "bron_rij_ingang": 160,
        "bron": "Begraafplaatsen Zuid-Holland",
        "source_file": "Begraafplaatsen Zuid-Holland- Zuid-Holland.csv"
      },
      "geometry": {
        "type": "Polygon",
        "coordinates": [
          [
            [
              4.470312,
              52.183085
            ],
            [
              4.470314,
              52.183263
            ],
            [
              4.469931,
              52.183254
            ],
            [
              4.470116,
              52.18301
            ],
            [
              4.470291,
              52.183018
            ],
            [
              4.470312,
              52.183085
            ]
          ]
        ]
      }
    },
    {
      "type": "Feature",
      "properties": {
        "id": "zh-0073",
        "naam": "H. Willibrordbegraafplaats",
        "plaats_origineel": "Oegstgeest",
        "plaats": "Oegstgeest",
        "geruimd": false,
        "geruimd_bron_terrein": false,
        "geruimd_bron_ingang": false,
        "status_conflict": false,
        "oppervlakte_m2": 6383.63,
        "oppervlakte_ha": 0.6384,
        "omtrek_m": 344.7,
        "ingang": {
          "type": "Point",
          "coordinates": [
            4.463998,
            52.180567
          ]
        },
        "ingang_lon": 4.463998,
        "ingang_lat": 52.180567,
        "ingang_koppelwijze": "exact_name_place",
        "ingang_afstand_tot_terrein_m": 0.17,
        "ingang_gedeeld": false,
        "naam_bron_terrein": "H. Willibrordbegraafplaats",
        "naam_bron_ingang": "H. Willibrordbegraafplaats",
        "bron_rij_terrein": 143,
        "bron_rij_ingang": 161,
        "bron": "Begraafplaatsen Zuid-Holland",
        "source_file": "Begraafplaatsen Zuid-Holland- Zuid-Holland.csv"
      },
      "geometry": {
        "type": "Polygon",
        "coordinates": [
          [
            [
              4.462316,
              52.180702
            ],
            [
              4.462299,
              52.180148
            ],
            [
              4.463448,
              52.180154
            ],
            [
              4.463581,
              52.180324
            ],
            [
              4.463636,
              52.180351
            ],
            [
              4.463987,
              52.180352
            ],
            [
              4.464001,
              52.180706
            ],
            [
              4.462316,
              52.180702
            ]
          ]
        ]
      }
    },
    {
      "type": "Feature",
      "properties": {
        "id": "zh-0074",
        "naam": "Joodse begraafplaats",
        "plaats_origineel": "Oud Beijerland",
        "plaats": "Oud Beijerland",
        "geruimd": false,
        "geruimd_bron_terrein": false,
        "geruimd_bron_ingang": false,
        "status_conflict": false,
        "oppervlakte_m2": 1434.47,
        "oppervlakte_ha": 0.1434,
        "omtrek_m": 161.49,
        "ingang": {
          "type": "Point",
          "coordinates": [
            4.420331,
            51.82285
          ]
        },
        "ingang_lon": 4.420331,
        "ingang_lat": 51.82285,
        "ingang_koppelwijze": "exact_name_place",
        "ingang_afstand_tot_terrein_m": 0.69,
        "ingang_gedeeld": false,
        "naam_bron_terrein": "Joodse begraafplaats",
        "naam_bron_ingang": "Joodse begraafplaats",
        "bron_rij_terrein": 144,
        "bron_rij_ingang": 162,
        "bron": "Begraafplaatsen Zuid-Holland",
        "source_file": "Begraafplaatsen Zuid-Holland- Zuid-Holland.csv"
      },
      "geometry": {
        "type": "Polygon",
        "coordinates": [
          [
            [
              4.420284,
              51.823361
            ],
            [
              4.42015,
              51.822878
            ],
            [
              4.420518,
              51.822834
            ],
            [
              4.420667,
              51.823312
            ],
            [
              4.420284,
              51.823361
            ]
          ]
        ]
      }
    },
    {
      "type": "Feature",
      "properties": {
        "id": "zh-0075",
        "naam": "Gemeentelijke begraafplaats",
        "plaats_origineel": "Hazerswoude Dorp",
        "plaats": "Hazerswoude Dorp",
        "geruimd": false,
        "geruimd_bron_terrein": false,
        "geruimd_bron_ingang": false,
        "status_conflict": false,
        "oppervlakte_m2": 29262.66,
        "oppervlakte_ha": 2.9263,
        "omtrek_m": 1010.04,
        "ingang": {
          "type": "Point",
          "coordinates": [
            4.590038,
            52.093179
          ]
        },
        "ingang_lon": 4.590038,
        "ingang_lat": 52.093179,
        "ingang_koppelwijze": "exact_name_place",
        "ingang_afstand_tot_terrein_m": 0.0,
        "ingang_gedeeld": false,
        "naam_bron_terrein": "Gemeentelijke begraafplaats",
        "naam_bron_ingang": "Gemeentelijke begraafplaats",
        "bron_rij_terrein": 145,
        "bron_rij_ingang": 163,
        "bron": "Begraafplaatsen Zuid-Holland",
        "source_file": "Begraafplaatsen Zuid-Holland- Zuid-Holland.csv"
      },
      "geometry": {
        "type": "Polygon",
        "coordinates": [
          [
            [
              4.589789,
              52.091325
            ],
            [
              4.590083,
              52.09346
            ],
            [
              4.589043,
              52.093509
            ],
            [
              4.588997,
              52.093197
            ],
            [
              4.588039,
              52.093258
            ],
            [
              4.587934,
              52.092501
            ],
            [
              4.5898,
              52.092392
            ],
            [
              4.58978,
              52.092303
            ],
            [
              4.587906,
              52.092397
            ],
            [
              4.587759,
              52.091432
            ],
            [
              4.589789,
              52.091325
            ]
          ]
        ]
      }
    },
    {
      "type": "Feature",
      "properties": {
        "id": "zh-0076",
        "naam": "RK Kerkhof",
        "plaats_origineel": "Hazerswoude Dorp",
        "plaats": "Hazerswoude Dorp",
        "geruimd": false,
        "geruimd_bron_terrein": false,
        "geruimd_bron_ingang": false,
        "status_conflict": false,
        "oppervlakte_m2": 985.3,
        "oppervlakte_ha": 0.0985,
        "omtrek_m": 127.72,
        "ingang": {
          "type": "Point",
          "coordinates": [
            4.583606,
            52.096689
          ]
        },
        "ingang_lon": 4.583606,
        "ingang_lat": 52.096689,
        "ingang_koppelwijze": "exact_name_place",
        "ingang_afstand_tot_terrein_m": 0.03,
        "ingang_gedeeld": false,
        "naam_bron_terrein": "RK Kerkhof",
        "naam_bron_ingang": "RK Kerkhof",
        "bron_rij_terrein": 146,
        "bron_rij_ingang": 164,
        "bron": "Begraafplaatsen Zuid-Holland",
        "source_file": "Begraafplaatsen Zuid-Holland- Zuid-Holland.csv"
      },
      "geometry": {
        "type": "Polygon",
        "coordinates": [
          [
            [
              4.583608,
              52.096727
            ],
            [
              4.583239,
              52.096733
            ],
            [
              4.583248,
              52.096413
            ],
            [
              4.583268,
              52.096381
            ],
            [
              4.583357,
              52.096363
            ],
            [
              4.583446,
              52.096359
            ],
            [
              4.583591,
              52.096363
            ],
            [
              4.583604,
              52.096664
            ],
            [
              4.583608,
              52.096727
            ]
          ]
        ]
      }
    },
    {
      "type": "Feature",
      "properties": {
        "id": "zh-0077",
        "naam": "NH Kerkhof",
        "plaats_origineel": "Koudekerk aan den Rijn",
        "plaats": "Koudekerk aan den Rijn",
        "geruimd": false,
        "geruimd_bron_terrein": false,
        "geruimd_bron_ingang": false,
        "status_conflict": false,
        "oppervlakte_m2": 1780.37,
        "oppervlakte_ha": 0.178,
        "omtrek_m": 171.15,
        "ingang": {
          "type": "Point",
          "coordinates": [
            4.591418,
            52.132183
          ]
        },
        "ingang_lon": 4.591418,
        "ingang_lat": 52.132183,
        "ingang_koppelwijze": "exact_name_place",
        "ingang_afstand_tot_terrein_m": 0.0,
        "ingang_gedeeld": false,
        "naam_bron_terrein": "NH Kerkhof",
        "naam_bron_ingang": "NH Kerkhof",
        "bron_rij_terrein": 147,
        "bron_rij_ingang": 165,
        "bron": "Begraafplaatsen Zuid-Holland",
        "source_file": "Begraafplaatsen Zuid-Holland- Zuid-Holland.csv"
      },
      "geometry": {
        "type": "Polygon",
        "coordinates": [
          [
            [
              4.591482,
              52.132197
            ],
            [
              4.591242,
              52.132445
            ],
            [
              4.590586,
              52.132269
            ],
            [
              4.590873,
              52.131953
            ],
            [
              4.591482,
              52.132197
            ]
          ]
        ]
      }
    },
    {
      "type": "Feature",
      "properties": {
        "id": "zh-0078",
        "naam": "Gem. begraafplaats",
        "plaats_origineel": "Koudekerk aan den Rijn",
        "plaats": "Koudekerk aan den Rijn",
        "geruimd": false,
        "geruimd_bron_terrein": false,
        "geruimd_bron_ingang": false,
        "status_conflict": false,
        "oppervlakte_m2": 5742.54,
        "oppervlakte_ha": 0.5743,
        "omtrek_m": 334.6,
        "ingang": {
          "type": "Point",
          "coordinates": [
            4.597003,
            52.132477
          ]
        },
        "ingang_lon": 4.597003,
        "ingang_lat": 52.132477,
        "ingang_koppelwijze": "exact_name_place",
        "ingang_afstand_tot_terrein_m": 1.2,
        "ingang_gedeeld": false,
        "naam_bron_terrein": "Gem. begraafplaats",
        "naam_bron_ingang": "Gem. begraafplaats",
        "bron_rij_terrein": 148,
        "bron_rij_ingang": 166,
        "bron": "Begraafplaatsen Zuid-Holland",
        "source_file": "Begraafplaatsen Zuid-Holland- Zuid-Holland.csv"
      },
      "geometry": {
        "type": "Polygon",
        "coordinates": [
          [
            [
              4.59771,
              52.133029
            ],
            [
              4.59755,
              52.133051
            ],
            [
              4.597525,
              52.133057
            ],
            [
              4.596973,
              52.133222
            ],
            [
              4.5969,
              52.132995
            ],
            [
              4.596437,
              52.133047
            ],
            [
              4.596366,
              52.132812
            ],
            [
              4.596282,
              52.132815
            ],
            [
              4.59624,
              52.132627
            ],
            [
              4.596673,
              52.132582
            ],
            [
              4.596666,
              52.132532
            ],
            [
              4.597571,
              52.132414
            ],
            [
              4.59771,
              52.133029
            ]
          ]
        ]
      }
    },
    {
      "type": "Feature",
      "properties": {
        "id": "zh-0079",
        "naam": "Joods deel op Oud Rijswijk",
        "plaats_origineel": "Rijswijk",
        "plaats": "Rijswijk",
        "geruimd": false,
        "geruimd_bron_terrein": false,
        "geruimd_bron_ingang": false,
        "status_conflict": false,
        "oppervlakte_m2": 111.19,
        "oppervlakte_ha": 0.0111,
        "omtrek_m": 42.92,
        "ingang": {
          "type": "Point",
          "coordinates": [
            4.337833,
            52.046879
          ]
        },
        "ingang_lon": 4.337833,
        "ingang_lat": 52.046879,
        "ingang_koppelwijze": "spatial_name_variant",
        "ingang_afstand_tot_terrein_m": 0.0,
        "ingang_gedeeld": false,
        "naam_bron_terrein": "Joods deel op Oud Rijswijk",
        "naam_bron_ingang": "Joods deel op Oud-Rijswijk",
        "bron_rij_terrein": 149,
        "bron_rij_ingang": 167,
        "bron": "Begraafplaatsen Zuid-Holland",
        "source_file": "Begraafplaatsen Zuid-Holland- Zuid-Holland.csv"
      },
      "geometry": {
        "type": "Polygon",
        "coordinates": [
          [
            [
              4.337787,
              52.046854
            ],
            [
              4.337885,
              52.046905
            ],
            [
              4.337745,
              52.046987
            ],
            [
              4.337659,
              52.046927
            ],
            [
              4.337787,
              52.046854
            ]
          ]
        ]
      }
    },
    {
      "type": "Feature",
      "properties": {
        "id": "zh-0080",
        "naam": "Begraafplaats Oud-Rijswijk",
        "plaats_origineel": "Rijswijk",
        "plaats": "Rijswijk",
        "geruimd": false,
        "geruimd_bron_terrein": false,
        "geruimd_bron_ingang": false,
        "status_conflict": false,
        "oppervlakte_m2": 29512.05,
        "oppervlakte_ha": 2.9512,
        "omtrek_m": 706.95,
        "ingang": {
          "type": "Point",
          "coordinates": [
            4.337465,
            52.048358
          ]
        },
        "ingang_lon": 4.337465,
        "ingang_lat": 52.048358,
        "ingang_koppelwijze": "exact_name_place",
        "ingang_afstand_tot_terrein_m": 0.0,
        "ingang_gedeeld": false,
        "naam_bron_terrein": "Begraafplaats Oud-Rijswijk",
        "naam_bron_ingang": "Begraafplaats Oud-Rijswijk",
        "bron_rij_terrein": 150,
        "bron_rij_ingang": 168,
        "bron": "Begraafplaatsen Zuid-Holland",
        "source_file": "Begraafplaatsen Zuid-Holland- Zuid-Holland.csv"
      },
      "geometry": {
        "type": "Polygon",
        "coordinates": [
          [
            [
              4.337448,
              52.048424
            ],
            [
              4.336068,
              52.047451
            ],
            [
              4.33635,
              52.047277
            ],
            [
              4.33663,
              52.047187
            ],
            [
              4.336881,
              52.046929
            ],
            [
              4.33697,
              52.046873
            ],
            [
              4.337204,
              52.046794
            ],
            [
              4.337332,
              52.046768
            ],
            [
              4.337661,
              52.046624
            ],
            [
              4.337855,
              52.046507
            ],
            [
              4.338254,
              52.046199
            ],
            [
              4.339695,
              52.047148
            ],
            [
              4.337448,
              52.048424
            ]
          ]
        ]
      }
    },
    {
      "type": "Feature",
      "properties": {
        "id": "zh-0081",
        "naam": "Liberaal Joodse begraafplaats",
        "plaats_origineel": "Rijswijk",
        "plaats": "Rijswijk",
        "geruimd": false,
        "geruimd_bron_terrein": false,
        "geruimd_bron_ingang": false,
        "status_conflict": false,
        "oppervlakte_m2": 586.61,
        "oppervlakte_ha": 0.0587,
        "omtrek_m": 97.39,
        "ingang": {
          "type": "Point",
          "coordinates": [
            4.309564,
            52.020978
          ]
        },
        "ingang_lon": 4.309564,
        "ingang_lat": 52.020978,
        "ingang_koppelwijze": "exact_name_place",
        "ingang_afstand_tot_terrein_m": 6.92,
        "ingang_gedeeld": false,
        "naam_bron_terrein": "Liberaal Joodse begraafplaats",
        "naam_bron_ingang": "Liberaal Joodse begraafplaats",
        "bron_rij_terrein": 151,
        "bron_rij_ingang": 169,
        "bron": "Begraafplaatsen Zuid-Holland",
        "source_file": "Begraafplaatsen Zuid-Holland- Zuid-Holland.csv"
      },
      "geometry": {
        "type": "Polygon",
        "coordinates": [
          [
            [
              4.30941,
              52.021024
            ],
            [
              4.309063,
              52.020915
            ],
            [
              4.30921,
              52.020743
            ],
            [
              4.309562,
              52.020848
            ],
            [
              4.30941,
              52.021024
            ]
          ]
        ]
      }
    },
    {
      "type": "Feature",
      "properties": {
        "id": "zh-0082",
        "naam": "Gem. begraafplaats Eikelenburg",
        "plaats_origineel": "Rijswijk",
        "plaats": "Rijswijk",
        "geruimd": false,
        "geruimd_bron_terrein": false,
        "geruimd_bron_ingang": false,
        "status_conflict": false,
        "oppervlakte_m2": 45918.13,
        "oppervlakte_ha": 4.5918,
        "omtrek_m": 1140.07,
        "ingang": {
          "type": "Point",
          "coordinates": [
            4.306561,
            52.0225
          ]
        },
        "ingang_lon": 4.306561,
        "ingang_lat": 52.0225,
        "ingang_koppelwijze": "exact_name_place",
        "ingang_afstand_tot_terrein_m": 62.06,
        "ingang_gedeeld": false,
        "naam_bron_terrein": "Gem. begraafplaats Eikelenburg",
        "naam_bron_ingang": "Gem. begraafplaats Eikelenburg",
        "bron_rij_terrein": 152,
        "bron_rij_ingang": 170,
        "bron": "Begraafplaatsen Zuid-Holland",
        "source_file": "Begraafplaatsen Zuid-Holland- Zuid-Holland.csv"
      },
      "geometry": {
        "type": "Polygon",
        "coordinates": [
          [
            [
              4.30729,
              52.02217
            ],
            [
              4.308008,
              52.021266
            ],
            [
              4.307033,
              52.020965
            ],
            [
              4.306388,
              52.021772
            ],
            [
              4.305382,
              52.021455
            ],
            [
              4.306827,
              52.019725
            ],
            [
              4.310016,
              52.020768
            ],
            [
              4.308441,
              52.022522
            ],
            [
              4.30729,
              52.02217
            ]
          ]
        ]
      }
    },
    {
      "type": "Feature",
      "properties": {
        "id": "zh-0083",
        "naam": "Gem. begraafplaats",
        "plaats_origineel": "Hoek van Holland",
        "plaats": "Hoek van Holland",
        "geruimd": false,
        "geruimd_bron_terrein": false,
        "geruimd_bron_ingang": false,
        "status_conflict": false,
        "oppervlakte_m2": 24706.35,
        "oppervlakte_ha": 2.4706,
        "omtrek_m": 630.68,
        "ingang": {
          "type": "Point",
          "coordinates": [
            4.125259,
            51.98246
          ]
        },
        "ingang_lon": 4.125259,
        "ingang_lat": 51.98246,
        "ingang_koppelwijze": "exact_name_place",
        "ingang_afstand_tot_terrein_m": 10.93,
        "ingang_gedeeld": false,
        "naam_bron_terrein": "Gem. begraafplaats",
        "naam_bron_ingang": "Gem. begraafplaats",
        "bron_rij_terrein": 153,
        "bron_rij_ingang": 171,
        "bron": "Begraafplaatsen Zuid-Holland",
        "source_file": "Begraafplaatsen Zuid-Holland- Zuid-Holland.csv"
      },
      "geometry": {
        "type": "Polygon",
        "coordinates": [
          [
            [
              4.123935,
              51.982992
            ],
            [
              4.1233,
              51.982349
            ],
            [
              4.123043,
              51.982194
            ],
            [
              4.122952,
              51.982093
            ],
            [
              4.122947,
              51.981941
            ],
            [
              4.12292,
              51.981489
            ],
            [
              4.122982,
              51.981377
            ],
            [
              4.123702,
              51.981011
            ],
            [
              4.124968,
              51.98151
            ],
            [
              4.124868,
              51.981591
            ],
            [
              4.125779,
              51.981955
            ],
            [
              4.125102,
              51.982419
            ],
            [
              4.125099,
              51.982477
            ],
            [
              4.125061,
              51.98254
            ],
            [
              4.124966,
              51.982592
            ],
            [
              4.123935,
              51.982992
            ]
          ]
        ]
      }
    },
    {
      "type": "Feature",
      "properties": {
        "id": "zh-0084",
        "naam": "RK St. Laurentius",
        "plaats_origineel": "Rotterdam",
        "plaats": "Rotterdam",
        "geruimd": false,
        "geruimd_bron_terrein": false,
        "geruimd_bron_ingang": false,
        "status_conflict": false,
        "oppervlakte_m2": 26862.16,
        "oppervlakte_ha": 2.6862,
        "omtrek_m": 662.72,
        "ingang": {
          "type": "Point",
          "coordinates": [
            4.496033,
            51.934128
          ]
        },
        "ingang_lon": 4.496033,
        "ingang_lat": 51.934128,
        "ingang_koppelwijze": "exact_name_place",
        "ingang_afstand_tot_terrein_m": 1.34,
        "ingang_gedeeld": false,
        "naam_bron_terrein": "RK St. Laurentius",
        "naam_bron_ingang": "Rk St. Laurentius",
        "bron_rij_terrein": 154,
        "bron_rij_ingang": 172,
        "bron": "Begraafplaatsen Zuid-Holland",
        "source_file": "Begraafplaatsen Zuid-Holland- Zuid-Holland.csv"
      },
      "geometry": {
        "type": "Polygon",
        "coordinates": [
          [
            [
              4.493735,
              51.935602
            ],
            [
              4.493391,
              51.934725
            ],
            [
              4.493341,
              51.934698
            ],
            [
              4.493169,
              51.934288
            ],
            [
              4.495627,
              51.933969
            ],
            [
              4.495696,
              51.934029
            ],
            [
              4.495803,
              51.933942
            ],
            [
              4.496108,
              51.934217
            ],
            [
              4.495972,
              51.93428
            ],
            [
              4.496281,
              51.934565
            ],
            [
              4.496133,
              51.934775
            ],
            [
              4.49478,
              51.93562
            ],
            [
              4.494558,
              51.935659
            ],
            [
              4.493735,
              51.935602
            ]
          ]
        ]
      }
    },
    {
      "type": "Feature",
      "properties": {
        "id": "zh-0085",
        "naam": "Gem. begraafplaats Crooswijk",
        "plaats_origineel": "Rotterdam",
        "plaats": "Rotterdam",
        "geruimd": false,
        "geruimd_bron_terrein": false,
        "geruimd_bron_ingang": false,
        "status_conflict": false,
        "oppervlakte_m2": 190583.28,
        "oppervlakte_ha": 19.0583,
        "omtrek_m": 1716.89,
        "ingang": {
          "type": "Point",
          "coordinates": [
            4.49238,
            51.93797
          ]
        },
        "ingang_lon": 4.49238,
        "ingang_lat": 51.93797,
        "ingang_koppelwijze": "exact_name_place",
        "ingang_afstand_tot_terrein_m": 0.0,
        "ingang_gedeeld": false,
        "naam_bron_terrein": "Gem. begraafplaats Crooswijk",
        "naam_bron_ingang": "Gem. begraafplaats Crooswijk",
        "bron_rij_terrein": 155,
        "bron_rij_ingang": 173,
        "bron": "Begraafplaatsen Zuid-Holland",
        "source_file": "Begraafplaatsen Zuid-Holland- Zuid-Holland.csv"
      },
      "geometry": {
        "type": "Polygon",
        "coordinates": [
          [
            [
              4.488378,
              51.940882
            ],
            [
              4.488256,
              51.940362
            ],
            [
              4.487126,
              51.939791
            ],
            [
              4.486396,
              51.93927
            ],
            [
              4.486613,
              51.938848
            ],
            [
              4.486956,
              51.938409
            ],
            [
              4.487472,
              51.937988
            ],
            [
              4.487503,
              51.937763
            ],
            [
              4.487895,
              51.937636
            ],
            [
              4.488128,
              51.937116
            ],
            [
              4.488545,
              51.936679
            ],
            [
              4.488948,
              51.936395
            ],
            [
              4.489257,
              51.936418
            ],
            [
              4.492099,
              51.937762
            ],
            [
              4.49223,
              51.937866
            ],
            [
              4.49254,
              51.938051
            ],
            [
              4.492868,
              51.938149
            ],
            [
              4.493865,
              51.938559
            ],
            [
              4.494549,
              51.938837
            ],
            [
              4.495046,
              51.939039
            ],
            [
              4.495029,
              51.939294
            ],
            [
              4.494457,
              51.939705
            ],
            [
              4.493537,
              51.940417
            ],
            [
              4.493245,
              51.940682
            ],
            [
              4.492736,
              51.941026
            ],
            [
              4.491479,
              51.941318
            ],
            [
              4.488378,
              51.940882
            ]
          ]
        ]
      }
    },
    {
      "type": "Feature",
      "properties": {
        "id": "zh-0086",
        "naam": "RK Kerkhof Kralingen",
        "plaats_origineel": "Rotterdam",
        "plaats": "Rotterdam",
        "geruimd": false,
        "geruimd_bron_terrein": false,
        "geruimd_bron_ingang": false,
        "status_conflict": false,
        "oppervlakte_m2": 395.66,
        "oppervlakte_ha": 0.0396,
        "omtrek_m": 84.59,
        "ingang": {
          "type": "Point",
          "coordinates": [
            4.513571,
            51.920332
          ]
        },
        "ingang_lon": 4.513571,
        "ingang_lat": 51.920332,
        "ingang_koppelwijze": "exact_name_place",
        "ingang_afstand_tot_terrein_m": 0.0,
        "ingang_gedeeld": false,
        "naam_bron_terrein": "RK Kerkhof Kralingen",
        "naam_bron_ingang": "RK Kerkhof Kralingen",
        "bron_rij_terrein": 156,
        "bron_rij_ingang": 174,
        "bron": "Begraafplaatsen Zuid-Holland",
        "source_file": "Begraafplaatsen Zuid-Holland- Zuid-Holland.csv"
      },
      "geometry": {
        "type": "Polygon",
        "coordinates": [
          [
            [
              4.513223,
              51.920477
            ],
            [
              4.513155,
              51.920357
            ],
            [
              4.513537,
              51.920264
            ],
            [
              4.513605,
              51.920381
            ],
            [
              4.513223,
              51.920477
            ]
          ]
        ]
      }
    },
    {
      "type": "Feature",
      "properties": {
        "id": "zh-0087",
        "naam": "Joodse begraafplaats Het Toepad",
        "plaats_origineel": "Rotterdam",
        "plaats": "Rotterdam",
        "geruimd": false,
        "geruimd_bron_terrein": false,
        "geruimd_bron_ingang": false,
        "status_conflict": false,
        "oppervlakte_m2": 28021.7,
        "oppervlakte_ha": 2.8022,
        "omtrek_m": 793.56,
        "ingang": {
          "type": "Point",
          "coordinates": [
            4.532411,
            51.908986
          ]
        },
        "ingang_lon": 4.532411,
        "ingang_lat": 51.908986,
        "ingang_koppelwijze": "exact_name_place",
        "ingang_afstand_tot_terrein_m": 12.35,
        "ingang_gedeeld": false,
        "naam_bron_terrein": "Joodse begraafplaats Het Toepad",
        "naam_bron_ingang": "Joodse begraafplaats Het Toepad",
        "bron_rij_terrein": 157,
        "bron_rij_ingang": 191,
        "bron": "Begraafplaatsen Zuid-Holland",
        "source_file": "Begraafplaatsen Zuid-Holland- Zuid-Holland.csv"
      },
      "geometry": {
        "type": "Polygon",
        "coordinates": [
          [
            [
              4.533219,
              51.911819
            ],
            [
              4.531833,
              51.909215
            ],
            [
              4.533152,
              51.908958
            ],
            [
              4.534447,
              51.911577
            ],
            [
              4.533219,
              51.911819
            ]
          ]
        ]
      }
    },
    {
      "type": "Feature",
      "properties": {
        "id": "zh-0088",
        "naam": "RK begraafplaats Schiedam",
        "plaats_origineel": null,
        "plaats": null,
        "geruimd": false,
        "geruimd_bron_terrein": false,
        "geruimd_bron_ingang": false,
        "status_conflict": false,
        "oppervlakte_m2": 6932.65,
        "oppervlakte_ha": 0.6933,
        "omtrek_m": 335.3,
        "ingang": {
          "type": "Point",
          "coordinates": [
            4.389331,
            51.916327
          ]
        },
        "ingang_lon": 4.389331,
        "ingang_lat": 51.916327,
        "ingang_koppelwijze": "spatial_name_variant",
        "ingang_afstand_tot_terrein_m": 6.23,
        "ingang_gedeeld": false,
        "naam_bron_terrein": "RK begraafplaats Schiedam",
        "naam_bron_ingang": "RK begraafplaats",
        "bron_rij_terrein": 175,
        "bron_rij_ingang": 192,
        "bron": "Begraafplaatsen Zuid-Holland",
        "source_file": "Begraafplaatsen Zuid-Holland- Zuid-Holland.csv"
      },
      "geometry": {
        "type": "Polygon",
        "coordinates": [
          [
            [
              4.388049,
              51.916849
            ],
            [
              4.387516,
              51.916296
            ],
            [
              4.388685,
              51.915912
            ],
            [
              4.388841,
              51.916006
            ],
            [
              4.388957,
              51.916103
            ],
            [
              4.389117,
              51.916243
            ],
            [
              4.389277,
              51.916376
            ],
            [
              4.389328,
              51.916433
            ],
            [
              4.388049,
              51.916849
            ]
          ]
        ]
      }
    },
    {
      "type": "Feature",
      "properties": {
        "id": "zh-0089",
        "naam": "Gem. begraafplaats Beukenhof",
        "plaats_origineel": "Schiedam",
        "plaats": "Schiedam",
        "geruimd": false,
        "geruimd_bron_terrein": false,
        "geruimd_bron_ingang": false,
        "status_conflict": false,
        "oppervlakte_m2": 96482.28,
        "oppervlakte_ha": 9.6482,
        "omtrek_m": 1473.35,
        "ingang": {
          "type": "Point",
          "coordinates": [
            4.377956,
            51.917206
          ]
        },
        "ingang_lon": 4.377956,
        "ingang_lat": 51.917206,
        "ingang_koppelwijze": "exact_name_place",
        "ingang_afstand_tot_terrein_m": 0.0,
        "ingang_gedeeld": false,
        "naam_bron_terrein": "Gem. begraafplaats Beukenhof",
        "naam_bron_ingang": "Gem. begraafplaats Beukenhof",
        "bron_rij_terrein": 176,
        "bron_rij_ingang": 193,
        "bron": "Begraafplaatsen Zuid-Holland",
        "source_file": "Begraafplaatsen Zuid-Holland- Zuid-Holland.csv"
      },
      "geometry": {
        "type": "Polygon",
        "coordinates": [
          [
            [
              4.375217,
              51.915288
            ],
            [
              4.373967,
              51.912506
            ],
            [
              4.374091,
              51.912421
            ],
            [
              4.374294,
              51.912449
            ],
            [
              4.376742,
              51.913109
            ],
            [
              4.378593,
              51.913641
            ],
            [
              4.378573,
              51.916217
            ],
            [
              4.378038,
              51.916337
            ],
            [
              4.378505,
              51.91708
            ],
            [
              4.377584,
              51.917382
            ],
            [
              4.376777,
              51.916146
            ],
            [
              4.376527,
              51.91609
            ],
            [
              4.376072,
              51.916161
            ],
            [
              4.375799,
              51.91581
            ],
            [
              4.37565,
              51.915579
            ],
            [
              4.375513,
              51.915432
            ],
            [
              4.375217,
              51.915288
            ]
          ]
        ]
      }
    },
    {
      "type": "Feature",
      "properties": {
        "id": "zh-0090",
        "naam": "Oud NH kerkhof",
        "plaats_origineel": "Schoonhoven",
        "plaats": "Schoonhoven",
        "geruimd": null,
        "geruimd_bron_terrein": false,
        "geruimd_bron_ingang": true,
        "status_conflict": true,
        "oppervlakte_m2": 436.16,
        "oppervlakte_ha": 0.0436,
        "omtrek_m": 92.19,
        "ingang": {
          "type": "Point",
          "coordinates": [
            4.851521,
            51.946134
          ]
        },
        "ingang_lon": 4.851521,
        "ingang_lat": 51.946134,
        "ingang_koppelwijze": "exact_name_place",
        "ingang_afstand_tot_terrein_m": 0.98,
        "ingang_gedeeld": false,
        "naam_bron_terrein": "Oud NH kerkhof",
        "naam_bron_ingang": "Oud NH kerkhof",
        "bron_rij_terrein": 177,
        "bron_rij_ingang": 194,
        "bron": "Begraafplaatsen Zuid-Holland",
        "source_file": "Begraafplaatsen Zuid-Holland- Zuid-Holland.csv"
      },
      "geometry": {
        "type": "Polygon",
        "coordinates": [
          [
            [
              4.8515,
              51.946205
            ],
            [
              4.851241,
              51.946174
            ],
            [
              4.851236,
              51.946147
            ],
            [
              4.851052,
              51.946127
            ],
            [
              4.851076,
              51.946036
            ],
            [
              4.851515,
              51.946046
            ],
            [
              4.8515,
              51.946205
            ]
          ]
        ]
      }
    },
    {
      "type": "Feature",
      "properties": {
        "id": "zh-0091",
        "naam": "Joodse begraafplaats",
        "plaats_origineel": "Schoonhoven",
        "plaats": "Schoonhoven",
        "geruimd": false,
        "geruimd_bron_terrein": false,
        "geruimd_bron_ingang": false,
        "status_conflict": false,
        "oppervlakte_m2": 514.28,
        "oppervlakte_ha": 0.0514,
        "omtrek_m": 102.49,
        "ingang": {
          "type": "Point",
          "coordinates": [
            4.854337,
            51.94558
          ]
        },
        "ingang_lon": 4.854337,
        "ingang_lat": 51.94558,
        "ingang_koppelwijze": "exact_name_place",
        "ingang_afstand_tot_terrein_m": 0.0,
        "ingang_gedeeld": false,
        "naam_bron_terrein": "Joodse begraafplaats",
        "naam_bron_ingang": "Joodse begraafplaats",
        "bron_rij_terrein": 178,
        "bron_rij_ingang": 195,
        "bron": "Begraafplaatsen Zuid-Holland",
        "source_file": "Begraafplaatsen Zuid-Holland- Zuid-Holland.csv"
      },
      "geometry": {
        "type": "Polygon",
        "coordinates": [
          [
            [
              4.854325,
              51.945636
            ],
            [
              4.854319,
              51.945509
            ],
            [
              4.854861,
              51.945499
            ],
            [
              4.854874,
              51.945618
            ],
            [
              4.854325,
              51.945636
            ]
          ]
        ]
      }
    },
    {
      "type": "Feature",
      "properties": {
        "id": "zh-0092",
        "naam": "Gemeentelijke begraafplaats",
        "plaats_origineel": "Schoonhoven",
        "plaats": "Schoonhoven",
        "geruimd": false,
        "geruimd_bron_terrein": false,
        "geruimd_bron_ingang": false,
        "status_conflict": false,
        "oppervlakte_m2": 11961.03,
        "oppervlakte_ha": 1.1961,
        "omtrek_m": 454.59,
        "ingang": {
          "type": "Point",
          "coordinates": [
            4.854766,
            51.943577
          ]
        },
        "ingang_lon": 4.854766,
        "ingang_lat": 51.943577,
        "ingang_koppelwijze": "exact_name_place",
        "ingang_afstand_tot_terrein_m": 0.0,
        "ingang_gedeeld": false,
        "naam_bron_terrein": "Gemeentelijke begraafplaats",
        "naam_bron_ingang": "Gemeentelijke begraafplaats",
        "bron_rij_terrein": 179,
        "bron_rij_ingang": 196,
        "bron": "Begraafplaatsen Zuid-Holland",
        "source_file": "Begraafplaatsen Zuid-Holland- Zuid-Holland.csv"
      },
      "geometry": {
        "type": "Polygon",
        "coordinates": [
          [
            [
              4.854619,
              51.943261
            ],
            [
              4.855882,
              51.943106
            ],
            [
              4.855746,
              51.943356
            ],
            [
              4.856434,
              51.943538
            ],
            [
              4.856432,
              51.943659
            ],
            [
              4.856434,
              51.944115
            ],
            [
              4.855649,
              51.944263
            ],
            [
              4.854985,
              51.944304
            ],
            [
              4.854619,
              51.943261
            ]
          ]
        ]
      }
    },
    {
      "type": "Feature",
      "properties": {
        "id": "zh-0093",
        "naam": "RK begraafplaats",
        "plaats_origineel": "Schoonhoven",
        "plaats": "Schoonhoven",
        "geruimd": false,
        "geruimd_bron_terrein": false,
        "geruimd_bron_ingang": false,
        "status_conflict": false,
        "oppervlakte_m2": 1324.54,
        "oppervlakte_ha": 0.1325,
        "omtrek_m": 163.69,
        "ingang": {
          "type": "Point",
          "coordinates": [
            4.855738,
            51.947345
          ]
        },
        "ingang_lon": 4.855738,
        "ingang_lat": 51.947345,
        "ingang_koppelwijze": "exact_name_place",
        "ingang_afstand_tot_terrein_m": 0.0,
        "ingang_gedeeld": false,
        "naam_bron_terrein": "RK begraafplaats",
        "naam_bron_ingang": "RK begraafplaats",
        "bron_rij_terrein": 180,
        "bron_rij_ingang": 197,
        "bron": "Begraafplaatsen Zuid-Holland",
        "source_file": "Begraafplaatsen Zuid-Holland- Zuid-Holland.csv"
      },
      "geometry": {
        "type": "Polygon",
        "coordinates": [
          [
            [
              4.855642,
              51.947385
            ],
            [
              4.856031,
              51.946897
            ],
            [
              4.856279,
              51.947191
            ],
            [
              4.856367,
              51.947299
            ],
            [
              4.856338,
              51.947337
            ],
            [
              4.855642,
              51.947385
            ]
          ]
        ]
      }
    },
    {
      "type": "Feature",
      "properties": {
        "id": "zh-0094",
        "naam": "NH Kerkhof Willige Langerak",
        "plaats_origineel": "Schoonhoven",
        "plaats": "Schoonhoven",
        "geruimd": false,
        "geruimd_bron_terrein": false,
        "geruimd_bron_ingang": false,
        "status_conflict": false,
        "oppervlakte_m2": 452.39,
        "oppervlakte_ha": 0.0452,
        "omtrek_m": 105.59,
        "ingang": {
          "type": "Point",
          "coordinates": [
            4.860874,
            51.944934
          ]
        },
        "ingang_lon": 4.860874,
        "ingang_lat": 51.944934,
        "ingang_koppelwijze": "exact_name_place",
        "ingang_afstand_tot_terrein_m": 0.0,
        "ingang_gedeeld": false,
        "naam_bron_terrein": "NH Kerkhof Willige Langerak",
        "naam_bron_ingang": "NH Kerkhof Willige Langerak",
        "bron_rij_terrein": 181,
        "bron_rij_ingang": 198,
        "bron": "Begraafplaatsen Zuid-Holland",
        "source_file": "Begraafplaatsen Zuid-Holland- Zuid-Holland.csv"
      },
      "geometry": {
        "type": "Polygon",
        "coordinates": [
          [
            [
              4.860882,
              51.944887
            ],
            [
              4.861216,
              51.944912
            ],
            [
              4.861238,
              51.944858
            ],
            [
              4.861344,
              51.944865
            ],
            [
              4.86135,
              51.944841
            ],
            [
              4.861394,
              51.944856
            ],
            [
              4.861435,
              51.944878
            ],
            [
              4.861446,
              51.944901
            ],
            [
              4.861443,
              51.944937
            ],
            [
              4.861434,
              51.944975
            ],
            [
              4.861364,
              51.944986
            ],
            [
              4.86128,
              51.945001
            ],
            [
              4.861172,
              51.945
            ],
            [
              4.861044,
              51.944994
            ],
            [
              4.860868,
              51.94496
            ],
            [
              4.860882,
              51.944887
            ]
          ]
        ]
      }
    },
    {
      "type": "Feature",
      "properties": {
        "id": "zh-0095",
        "naam": "Joodse begraafplaats",
        "plaats_origineel": "Strijen",
        "plaats": "Strijen",
        "geruimd": false,
        "geruimd_bron_terrein": false,
        "geruimd_bron_ingang": false,
        "status_conflict": false,
        "oppervlakte_m2": 236.25,
        "oppervlakte_ha": 0.0236,
        "omtrek_m": 61.98,
        "ingang": {
          "type": "Point",
          "coordinates": [
            4.556465,
            51.747191
          ]
        },
        "ingang_lon": 4.556465,
        "ingang_lat": 51.747191,
        "ingang_koppelwijze": "exact_name_place",
        "ingang_afstand_tot_terrein_m": 47.46,
        "ingang_gedeeld": false,
        "naam_bron_terrein": "Joodse begraafplaats",
        "naam_bron_ingang": "Joodse begraafplaats",
        "bron_rij_terrein": 182,
        "bron_rij_ingang": 199,
        "bron": "Begraafplaatsen Zuid-Holland",
        "source_file": "Begraafplaatsen Zuid-Holland- Zuid-Holland.csv"
      },
      "geometry": {
        "type": "Polygon",
        "coordinates": [
          [
            [
              4.556863,
              51.74682
            ],
            [
              4.556997,
              51.746745
            ],
            [
              4.557179,
              51.746847
            ],
            [
              4.557025,
              51.746942
            ],
            [
              4.556863,
              51.74682
            ]
          ]
        ]
      }
    },
    {
      "type": "Feature",
      "properties": {
        "id": "zh-0096",
        "naam": "St. Pancratiuskerkhof",
        "plaats_origineel": "Sassenheim",
        "plaats": "Sassenheim",
        "geruimd": false,
        "geruimd_bron_terrein": false,
        "geruimd_bron_ingang": false,
        "status_conflict": false,
        "oppervlakte_m2": 3123.17,
        "oppervlakte_ha": 0.3123,
        "omtrek_m": 250.1,
        "ingang": {
          "type": "Point",
          "coordinates": [
            4.519845,
            52.224044
          ]
        },
        "ingang_lon": 4.519845,
        "ingang_lat": 52.224044,
        "ingang_koppelwijze": "exact_name_place",
        "ingang_afstand_tot_terrein_m": 0.0,
        "ingang_gedeeld": false,
        "naam_bron_terrein": "St. Pancratiuskerkhof",
        "naam_bron_ingang": "St. Pancratiuskerkhof",
        "bron_rij_terrein": 183,
        "bron_rij_ingang": 200,
        "bron": "Begraafplaatsen Zuid-Holland",
        "source_file": "Begraafplaatsen Zuid-Holland- Zuid-Holland.csv"
      },
      "geometry": {
        "type": "Polygon",
        "coordinates": [
          [
            [
              4.520021,
              52.224172
            ],
            [
              4.519599,
              52.223888
            ],
            [
              4.519981,
              52.223645
            ],
            [
              4.520294,
              52.223828
            ],
            [
              4.520597,
              52.22369
            ],
            [
              4.520904,
              52.223948
            ],
            [
              4.520611,
              52.224077
            ],
            [
              4.520628,
              52.224099
            ],
            [
              4.520431,
              52.224212
            ],
            [
              4.520119,
              52.224115
            ],
            [
              4.520021,
              52.224172
            ]
          ]
        ]
      }
    },
    {
      "type": "Feature",
      "properties": {
        "id": "zh-0097",
        "naam": "NH Kerkhof Oude Toren",
        "plaats_origineel": "Warmond",
        "plaats": "Warmond",
        "geruimd": false,
        "geruimd_bron_terrein": false,
        "geruimd_bron_ingang": false,
        "status_conflict": false,
        "oppervlakte_m2": 3536.07,
        "oppervlakte_ha": 0.3536,
        "omtrek_m": 223.49,
        "ingang": {
          "type": "Point",
          "coordinates": [
            4.502096,
            52.200494
          ]
        },
        "ingang_lon": 4.502096,
        "ingang_lat": 52.200494,
        "ingang_koppelwijze": "exact_name_place",
        "ingang_afstand_tot_terrein_m": 0.0,
        "ingang_gedeeld": false,
        "naam_bron_terrein": "NH Kerkhof Oude Toren",
        "naam_bron_ingang": "NH kerkhof Oude Toren",
        "bron_rij_terrein": 184,
        "bron_rij_ingang": 201,
        "bron": "Begraafplaatsen Zuid-Holland",
        "source_file": "Begraafplaatsen Zuid-Holland- Zuid-Holland.csv"
      },
      "geometry": {
        "type": "Polygon",
        "coordinates": [
          [
            [
              4.501835,
              52.200303
            ],
            [
              4.502133,
              52.200483
            ],
            [
              4.502125,
              52.200518
            ],
            [
              4.501947,
              52.200821
            ],
            [
              4.50188,
              52.200863
            ],
            [
              4.501793,
              52.200897
            ],
            [
              4.501719,
              52.200918
            ],
            [
              4.501684,
              52.200926
            ],
            [
              4.501626,
              52.200933
            ],
            [
              4.501586,
              52.200936
            ],
            [
              4.501502,
              52.20094
            ],
            [
              4.501401,
              52.200938
            ],
            [
              4.501321,
              52.200919
            ],
            [
              4.501229,
              52.200896
            ],
            [
              4.501147,
              52.200847
            ],
            [
              4.501103,
              52.200814
            ],
            [
              4.501008,
              52.200673
            ],
            [
              4.501046,
              52.20062
            ],
            [
              4.501087,
              52.200588
            ],
            [
              4.501784,
              52.200302
            ],
            [
              4.501835,
              52.200303
            ]
          ]
        ]
      }
    },
    {
      "type": "Feature",
      "properties": {
        "id": "zh-0098",
        "naam": "Rk St. Barbara",
        "plaats_origineel": "Vlaardingen",
        "plaats": "Vlaardingen",
        "geruimd": false,
        "geruimd_bron_terrein": false,
        "geruimd_bron_ingang": false,
        "status_conflict": false,
        "oppervlakte_m2": 2280.83,
        "oppervlakte_ha": 0.2281,
        "omtrek_m": 192.52,
        "ingang": {
          "type": "Point",
          "coordinates": [
            4.345622,
            51.916693
          ]
        },
        "ingang_lon": 4.345622,
        "ingang_lat": 51.916693,
        "ingang_koppelwijze": "exact_name_place",
        "ingang_afstand_tot_terrein_m": 0.87,
        "ingang_gedeeld": false,
        "naam_bron_terrein": "Rk St. Barbara",
        "naam_bron_ingang": "RK St. Barbara",
        "bron_rij_terrein": 185,
        "bron_rij_ingang": 202,
        "bron": "Begraafplaatsen Zuid-Holland",
        "source_file": "Begraafplaatsen Zuid-Holland- Zuid-Holland.csv"
      },
      "geometry": {
        "type": "Polygon",
        "coordinates": [
          [
            [
              4.345716,
              51.916647
            ],
            [
              4.346179,
              51.916911
            ],
            [
              4.345614,
              51.917237
            ],
            [
              4.345156,
              51.916986
            ],
            [
              4.345716,
              51.916647
            ]
          ]
        ]
      }
    },
    {
      "type": "Feature",
      "properties": {
        "id": "zh-0099",
        "naam": "Gem. begraafplaats Emmaus",
        "plaats_origineel": "Vlaardingen",
        "plaats": "Vlaardingen",
        "geruimd": false,
        "geruimd_bron_terrein": false,
        "geruimd_bron_ingang": false,
        "status_conflict": false,
        "oppervlakte_m2": 35923.39,
        "oppervlakte_ha": 3.5923,
        "omtrek_m": 918.77,
        "ingang": {
          "type": "Point",
          "coordinates": [
            4.345888,
            51.915998
          ]
        },
        "ingang_lon": 4.345888,
        "ingang_lat": 51.915998,
        "ingang_koppelwijze": "exact_name_place",
        "ingang_afstand_tot_terrein_m": 4.42,
        "ingang_gedeeld": false,
        "naam_bron_terrein": "Gem. begraafplaats Emmaus",
        "naam_bron_ingang": "Gem. begraafplaats Emmaus",
        "bron_rij_terrein": 186,
        "bron_rij_ingang": 203,
        "bron": "Begraafplaatsen Zuid-Holland",
        "source_file": "Begraafplaatsen Zuid-Holland- Zuid-Holland.csv"
      },
      "geometry": {
        "type": "Polygon",
        "coordinates": [
          [
            [
              4.345891,
              51.916102
            ],
            [
              4.34553,
              51.916184
            ],
            [
              4.345332,
              51.916286
            ],
            [
              4.34578,
              51.916541
            ],
            [
              4.344917,
              51.916995
            ],
            [
              4.345525,
              51.917375
            ],
            [
              4.34225,
              51.917719
            ],
            [
              4.342114,
              51.917568
            ],
            [
              4.342177,
              51.917358
            ],
            [
              4.342287,
              51.91712
            ],
            [
              4.342408,
              51.916977
            ],
            [
              4.342497,
              51.916907
            ],
            [
              4.34274,
              51.916777
            ],
            [
              4.342928,
              51.916678
            ],
            [
              4.342946,
              51.916595
            ],
            [
              4.342927,
              51.916534
            ],
            [
              4.342693,
              51.916225
            ],
            [
              4.342771,
              51.915879
            ],
            [
              4.343271,
              51.915925
            ],
            [
              4.343662,
              51.91595
            ],
            [
              4.343962,
              51.915956
            ],
            [
              4.344244,
              51.915952
            ],
            [
              4.344709,
              51.915931
            ],
            [
              4.344901,
              51.915944
            ],
            [
              4.345314,
              51.91587
            ],
            [
              4.34562,
              51.915826
            ],
            [
              4.345711,
              51.915846
            ],
            [
              4.345891,
              51.916102
            ]
          ]
        ]
      }
    },
    {
      "type": "Feature",
      "properties": {
        "id": "zh-0100",
        "naam": "Joodse begraafplaats",
        "plaats_origineel": "Vlaardingen",
        "plaats": "Vlaardingen",
        "geruimd": false,
        "geruimd_bron_terrein": false,
        "geruimd_bron_ingang": false,
        "status_conflict": false,
        "oppervlakte_m2": 262.7,
        "oppervlakte_ha": 0.0263,
        "omtrek_m": 65.03,
        "ingang": {
          "type": "Point",
          "coordinates": [
            4.358954,
            51.90972
          ]
        },
        "ingang_lon": 4.358954,
        "ingang_lat": 51.90972,
        "ingang_koppelwijze": "exact_name_place",
        "ingang_afstand_tot_terrein_m": 0.0,
        "ingang_gedeeld": false,
        "naam_bron_terrein": "Joodse begraafplaats",
        "naam_bron_ingang": "Joodse begraafplaats",
        "bron_rij_terrein": 187,
        "bron_rij_ingang": 204,
        "bron": "Begraafplaatsen Zuid-Holland",
        "source_file": "Begraafplaatsen Zuid-Holland- Zuid-Holland.csv"
      },
      "geometry": {
        "type": "Polygon",
        "coordinates": [
          [
            [
              4.358844,
              51.909755
            ],
            [
              4.358715,
              51.909614
            ],
            [
              4.35884,
              51.909569
            ],
            [
              4.358984,
              51.909628
            ],
            [
              4.359017,
              51.909654
            ],
            [
              4.359059,
              51.909692
            ],
            [
              4.358844,
              51.909755
            ]
          ]
        ]
      }
    },
    {
      "type": "Feature",
      "properties": {
        "id": "zh-0101",
        "naam": "Tombe Bisdom van Vliet",
        "plaats_origineel": "Haastrecht",
        "plaats": "Haastrecht",
        "geruimd": false,
        "geruimd_bron_terrein": false,
        "geruimd_bron_ingang": false,
        "status_conflict": false,
        "oppervlakte_m2": 28.81,
        "oppervlakte_ha": 0.0029,
        "omtrek_m": 21.85,
        "ingang": {
          "type": "Point",
          "coordinates": [
            4.772754,
            51.998699
          ]
        },
        "ingang_lon": 4.772754,
        "ingang_lat": 51.998699,
        "ingang_koppelwijze": "exact_name_place",
        "ingang_afstand_tot_terrein_m": 3.16,
        "ingang_gedeeld": false,
        "naam_bron_terrein": "Tombe Bisdom van Vliet",
        "naam_bron_ingang": "Tombe Bisdom van Vliet",
        "bron_rij_terrein": 188,
        "bron_rij_ingang": 205,
        "bron": "Begraafplaatsen Zuid-Holland",
        "source_file": "Begraafplaatsen Zuid-Holland- Zuid-Holland.csv"
      },
      "geometry": {
        "type": "Polygon",
        "coordinates": [
          [
            [
              4.772659,
              51.99877
            ],
            [
              4.772695,
              51.998716
            ],
            [
              4.772753,
              51.998729
            ],
            [
              4.772723,
              51.998784
            ],
            [
              4.772659,
              51.99877
            ]
          ]
        ]
      }
    },
    {
      "type": "Feature",
      "properties": {
        "id": "zh-0102",
        "naam": "Gem. begraafplaats Persijnhof",
        "plaats_origineel": "Wassenaar",
        "plaats": "Wassenaar",
        "geruimd": false,
        "geruimd_bron_terrein": false,
        "geruimd_bron_ingang": false,
        "status_conflict": false,
        "oppervlakte_m2": 8941.65,
        "oppervlakte_ha": 0.8942,
        "omtrek_m": 448.47,
        "ingang": {
          "type": "Point",
          "coordinates": [
            4.370094,
            52.111676
          ]
        },
        "ingang_lon": 4.370094,
        "ingang_lat": 52.111676,
        "ingang_koppelwijze": "exact_name_place",
        "ingang_afstand_tot_terrein_m": 2.53,
        "ingang_gedeeld": false,
        "naam_bron_terrein": "Gem. begraafplaats Persijnhof",
        "naam_bron_ingang": "Gem. begraafplaats Persijnhof",
        "bron_rij_terrein": 189,
        "bron_rij_ingang": 206,
        "bron": "Begraafplaatsen Zuid-Holland",
        "source_file": "Begraafplaatsen Zuid-Holland- Zuid-Holland.csv"
      },
      "geometry": {
        "type": "Polygon",
        "coordinates": [
          [
            [
              4.370097,
              52.112121
            ],
            [
              4.368507,
              52.111105
            ],
            [
              4.369096,
              52.110664
            ],
            [
              4.370376,
              52.111468
            ],
            [
              4.370179,
              52.111584
            ],
            [
              4.370031,
              52.111685
            ],
            [
              4.370421,
              52.111928
            ],
            [
              4.370097,
              52.112121
            ]
          ]
        ]
      }
    },
    {
      "type": "Feature",
      "properties": {
        "id": "zh-0103",
        "naam": "Joodse begraafplaats",
        "plaats_origineel": "Wassenaar",
        "plaats": "Wassenaar",
        "geruimd": false,
        "geruimd_bron_terrein": false,
        "geruimd_bron_ingang": false,
        "status_conflict": false,
        "oppervlakte_m2": 20920.42,
        "oppervlakte_ha": 2.092,
        "omtrek_m": 657.52,
        "ingang": {
          "type": "Point",
          "coordinates": [
            4.370447,
            52.111444
          ]
        },
        "ingang_lon": 4.370447,
        "ingang_lat": 52.111444,
        "ingang_koppelwijze": "exact_name_place",
        "ingang_afstand_tot_terrein_m": 0.0,
        "ingang_gedeeld": false,
        "naam_bron_terrein": "Joodse begraafplaats",
        "naam_bron_ingang": "Joodse begraafplaats",
        "bron_rij_terrein": 190,
        "bron_rij_ingang": 225,
        "bron": "Begraafplaatsen Zuid-Holland",
        "source_file": "Begraafplaatsen Zuid-Holland- Zuid-Holland.csv"
      },
      "geometry": {
        "type": "Polygon",
        "coordinates": [
          [
            [
              4.369099,
              52.11066
            ],
            [
              4.369937,
              52.110011
            ],
            [
              4.372371,
              52.111574
            ],
            [
              4.371915,
              52.111895
            ],
            [
              4.371796,
              52.111812
            ],
            [
              4.371381,
              52.112087
            ],
            [
              4.369099,
              52.11066
            ]
          ]
        ]
      }
    },
    {
      "type": "Feature",
      "properties": {
        "id": "zh-0104",
        "naam": "RK kerkhof De Goede Herder",
        "plaats_origineel": "Wassenaar",
        "plaats": "Wassenaar",
        "geruimd": false,
        "geruimd_bron_terrein": false,
        "geruimd_bron_ingang": false,
        "status_conflict": false,
        "oppervlakte_m2": 4158.74,
        "oppervlakte_ha": 0.4159,
        "omtrek_m": 272.26,
        "ingang": {
          "type": "Point",
          "coordinates": [
            4.368813,
            52.117979
          ]
        },
        "ingang_lon": 4.368813,
        "ingang_lat": 52.117979,
        "ingang_koppelwijze": "exact_name_place",
        "ingang_afstand_tot_terrein_m": 0.0,
        "ingang_gedeeld": false,
        "naam_bron_terrein": "RK kerkhof De Goede Herder",
        "naam_bron_ingang": "RK Kerkhof De Goede Herder",
        "bron_rij_terrein": 207,
        "bron_rij_ingang": 226,
        "bron": "Begraafplaatsen Zuid-Holland",
        "source_file": "Begraafplaatsen Zuid-Holland- Zuid-Holland.csv"
      },
      "geometry": {
        "type": "Polygon",
        "coordinates": [
          [
            [
              4.368628,
              52.118007
            ],
            [
              4.369122,
              52.117696
            ],
            [
              4.369991,
              52.118317
            ],
            [
              4.36951,
              52.118585
            ],
            [
              4.368628,
              52.118007
            ]
          ]
        ]
      }
    },
    {
      "type": "Feature",
      "properties": {
        "id": "zh-0105",
        "naam": "RK Kerkhof St. Willibrordus",
        "plaats_origineel": "Wassenaar",
        "plaats": "Wassenaar",
        "geruimd": false,
        "geruimd_bron_terrein": false,
        "geruimd_bron_ingang": false,
        "status_conflict": false,
        "oppervlakte_m2": 2056.19,
        "oppervlakte_ha": 0.2056,
        "omtrek_m": 189.36,
        "ingang": {
          "type": "Point",
          "coordinates": [
            4.39095,
            52.140149
          ]
        },
        "ingang_lon": 4.39095,
        "ingang_lat": 52.140149,
        "ingang_koppelwijze": "exact_name_place",
        "ingang_afstand_tot_terrein_m": 0.0,
        "ingang_gedeeld": false,
        "naam_bron_terrein": "RK Kerkhof St. Willibrordus",
        "naam_bron_ingang": "RK Kerkhof St. Willibrordus",
        "bron_rij_terrein": 208,
        "bron_rij_ingang": 227,
        "bron": "Begraafplaatsen Zuid-Holland",
        "source_file": "Begraafplaatsen Zuid-Holland- Zuid-Holland.csv"
      },
      "geometry": {
        "type": "Polygon",
        "coordinates": [
          [
            [
              4.391112,
              52.140255
            ],
            [
              4.390836,
              52.140077
            ],
            [
              4.390838,
              52.140041
            ],
            [
              4.391438,
              52.139689
            ],
            [
              4.391505,
              52.13973
            ],
            [
              4.391556,
              52.139698
            ],
            [
              4.391776,
              52.139846
            ],
            [
              4.391629,
              52.139955
            ],
            [
              4.391412,
              52.140123
            ],
            [
              4.391231,
              52.14026
            ],
            [
              4.391176,
              52.140256
            ],
            [
              4.391112,
              52.140255
            ]
          ]
        ]
      }
    },
    {
      "type": "Feature",
      "properties": {
        "id": "zh-0106",
        "naam": "NH Kerkhof",
        "plaats_origineel": "Wassenaar",
        "plaats": "Wassenaar",
        "geruimd": false,
        "geruimd_bron_terrein": false,
        "geruimd_bron_ingang": false,
        "status_conflict": false,
        "oppervlakte_m2": 8588.62,
        "oppervlakte_ha": 0.8589,
        "omtrek_m": 457.34,
        "ingang": {
          "type": "Point",
          "coordinates": [
            4.391243,
            52.146108
          ]
        },
        "ingang_lon": 4.391243,
        "ingang_lat": 52.146108,
        "ingang_koppelwijze": "exact_name_place",
        "ingang_afstand_tot_terrein_m": 1.68,
        "ingang_gedeeld": false,
        "naam_bron_terrein": "NH Kerkhof",
        "naam_bron_ingang": "NH Kerkhof",
        "bron_rij_terrein": 209,
        "bron_rij_ingang": 228,
        "bron": "Begraafplaatsen Zuid-Holland",
        "source_file": "Begraafplaatsen Zuid-Holland- Zuid-Holland.csv"
      },
      "geometry": {
        "type": "Polygon",
        "coordinates": [
          [
            [
              4.390775,
              52.145196
            ],
            [
              4.390517,
              52.145186
            ],
            [
              4.390483,
              52.145355
            ],
            [
              4.390824,
              52.145387
            ],
            [
              4.390808,
              52.145465
            ],
            [
              4.390986,
              52.145474
            ],
            [
              4.391124,
              52.1455
            ],
            [
              4.391327,
              52.14567
            ],
            [
              4.391237,
              52.145719
            ],
            [
              4.391199,
              52.145754
            ],
            [
              4.391209,
              52.145817
            ],
            [
              4.391263,
              52.145958
            ],
            [
              4.391264,
              52.146051
            ],
            [
              4.391249,
              52.146085
            ],
            [
              4.390647,
              52.146402
            ],
            [
              4.390203,
              52.14614
            ],
            [
              4.389887,
              52.145378
            ],
            [
              4.390217,
              52.145212
            ],
            [
              4.390393,
              52.145124
            ],
            [
              4.390518,
              52.145077
            ],
            [
              4.390622,
              52.145041
            ],
            [
              4.390802,
              52.145025
            ],
            [
              4.390941,
              52.145041
            ],
            [
              4.390806,
              52.145076
            ],
            [
              4.390775,
              52.145196
            ]
          ]
        ]
      }
    },
    {
      "type": "Feature",
      "properties": {
        "id": "zh-0107",
        "naam": "NH Kerkhof",
        "plaats_origineel": "Ter Heijde",
        "plaats": "Ter Heijde",
        "geruimd": false,
        "geruimd_bron_terrein": false,
        "geruimd_bron_ingang": false,
        "status_conflict": false,
        "oppervlakte_m2": 1601.18,
        "oppervlakte_ha": 0.1601,
        "omtrek_m": 186.97,
        "ingang": {
          "type": "Point",
          "coordinates": [
            4.16864,
            52.030431
          ]
        },
        "ingang_lon": 4.16864,
        "ingang_lat": 52.030431,
        "ingang_koppelwijze": "exact_name_place",
        "ingang_afstand_tot_terrein_m": 2.65,
        "ingang_gedeeld": false,
        "naam_bron_terrein": "NH Kerkhof",
        "naam_bron_ingang": "NH Kerkhof",
        "bron_rij_terrein": 210,
        "bron_rij_ingang": 229,
        "bron": "Begraafplaatsen Zuid-Holland",
        "source_file": "Begraafplaatsen Zuid-Holland- Zuid-Holland.csv"
      },
      "geometry": {
        "type": "Polygon",
        "coordinates": [
          [
            [
              4.168585,
              52.03041
            ],
            [
              4.168429,
              52.03039
            ],
            [
              4.168699,
              52.029885
            ],
            [
              4.168728,
              52.02988
            ],
            [
              4.16896,
              52.030089
            ],
            [
              4.16889,
              52.030153
            ],
            [
              4.168879,
              52.030183
            ],
            [
              4.168929,
              52.030192
            ],
            [
              4.169103,
              52.030288
            ],
            [
              4.168977,
              52.030482
            ],
            [
              4.168881,
              52.030467
            ],
            [
              4.16889,
              52.030442
            ],
            [
              4.168594,
              52.0304
            ],
            [
              4.168585,
              52.03041
            ]
          ]
        ]
      }
    },
    {
      "type": "Feature",
      "properties": {
        "id": "zh-0108",
        "naam": "Gem. begraafplaats Molenlande",
        "plaats_origineel": "Monster",
        "plaats": "Monster",
        "geruimd": false,
        "geruimd_bron_terrein": false,
        "geruimd_bron_ingang": false,
        "status_conflict": false,
        "oppervlakte_m2": 12163.09,
        "oppervlakte_ha": 1.2163,
        "omtrek_m": 483.44,
        "ingang": {
          "type": "Point",
          "coordinates": [
            4.178328,
            52.02927
          ]
        },
        "ingang_lon": 4.178328,
        "ingang_lat": 52.02927,
        "ingang_koppelwijze": "exact_name_place",
        "ingang_afstand_tot_terrein_m": 0.0,
        "ingang_gedeeld": false,
        "naam_bron_terrein": "Gem. begraafplaats Molenlande",
        "naam_bron_ingang": "Gem. begraafplaats Molenlande",
        "bron_rij_terrein": 211,
        "bron_rij_ingang": 230,
        "bron": "Begraafplaatsen Zuid-Holland",
        "source_file": "Begraafplaatsen Zuid-Holland- Zuid-Holland.csv"
      },
      "geometry": {
        "type": "Polygon",
        "coordinates": [
          [
            [
              4.178957,
              52.029504
            ],
            [
              4.178725,
              52.029676
            ],
            [
              4.17853,
              52.029488
            ],
            [
              4.178258,
              52.029223
            ],
            [
              4.178389,
              52.029161
            ],
            [
              4.178117,
              52.02896
            ],
            [
              4.179646,
              52.028094
            ],
            [
              4.180381,
              52.028534
            ],
            [
              4.178957,
              52.029504
            ]
          ]
        ]
      }
    },
    {
      "type": "Feature",
      "properties": {
        "id": "zh-0109",
        "naam": "Grafkelder Herkenrath",
        "plaats_origineel": "Monster",
        "plaats": "Monster",
        "geruimd": false,
        "geruimd_bron_terrein": false,
        "geruimd_bron_ingang": false,
        "status_conflict": false,
        "oppervlakte_m2": 416.34,
        "oppervlakte_ha": 0.0416,
        "omtrek_m": 75.12,
        "ingang": {
          "type": "Point",
          "coordinates": [
            4.166942,
            52.023719
          ]
        },
        "ingang_lon": 4.166942,
        "ingang_lat": 52.023719,
        "ingang_koppelwijze": "exact_name_place",
        "ingang_afstand_tot_terrein_m": 0.33,
        "ingang_gedeeld": false,
        "naam_bron_terrein": "Grafkelder Herkenrath",
        "naam_bron_ingang": "Grafkelder Herkenrath",
        "bron_rij_terrein": 212,
        "bron_rij_ingang": 231,
        "bron": "Begraafplaatsen Zuid-Holland",
        "source_file": "Begraafplaatsen Zuid-Holland- Zuid-Holland.csv"
      },
      "geometry": {
        "type": "Polygon",
        "coordinates": [
          [
            [
              4.166703,
              52.023887
            ],
            [
              4.166656,
              52.023879
            ],
            [
              4.166619,
              52.023836
            ],
            [
              4.166599,
              52.023786
            ],
            [
              4.166609,
              52.023756
            ],
            [
              4.166664,
              52.023723
            ],
            [
              4.166772,
              52.023683
            ],
            [
              4.166829,
              52.023675
            ],
            [
              4.166888,
              52.023682
            ],
            [
              4.166921,
              52.023698
            ],
            [
              4.166942,
              52.023726
            ],
            [
              4.166962,
              52.023751
            ],
            [
              4.166969,
              52.023781
            ],
            [
              4.166882,
              52.023841
            ],
            [
              4.166794,
              52.023872
            ],
            [
              4.166703,
              52.023887
            ]
          ]
        ]
      }
    },
    {
      "type": "Feature",
      "properties": {
        "id": "zh-0110",
        "naam": "RK kerkhof H. Machutus",
        "plaats_origineel": "Monster",
        "plaats": "Monster",
        "geruimd": false,
        "geruimd_bron_terrein": false,
        "geruimd_bron_ingang": false,
        "status_conflict": false,
        "oppervlakte_m2": 1738.12,
        "oppervlakte_ha": 0.1738,
        "omtrek_m": 206.43,
        "ingang": {
          "type": "Point",
          "coordinates": [
            4.177212,
            52.021452
          ]
        },
        "ingang_lon": 4.177212,
        "ingang_lat": 52.021452,
        "ingang_koppelwijze": "exact_name_place",
        "ingang_afstand_tot_terrein_m": 1.29,
        "ingang_gedeeld": false,
        "naam_bron_terrein": "RK kerkhof H. Machutus",
        "naam_bron_ingang": "RK Kerkhof H. Machutus",
        "bron_rij_terrein": 213,
        "bron_rij_ingang": 232,
        "bron": "Begraafplaatsen Zuid-Holland",
        "source_file": "Begraafplaatsen Zuid-Holland- Zuid-Holland.csv"
      },
      "geometry": {
        "type": "Polygon",
        "coordinates": [
          [
            [
              4.176625,
              52.021482
            ],
            [
              4.176635,
              52.021419
            ],
            [
              4.176758,
              52.021159
            ],
            [
              4.177371,
              52.021225
            ],
            [
              4.177352,
              52.021294
            ],
            [
              4.177153,
              52.02129
            ],
            [
              4.177139,
              52.021436
            ],
            [
              4.177168,
              52.021436
            ],
            [
              4.177169,
              52.021457
            ],
            [
              4.177197,
              52.021459
            ],
            [
              4.177182,
              52.02163
            ],
            [
              4.177172,
              52.021681
            ],
            [
              4.176849,
              52.021671
            ],
            [
              4.176837,
              52.02164
            ],
            [
              4.176845,
              52.021488
            ],
            [
              4.176625,
              52.021482
            ]
          ]
        ]
      }
    },
    {
      "type": "Feature",
      "properties": {
        "id": "zh-0111",
        "naam": "Joodse begraafplaats",
        "plaats_origineel": "Naaldwijk",
        "plaats": "Naaldwijk",
        "geruimd": false,
        "geruimd_bron_terrein": false,
        "geruimd_bron_ingang": false,
        "status_conflict": false,
        "oppervlakte_m2": 1101.47,
        "oppervlakte_ha": 0.1101,
        "omtrek_m": 142.5,
        "ingang": {
          "type": "Point",
          "coordinates": [
            4.194411,
            51.995334
          ]
        },
        "ingang_lon": 4.194411,
        "ingang_lat": 51.995334,
        "ingang_koppelwijze": "exact_name_place",
        "ingang_afstand_tot_terrein_m": 0.0,
        "ingang_gedeeld": false,
        "naam_bron_terrein": "Joodse begraafplaats",
        "naam_bron_ingang": "Joodse begraafplaats",
        "bron_rij_terrein": 214,
        "bron_rij_ingang": 233,
        "bron": "Begraafplaatsen Zuid-Holland",
        "source_file": "Begraafplaatsen Zuid-Holland- Zuid-Holland.csv"
      },
      "geometry": {
        "type": "Polygon",
        "coordinates": [
          [
            [
              4.194699,
              51.995446
            ],
            [
              4.1942,
              51.995262
            ],
            [
              4.194263,
              51.995254
            ],
            [
              4.194374,
              51.995227
            ],
            [
              4.194464,
              51.995178
            ],
            [
              4.194638,
              51.995052
            ],
            [
              4.19498,
              51.995167
            ],
            [
              4.194699,
              51.995446
            ]
          ]
        ]
      }
    },
    {
      "type": "Feature",
      "properties": {
        "id": "zh-0112",
        "naam": "Gemeentelijke begraafplaats",
        "plaats_origineel": "Naaldwijk",
        "plaats": "Naaldwijk",
        "geruimd": false,
        "geruimd_bron_terrein": false,
        "geruimd_bron_ingang": false,
        "status_conflict": false,
        "oppervlakte_m2": 38419.51,
        "oppervlakte_ha": 3.842,
        "omtrek_m": 1007.3,
        "ingang": {
          "type": "Point",
          "coordinates": [
            4.196426,
            51.997701
          ]
        },
        "ingang_lon": 4.196426,
        "ingang_lat": 51.997701,
        "ingang_koppelwijze": "exact_name_place",
        "ingang_afstand_tot_terrein_m": 0.0,
        "ingang_gedeeld": false,
        "naam_bron_terrein": "Gemeentelijke begraafplaats",
        "naam_bron_ingang": "Gemeentelijke begraafplaats",
        "bron_rij_terrein": 215,
        "bron_rij_ingang": 234,
        "bron": "Begraafplaatsen Zuid-Holland",
        "source_file": "Begraafplaatsen Zuid-Holland- Zuid-Holland.csv"
      },
      "geometry": {
        "type": "Polygon",
        "coordinates": [
          [
            [
              4.196119,
              51.997789
            ],
            [
              4.196171,
              51.997789
            ],
            [
              4.196586,
              51.997543
            ],
            [
              4.197047,
              51.997715
            ],
            [
              4.197876,
              51.996984
            ],
            [
              4.20056,
              51.998196
            ],
            [
              4.200245,
              51.998448
            ],
            [
              4.199517,
              51.998119
            ],
            [
              4.199173,
              51.998444
            ],
            [
              4.199754,
              51.998675
            ],
            [
              4.199534,
              51.998853
            ],
            [
              4.19929,
              51.999056
            ],
            [
              4.199071,
              51.999256
            ],
            [
              4.19778,
              51.998688
            ],
            [
              4.197498,
              51.998651
            ],
            [
              4.197153,
              51.998624
            ],
            [
              4.196961,
              51.998635
            ],
            [
              4.195846,
              51.998196
            ],
            [
              4.19555,
              51.998021
            ],
            [
              4.196119,
              51.997789
            ]
          ]
        ]
      }
    },
    {
      "type": "Feature",
      "properties": {
        "id": "zh-0113",
        "naam": "RK begraafplaats St. Adrianus",
        "plaats_origineel": "Naaldwijk",
        "plaats": "Naaldwijk",
        "geruimd": false,
        "geruimd_bron_terrein": false,
        "geruimd_bron_ingang": false,
        "status_conflict": false,
        "oppervlakte_m2": 1389.91,
        "oppervlakte_ha": 0.139,
        "omtrek_m": 151.01,
        "ingang": {
          "type": "Point",
          "coordinates": [
            4.208867,
            51.995021
          ]
        },
        "ingang_lon": 4.208867,
        "ingang_lat": 51.995021,
        "ingang_koppelwijze": "exact_name_place",
        "ingang_afstand_tot_terrein_m": 0.0,
        "ingang_gedeeld": false,
        "naam_bron_terrein": "RK begraafplaats St. Adrianus",
        "naam_bron_ingang": "RK begraafplaats St. Adrianus",
        "bron_rij_terrein": 216,
        "bron_rij_ingang": 235,
        "bron": "Begraafplaatsen Zuid-Holland",
        "source_file": "Begraafplaatsen Zuid-Holland- Zuid-Holland.csv"
      },
      "geometry": {
        "type": "Polygon",
        "coordinates": [
          [
            [
              4.209406,
              51.994933
            ],
            [
              4.209141,
              51.995183
            ],
            [
              4.208631,
              51.994946
            ],
            [
              4.20888,
              51.994718
            ],
            [
              4.209406,
              51.994933
            ]
          ]
        ]
      }
    },
    {
      "type": "Feature",
      "properties": {
        "id": "zh-0114",
        "naam": "Gemeentelijke begraafplaats Beukenhage",
        "plaats_origineel": "'s-Gravenzande",
        "plaats": "'s-Gravenzande",
        "geruimd": false,
        "geruimd_bron_terrein": false,
        "geruimd_bron_ingang": false,
        "status_conflict": false,
        "oppervlakte_m2": 38377.16,
        "oppervlakte_ha": 3.8377,
        "omtrek_m": 991.82,
        "ingang": {
          "type": "Point",
          "coordinates": [
            4.16271,
            51.995205
          ]
        },
        "ingang_lon": 4.16271,
        "ingang_lat": 51.995205,
        "ingang_koppelwijze": "spatial_name_variant",
        "ingang_afstand_tot_terrein_m": 1.99,
        "ingang_gedeeld": false,
        "naam_bron_terrein": "Gemeentelijke begraafplaats Beukenhage",
        "naam_bron_ingang": "Gem. begraafplaats Beukenhage",
        "bron_rij_terrein": 217,
        "bron_rij_ingang": 236,
        "bron": "Begraafplaatsen Zuid-Holland",
        "source_file": "Begraafplaatsen Zuid-Holland- Zuid-Holland.csv"
      },
      "geometry": {
        "type": "Polygon",
        "coordinates": [
          [
            [
              4.161481,
              51.996219
            ],
            [
              4.160116,
              51.996051
            ],
            [
              4.159788,
              51.995953
            ],
            [
              4.159209,
              51.995579
            ],
            [
              4.159184,
              51.995464
            ],
            [
              4.159205,
              51.995438
            ],
            [
              4.159245,
              51.995431
            ],
            [
              4.15924,
              51.995385
            ],
            [
              4.1592,
              51.995372
            ],
            [
              4.159259,
              51.995119
            ],
            [
              4.159364,
              51.995109
            ],
            [
              4.159465,
              51.995055
            ],
            [
              4.15954,
              51.995011
            ],
            [
              4.15966,
              51.994965
            ],
            [
              4.159769,
              51.994942
            ],
            [
              4.159982,
              51.994932
            ],
            [
              4.160852,
              51.994978
            ],
            [
              4.161806,
              51.993533
            ],
            [
              4.162612,
              51.993961
            ],
            [
              4.162346,
              51.994373
            ],
            [
              4.163159,
              51.994576
            ],
            [
              4.163029,
              51.994835
            ],
            [
              4.16292,
              51.994984
            ],
            [
              4.162732,
              51.995143
            ],
            [
              4.162683,
              51.995194
            ],
            [
              4.162662,
              51.995296
            ],
            [
              4.16222,
              51.995261
            ],
            [
              4.162205,
              51.995338
            ],
            [
              4.162167,
              51.99542
            ],
            [
              4.162131,
              51.99544
            ],
            [
              4.162112,
              51.995767
            ],
            [
              4.162265,
              51.995783
            ],
            [
              4.16222,
              51.995928
            ],
            [
              4.16162,
              51.995867
            ],
            [
              4.161481,
              51.996219
            ]
          ]
        ]
      }
    },
    {
      "type": "Feature",
      "properties": {
        "id": "zh-0115",
        "naam": "Oude alg. begraafplaats",
        "plaats_origineel": "Krimpen aan de Lek",
        "plaats": "Krimpen aan de Lek",
        "geruimd": false,
        "geruimd_bron_terrein": false,
        "geruimd_bron_ingang": false,
        "status_conflict": false,
        "oppervlakte_m2": 656.29,
        "oppervlakte_ha": 0.0656,
        "omtrek_m": 129.33,
        "ingang": {
          "type": "Point",
          "coordinates": [
            4.618844,
            51.894025
          ]
        },
        "ingang_lon": 4.618844,
        "ingang_lat": 51.894025,
        "ingang_koppelwijze": "exact_name_place",
        "ingang_afstand_tot_terrein_m": 0.09,
        "ingang_gedeeld": false,
        "naam_bron_terrein": "Oude alg. begraafplaats",
        "naam_bron_ingang": "Oude alg. begraafplaats",
        "bron_rij_terrein": 218,
        "bron_rij_ingang": 237,
        "bron": "Begraafplaatsen Zuid-Holland",
        "source_file": "Begraafplaatsen Zuid-Holland- Zuid-Holland.csv"
      },
      "geometry": {
        "type": "Polygon",
        "coordinates": [
          [
            [
              4.618894,
              51.894
            ],
            [
              4.619301,
              51.894408
            ],
            [
              4.619102,
              51.894467
            ],
            [
              4.618779,
              51.89406
            ],
            [
              4.618894,
              51.894
            ]
          ]
        ]
      }
    },
    {
      "type": "Feature",
      "properties": {
        "id": "zh-0116",
        "naam": "Gem. begraafplaats",
        "plaats_origineel": "Krimpen aan de Lek",
        "plaats": "Krimpen aan de Lek",
        "geruimd": false,
        "geruimd_bron_terrein": false,
        "geruimd_bron_ingang": false,
        "status_conflict": false,
        "oppervlakte_m2": 12218.18,
        "oppervlakte_ha": 1.2218,
        "omtrek_m": 899.67,
        "ingang": {
          "type": "Point",
          "coordinates": [
            4.615398,
            51.8974
          ]
        },
        "ingang_lon": 4.615398,
        "ingang_lat": 51.8974,
        "ingang_koppelwijze": "exact_name_place",
        "ingang_afstand_tot_terrein_m": 16.14,
        "ingang_gedeeld": false,
        "naam_bron_terrein": "Gem. begraafplaats",
        "naam_bron_ingang": "Gem. begraafplaats",
        "bron_rij_terrein": 219,
        "bron_rij_ingang": 238,
        "bron": "Begraafplaatsen Zuid-Holland",
        "source_file": "Begraafplaatsen Zuid-Holland- Zuid-Holland.csv"
      },
      "geometry": {
        "type": "Polygon",
        "coordinates": [
          [
            [
              4.616659,
              51.898828
            ],
            [
              4.615546,
              51.897568
            ],
            [
              4.615751,
              51.897497
            ],
            [
              4.615508,
              51.897222
            ],
            [
              4.615385,
              51.897203
            ],
            [
              4.615217,
              51.897247
            ],
            [
              4.613903,
              51.895663
            ],
            [
              4.614432,
              51.895571
            ],
            [
              4.615641,
              51.897095
            ],
            [
              4.615686,
              51.897139
            ],
            [
              4.615743,
              51.897175
            ],
            [
              4.615812,
              51.897218
            ],
            [
              4.615833,
              51.897243
            ],
            [
              4.615846,
              51.897289
            ],
            [
              4.61587,
              51.897354
            ],
            [
              4.61591,
              51.897414
            ],
            [
              4.617037,
              51.898775
            ],
            [
              4.61705,
              51.898812
            ],
            [
              4.617013,
              51.898826
            ],
            [
              4.616659,
              51.898828
            ]
          ]
        ]
      }
    },
    {
      "type": "Feature",
      "properties": {
        "id": "zh-0117",
        "naam": "Gem. begraafplaats",
        "plaats_origineel": "Lekkerkerk",
        "plaats": "Lekkerkerk",
        "geruimd": false,
        "geruimd_bron_terrein": false,
        "geruimd_bron_ingang": false,
        "status_conflict": false,
        "oppervlakte_m2": 14691.93,
        "oppervlakte_ha": 1.4692,
        "omtrek_m": 1032.66,
        "ingang": {
          "type": "Point",
          "coordinates": [
            4.696938,
            51.902053
          ]
        },
        "ingang_lon": 4.696938,
        "ingang_lat": 51.902053,
        "ingang_koppelwijze": "exact_name_place",
        "ingang_afstand_tot_terrein_m": 3.41,
        "ingang_gedeeld": false,
        "naam_bron_terrein": "Gem. begraafplaats",
        "naam_bron_ingang": "Gem. begraafplaats",
        "bron_rij_terrein": 220,
        "bron_rij_ingang": 239,
        "bron": "Begraafplaatsen Zuid-Holland",
        "source_file": "Begraafplaatsen Zuid-Holland- Zuid-Holland.csv"
      },
      "geometry": {
        "type": "Polygon",
        "coordinates": [
          [
            [
              4.6971,
              51.898811
            ],
            [
              4.696717,
              51.898918
            ],
            [
              4.696761,
              51.89986
            ],
            [
              4.697233,
              51.899849
            ],
            [
              4.697335,
              51.900774
            ],
            [
              4.697345,
              51.901131
            ],
            [
              4.697324,
              51.901189
            ],
            [
              4.697419,
              51.902505
            ],
            [
              4.696939,
              51.902524
            ],
            [
              4.696926,
              51.902391
            ],
            [
              4.697009,
              51.902388
            ],
            [
              4.696985,
              51.902012
            ],
            [
              4.696788,
              51.902016
            ],
            [
              4.696606,
              51.89987
            ],
            [
              4.696506,
              51.898509
            ],
            [
              4.696839,
              51.89843
            ],
            [
              4.6971,
              51.898811
            ]
          ]
        ]
      }
    },
    {
      "type": "Feature",
      "properties": {
        "id": "zh-0118",
        "naam": "Gem. begraafplaats",
        "plaats_origineel": "Groot-Ammers",
        "plaats": "Groot-Ammers",
        "geruimd": false,
        "geruimd_bron_terrein": false,
        "geruimd_bron_ingang": false,
        "status_conflict": false,
        "oppervlakte_m2": 7686.87,
        "oppervlakte_ha": 0.7687,
        "omtrek_m": 378.91,
        "ingang": {
          "type": "Point",
          "coordinates": [
            4.831729,
            51.931046
          ]
        },
        "ingang_lon": 4.831729,
        "ingang_lat": 51.931046,
        "ingang_koppelwijze": "exact_name_place",
        "ingang_afstand_tot_terrein_m": 0.0,
        "ingang_gedeeld": false,
        "naam_bron_terrein": "Gem. begraafplaats",
        "naam_bron_ingang": "Gem. begraafplaats",
        "bron_rij_terrein": 221,
        "bron_rij_ingang": 240,
        "bron": "Begraafplaatsen Zuid-Holland",
        "source_file": "Begraafplaatsen Zuid-Holland- Zuid-Holland.csv"
      },
      "geometry": {
        "type": "Polygon",
        "coordinates": [
          [
            [
              4.832442,
              51.930433
            ],
            [
              4.832211,
              51.930766
            ],
            [
              4.832064,
              51.931093
            ],
            [
              4.831177,
              51.930994
            ],
            [
              4.83124,
              51.93079
            ],
            [
              4.830621,
              51.930678
            ],
            [
              4.83079,
              51.930197
            ],
            [
              4.832442,
              51.930433
            ]
          ]
        ]
      }
    },
    {
      "type": "Feature",
      "properties": {
        "id": "zh-0119",
        "naam": "Gem. begraafplaats",
        "plaats_origineel": "Nieuwpoort",
        "plaats": "Nieuwpoort",
        "geruimd": false,
        "geruimd_bron_terrein": false,
        "geruimd_bron_ingang": false,
        "status_conflict": false,
        "oppervlakte_m2": 3470.34,
        "oppervlakte_ha": 0.347,
        "omtrek_m": 239.6,
        "ingang": {
          "type": "Point",
          "coordinates": [
            4.86817,
            51.933328
          ]
        },
        "ingang_lon": 4.86817,
        "ingang_lat": 51.933328,
        "ingang_koppelwijze": "exact_name_place",
        "ingang_afstand_tot_terrein_m": 3.08,
        "ingang_gedeeld": false,
        "naam_bron_terrein": "Gem. begraafplaats",
        "naam_bron_ingang": "Gem. begraafplaats",
        "bron_rij_terrein": 222,
        "bron_rij_ingang": 241,
        "bron": "Begraafplaatsen Zuid-Holland",
        "source_file": "Begraafplaatsen Zuid-Holland- Zuid-Holland.csv"
      },
      "geometry": {
        "type": "Polygon",
        "coordinates": [
          [
            [
              4.868146,
              51.933289
            ],
            [
              4.868017,
              51.9335
            ],
            [
              4.86735,
              51.933338
            ],
            [
              4.867438,
              51.932834
            ],
            [
              4.867968,
              51.932872
            ],
            [
              4.867969,
              51.932884
            ],
            [
              4.868083,
              51.932894
            ],
            [
              4.868378,
              51.933259
            ],
            [
              4.868333,
              51.933275
            ],
            [
              4.868243,
              51.933259
            ],
            [
              4.868146,
              51.933289
            ]
          ]
        ]
      }
    },
    {
      "type": "Feature",
      "properties": {
        "id": "zh-0120",
        "naam": "Gem. begraafplaats",
        "plaats_origineel": "Langerak",
        "plaats": "Langerak",
        "geruimd": false,
        "geruimd_bron_terrein": false,
        "geruimd_bron_ingang": false,
        "status_conflict": false,
        "oppervlakte_m2": 4054.53,
        "oppervlakte_ha": 0.4055,
        "omtrek_m": 359.49,
        "ingang": {
          "type": "Point",
          "coordinates": [
            4.882561,
            51.93536
          ]
        },
        "ingang_lon": 4.882561,
        "ingang_lat": 51.93536,
        "ingang_koppelwijze": "exact_name_place",
        "ingang_afstand_tot_terrein_m": 0.0,
        "ingang_gedeeld": false,
        "naam_bron_terrein": "Gem. begraafplaats",
        "naam_bron_ingang": "Gem. begraafplaats",
        "bron_rij_terrein": 223,
        "bron_rij_ingang": 242,
        "bron": "Begraafplaatsen Zuid-Holland",
        "source_file": "Begraafplaatsen Zuid-Holland- Zuid-Holland.csv"
      },
      "geometry": {
        "type": "Polygon",
        "coordinates": [
          [
            [
              4.883331,
              51.934543
            ],
            [
              4.883153,
              51.934876
            ],
            [
              4.883133,
              51.934877
            ],
            [
              4.882905,
              51.93556
            ],
            [
              4.8827,
              51.935545
            ],
            [
              4.882703,
              51.935497
            ],
            [
              4.882635,
              51.935493
            ],
            [
              4.882622,
              51.935531
            ],
            [
              4.882468,
              51.935528
            ],
            [
              4.882518,
              51.935332
            ],
            [
              4.882546,
              51.935335
            ],
            [
              4.882573,
              51.935247
            ],
            [
              4.88258,
              51.935221
            ],
            [
              4.88261,
              51.935224
            ],
            [
              4.88264,
              51.935123
            ],
            [
              4.882661,
              51.935127
            ],
            [
              4.8827,
              51.935009
            ],
            [
              4.882729,
              51.93501
            ],
            [
              4.882788,
              51.934846
            ],
            [
              4.882813,
              51.934841
            ],
            [
              4.882826,
              51.934824
            ],
            [
              4.882494,
              51.934771
            ],
            [
              4.882672,
              51.934416
            ],
            [
              4.883331,
              51.934543
            ]
          ]
        ]
      }
    },
    {
      "type": "Feature",
      "properties": {
        "id": "zh-0121",
        "naam": "Gem. begraafplaats",
        "plaats_origineel": "Goudriaan",
        "plaats": "Goudriaan",
        "geruimd": false,
        "geruimd_bron_terrein": false,
        "geruimd_bron_ingang": false,
        "status_conflict": false,
        "oppervlakte_m2": 2038.01,
        "oppervlakte_ha": 0.2038,
        "omtrek_m": 312.08,
        "ingang": {
          "type": "Point",
          "coordinates": [
            4.888311,
            51.903415
          ]
        },
        "ingang_lon": 4.888311,
        "ingang_lat": 51.903415,
        "ingang_koppelwijze": "exact_name_place",
        "ingang_afstand_tot_terrein_m": 0.0,
        "ingang_gedeeld": false,
        "naam_bron_terrein": "Gem. begraafplaats",
        "naam_bron_ingang": "Gem. begraafplaats",
        "bron_rij_terrein": 224,
        "bron_rij_ingang": 251,
        "bron": "Begraafplaatsen Zuid-Holland",
        "source_file": "Begraafplaatsen Zuid-Holland- Zuid-Holland.csv"
      },
      "geometry": {
        "type": "Polygon",
        "coordinates": [
          [
            [
              4.888306,
              51.903366
            ],
            [
              4.888466,
              51.903395
            ],
            [
              4.888373,
              51.903648
            ],
            [
              4.888268,
              51.903637
            ],
            [
              4.888219,
              51.903761
            ],
            [
              4.88826,
              51.903772
            ],
            [
              4.888218,
              51.903888
            ],
            [
              4.888187,
              51.90396
            ],
            [
              4.888145,
              51.903969
            ],
            [
              4.888077,
              51.90415
            ],
            [
              4.88764,
              51.904081
            ],
            [
              4.887817,
              51.903712
            ],
            [
              4.888159,
              51.903754
            ],
            [
              4.888206,
              51.903634
            ],
            [
              4.887831,
              51.903579
            ],
            [
              4.887881,
              51.903475
            ],
            [
              4.88802,
              51.903495
            ],
            [
              4.888018,
              51.903506
            ],
            [
              4.888139,
              51.903523
            ],
            [
              4.888144,
              51.903509
            ],
            [
              4.888245,
              51.903522
            ],
            [
              4.88829,
              51.903525
            ],
            [
              4.888315,
              51.903505
            ],
            [
              4.888322,
              51.903461
            ],
            [
              4.888273,
              51.903438
            ],
            [
              4.888306,
              51.903366
            ]
          ]
        ]
      }
    },
    {
      "type": "Feature",
      "properties": {
        "id": "zh-0122",
        "naam": "Part. begraafplaats Meerburg",
        "plaats_origineel": "Zoeterwoude-Rijndijk",
        "plaats": "Zoeterwoude-Rijndijk",
        "geruimd": false,
        "geruimd_bron_terrein": false,
        "geruimd_bron_ingang": false,
        "status_conflict": false,
        "oppervlakte_m2": 1592.85,
        "oppervlakte_ha": 0.1593,
        "omtrek_m": 168.26,
        "ingang": {
          "type": "Point",
          "coordinates": [
            4.523738,
            52.144798
          ]
        },
        "ingang_lon": 4.523738,
        "ingang_lat": 52.144798,
        "ingang_koppelwijze": "exact_name_place",
        "ingang_afstand_tot_terrein_m": 3.63,
        "ingang_gedeeld": false,
        "naam_bron_terrein": "Part. begraafplaats Meerburg",
        "naam_bron_ingang": "Part. begraafplaats Meerburg",
        "bron_rij_terrein": 243,
        "bron_rij_ingang": 252,
        "bron": "Begraafplaatsen Zuid-Holland",
        "source_file": "Begraafplaatsen Zuid-Holland- Zuid-Holland.csv"
      },
      "geometry": {
        "type": "Polygon",
        "coordinates": [
          [
            [
              4.522919,
              52.14504
            ],
            [
              4.523363,
              52.14463
            ],
            [
              4.523707,
              52.144767
            ],
            [
              4.523273,
              52.145192
            ],
            [
              4.522919,
              52.14504
            ]
          ]
        ]
      }
    },
    {
      "type": "Feature",
      "properties": {
        "id": "zh-0123",
        "naam": "NH Kerkhof",
        "plaats_origineel": "Zoeterwoude-Dorp",
        "plaats": "Zoeterwoude-Dorp",
        "geruimd": false,
        "geruimd_bron_terrein": false,
        "geruimd_bron_ingang": false,
        "status_conflict": false,
        "oppervlakte_m2": 1483.31,
        "oppervlakte_ha": 0.1483,
        "omtrek_m": 142.22,
        "ingang": {
          "type": "Point",
          "coordinates": [
            4.496856,
            52.121225
          ]
        },
        "ingang_lon": 4.496856,
        "ingang_lat": 52.121225,
        "ingang_koppelwijze": "exact_name_place",
        "ingang_afstand_tot_terrein_m": 0.0,
        "ingang_gedeeld": false,
        "naam_bron_terrein": "NH Kerkhof",
        "naam_bron_ingang": "NH Kerkhof",
        "bron_rij_terrein": 244,
        "bron_rij_ingang": 253,
        "bron": "Begraafplaatsen Zuid-Holland",
        "source_file": "Begraafplaatsen Zuid-Holland- Zuid-Holland.csv"
      },
      "geometry": {
        "type": "Polygon",
        "coordinates": [
          [
            [
              4.496814,
              52.121308
            ],
            [
              4.496827,
              52.121269
            ],
            [
              4.496863,
              52.121205
            ],
            [
              4.49695,
              52.121148
            ],
            [
              4.497007,
              52.121137
            ],
            [
              4.497081,
              52.121126
            ],
            [
              4.497271,
              52.121152
            ],
            [
              4.497417,
              52.121178
            ],
            [
              4.497463,
              52.12119
            ],
            [
              4.49751,
              52.121212
            ],
            [
              4.497565,
              52.121257
            ],
            [
              4.497583,
              52.121293
            ],
            [
              4.497583,
              52.121321
            ],
            [
              4.49757,
              52.121354
            ],
            [
              4.497532,
              52.121397
            ],
            [
              4.497415,
              52.121433
            ],
            [
              4.497253,
              52.121464
            ],
            [
              4.497193,
              52.121462
            ],
            [
              4.497069,
              52.121442
            ],
            [
              4.4969,
              52.121396
            ],
            [
              4.496855,
              52.121376
            ],
            [
              4.496828,
              52.121356
            ],
            [
              4.496814,
              52.121308
            ]
          ]
        ]
      }
    },
    {
      "type": "Feature",
      "properties": {
        "id": "zh-0124",
        "naam": "RK begraafplaats",
        "plaats_origineel": "Dordrecht",
        "plaats": "Dordrecht",
        "geruimd": false,
        "geruimd_bron_terrein": false,
        "geruimd_bron_ingang": false,
        "status_conflict": false,
        "oppervlakte_m2": 6218.77,
        "oppervlakte_ha": 0.6219,
        "omtrek_m": 356.44,
        "ingang": {
          "type": "Point",
          "coordinates": [
            4.682794,
            51.807658
          ]
        },
        "ingang_lon": 4.682794,
        "ingang_lat": 51.807658,
        "ingang_koppelwijze": "exact_name_place",
        "ingang_afstand_tot_terrein_m": 0.0,
        "ingang_gedeeld": false,
        "naam_bron_terrein": "RK begraafplaats",
        "naam_bron_ingang": "RK begraafplaats",
        "bron_rij_terrein": 245,
        "bron_rij_ingang": 254,
        "bron": "Begraafplaatsen Zuid-Holland",
        "source_file": "Begraafplaatsen Zuid-Holland- Zuid-Holland.csv"
      },
      "geometry": {
        "type": "Polygon",
        "coordinates": [
          [
            [
              4.683957,
              51.808442
            ],
            [
              4.683311,
              51.808685
            ],
            [
              4.682456,
              51.807764
            ],
            [
              4.682366,
              51.807776
            ],
            [
              4.682352,
              51.807766
            ],
            [
              4.683038,
              51.8075
            ],
            [
              4.683957,
              51.808442
            ]
          ]
        ]
      }
    },
    {
      "type": "Feature",
      "properties": {
        "id": "zh-0125",
        "naam": "Gem. begraafplaats",
        "plaats_origineel": "Den Bommel",
        "plaats": "Den Bommel",
        "geruimd": false,
        "geruimd_bron_terrein": false,
        "geruimd_bron_ingang": false,
        "status_conflict": false,
        "oppervlakte_m2": 5020.59,
        "oppervlakte_ha": 0.5021,
        "omtrek_m": 291.03,
        "ingang": {
          "type": "Point",
          "coordinates": [
            4.284024,
            51.714106
          ]
        },
        "ingang_lon": 4.284024,
        "ingang_lat": 51.714106,
        "ingang_koppelwijze": "exact_name_place",
        "ingang_afstand_tot_terrein_m": 0.68,
        "ingang_gedeeld": false,
        "naam_bron_terrein": "Gem. begraafplaats",
        "naam_bron_ingang": "Gem. begraafplaats",
        "bron_rij_terrein": 246,
        "bron_rij_ingang": 255,
        "bron": "Begraafplaatsen Zuid-Holland",
        "source_file": "Begraafplaatsen Zuid-Holland- Zuid-Holland.csv"
      },
      "geometry": {
        "type": "Polygon",
        "coordinates": [
          [
            [
              4.285086,
              51.714194
            ],
            [
              4.284135,
              51.714125
            ],
            [
              4.283887,
              51.714068
            ],
            [
              4.284575,
              51.713447
            ],
            [
              4.285173,
              51.713465
            ],
            [
              4.285086,
              51.714194
            ]
          ]
        ]
      }
    },
    {
      "type": "Feature",
      "properties": {
        "id": "zh-0126",
        "naam": "NH Kerkhof",
        "plaats_origineel": "Den Bommel",
        "plaats": "Den Bommel",
        "geruimd": false,
        "geruimd_bron_terrein": false,
        "geruimd_bron_ingang": false,
        "status_conflict": false,
        "oppervlakte_m2": 1067.98,
        "oppervlakte_ha": 0.1068,
        "omtrek_m": 210.33,
        "ingang": {
          "type": "Point",
          "coordinates": [
            4.281351,
            51.715932
          ]
        },
        "ingang_lon": 4.281351,
        "ingang_lat": 51.715932,
        "ingang_koppelwijze": "exact_name_place",
        "ingang_afstand_tot_terrein_m": 0.0,
        "ingang_gedeeld": false,
        "naam_bron_terrein": "NH Kerkhof",
        "naam_bron_ingang": "NH Kerkhof",
        "bron_rij_terrein": 247,
        "bron_rij_ingang": 256,
        "bron": "Begraafplaatsen Zuid-Holland",
        "source_file": "Begraafplaatsen Zuid-Holland- Zuid-Holland.csv"
      },
      "geometry": {
        "type": "Polygon",
        "coordinates": [
          [
            [
              4.281339,
              51.715934
            ],
            [
              4.281381,
              51.71586
            ],
            [
              4.281488,
              51.715815
            ],
            [
              4.281607,
              51.715781
            ],
            [
              4.281756,
              51.715747
            ],
            [
              4.28188,
              51.715741
            ],
            [
              4.28192,
              51.715752
            ],
            [
              4.282189,
              51.71629
            ],
            [
              4.281989,
              51.716291
            ],
            [
              4.281936,
              51.716071
            ],
            [
              4.281963,
              51.716025
            ],
            [
              4.281968,
              51.715984
            ],
            [
              4.281958,
              51.715944
            ],
            [
              4.28186,
              51.715936
            ],
            [
              4.28185,
              51.715923
            ],
            [
              4.28159,
              51.715912
            ],
            [
              4.281552,
              51.71594
            ],
            [
              4.281339,
              51.715934
            ]
          ]
        ]
      }
    },
    {
      "type": "Feature",
      "properties": {
        "id": "zh-0127",
        "naam": "Gem. begraafplaats",
        "plaats_origineel": "Oude Tonge",
        "plaats": "Oude Tonge",
        "geruimd": false,
        "geruimd_bron_terrein": false,
        "geruimd_bron_ingang": false,
        "status_conflict": false,
        "oppervlakte_m2": 17412.93,
        "oppervlakte_ha": 1.7413,
        "omtrek_m": 728.07,
        "ingang": {
          "type": "Point",
          "coordinates": [
            4.202344,
            51.692286
          ]
        },
        "ingang_lon": 4.202344,
        "ingang_lat": 51.692286,
        "ingang_koppelwijze": "exact_name_place",
        "ingang_afstand_tot_terrein_m": 0.0,
        "ingang_gedeeld": false,
        "naam_bron_terrein": "Gem. begraafplaats",
        "naam_bron_ingang": "Gem. begraafplaats",
        "bron_rij_terrein": 248,
        "bron_rij_ingang": 257,
        "bron": "Begraafplaatsen Zuid-Holland",
        "source_file": "Begraafplaatsen Zuid-Holland- Zuid-Holland.csv"
      },
      "geometry": {
        "type": "Polygon",
        "coordinates": [
          [
            [
              4.200789,
              51.693221
            ],
            [
              4.199896,
              51.692625
            ],
            [
              4.199847,
              51.692589
            ],
            [
              4.199829,
              51.692543
            ],
            [
              4.199834,
              51.6925
            ],
            [
              4.199863,
              51.692468
            ],
            [
              4.200652,
              51.692027
            ],
            [
              4.200693,
              51.692012
            ],
            [
              4.200737,
              51.692013
            ],
            [
              4.200778,
              51.692017
            ],
            [
              4.200908,
              51.692095
            ],
            [
              4.201497,
              51.692491
            ],
            [
              4.201567,
              51.692447
            ],
            [
              4.200864,
              51.691984
            ],
            [
              4.200862,
              51.691953
            ],
            [
              4.200986,
              51.691851
            ],
            [
              4.201463,
              51.691585
            ],
            [
              4.201509,
              51.691573
            ],
            [
              4.201874,
              51.691595
            ],
            [
              4.201931,
              51.691612
            ],
            [
              4.202612,
              51.692058
            ],
            [
              4.202633,
              51.692097
            ],
            [
              4.20262,
              51.692123
            ],
            [
              4.202546,
              51.69217
            ],
            [
              4.201996,
              51.692486
            ],
            [
              4.20181,
              51.692581
            ],
            [
              4.201767,
              51.692579
            ],
            [
              4.201604,
              51.692474
            ],
            [
              4.201536,
              51.692514
            ],
            [
              4.201703,
              51.692625
            ],
            [
              4.201737,
              51.692687
            ],
            [
              4.200789,
              51.693221
            ]
          ]
        ]
      }
    },
    {
      "type": "Feature",
      "properties": {
        "id": "zh-0128",
        "naam": "RK begraafplaats",
        "plaats_origineel": "Oude Tonge",
        "plaats": "Oude Tonge",
        "geruimd": false,
        "geruimd_bron_terrein": false,
        "geruimd_bron_ingang": false,
        "status_conflict": false,
        "oppervlakte_m2": 3552.06,
        "oppervlakte_ha": 0.3552,
        "omtrek_m": 258.65,
        "ingang": {
          "type": "Point",
          "coordinates": [
            4.203323,
            51.691978
          ]
        },
        "ingang_lon": 4.203323,
        "ingang_lat": 51.691978,
        "ingang_koppelwijze": "exact_name_place",
        "ingang_afstand_tot_terrein_m": 0.91,
        "ingang_gedeeld": false,
        "naam_bron_terrein": "RK begraafplaats",
        "naam_bron_ingang": "RK begraafplaats",
        "bron_rij_terrein": 249,
        "bron_rij_ingang": 258,
        "bron": "Begraafplaatsen Zuid-Holland",
        "source_file": "Begraafplaatsen Zuid-Holland- Zuid-Holland.csv"
      },
      "geometry": {
        "type": "Polygon",
        "coordinates": [
          [
            [
              4.204428,
              51.692001
            ],
            [
              4.203916,
              51.692272
            ],
            [
              4.20406,
              51.692377
            ],
            [
              4.203804,
              51.692464
            ],
            [
              4.203238,
              51.692033
            ],
            [
              4.203953,
              51.69166
            ],
            [
              4.204428,
              51.692001
            ]
          ]
        ]
      }
    },
    {
      "type": "Feature",
      "properties": {
        "id": "zh-0129",
        "naam": "Oude alg. begraafplaats",
        "plaats_origineel": "Oude Tonge",
        "plaats": "Oude Tonge",
        "geruimd": false,
        "geruimd_bron_terrein": false,
        "geruimd_bron_ingang": false,
        "status_conflict": false,
        "oppervlakte_m2": 1916.1,
        "oppervlakte_ha": 0.1916,
        "omtrek_m": 213.28,
        "ingang": {
          "type": "Point",
          "coordinates": [
            4.212272,
            51.69158
          ]
        },
        "ingang_lon": 4.212272,
        "ingang_lat": 51.69158,
        "ingang_koppelwijze": "exact_name_place",
        "ingang_afstand_tot_terrein_m": 1.9,
        "ingang_gedeeld": false,
        "naam_bron_terrein": "Oude alg. begraafplaats",
        "naam_bron_ingang": "Oude alg. begraafplaats",
        "bron_rij_terrein": 250,
        "bron_rij_ingang": 274,
        "bron": "Begraafplaatsen Zuid-Holland",
        "source_file": "Begraafplaatsen Zuid-Holland- Zuid-Holland.csv"
      },
      "geometry": {
        "type": "Polygon",
        "coordinates": [
          [
            [
              4.212232,
              51.691565
            ],
            [
              4.212259,
              51.691605
            ],
            [
              4.212276,
              51.691601
            ],
            [
              4.212696,
              51.692253
            ],
            [
              4.212337,
              51.692339
            ],
            [
              4.211983,
              51.691613
            ],
            [
              4.21201,
              51.691605
            ],
            [
              4.212232,
              51.691565
            ]
          ]
        ]
      }
    },
    {
      "type": "Feature",
      "properties": {
        "id": "zh-0130",
        "naam": "Begraafplaats Slachtoffers Watersnoodramp 1953",
        "plaats_origineel": "Oude Tonge",
        "plaats": "Oude Tonge",
        "geruimd": false,
        "geruimd_bron_terrein": false,
        "geruimd_bron_ingang": false,
        "status_conflict": false,
        "oppervlakte_m2": 785.3,
        "oppervlakte_ha": 0.0785,
        "omtrek_m": 153.4,
        "ingang": {
          "type": "Point",
          "coordinates": [
            4.21409,
            51.688542
          ]
        },
        "ingang_lon": 4.21409,
        "ingang_lat": 51.688542,
        "ingang_koppelwijze": "exact_name_place",
        "ingang_afstand_tot_terrein_m": 27.78,
        "ingang_gedeeld": false,
        "naam_bron_terrein": "Begraafplaats Slachtoffers Watersnoodramp 1953",
        "naam_bron_ingang": "Begraafplaats Slachtoffers Watersnoodramp 1953",
        "bron_rij_terrein": 259,
        "bron_rij_ingang": 275,
        "bron": "Begraafplaatsen Zuid-Holland",
        "source_file": "Begraafplaatsen Zuid-Holland- Zuid-Holland.csv"
      },
      "geometry": {
        "type": "Polygon",
        "coordinates": [
          [
            [
              4.214487,
              51.688504
            ],
            [
              4.214475,
              51.688335
            ],
            [
              4.21457,
              51.688343
            ],
            [
              4.214617,
              51.688364
            ],
            [
              4.215318,
              51.688257
            ],
            [
              4.215358,
              51.688359
            ],
            [
              4.214487,
              51.688504
            ]
          ]
        ]
      }
    },
    {
      "type": "Feature",
      "properties": {
        "id": "zh-0131",
        "naam": "RK Kerkhof",
        "plaats_origineel": "Achthuizen",
        "plaats": "Achthuizen",
        "geruimd": false,
        "geruimd_bron_terrein": false,
        "geruimd_bron_ingang": false,
        "status_conflict": false,
        "oppervlakte_m2": 2417.29,
        "oppervlakte_ha": 0.2417,
        "omtrek_m": 233.4,
        "ingang": {
          "type": "Point",
          "coordinates": [
            4.281786,
            51.687234
          ]
        },
        "ingang_lon": 4.281786,
        "ingang_lat": 51.687234,
        "ingang_koppelwijze": "exact_name_place",
        "ingang_afstand_tot_terrein_m": 0.58,
        "ingang_gedeeld": false,
        "naam_bron_terrein": "RK Kerkhof",
        "naam_bron_ingang": "RK Kerkhof",
        "bron_rij_terrein": 260,
        "bron_rij_ingang": 276,
        "bron": "Begraafplaatsen Zuid-Holland",
        "source_file": "Begraafplaatsen Zuid-Holland- Zuid-Holland.csv"
      },
      "geometry": {
        "type": "Polygon",
        "coordinates": [
          [
            [
              4.281482,
              51.687656
            ],
            [
              4.281292,
              51.687402
            ],
            [
              4.281993,
              51.687172
            ],
            [
              4.281974,
              51.687148
            ],
            [
              4.282189,
              51.687071
            ],
            [
              4.282249,
              51.687129
            ],
            [
              4.282304,
              51.687112
            ],
            [
              4.28243,
              51.687242
            ],
            [
              4.282321,
              51.687325
            ],
            [
              4.282054,
              51.687431
            ],
            [
              4.282077,
              51.687459
            ],
            [
              4.282059,
              51.687547
            ],
            [
              4.281869,
              51.687618
            ],
            [
              4.281791,
              51.687535
            ],
            [
              4.281482,
              51.687656
            ]
          ]
        ]
      }
    },
    {
      "type": "Feature",
      "properties": {
        "id": "zh-0132",
        "naam": "Oud NH Kerkhof",
        "plaats_origineel": "Ooltgensplaat",
        "plaats": "Ooltgensplaat",
        "geruimd": false,
        "geruimd_bron_terrein": false,
        "geruimd_bron_ingang": false,
        "status_conflict": false,
        "oppervlakte_m2": 4067.44,
        "oppervlakte_ha": 0.4067,
        "omtrek_m": 303.14,
        "ingang": {
          "type": "Point",
          "coordinates": [
            4.349584,
            51.683538
          ]
        },
        "ingang_lon": 4.349584,
        "ingang_lat": 51.683538,
        "ingang_koppelwijze": "spatial_name_variant",
        "ingang_afstand_tot_terrein_m": 0.64,
        "ingang_gedeeld": false,
        "naam_bron_terrein": "Oud NH Kerkhof",
        "naam_bron_ingang": "Oude NH Kerkhof",
        "bron_rij_terrein": 261,
        "bron_rij_ingang": 277,
        "bron": "Begraafplaatsen Zuid-Holland",
        "source_file": "Begraafplaatsen Zuid-Holland- Zuid-Holland.csv"
      },
      "geometry": {
        "type": "Polygon",
        "coordinates": [
          [
            [
              4.349245,
              51.683378
            ],
            [
              4.349632,
              51.683569
            ],
            [
              4.349649,
              51.683657
            ],
            [
              4.349593,
              51.683661
            ],
            [
              4.349605,
              51.68376
            ],
            [
              4.349667,
              51.683759
            ],
            [
              4.349679,
              51.683844
            ],
            [
              4.349842,
              51.683837
            ],
            [
              4.349828,
              51.683759
            ],
            [
              4.350048,
              51.683739
            ],
            [
              4.350217,
              51.683733
            ],
            [
              4.350223,
              51.683781
            ],
            [
              4.350206,
              51.683837
            ],
            [
              4.350163,
              51.683904
            ],
            [
              4.350101,
              51.683964
            ],
            [
              4.350024,
              51.684016
            ],
            [
              4.349917,
              51.68406
            ],
            [
              4.349817,
              51.684094
            ],
            [
              4.349723,
              51.684111
            ],
            [
              4.349616,
              51.684122
            ],
            [
              4.349535,
              51.684123
            ],
            [
              4.349433,
              51.684116
            ],
            [
              4.349343,
              51.684098
            ],
            [
              4.349262,
              51.684071
            ],
            [
              4.349188,
              51.684024
            ],
            [
              4.349049,
              51.683923
            ],
            [
              4.348981,
              51.683863
            ],
            [
              4.348943,
              51.683817
            ],
            [
              4.348921,
              51.68375
            ],
            [
              4.34895,
              51.683679
            ],
            [
              4.349005,
              51.683606
            ],
            [
              4.349107,
              51.683494
            ],
            [
              4.349245,
              51.683378
            ]
          ]
        ]
      }
    },
    {
      "type": "Feature",
      "properties": {
        "id": "zh-0133",
        "naam": "Gem. begraafplaats",
        "plaats_origineel": "Ooltgensplaat",
        "plaats": "Ooltgensplaat",
        "geruimd": false,
        "geruimd_bron_terrein": false,
        "geruimd_bron_ingang": false,
        "status_conflict": false,
        "oppervlakte_m2": 8589.48,
        "oppervlakte_ha": 0.8589,
        "omtrek_m": 409.09,
        "ingang": {
          "type": "Point",
          "coordinates": [
            4.347248,
            51.687051
          ]
        },
        "ingang_lon": 4.347248,
        "ingang_lat": 51.687051,
        "ingang_koppelwijze": "exact_name_place",
        "ingang_afstand_tot_terrein_m": 0.0,
        "ingang_gedeeld": false,
        "naam_bron_terrein": "Gem. begraafplaats",
        "naam_bron_ingang": "Gem. begraafplaats",
        "bron_rij_terrein": 262,
        "bron_rij_ingang": 278,
        "bron": "Begraafplaatsen Zuid-Holland",
        "source_file": "Begraafplaatsen Zuid-Holland- Zuid-Holland.csv"
      },
      "geometry": {
        "type": "Polygon",
        "coordinates": [
          [
            [
              4.34709,
              51.687112
            ],
            [
              4.347358,
              51.686985
            ],
            [
              4.347256,
              51.686895
            ],
            [
              4.347701,
              51.686674
            ],
            [
              4.347899,
              51.686842
            ],
            [
              4.348537,
              51.687318
            ],
            [
              4.348533,
              51.687326
            ],
            [
              4.348575,
              51.687362
            ],
            [
              4.348286,
              51.687498
            ],
            [
              4.347655,
              51.687533
            ],
            [
              4.347496,
              51.68762
            ],
            [
              4.347458,
              51.687635
            ],
            [
              4.347391,
              51.687652
            ],
            [
              4.347352,
              51.687658
            ],
            [
              4.346949,
              51.687656
            ],
            [
              4.346908,
              51.687652
            ],
            [
              4.346464,
              51.687299
            ],
            [
              4.346456,
              51.687289
            ],
            [
              4.346459,
              51.687273
            ],
            [
              4.346535,
              51.687229
            ],
            [
              4.346975,
              51.687022
            ],
            [
              4.34709,
              51.687112
            ]
          ]
        ]
      }
    },
    {
      "type": "Feature",
      "properties": {
        "id": "zh-0134",
        "naam": "RK Kerkhof",
        "plaats_origineel": "Rhoon",
        "plaats": "Rhoon",
        "geruimd": false,
        "geruimd_bron_terrein": false,
        "geruimd_bron_ingang": false,
        "status_conflict": false,
        "oppervlakte_m2": 1289.49,
        "oppervlakte_ha": 0.1289,
        "omtrek_m": 151.45,
        "ingang": {
          "type": "Point",
          "coordinates": [
            4.421616,
            51.850644
          ]
        },
        "ingang_lon": 4.421616,
        "ingang_lat": 51.850644,
        "ingang_koppelwijze": "exact_name_place",
        "ingang_afstand_tot_terrein_m": 15.8,
        "ingang_gedeeld": false,
        "naam_bron_terrein": "RK Kerkhof",
        "naam_bron_ingang": "RK Kerkhof",
        "bron_rij_terrein": 263,
        "bron_rij_ingang": 279,
        "bron": "Begraafplaatsen Zuid-Holland",
        "source_file": "Begraafplaatsen Zuid-Holland- Zuid-Holland.csv"
      },
      "geometry": {
        "type": "Polygon",
        "coordinates": [
          [
            [
              4.421182,
              51.850629
            ],
            [
              4.421532,
              51.850781
            ],
            [
              4.42116,
              51.851158
            ],
            [
              4.420932,
              51.851047
            ],
            [
              4.420944,
              51.851006
            ],
            [
              4.421014,
              51.850923
            ],
            [
              4.420997,
              51.850883
            ],
            [
              4.420963,
              51.850851
            ],
            [
              4.421182,
              51.850629
            ]
          ]
        ]
      }
    },
    {
      "type": "Feature",
      "properties": {
        "id": "zh-0135",
        "naam": "Gem. begraafplaats",
        "plaats_origineel": "Rhoon",
        "plaats": "Rhoon",
        "geruimd": false,
        "geruimd_bron_terrein": false,
        "geruimd_bron_ingang": false,
        "status_conflict": false,
        "oppervlakte_m2": 13245.37,
        "oppervlakte_ha": 1.3245,
        "omtrek_m": 684.74,
        "ingang": {
          "type": "Point",
          "coordinates": [
            4.418634,
            51.860384
          ]
        },
        "ingang_lon": 4.418634,
        "ingang_lat": 51.860384,
        "ingang_koppelwijze": "exact_name_place",
        "ingang_afstand_tot_terrein_m": 2.09,
        "ingang_gedeeld": false,
        "naam_bron_terrein": "Gem. begraafplaats",
        "naam_bron_ingang": "Gem. begraafplaats",
        "bron_rij_terrein": 264,
        "bron_rij_ingang": 280,
        "bron": "Begraafplaatsen Zuid-Holland",
        "source_file": "Begraafplaatsen Zuid-Holland- Zuid-Holland.csv"
      },
      "geometry": {
        "type": "Polygon",
        "coordinates": [
          [
            [
              4.41865,
              51.860483
            ],
            [
              4.418653,
              51.860416
            ],
            [
              4.418701,
              51.860289
            ],
            [
              4.418747,
              51.860261
            ],
            [
              4.418865,
              51.860266
            ],
            [
              4.419081,
              51.860282
            ],
            [
              4.419142,
              51.860164
            ],
            [
              4.41918,
              51.860143
            ],
            [
              4.419676,
              51.860216
            ],
            [
              4.42002,
              51.860283
            ],
            [
              4.420179,
              51.860335
            ],
            [
              4.420313,
              51.860365
            ],
            [
              4.420698,
              51.860431
            ],
            [
              4.421418,
              51.860532
            ],
            [
              4.421798,
              51.860566
            ],
            [
              4.422103,
              51.86057
            ],
            [
              4.422348,
              51.860585
            ],
            [
              4.422478,
              51.860582
            ],
            [
              4.422653,
              51.860548
            ],
            [
              4.422604,
              51.860693
            ],
            [
              4.422853,
              51.860737
            ],
            [
              4.422887,
              51.860772
            ],
            [
              4.422628,
              51.861171
            ],
            [
              4.420657,
              51.860828
            ],
            [
              4.420139,
              51.860717
            ],
            [
              4.419755,
              51.860651
            ],
            [
              4.41865,
              51.860483
            ]
          ]
        ]
      }
    },
    {
      "type": "Feature",
      "properties": {
        "id": "zh-0136",
        "naam": "Joodse begraafplaats",
        "plaats_origineel": "Delft",
        "plaats": "Delft",
        "geruimd": false,
        "geruimd_bron_terrein": false,
        "geruimd_bron_ingang": false,
        "status_conflict": false,
        "oppervlakte_m2": 781.88,
        "oppervlakte_ha": 0.0782,
        "omtrek_m": 131.18,
        "ingang": {
          "type": "Point",
          "coordinates": [
            4.371376,
            52.01328
          ]
        },
        "ingang_lon": 4.371376,
        "ingang_lat": 52.01328,
        "ingang_koppelwijze": "exact_name_place",
        "ingang_afstand_tot_terrein_m": 0.0,
        "ingang_gedeeld": false,
        "naam_bron_terrein": "Joodse begraafplaats",
        "naam_bron_ingang": "Joodse begraafplaats",
        "bron_rij_terrein": 265,
        "bron_rij_ingang": 281,
        "bron": "Begraafplaatsen Zuid-Holland",
        "source_file": "Begraafplaatsen Zuid-Holland- Zuid-Holland.csv"
      },
      "geometry": {
        "type": "Polygon",
        "coordinates": [
          [
            [
              4.371551,
              52.013351
            ],
            [
              4.371136,
              52.013721
            ],
            [
              4.370964,
              52.013648
            ],
            [
              4.371344,
              52.013267
            ],
            [
              4.371551,
              52.013351
            ]
          ]
        ]
      }
    },
    {
      "type": "Feature",
      "properties": {
        "id": "zh-0137",
        "naam": "Gem. begraafplaats Iepenhof",
        "plaats_origineel": "Delft",
        "plaats": "Delft",
        "geruimd": false,
        "geruimd_bron_terrein": false,
        "geruimd_bron_ingang": false,
        "status_conflict": false,
        "oppervlakte_m2": 69085.6,
        "oppervlakte_ha": 6.9086,
        "omtrek_m": 1245.88,
        "ingang": {
          "type": "Point",
          "coordinates": [
            4.385975,
            52.010274
          ]
        },
        "ingang_lon": 4.385975,
        "ingang_lat": 52.010274,
        "ingang_koppelwijze": "exact_name_place",
        "ingang_afstand_tot_terrein_m": 0.0,
        "ingang_gedeeld": false,
        "naam_bron_terrein": "Gem. begraafplaats Iepenhof",
        "naam_bron_ingang": "Gem. begraafplaats Iepenhof",
        "bron_rij_terrein": 266,
        "bron_rij_ingang": 282,
        "bron": "Begraafplaatsen Zuid-Holland",
        "source_file": "Begraafplaatsen Zuid-Holland- Zuid-Holland.csv"
      },
      "geometry": {
        "type": "Polygon",
        "coordinates": [
          [
            [
              4.3839,
              52.010952
            ],
            [
              4.383605,
              52.011317
            ],
            [
              4.38196,
              52.010821
            ],
            [
              4.382679,
              52.010025
            ],
            [
              4.38294,
              52.010107
            ],
            [
              4.383344,
              52.009651
            ],
            [
              4.383864,
              52.009786
            ],
            [
              4.385494,
              52.007943
            ],
            [
              4.387436,
              52.008451
            ],
            [
              4.385433,
              52.01144
            ],
            [
              4.3839,
              52.010952
            ]
          ]
        ]
      }
    },
    {
      "type": "Feature",
      "properties": {
        "id": "zh-0138",
        "naam": "Joodse begraafplaats",
        "plaats_origineel": "Goedereede",
        "plaats": "Goedereede",
        "geruimd": false,
        "geruimd_bron_terrein": false,
        "geruimd_bron_ingang": false,
        "status_conflict": false,
        "oppervlakte_m2": 257.52,
        "oppervlakte_ha": 0.0258,
        "omtrek_m": 67.45,
        "ingang": {
          "type": "Point",
          "coordinates": [
            3.972448,
            51.81602
          ]
        },
        "ingang_lon": 3.972448,
        "ingang_lat": 51.81602,
        "ingang_koppelwijze": "exact_name_place",
        "ingang_afstand_tot_terrein_m": 0.0,
        "ingang_gedeeld": false,
        "naam_bron_terrein": "Joodse begraafplaats",
        "naam_bron_ingang": "Joodse begraafplaats",
        "bron_rij_terrein": 267,
        "bron_rij_ingang": 283,
        "bron": "Begraafplaatsen Zuid-Holland",
        "source_file": "Begraafplaatsen Zuid-Holland- Zuid-Holland.csv"
      },
      "geometry": {
        "type": "Polygon",
        "coordinates": [
          [
            [
              3.972569,
              51.815983
            ],
            [
              3.972501,
              51.816093
            ],
            [
              3.972214,
              51.816006
            ],
            [
              3.972268,
              51.815919
            ],
            [
              3.972569,
              51.815983
            ]
          ]
        ]
      }
    },
    {
      "type": "Feature",
      "properties": {
        "id": "zh-0139",
        "naam": "Gem. begraafplaats",
        "plaats_origineel": "Goedereede",
        "plaats": "Goedereede",
        "geruimd": false,
        "geruimd_bron_terrein": false,
        "geruimd_bron_ingang": false,
        "status_conflict": false,
        "oppervlakte_m2": 16610.27,
        "oppervlakte_ha": 1.661,
        "omtrek_m": 520.62,
        "ingang": {
          "type": "Point",
          "coordinates": [
            3.976483,
            51.816549
          ]
        },
        "ingang_lon": 3.976483,
        "ingang_lat": 51.816549,
        "ingang_koppelwijze": "exact_name_place",
        "ingang_afstand_tot_terrein_m": 2.53,
        "ingang_gedeeld": false,
        "naam_bron_terrein": "Gem. begraafplaats",
        "naam_bron_ingang": "Gem. begraafplaats",
        "bron_rij_terrein": 268,
        "bron_rij_ingang": 284,
        "bron": "Begraafplaatsen Zuid-Holland",
        "source_file": "Begraafplaatsen Zuid-Holland- Zuid-Holland.csv"
      },
      "geometry": {
        "type": "Polygon",
        "coordinates": [
          [
            [
              3.978156,
              51.815776
            ],
            [
              3.977901,
              51.816299
            ],
            [
              3.977922,
              51.816333
            ],
            [
              3.977726,
              51.816736
            ],
            [
              3.976567,
              51.816542
            ],
            [
              3.975636,
              51.816355
            ],
            [
              3.976073,
              51.81541
            ],
            [
              3.978156,
              51.815776
            ]
          ]
        ]
      }
    },
    {
      "type": "Feature",
      "properties": {
        "id": "zh-0140",
        "naam": "NH Kerkhof",
        "plaats_origineel": "Goedereede",
        "plaats": "Goedereede",
        "geruimd": false,
        "geruimd_bron_terrein": false,
        "geruimd_bron_ingang": false,
        "status_conflict": false,
        "oppervlakte_m2": 461.66,
        "oppervlakte_ha": 0.0462,
        "omtrek_m": 91.14,
        "ingang": {
          "type": "Point",
          "coordinates": [
            3.976035,
            51.818386
          ]
        },
        "ingang_lon": 3.976035,
        "ingang_lat": 51.818386,
        "ingang_koppelwijze": "exact_name_place",
        "ingang_afstand_tot_terrein_m": 0.0,
        "ingang_gedeeld": false,
        "naam_bron_terrein": "NH Kerkhof",
        "naam_bron_ingang": "NH Kerkhof",
        "bron_rij_terrein": 269,
        "bron_rij_ingang": 285,
        "bron": "Begraafplaatsen Zuid-Holland",
        "source_file": "Begraafplaatsen Zuid-Holland- Zuid-Holland.csv"
      },
      "geometry": {
        "type": "Polygon",
        "coordinates": [
          [
            [
              3.976087,
              51.818376
            ],
            [
              3.976092,
              51.818414
            ],
            [
              3.976177,
              51.818416
            ],
            [
              3.976174,
              51.818427
            ],
            [
              3.976191,
              51.81845
            ],
            [
              3.976226,
              51.818472
            ],
            [
              3.976276,
              51.818481
            ],
            [
              3.976267,
              51.818571
            ],
            [
              3.975887,
              51.818567
            ],
            [
              3.975914,
              51.818372
            ],
            [
              3.976087,
              51.818376
            ]
          ]
        ]
      }
    },
    {
      "type": "Feature",
      "properties": {
        "id": "zh-0141",
        "naam": "Nieuwe gem. begraafplaats",
        "plaats_origineel": "Brielle",
        "plaats": "Brielle",
        "geruimd": false,
        "geruimd_bron_terrein": false,
        "geruimd_bron_ingang": false,
        "status_conflict": false,
        "oppervlakte_m2": 14450.77,
        "oppervlakte_ha": 1.4451,
        "omtrek_m": 476.28,
        "ingang": {
          "type": "Point",
          "coordinates": [
            4.163422,
            51.885975
          ]
        },
        "ingang_lon": 4.163422,
        "ingang_lat": 51.885975,
        "ingang_koppelwijze": "exact_name_place",
        "ingang_afstand_tot_terrein_m": 0.0,
        "ingang_gedeeld": false,
        "naam_bron_terrein": "Nieuwe gem. begraafplaats",
        "naam_bron_ingang": "Nieuwe Gem. begraafplaats",
        "bron_rij_terrein": 270,
        "bron_rij_ingang": 286,
        "bron": "Begraafplaatsen Zuid-Holland",
        "source_file": "Begraafplaatsen Zuid-Holland- Zuid-Holland.csv"
      },
      "geometry": {
        "type": "Polygon",
        "coordinates": [
          [
            [
              4.164241,
              51.885744
            ],
            [
              4.164455,
              51.88602
            ],
            [
              4.164907,
              51.886786
            ],
            [
              4.163472,
              51.887171
            ],
            [
              4.163422,
              51.887169
            ],
            [
              4.162687,
              51.886154
            ],
            [
              4.163406,
              51.885952
            ],
            [
              4.164182,
              51.885745
            ],
            [
              4.164241,
              51.885744
            ]
          ]
        ]
      }
    },
    {
      "type": "Feature",
      "properties": {
        "id": "zh-0142",
        "naam": "Oude gem. begraafplaats",
        "plaats_origineel": "Brielle",
        "plaats": "Brielle",
        "geruimd": false,
        "geruimd_bron_terrein": false,
        "geruimd_bron_ingang": false,
        "status_conflict": false,
        "oppervlakte_m2": 15211.31,
        "oppervlakte_ha": 1.5211,
        "omtrek_m": 543.42,
        "ingang": {
          "type": "Point",
          "coordinates": [
            4.159638,
            51.898275
          ]
        },
        "ingang_lon": 4.159638,
        "ingang_lat": 51.898275,
        "ingang_koppelwijze": "exact_name_place",
        "ingang_afstand_tot_terrein_m": 0.99,
        "ingang_gedeeld": false,
        "naam_bron_terrein": "Oude gem. begraafplaats",
        "naam_bron_ingang": "Oude gem. begraafplaats",
        "bron_rij_terrein": 271,
        "bron_rij_ingang": 287,
        "bron": "Begraafplaatsen Zuid-Holland",
        "source_file": "Begraafplaatsen Zuid-Holland- Zuid-Holland.csv"
      },
      "geometry": {
        "type": "Polygon",
        "coordinates": [
          [
            [
              4.159543,
              51.897378
            ],
            [
              4.159624,
              51.898179
            ],
            [
              4.159621,
              51.898273
            ],
            [
              4.159665,
              51.898337
            ],
            [
              4.15973,
              51.899058
            ],
            [
              4.1597,
              51.899148
            ],
            [
              4.159289,
              51.899189
            ],
            [
              4.159116,
              51.899213
            ],
            [
              4.159066,
              51.898851
            ],
            [
              4.158808,
              51.89886
            ],
            [
              4.158793,
              51.898818
            ],
            [
              4.158754,
              51.898762
            ],
            [
              4.158581,
              51.898598
            ],
            [
              4.158292,
              51.89838
            ],
            [
              4.158132,
              51.898243
            ],
            [
              4.158097,
              51.898183
            ],
            [
              4.158085,
              51.898129
            ],
            [
              4.158096,
              51.898069
            ],
            [
              4.158124,
              51.898022
            ],
            [
              4.158757,
              51.897385
            ],
            [
              4.159543,
              51.897378
            ]
          ]
        ]
      }
    },
    {
      "type": "Feature",
      "properties": {
        "id": "zh-0143",
        "naam": "RK begraafplaats",
        "plaats_origineel": "Brielle",
        "plaats": "Brielle",
        "geruimd": false,
        "geruimd_bron_terrein": false,
        "geruimd_bron_ingang": false,
        "status_conflict": false,
        "oppervlakte_m2": 2230.01,
        "oppervlakte_ha": 0.223,
        "omtrek_m": 199.6,
        "ingang": {
          "type": "Point",
          "coordinates": [
            4.152778,
            51.896243
          ]
        },
        "ingang_lon": 4.152778,
        "ingang_lat": 51.896243,
        "ingang_koppelwijze": "exact_name_place",
        "ingang_afstand_tot_terrein_m": 0.49,
        "ingang_gedeeld": false,
        "naam_bron_terrein": "RK begraafplaats",
        "naam_bron_ingang": "RK begraafplaats",
        "bron_rij_terrein": 272,
        "bron_rij_ingang": 288,
        "bron": "Begraafplaatsen Zuid-Holland",
        "source_file": "Begraafplaatsen Zuid-Holland- Zuid-Holland.csv"
      },
      "geometry": {
        "type": "Polygon",
        "coordinates": [
          [
            [
              4.153442,
              51.896385
            ],
            [
              4.153509,
              51.896335
            ],
            [
              4.153622,
              51.89638
            ],
            [
              4.153598,
              51.89657
            ],
            [
              4.153521,
              51.896615
            ],
            [
              4.153271,
              51.896727
            ],
            [
              4.153217,
              51.896727
            ],
            [
              4.152674,
              51.896343
            ],
            [
              4.152897,
              51.896145
            ],
            [
              4.153442,
              51.896385
            ]
          ]
        ]
      }
    },
    {
      "type": "Feature",
      "properties": {
        "id": "zh-0144",
        "naam": "Begraafplaats St. Jans Onthoofding",
        "plaats_origineel": "Zuidbuurt",
        "plaats": "Zuidbuurt",
        "geruimd": false,
        "geruimd_bron_terrein": false,
        "geruimd_bron_ingang": false,
        "status_conflict": false,
        "oppervlakte_m2": 3713.08,
        "oppervlakte_ha": 0.3713,
        "omtrek_m": 267.19,
        "ingang": {
          "type": "Point",
          "coordinates": [
            4.503562,
            52.10908
          ]
        },
        "ingang_lon": 4.503562,
        "ingang_lat": 52.10908,
        "ingang_koppelwijze": "exact_name_place",
        "ingang_afstand_tot_terrein_m": 48.53,
        "ingang_gedeeld": false,
        "naam_bron_terrein": "Begraafplaats St. Jans Onthoofding",
        "naam_bron_ingang": "Begraafplaats St. Jans Onthoofding",
        "bron_rij_terrein": 273,
        "bron_rij_ingang": 304,
        "bron": "Begraafplaatsen Zuid-Holland",
        "source_file": "Begraafplaatsen Zuid-Holland- Zuid-Holland.csv"
      },
      "geometry": {
        "type": "Polygon",
        "coordinates": [
          [
            [
              4.502292,
              52.1092
            ],
            [
              4.502068,
              52.108428
            ],
            [
              4.502691,
              52.108365
            ],
            [
              4.502778,
              52.108577
            ],
            [
              4.502745,
              52.108705
            ],
            [
              4.502805,
              52.108767
            ],
            [
              4.50286,
              52.108777
            ],
            [
              4.502878,
              52.108862
            ],
            [
              4.502848,
              52.10887
            ],
            [
              4.502815,
              52.108913
            ],
            [
              4.502827,
              52.108953
            ],
            [
              4.502871,
              52.108984
            ],
            [
              4.502797,
              52.10901
            ],
            [
              4.502842,
              52.10915
            ],
            [
              4.502292,
              52.1092
            ]
          ]
        ]
      }
    },
    {
      "type": "Feature",
      "properties": {
        "id": "zh-0145",
        "naam": "St Laurentiuskerkhof",
        "plaats_origineel": "Stompwijk",
        "plaats": "Stompwijk",
        "geruimd": false,
        "geruimd_bron_terrein": false,
        "geruimd_bron_ingang": false,
        "status_conflict": false,
        "oppervlakte_m2": 2009.37,
        "oppervlakte_ha": 0.2009,
        "omtrek_m": 208.22,
        "ingang": {
          "type": "Point",
          "coordinates": [
            4.464867,
            52.095182
          ]
        },
        "ingang_lon": 4.464867,
        "ingang_lat": 52.095182,
        "ingang_koppelwijze": "exact_name_place",
        "ingang_afstand_tot_terrein_m": 0.0,
        "ingang_gedeeld": false,
        "naam_bron_terrein": "St Laurentiuskerkhof",
        "naam_bron_ingang": "St Laurentiuskerkhof",
        "bron_rij_terrein": 289,
        "bron_rij_ingang": 305,
        "bron": "Begraafplaatsen Zuid-Holland",
        "source_file": "Begraafplaatsen Zuid-Holland- Zuid-Holland.csv"
      },
      "geometry": {
        "type": "Polygon",
        "coordinates": [
          [
            [
              4.465227,
              52.09482
            ],
            [
              4.465243,
              52.094861
            ],
            [
              4.46506,
              52.095126
            ],
            [
              4.464964,
              52.095104
            ],
            [
              4.464618,
              52.095386
            ],
            [
              4.464281,
              52.09528
            ],
            [
              4.46461,
              52.094934
            ],
            [
              4.464655,
              52.094917
            ],
            [
              4.464747,
              52.094926
            ],
            [
              4.464812,
              52.094942
            ],
            [
              4.464955,
              52.094779
            ],
            [
              4.465227,
              52.09482
            ]
          ]
        ]
      }
    },
    {
      "type": "Feature",
      "properties": {
        "id": "zh-0146",
        "naam": "Gemeentelijke begraafplaats",
        "plaats_origineel": "Zoetermeer",
        "plaats": "Zoetermeer",
        "geruimd": false,
        "geruimd_bron_terrein": false,
        "geruimd_bron_ingang": false,
        "status_conflict": false,
        "oppervlakte_m2": 78060.5,
        "oppervlakte_ha": 7.8061,
        "omtrek_m": 1577.46,
        "ingang": {
          "type": "Point",
          "coordinates": [
            4.460685,
            52.066754
          ]
        },
        "ingang_lon": 4.460685,
        "ingang_lat": 52.066754,
        "ingang_koppelwijze": "exact_name_place",
        "ingang_afstand_tot_terrein_m": 3.0,
        "ingang_gedeeld": false,
        "naam_bron_terrein": "Gemeentelijke begraafplaats",
        "naam_bron_ingang": "Gemeentelijke begraafplaats",
        "bron_rij_terrein": 290,
        "bron_rij_ingang": 306,
        "bron": "Begraafplaatsen Zuid-Holland",
        "source_file": "Begraafplaatsen Zuid-Holland- Zuid-Holland.csv"
      },
      "geometry": {
        "type": "Polygon",
        "coordinates": [
          [
            [
              4.460181,
              52.065609
            ],
            [
              4.460603,
              52.065546
            ],
            [
              4.461288,
              52.065427
            ],
            [
              4.461061,
              52.064999
            ],
            [
              4.46128,
              52.064996
            ],
            [
              4.462931,
              52.065068
            ],
            [
              4.46372,
              52.065088
            ],
            [
              4.463861,
              52.065089
            ],
            [
              4.464645,
              52.065047
            ],
            [
              4.46473,
              52.065045
            ],
            [
              4.464836,
              52.065057
            ],
            [
              4.46507,
              52.065113
            ],
            [
              4.465146,
              52.065156
            ],
            [
              4.465415,
              52.065216
            ],
            [
              4.465371,
              52.065229
            ],
            [
              4.465413,
              52.065307
            ],
            [
              4.465441,
              52.065424
            ],
            [
              4.465409,
              52.06549
            ],
            [
              4.465384,
              52.065554
            ],
            [
              4.465349,
              52.065616
            ],
            [
              4.465254,
              52.065729
            ],
            [
              4.465184,
              52.065809
            ],
            [
              4.465167,
              52.065828
            ],
            [
              4.465135,
              52.065907
            ],
            [
              4.465115,
              52.065963
            ],
            [
              4.465105,
              52.066059
            ],
            [
              4.465116,
              52.066086
            ],
            [
              4.465179,
              52.066162
            ],
            [
              4.465263,
              52.066237
            ],
            [
              4.465313,
              52.066309
            ],
            [
              4.465412,
              52.066404
            ],
            [
              4.465446,
              52.066454
            ],
            [
              4.465472,
              52.066517
            ],
            [
              4.465485,
              52.066605
            ],
            [
              4.46549,
              52.066734
            ],
            [
              4.465449,
              52.066853
            ],
            [
              4.465387,
              52.066952
            ],
            [
              4.46528,
              52.067025
            ],
            [
              4.465199,
              52.067068
            ],
            [
              4.465093,
              52.067109
            ],
            [
              4.464913,
              52.067147
            ],
            [
              4.464816,
              52.067154
            ],
            [
              4.464666,
              52.067156
            ],
            [
              4.464546,
              52.067141
            ],
            [
              4.464421,
              52.067111
            ],
            [
              4.464264,
              52.067049
            ],
            [
              4.464142,
              52.066992
            ],
            [
              4.464005,
              52.066904
            ],
            [
              4.463924,
              52.066826
            ],
            [
              4.46385,
              52.066737
            ],
            [
              4.463778,
              52.066603
            ],
            [
              4.463705,
              52.066552
            ],
            [
              4.463225,
              52.066645
            ],
            [
              4.462961,
              52.066687
            ],
            [
              4.462727,
              52.066679
            ],
            [
              4.462564,
              52.06671
            ],
            [
              4.462232,
              52.066672
            ],
            [
              4.461757,
              52.066656
            ],
            [
              4.461869,
              52.066959
            ],
            [
              4.461801,
              52.067121
            ],
            [
              4.461196,
              52.067922
            ],
            [
              4.459219,
              52.067325
            ],
            [
              4.459642,
              52.066762
            ],
            [
              4.460725,
              52.066841
            ],
            [
              4.460731,
              52.066701
            ],
            [
              4.460824,
              52.066605
            ],
            [
              4.460891,
              52.066569
            ],
            [
              4.461029,
              52.06652
            ],
            [
              4.461179,
              52.066499
            ],
            [
              4.460146,
              52.066176
            ],
            [
              4.46012,
              52.066141
            ],
            [
              4.460112,
              52.066097
            ],
            [
              4.460181,
              52.065609
            ]
          ]
        ]
      }
    },
    {
      "type": "Feature",
      "properties": {
        "id": "zh-0147",
        "naam": "Nicolaaskerkhof",
        "plaats_origineel": "Zoetermeer",
        "plaats": "Zoetermeer",
        "geruimd": false,
        "geruimd_bron_terrein": false,
        "geruimd_bron_ingang": false,
        "status_conflict": false,
        "oppervlakte_m2": 1401.2,
        "oppervlakte_ha": 0.1401,
        "omtrek_m": 158.83,
        "ingang": {
          "type": "Point",
          "coordinates": [
            4.495344,
            52.057532
          ]
        },
        "ingang_lon": 4.495344,
        "ingang_lat": 52.057532,
        "ingang_koppelwijze": "exact_name_place",
        "ingang_afstand_tot_terrein_m": 0.0,
        "ingang_gedeeld": false,
        "naam_bron_terrein": "Nicolaaskerkhof",
        "naam_bron_ingang": "Nicolaaskerkhof",
        "bron_rij_terrein": 291,
        "bron_rij_ingang": 307,
        "bron": "Begraafplaatsen Zuid-Holland",
        "source_file": "Begraafplaatsen Zuid-Holland- Zuid-Holland.csv"
      },
      "geometry": {
        "type": "Polygon",
        "coordinates": [
          [
            [
              4.495839,
              52.057915
            ],
            [
              4.495474,
              52.057998
            ],
            [
              4.495203,
              52.057545
            ],
            [
              4.495571,
              52.057477
            ],
            [
              4.495839,
              52.057915
            ]
          ]
        ]
      }
    },
    {
      "type": "Feature",
      "properties": {
        "id": "zh-0148",
        "naam": "Oude alg. kerkhof",
        "plaats_origineel": "Zoetermeer",
        "plaats": "Zoetermeer",
        "geruimd": false,
        "geruimd_bron_terrein": false,
        "geruimd_bron_ingang": false,
        "status_conflict": false,
        "oppervlakte_m2": 2021.25,
        "oppervlakte_ha": 0.2021,
        "omtrek_m": 175.82,
        "ingang": {
          "type": "Point",
          "coordinates": [
            4.496347,
            52.056515
          ]
        },
        "ingang_lon": 4.496347,
        "ingang_lat": 52.056515,
        "ingang_koppelwijze": "exact_name_place",
        "ingang_afstand_tot_terrein_m": 0.0,
        "ingang_gedeeld": false,
        "naam_bron_terrein": "Oude alg. kerkhof",
        "naam_bron_ingang": "Oude alg. kerkhof",
        "bron_rij_terrein": 292,
        "bron_rij_ingang": 308,
        "bron": "Begraafplaatsen Zuid-Holland",
        "source_file": "Begraafplaatsen Zuid-Holland- Zuid-Holland.csv"
      },
      "geometry": {
        "type": "Polygon",
        "coordinates": [
          [
            [
              4.496322,
              52.056123
            ],
            [
              4.49635,
              52.056194
            ],
            [
              4.496463,
              52.056271
            ],
            [
              4.496496,
              52.056337
            ],
            [
              4.496462,
              52.0564
            ],
            [
              4.496528,
              52.056445
            ],
            [
              4.49641,
              52.056489
            ],
            [
              4.496256,
              52.056569
            ],
            [
              4.496144,
              52.056565
            ],
            [
              4.496038,
              52.056528
            ],
            [
              4.495721,
              52.056316
            ],
            [
              4.495741,
              52.056303
            ],
            [
              4.495741,
              52.056272
            ],
            [
              4.495739,
              52.056243
            ],
            [
              4.495774,
              52.056229
            ],
            [
              4.496113,
              52.056019
            ],
            [
              4.496322,
              52.056123
            ]
          ]
        ]
      }
    },
    {
      "type": "Feature",
      "properties": {
        "id": "zh-0149",
        "naam": "Gem. begraafplaats Binnenweg",
        "plaats_origineel": "Zoetermeer",
        "plaats": "Zoetermeer",
        "geruimd": false,
        "geruimd_bron_terrein": false,
        "geruimd_bron_ingang": false,
        "status_conflict": false,
        "oppervlakte_m2": 13813.74,
        "oppervlakte_ha": 1.3814,
        "omtrek_m": 505.2,
        "ingang": {
          "type": "Point",
          "coordinates": [
            4.507605,
            52.049432
          ]
        },
        "ingang_lon": 4.507605,
        "ingang_lat": 52.049432,
        "ingang_koppelwijze": "exact_name_place",
        "ingang_afstand_tot_terrein_m": 2.81,
        "ingang_gedeeld": false,
        "naam_bron_terrein": "Gem. begraafplaats Binnenweg",
        "naam_bron_ingang": "Gem. begraafplaats Binnenweg",
        "bron_rij_terrein": 293,
        "bron_rij_ingang": 309,
        "bron": "Begraafplaatsen Zuid-Holland",
        "source_file": "Begraafplaatsen Zuid-Holland- Zuid-Holland.csv"
      },
      "geometry": {
        "type": "Polygon",
        "coordinates": [
          [
            [
              4.509924,
              52.049517
            ],
            [
              4.509042,
              52.049976
            ],
            [
              4.508971,
              52.049988
            ],
            [
              4.508858,
              52.049974
            ],
            [
              4.508085,
              52.049383
            ],
            [
              4.508057,
              52.049375
            ],
            [
              4.508019,
              52.04938
            ],
            [
              4.507782,
              52.0495
            ],
            [
              4.507707,
              52.049442
            ],
            [
              4.507533,
              52.049374
            ],
            [
              4.507333,
              52.049179
            ],
            [
              4.507893,
              52.048894
            ],
            [
              4.508148,
              52.048769
            ],
            [
              4.508632,
              52.048537
            ],
            [
              4.509924,
              52.049517
            ]
          ]
        ]
      }
    },
    {
      "type": "Feature",
      "properties": {
        "id": "zh-0150",
        "naam": "H. Nicolaasbegraafplaats",
        "plaats_origineel": "Nieuwveen",
        "plaats": "Nieuwveen",
        "geruimd": false,
        "geruimd_bron_terrein": false,
        "geruimd_bron_ingang": false,
        "status_conflict": false,
        "oppervlakte_m2": 951.82,
        "oppervlakte_ha": 0.0952,
        "omtrek_m": 133.45,
        "ingang": {
          "type": "Point",
          "coordinates": [
            4.758276,
            52.199891
          ]
        },
        "ingang_lon": 4.758276,
        "ingang_lat": 52.199891,
        "ingang_koppelwijze": "exact_name_place",
        "ingang_afstand_tot_terrein_m": 11.12,
        "ingang_gedeeld": false,
        "naam_bron_terrein": "H. Nicolaasbegraafplaats",
        "naam_bron_ingang": "H. Nicolaasbegraafplaats",
        "bron_rij_terrein": 294,
        "bron_rij_ingang": 310,
        "bron": "Begraafplaatsen Zuid-Holland",
        "source_file": "Begraafplaatsen Zuid-Holland- Zuid-Holland.csv"
      },
      "geometry": {
        "type": "Polygon",
        "coordinates": [
          [
            [
              4.758168,
              52.199799
            ],
            [
              4.758034,
              52.199968
            ],
            [
              4.75776,
              52.199877
            ],
            [
              4.757592,
              52.199806
            ],
            [
              4.757439,
              52.199727
            ],
            [
              4.757565,
              52.199598
            ],
            [
              4.758168,
              52.199799
            ]
          ]
        ]
      }
    },
    {
      "type": "Feature",
      "properties": {
        "id": "zh-0151",
        "naam": "Oud NH Kerkhof (nu gem.)",
        "plaats_origineel": "Nieuwveen",
        "plaats": "Nieuwveen",
        "geruimd": false,
        "geruimd_bron_terrein": false,
        "geruimd_bron_ingang": false,
        "status_conflict": false,
        "oppervlakte_m2": 1824.19,
        "oppervlakte_ha": 0.1824,
        "omtrek_m": 188.44,
        "ingang": {
          "type": "Point",
          "coordinates": [
            4.757474,
            52.196176
          ]
        },
        "ingang_lon": 4.757474,
        "ingang_lat": 52.196176,
        "ingang_koppelwijze": "exact_name_place",
        "ingang_afstand_tot_terrein_m": 4.04,
        "ingang_gedeeld": false,
        "naam_bron_terrein": "Oud NH Kerkhof (nu gem.)",
        "naam_bron_ingang": "Oud NH Kerkhof (nu gem.)",
        "bron_rij_terrein": 295,
        "bron_rij_ingang": 311,
        "bron": "Begraafplaatsen Zuid-Holland",
        "source_file": "Begraafplaatsen Zuid-Holland- Zuid-Holland.csv"
      },
      "geometry": {
        "type": "Polygon",
        "coordinates": [
          [
            [
              4.757858,
              52.195682
            ],
            [
              4.757941,
              52.195717
            ],
            [
              4.758005,
              52.195755
            ],
            [
              4.758057,
              52.195822
            ],
            [
              4.758073,
              52.195846
            ],
            [
              4.758056,
              52.195874
            ],
            [
              4.758022,
              52.195906
            ],
            [
              4.757987,
              52.195964
            ],
            [
              4.757962,
              52.196028
            ],
            [
              4.757894,
              52.196201
            ],
            [
              4.757852,
              52.196251
            ],
            [
              4.757819,
              52.196274
            ],
            [
              4.757534,
              52.196211
            ],
            [
              4.757557,
              52.196161
            ],
            [
              4.757476,
              52.196136
            ],
            [
              4.757579,
              52.195953
            ],
            [
              4.757439,
              52.195919
            ],
            [
              4.757465,
              52.195887
            ],
            [
              4.757548,
              52.195823
            ],
            [
              4.757562,
              52.19583
            ],
            [
              4.757672,
              52.195723
            ],
            [
              4.757725,
              52.19564
            ],
            [
              4.757858,
              52.195682
            ]
          ]
        ]
      }
    },
    {
      "type": "Feature",
      "properties": {
        "id": "zh-0152",
        "naam": "Gemeentelijke begraafplaats",
        "plaats_origineel": "Ter Aar",
        "plaats": "Ter Aar",
        "geruimd": false,
        "geruimd_bron_terrein": false,
        "geruimd_bron_ingang": false,
        "status_conflict": false,
        "oppervlakte_m2": 7307.88,
        "oppervlakte_ha": 0.7308,
        "omtrek_m": 422.53,
        "ingang": {
          "type": "Point",
          "coordinates": [
            4.713112,
            52.171284
          ]
        },
        "ingang_lon": 4.713112,
        "ingang_lat": 52.171284,
        "ingang_koppelwijze": "exact_name_place",
        "ingang_afstand_tot_terrein_m": 3.56,
        "ingang_gedeeld": false,
        "naam_bron_terrein": "Gemeentelijke begraafplaats",
        "naam_bron_ingang": "Gemeentelijke begraafplaats",
        "bron_rij_terrein": 296,
        "bron_rij_ingang": 312,
        "bron": "Begraafplaatsen Zuid-Holland",
        "source_file": "Begraafplaatsen Zuid-Holland- Zuid-Holland.csv"
      },
      "geometry": {
        "type": "Polygon",
        "coordinates": [
          [
            [
              4.711723,
              52.17248
            ],
            [
              4.71121,
              52.17215
            ],
            [
              4.712905,
              52.171161
            ],
            [
              4.713067,
              52.171268
            ],
            [
              4.712875,
              52.171371
            ],
            [
              4.713237,
              52.17155
            ],
            [
              4.711723,
              52.17248
            ]
          ]
        ]
      }
    },
    {
      "type": "Feature",
      "properties": {
        "id": "zh-0153",
        "naam": "Oude algemene kerkhof",
        "plaats_origineel": "Ter Aar",
        "plaats": "Ter Aar",
        "geruimd": false,
        "geruimd_bron_terrein": false,
        "geruimd_bron_ingang": false,
        "status_conflict": false,
        "oppervlakte_m2": 644.16,
        "oppervlakte_ha": 0.0644,
        "omtrek_m": 138.73,
        "ingang": {
          "type": "Point",
          "coordinates": [
            4.699688,
            52.170981
          ]
        },
        "ingang_lon": 4.699688,
        "ingang_lat": 52.170981,
        "ingang_koppelwijze": "exact_name_place",
        "ingang_afstand_tot_terrein_m": 0.0,
        "ingang_gedeeld": false,
        "naam_bron_terrein": "Oude algemene kerkhof",
        "naam_bron_ingang": "Oude algemene kerkhof",
        "bron_rij_terrein": 297,
        "bron_rij_ingang": 313,
        "bron": "Begraafplaatsen Zuid-Holland",
        "source_file": "Begraafplaatsen Zuid-Holland- Zuid-Holland.csv"
      },
      "geometry": {
        "type": "Polygon",
        "coordinates": [
          [
            [
              4.69915,
              52.171071
            ],
            [
              4.699257,
              52.171032
            ],
            [
              4.699301,
              52.171045
            ],
            [
              4.699384,
              52.171047
            ],
            [
              4.699522,
              52.171047
            ],
            [
              4.699598,
              52.17102
            ],
            [
              4.699621,
              52.170986
            ],
            [
              4.699807,
              52.17097
            ],
            [
              4.699838,
              52.171006
            ],
            [
              4.699759,
              52.171054
            ],
            [
              4.699649,
              52.171115
            ],
            [
              4.699538,
              52.171163
            ],
            [
              4.699392,
              52.171185
            ],
            [
              4.699261,
              52.171168
            ],
            [
              4.699146,
              52.171127
            ],
            [
              4.698992,
              52.171052
            ],
            [
              4.699051,
              52.171013
            ],
            [
              4.69915,
              52.171071
            ]
          ]
        ]
      }
    },
    {
      "type": "Feature",
      "properties": {
        "id": "zh-0154",
        "naam": "H Adrianusbegraafplaats",
        "plaats_origineel": "Langeraar",
        "plaats": "Langeraar",
        "geruimd": false,
        "geruimd_bron_terrein": false,
        "geruimd_bron_ingang": false,
        "status_conflict": false,
        "oppervlakte_m2": 1824.47,
        "oppervlakte_ha": 0.1824,
        "omtrek_m": 167.45,
        "ingang": {
          "type": "Point",
          "coordinates": [
            4.711453,
            52.193239
          ]
        },
        "ingang_lon": 4.711453,
        "ingang_lat": 52.193239,
        "ingang_koppelwijze": "exact_name_place",
        "ingang_afstand_tot_terrein_m": 0.0,
        "ingang_gedeeld": false,
        "naam_bron_terrein": "H Adrianusbegraafplaats",
        "naam_bron_ingang": "H Adrianusbegraafplaats",
        "bron_rij_terrein": 298,
        "bron_rij_ingang": 314,
        "bron": "Begraafplaatsen Zuid-Holland",
        "source_file": "Begraafplaatsen Zuid-Holland- Zuid-Holland.csv"
      },
      "geometry": {
        "type": "Polygon",
        "coordinates": [
          [
            [
              4.711163,
              52.193133
            ],
            [
              4.711246,
              52.193155
            ],
            [
              4.711262,
              52.193133
            ],
            [
              4.711334,
              52.193152
            ],
            [
              4.711408,
              52.193184
            ],
            [
              4.711489,
              52.193229
            ],
            [
              4.711492,
              52.193278
            ],
            [
              4.71109,
              52.193528
            ],
            [
              4.711053,
              52.193539
            ],
            [
              4.710996,
              52.193536
            ],
            [
              4.710916,
              52.193505
            ],
            [
              4.710594,
              52.193289
            ],
            [
              4.710922,
              52.193085
            ],
            [
              4.711163,
              52.193133
            ]
          ]
        ]
      }
    },
    {
      "type": "Feature",
      "properties": {
        "id": "zh-0155",
        "naam": "Oude algemene begraafplaats",
        "plaats_origineel": "Ameide",
        "plaats": "Ameide",
        "geruimd": false,
        "geruimd_bron_terrein": false,
        "geruimd_bron_ingang": false,
        "status_conflict": false,
        "oppervlakte_m2": 1956.06,
        "oppervlakte_ha": 0.1956,
        "omtrek_m": 183.67,
        "ingang": {
          "type": "Point",
          "coordinates": [
            4.960478,
            51.956842
          ]
        },
        "ingang_lon": 4.960478,
        "ingang_lat": 51.956842,
        "ingang_koppelwijze": "exact_name_place",
        "ingang_afstand_tot_terrein_m": 0.0,
        "ingang_gedeeld": false,
        "naam_bron_terrein": "Oude algemene begraafplaats",
        "naam_bron_ingang": "Oude algemene begraafplaats",
        "bron_rij_terrein": 299,
        "bron_rij_ingang": 315,
        "bron": "Begraafplaatsen Zuid-Holland",
        "source_file": "Begraafplaatsen Zuid-Holland- Zuid-Holland.csv"
      },
      "geometry": {
        "type": "Polygon",
        "coordinates": [
          [
            [
              4.960847,
              51.95713
            ],
            [
              4.960373,
              51.957042
            ],
            [
              4.960628,
              51.956543
            ],
            [
              4.96109,
              51.956628
            ],
            [
              4.960847,
              51.95713
            ]
          ]
        ]
      }
    },
    {
      "type": "Feature",
      "properties": {
        "id": "zh-0156",
        "naam": "Gemeentelijke begraafplaats achter NH kerk",
        "plaats_origineel": "Tienhoven",
        "plaats": "Tienhoven",
        "geruimd": false,
        "geruimd_bron_terrein": false,
        "geruimd_bron_ingang": false,
        "status_conflict": false,
        "oppervlakte_m2": 1459.64,
        "oppervlakte_ha": 0.146,
        "omtrek_m": 160.44,
        "ingang": {
          "type": "Point",
          "coordinates": [
            4.947642,
            51.962062
          ]
        },
        "ingang_lon": 4.947642,
        "ingang_lat": 51.962062,
        "ingang_koppelwijze": "exact_name_place",
        "ingang_afstand_tot_terrein_m": 0.0,
        "ingang_gedeeld": false,
        "naam_bron_terrein": "Gemeentelijke begraafplaats achter NH kerk",
        "naam_bron_ingang": "Gemeentelijke begraafplaats achter NH kerk",
        "bron_rij_terrein": 300,
        "bron_rij_ingang": 316,
        "bron": "Begraafplaatsen Zuid-Holland",
        "source_file": "Begraafplaatsen Zuid-Holland- Zuid-Holland.csv"
      },
      "geometry": {
        "type": "Polygon",
        "coordinates": [
          [
            [
              4.947321,
              51.962032
            ],
            [
              4.947573,
              51.961712
            ],
            [
              4.948118,
              51.96177
            ],
            [
              4.948037,
              51.961945
            ],
            [
              4.947939,
              51.961943
            ],
            [
              4.947888,
              51.962087
            ],
            [
              4.947321,
              51.962032
            ]
          ]
        ]
      }
    },
    {
      "type": "Feature",
      "properties": {
        "id": "zh-0157",
        "naam": "Nieuwe gemeentelijke Begraafplaats",
        "plaats_origineel": "Ameide",
        "plaats": "Ameide",
        "geruimd": false,
        "geruimd_bron_terrein": false,
        "geruimd_bron_ingang": false,
        "status_conflict": false,
        "oppervlakte_m2": 6006.68,
        "oppervlakte_ha": 0.6007,
        "omtrek_m": 359.9,
        "ingang": {
          "type": "Point",
          "coordinates": [
            4.965991,
            51.949349
          ]
        },
        "ingang_lon": 4.965991,
        "ingang_lat": 51.949349,
        "ingang_koppelwijze": "exact_name_place",
        "ingang_afstand_tot_terrein_m": 1.22,
        "ingang_gedeeld": false,
        "naam_bron_terrein": "Nieuwe gemeentelijke Begraafplaats",
        "naam_bron_ingang": "Nieuwe gemeentelijke Begraafplaats",
        "bron_rij_terrein": 301,
        "bron_rij_ingang": 317,
        "bron": "Begraafplaatsen Zuid-Holland",
        "source_file": "Begraafplaatsen Zuid-Holland- Zuid-Holland.csv"
      },
      "geometry": {
        "type": "Polygon",
        "coordinates": [
          [
            [
              4.966037,
              51.949244
            ],
            [
              4.966781,
              51.94932
            ],
            [
              4.966847,
              51.949354
            ],
            [
              4.967764,
              51.949419
            ],
            [
              4.967497,
              51.949834
            ],
            [
              4.966746,
              51.949768
            ],
            [
              4.966643,
              51.949795
            ],
            [
              4.965742,
              51.949726
            ],
            [
              4.965775,
              51.949599
            ],
            [
              4.96594,
              51.949608
            ],
            [
              4.966037,
              51.949244
            ]
          ]
        ]
      }
    },
    {
      "type": "Feature",
      "properties": {
        "id": "zh-0158",
        "naam": "Nieuwe algemene begraafplaats",
        "plaats_origineel": "Wijngaarden",
        "plaats": "Wijngaarden",
        "geruimd": false,
        "geruimd_bron_terrein": false,
        "geruimd_bron_ingang": false,
        "status_conflict": false,
        "oppervlakte_m2": 1860.77,
        "oppervlakte_ha": 0.1861,
        "omtrek_m": 183.1,
        "ingang": {
          "type": "Point",
          "coordinates": [
            4.770973,
            51.845086
          ]
        },
        "ingang_lon": 4.770973,
        "ingang_lat": 51.845086,
        "ingang_koppelwijze": "exact_name_place",
        "ingang_afstand_tot_terrein_m": 0.26,
        "ingang_gedeeld": false,
        "naam_bron_terrein": "Nieuwe algemene begraafplaats",
        "naam_bron_ingang": "Nieuwe algemene begraafplaats",
        "bron_rij_terrein": 302,
        "bron_rij_ingang": 318,
        "bron": "Begraafplaatsen Zuid-Holland",
        "source_file": "Begraafplaatsen Zuid-Holland- Zuid-Holland.csv"
      },
      "geometry": {
        "type": "Polygon",
        "coordinates": [
          [
            [
              4.770761,
              51.845085
            ],
            [
              4.770757,
              51.844499
            ],
            [
              4.771233,
              51.844647
            ],
            [
              4.771237,
              51.845082
            ],
            [
              4.770761,
              51.845085
            ]
          ]
        ]
      }
    },
    {
      "type": "Feature",
      "properties": {
        "id": "zh-0159",
        "naam": "Oude algemene kerkhof",
        "plaats_origineel": "Wijngaarden",
        "plaats": "Wijngaarden",
        "geruimd": false,
        "geruimd_bron_terrein": false,
        "geruimd_bron_ingang": false,
        "status_conflict": false,
        "oppervlakte_m2": 750.65,
        "oppervlakte_ha": 0.0751,
        "omtrek_m": 118.75,
        "ingang": {
          "type": "Point",
          "coordinates": [
            4.764011,
            51.844884
          ]
        },
        "ingang_lon": 4.764011,
        "ingang_lat": 51.844884,
        "ingang_koppelwijze": "exact_name_place",
        "ingang_afstand_tot_terrein_m": 0.19,
        "ingang_gedeeld": false,
        "naam_bron_terrein": "Oude algemene kerkhof",
        "naam_bron_ingang": "Oude algemene kerkhof",
        "bron_rij_terrein": 303,
        "bron_rij_ingang": 335,
        "bron": "Begraafplaatsen Zuid-Holland",
        "source_file": "Begraafplaatsen Zuid-Holland- Zuid-Holland.csv"
      },
      "geometry": {
        "type": "Polygon",
        "coordinates": [
          [
            [
              4.763498,
              51.845078
            ],
            [
              4.763486,
              51.844915
            ],
            [
              4.763806,
              51.844916
            ],
            [
              4.763794,
              51.844888
            ],
            [
              4.763985,
              51.844866
            ],
            [
              4.76404,
              51.84491
            ],
            [
              4.764029,
              51.845082
            ],
            [
              4.763498,
              51.845078
            ]
          ]
        ]
      }
    },
    {
      "type": "Feature",
      "properties": {
        "id": "zh-0160",
        "naam": "RK Begraafplaats St. Martinus",
        "plaats_origineel": "Hillegom",
        "plaats": "Hillegom",
        "geruimd": false,
        "geruimd_bron_terrein": false,
        "geruimd_bron_ingang": false,
        "status_conflict": false,
        "oppervlakte_m2": 5381.59,
        "oppervlakte_ha": 0.5382,
        "omtrek_m": 304.38,
        "ingang": {
          "type": "Point",
          "coordinates": [
            4.582858,
            52.295083
          ]
        },
        "ingang_lon": 4.582858,
        "ingang_lat": 52.295083,
        "ingang_koppelwijze": "exact_name_place",
        "ingang_afstand_tot_terrein_m": 1.29,
        "ingang_gedeeld": false,
        "naam_bron_terrein": "RK Begraafplaats St. Martinus",
        "naam_bron_ingang": "RK Begraafplaats St. Martinus",
        "bron_rij_terrein": 319,
        "bron_rij_ingang": 336,
        "bron": "Begraafplaatsen Zuid-Holland",
        "source_file": "Begraafplaatsen Zuid-Holland- Zuid-Holland.csv"
      },
      "geometry": {
        "type": "Polygon",
        "coordinates": [
          [
            [
              4.583941,
              52.295196
            ],
            [
              4.583281,
              52.295411
            ],
            [
              4.583088,
              52.295284
            ],
            [
              4.583124,
              52.295245
            ],
            [
              4.583066,
              52.295215
            ],
            [
              4.582888,
              52.295087
            ],
            [
              4.582432,
              52.294752
            ],
            [
              4.583152,
              52.294468
            ],
            [
              4.583793,
              52.294966
            ],
            [
              4.583809,
              52.295017
            ],
            [
              4.583848,
              52.29508
            ],
            [
              4.583941,
              52.295196
            ]
          ]
        ]
      }
    },
    {
      "type": "Feature",
      "properties": {
        "id": "zh-0161",
        "naam": "Gemeentelijke begraafplaats",
        "plaats_origineel": "Hillegom",
        "plaats": "Hillegom",
        "geruimd": false,
        "geruimd_bron_terrein": false,
        "geruimd_bron_ingang": false,
        "status_conflict": false,
        "oppervlakte_m2": 7865.42,
        "oppervlakte_ha": 0.7865,
        "omtrek_m": 476.65,
        "ingang": {
          "type": "Point",
          "coordinates": [
            4.573088,
            52.292967
          ]
        },
        "ingang_lon": 4.573088,
        "ingang_lat": 52.292967,
        "ingang_koppelwijze": "exact_name_place",
        "ingang_afstand_tot_terrein_m": 0.0,
        "ingang_gedeeld": false,
        "naam_bron_terrein": "Gemeentelijke begraafplaats",
        "naam_bron_ingang": "Gemeentelijke begraafplaats",
        "bron_rij_terrein": 320,
        "bron_rij_ingang": 337,
        "bron": "Begraafplaatsen Zuid-Holland",
        "source_file": "Begraafplaatsen Zuid-Holland- Zuid-Holland.csv"
      },
      "geometry": {
        "type": "Polygon",
        "coordinates": [
          [
            [
              4.571798,
              52.291816
            ],
            [
              4.571836,
              52.2918
            ],
            [
              4.572475,
              52.291706
            ],
            [
              4.572769,
              52.291996
            ],
            [
              4.573097,
              52.29236
            ],
            [
              4.57266,
              52.292498
            ],
            [
              4.572778,
              52.292609
            ],
            [
              4.573129,
              52.292493
            ],
            [
              4.573321,
              52.292659
            ],
            [
              4.57335,
              52.292669
            ],
            [
              4.573419,
              52.292648
            ],
            [
              4.573578,
              52.292807
            ],
            [
              4.572854,
              52.293048
            ],
            [
              4.572377,
              52.292573
            ],
            [
              4.572342,
              52.292579
            ],
            [
              4.572229,
              52.292475
            ],
            [
              4.571746,
              52.291943
            ],
            [
              4.571727,
              52.291897
            ],
            [
              4.57175,
              52.291859
            ],
            [
              4.571777,
              52.291838
            ],
            [
              4.571798,
              52.291816
            ]
          ]
        ]
      }
    },
    {
      "type": "Feature",
      "properties": {
        "id": "zh-0162",
        "naam": "H. Jozefbegraafplaats",
        "plaats_origineel": "Hillegom",
        "plaats": "Hillegom",
        "geruimd": false,
        "geruimd_bron_terrein": false,
        "geruimd_bron_ingang": false,
        "status_conflict": false,
        "oppervlakte_m2": 2905.01,
        "oppervlakte_ha": 0.2905,
        "omtrek_m": 212.2,
        "ingang": {
          "type": "Point",
          "coordinates": [
            4.579438,
            52.28767
          ]
        },
        "ingang_lon": 4.579438,
        "ingang_lat": 52.28767,
        "ingang_koppelwijze": "exact_name_place",
        "ingang_afstand_tot_terrein_m": 0.0,
        "ingang_gedeeld": false,
        "naam_bron_terrein": "H. Jozefbegraafplaats",
        "naam_bron_ingang": "H. Jozefbegraafplaats",
        "bron_rij_terrein": 321,
        "bron_rij_ingang": 338,
        "bron": "Begraafplaatsen Zuid-Holland",
        "source_file": "Begraafplaatsen Zuid-Holland- Zuid-Holland.csv"
      },
      "geometry": {
        "type": "Polygon",
        "coordinates": [
          [
            [
              4.579558,
              52.287984
            ],
            [
              4.579443,
              52.287918
            ],
            [
              4.579367,
              52.287859
            ],
            [
              4.579338,
              52.287773
            ],
            [
              4.579364,
              52.287737
            ],
            [
              4.579428,
              52.287693
            ],
            [
              4.579386,
              52.287618
            ],
            [
              4.579786,
              52.287437
            ],
            [
              4.57987,
              52.287419
            ],
            [
              4.580124,
              52.287458
            ],
            [
              4.580427,
              52.287676
            ],
            [
              4.580331,
              52.287747
            ],
            [
              4.580098,
              52.287821
            ],
            [
              4.579901,
              52.287885
            ],
            [
              4.579921,
              52.287902
            ],
            [
              4.57964,
              52.288002
            ],
            [
              4.579558,
              52.287984
            ]
          ]
        ]
      }
    },
    {
      "type": "Feature",
      "properties": {
        "id": "zh-0163",
        "naam": "Kerkhof Onbevlekt Hart van Maria",
        "plaats_origineel": "Lisse",
        "plaats": "Lisse",
        "geruimd": false,
        "geruimd_bron_terrein": false,
        "geruimd_bron_ingang": false,
        "status_conflict": false,
        "oppervlakte_m2": 3238.09,
        "oppervlakte_ha": 0.3238,
        "omtrek_m": 442.54,
        "ingang": {
          "type": "Point",
          "coordinates": [
            4.563778,
            52.260553
          ]
        },
        "ingang_lon": 4.563778,
        "ingang_lat": 52.260553,
        "ingang_koppelwijze": "exact_name_place",
        "ingang_afstand_tot_terrein_m": 0.0,
        "ingang_gedeeld": false,
        "naam_bron_terrein": "Kerkhof Onbevlekt Hart van Maria",
        "naam_bron_ingang": "Kerkhof Onbevlekt Hart van Maria",
        "bron_rij_terrein": 322,
        "bron_rij_ingang": 339,
        "bron": "Begraafplaatsen Zuid-Holland",
        "source_file": "Begraafplaatsen Zuid-Holland- Zuid-Holland.csv"
      },
      "geometry": {
        "type": "Polygon",
        "coordinates": [
          [
            [
              4.563394,
              52.260716
            ],
            [
              4.563434,
              52.260683
            ],
            [
              4.563611,
              52.260603
            ],
            [
              4.56369,
              52.260593
            ],
            [
              4.563855,
              52.260511
            ],
            [
              4.564195,
              52.260369
            ],
            [
              4.564567,
              52.260838
            ],
            [
              4.564338,
              52.260923
            ],
            [
              4.564171,
              52.260757
            ],
            [
              4.564056,
              52.260688
            ],
            [
              4.563857,
              52.260513
            ],
            [
              4.563691,
              52.260597
            ],
            [
              4.563834,
              52.26072
            ],
            [
              4.563851,
              52.260768
            ],
            [
              4.563751,
              52.260814
            ],
            [
              4.564125,
              52.261131
            ],
            [
              4.564211,
              52.261094
            ],
            [
              4.564254,
              52.261095
            ],
            [
              4.56431,
              52.261095
            ],
            [
              4.564342,
              52.261075
            ],
            [
              4.564354,
              52.261048
            ],
            [
              4.564361,
              52.261038
            ],
            [
              4.564463,
              52.26113
            ],
            [
              4.563898,
              52.261319
            ],
            [
              4.563394,
              52.260716
            ]
          ]
        ]
      }
    },
    {
      "type": "Feature",
      "properties": {
        "id": "zh-0164",
        "naam": "Kerkhof Onze Lieve Vrouw Presentatie",
        "plaats_origineel": "Roelofarendsveen",
        "plaats": "Roelofarendsveen",
        "geruimd": false,
        "geruimd_bron_terrein": false,
        "geruimd_bron_ingang": false,
        "status_conflict": false,
        "oppervlakte_m2": 1676.34,
        "oppervlakte_ha": 0.1676,
        "omtrek_m": 181.5,
        "ingang": {
          "type": "Point",
          "coordinates": [
            4.624608,
            52.202889
          ]
        },
        "ingang_lon": 4.624608,
        "ingang_lat": 52.202889,
        "ingang_koppelwijze": "exact_name_place",
        "ingang_afstand_tot_terrein_m": 0.1,
        "ingang_gedeeld": false,
        "naam_bron_terrein": "Kerkhof Onze Lieve Vrouw Presentatie",
        "naam_bron_ingang": "Kerkhof Onze Lieve Vrouw Presentatie",
        "bron_rij_terrein": 323,
        "bron_rij_ingang": 340,
        "bron": "Begraafplaatsen Zuid-Holland",
        "source_file": "Begraafplaatsen Zuid-Holland- Zuid-Holland.csv"
      },
      "geometry": {
        "type": "Polygon",
        "coordinates": [
          [
            [
              4.624006,
              52.202937
            ],
            [
              4.624122,
              52.20252
            ],
            [
              4.624637,
              52.202553
            ],
            [
              4.624618,
              52.202611
            ],
            [
              4.624574,
              52.202605
            ],
            [
              4.624513,
              52.202859
            ],
            [
              4.624613,
              52.202867
            ],
            [
              4.624575,
              52.202995
            ],
            [
              4.624006,
              52.202937
            ]
          ]
        ]
      }
    },
    {
      "type": "Feature",
      "properties": {
        "id": "zh-0165",
        "naam": "Sint Petrus' Bandenbegraafplaats",
        "plaats_origineel": "Roelofarendsveen",
        "plaats": "Roelofarendsveen",
        "geruimd": false,
        "geruimd_bron_terrein": false,
        "geruimd_bron_ingang": false,
        "status_conflict": false,
        "oppervlakte_m2": 2584.47,
        "oppervlakte_ha": 0.2584,
        "omtrek_m": 284.29,
        "ingang": {
          "type": "Point",
          "coordinates": [
            4.629542,
            52.195229
          ]
        },
        "ingang_lon": 4.629542,
        "ingang_lat": 52.195229,
        "ingang_koppelwijze": "exact_name_place",
        "ingang_afstand_tot_terrein_m": 0.0,
        "ingang_gedeeld": false,
        "naam_bron_terrein": "Sint Petrus' Bandenbegraafplaats",
        "naam_bron_ingang": "Sint Petrus' Bandenbegraafplaats",
        "bron_rij_terrein": 324,
        "bron_rij_ingang": 341,
        "bron": "Begraafplaatsen Zuid-Holland",
        "source_file": "Begraafplaatsen Zuid-Holland- Zuid-Holland.csv"
      },
      "geometry": {
        "type": "Polygon",
        "coordinates": [
          [
            [
              4.629482,
              52.195726
            ],
            [
              4.629522,
              52.195516
            ],
            [
              4.629561,
              52.195522
            ],
            [
              4.629585,
              52.195451
            ],
            [
              4.629563,
              52.195448
            ],
            [
              4.629519,
              52.195439
            ],
            [
              4.629542,
              52.195133
            ],
            [
              4.630279,
              52.195139
            ],
            [
              4.630284,
              52.195431
            ],
            [
              4.630266,
              52.195459
            ],
            [
              4.630142,
              52.19548
            ],
            [
              4.630036,
              52.195499
            ],
            [
              4.629629,
              52.195456
            ],
            [
              4.629611,
              52.195535
            ],
            [
              4.629978,
              52.195577
            ],
            [
              4.629944,
              52.195689
            ],
            [
              4.629789,
              52.195743
            ],
            [
              4.629482,
              52.195726
            ]
          ]
        ]
      }
    },
    {
      "type": "Feature",
      "properties": {
        "id": "zh-0166",
        "naam": "NH Kerkhof",
        "plaats_origineel": "Voorhout",
        "plaats": "Voorhout",
        "geruimd": false,
        "geruimd_bron_terrein": false,
        "geruimd_bron_ingang": false,
        "status_conflict": false,
        "oppervlakte_m2": 1010.79,
        "oppervlakte_ha": 0.1011,
        "omtrek_m": 171.44,
        "ingang": {
          "type": "Point",
          "coordinates": [
            4.483606,
            52.221491
          ]
        },
        "ingang_lon": 4.483606,
        "ingang_lat": 52.221491,
        "ingang_koppelwijze": "exact_name_place",
        "ingang_afstand_tot_terrein_m": 0.55,
        "ingang_gedeeld": false,
        "naam_bron_terrein": "NH Kerkhof",
        "naam_bron_ingang": "NH Kerkhof",
        "bron_rij_terrein": 325,
        "bron_rij_ingang": 342,
        "bron": "Begraafplaatsen Zuid-Holland",
        "source_file": "Begraafplaatsen Zuid-Holland- Zuid-Holland.csv"
      },
      "geometry": {
        "type": "Polygon",
        "coordinates": [
          [
            [
              4.483137,
              52.221665
            ],
            [
              4.48318,
              52.221518
            ],
            [
              4.483381,
              52.22153
            ],
            [
              4.483427,
              52.221506
            ],
            [
              4.483462,
              52.221461
            ],
            [
              4.483431,
              52.221428
            ],
            [
              4.483388,
              52.221409
            ],
            [
              4.483199,
              52.22139
            ],
            [
              4.483218,
              52.221272
            ],
            [
              4.483218,
              52.221232
            ],
            [
              4.483404,
              52.221251
            ],
            [
              4.48355,
              52.221296
            ],
            [
              4.483666,
              52.221388
            ],
            [
              4.483524,
              52.221601
            ],
            [
              4.483423,
              52.221661
            ],
            [
              4.483327,
              52.221687
            ],
            [
              4.483203,
              52.221682
            ],
            [
              4.483137,
              52.221665
            ]
          ]
        ]
      }
    },
    {
      "type": "Feature",
      "properties": {
        "id": "zh-0167",
        "naam": "RK Kerkhof",
        "plaats_origineel": "Voorhout",
        "plaats": "Voorhout",
        "geruimd": false,
        "geruimd_bron_terrein": false,
        "geruimd_bron_ingang": false,
        "status_conflict": false,
        "oppervlakte_m2": 1035.99,
        "oppervlakte_ha": 0.1036,
        "omtrek_m": 134.61,
        "ingang": {
          "type": "Point",
          "coordinates": [
            4.482641,
            52.221239
          ]
        },
        "ingang_lon": 4.482641,
        "ingang_lat": 52.221239,
        "ingang_koppelwijze": "exact_name_place",
        "ingang_afstand_tot_terrein_m": 0.0,
        "ingang_gedeeld": false,
        "naam_bron_terrein": "RK Kerkhof",
        "naam_bron_ingang": "RK Kerkhof",
        "bron_rij_terrein": 326,
        "bron_rij_ingang": 343,
        "bron": "Begraafplaatsen Zuid-Holland",
        "source_file": "Begraafplaatsen Zuid-Holland- Zuid-Holland.csv"
      },
      "geometry": {
        "type": "Polygon",
        "coordinates": [
          [
            [
              4.482556,
              52.221304
            ],
            [
              4.482689,
              52.221201
            ],
            [
              4.482643,
              52.22113
            ],
            [
              4.482841,
              52.221041
            ],
            [
              4.483238,
              52.221178
            ],
            [
              4.483223,
              52.221251
            ],
            [
              4.483184,
              52.221357
            ],
            [
              4.482556,
              52.221304
            ]
          ]
        ]
      }
    },
    {
      "type": "Feature",
      "properties": {
        "id": "zh-0168",
        "naam": "Particuliere alg. begraafplaats",
        "plaats_origineel": "Voorhout",
        "plaats": "Voorhout",
        "geruimd": false,
        "geruimd_bron_terrein": false,
        "geruimd_bron_ingang": false,
        "status_conflict": false,
        "oppervlakte_m2": 3301.56,
        "oppervlakte_ha": 0.3302,
        "omtrek_m": 239.05,
        "ingang": {
          "type": "Point",
          "coordinates": [
            4.482984,
            52.220945
          ]
        },
        "ingang_lon": 4.482984,
        "ingang_lat": 52.220945,
        "ingang_koppelwijze": "exact_name_place",
        "ingang_afstand_tot_terrein_m": 0.51,
        "ingang_gedeeld": false,
        "naam_bron_terrein": "Particuliere alg. begraafplaats",
        "naam_bron_ingang": "Particuliere alg. begraafplaats",
        "bron_rij_terrein": 327,
        "bron_rij_ingang": 344,
        "bron": "Begraafplaatsen Zuid-Holland",
        "source_file": "Begraafplaatsen Zuid-Holland- Zuid-Holland.csv"
      },
      "geometry": {
        "type": "Polygon",
        "coordinates": [
          [
            [
              4.48406,
              52.220972
            ],
            [
              4.483692,
              52.221383
            ],
            [
              4.48357,
              52.221285
            ],
            [
              4.483425,
              52.22124
            ],
            [
              4.483256,
              52.221223
            ],
            [
              4.483258,
              52.221178
            ],
            [
              4.48286,
              52.221031
            ],
            [
              4.483457,
              52.220649
            ],
            [
              4.48406,
              52.220972
            ]
          ]
        ]
      }
    },
    {
      "type": "Feature",
      "properties": {
        "id": "zh-0169",
        "naam": "Begraafplaats Broederhuis Nieuw Schoonoord",
        "plaats_origineel": "Voorhout",
        "plaats": "Voorhout",
        "geruimd": false,
        "geruimd_bron_terrein": false,
        "geruimd_bron_ingang": false,
        "status_conflict": false,
        "oppervlakte_m2": 431.23,
        "oppervlakte_ha": 0.0431,
        "omtrek_m": 89.52,
        "ingang": {
          "type": "Point",
          "coordinates": [
            4.474021,
            52.220233
          ]
        },
        "ingang_lon": 4.474021,
        "ingang_lat": 52.220233,
        "ingang_koppelwijze": "exact_name_place",
        "ingang_afstand_tot_terrein_m": 0.3,
        "ingang_gedeeld": false,
        "naam_bron_terrein": "Begraafplaats Broederhuis Nieuw Schoonoord",
        "naam_bron_ingang": "Begraafplaats Broederhuis Nieuw Schoonoord",
        "bron_rij_terrein": 328,
        "bron_rij_ingang": 345,
        "bron": "Begraafplaatsen Zuid-Holland",
        "source_file": "Begraafplaatsen Zuid-Holland- Zuid-Holland.csv"
      },
      "geometry": {
        "type": "Polygon",
        "coordinates": [
          [
            [
              4.473908,
              52.220146
            ],
            [
              4.47415,
              52.220342
            ],
            [
              4.473969,
              52.220425
            ],
            [
              4.473884,
              52.22035
            ],
            [
              4.473864,
              52.22036
            ],
            [
              4.473841,
              52.22036
            ],
            [
              4.473818,
              52.220356
            ],
            [
              4.473799,
              52.220345
            ],
            [
              4.473795,
              52.220327
            ],
            [
              4.473813,
              52.220309
            ],
            [
              4.473821,
              52.220303
            ],
            [
              4.473741,
              52.220229
            ],
            [
              4.473908,
              52.220146
            ]
          ]
        ]
      }
    },
    {
      "type": "Feature",
      "properties": {
        "id": "zh-0170",
        "naam": "RK begraafplaats",
        "plaats_origineel": "Noordwijk",
        "plaats": "Noordwijk",
        "geruimd": false,
        "geruimd_bron_terrein": false,
        "geruimd_bron_ingang": false,
        "status_conflict": false,
        "oppervlakte_m2": 9700.71,
        "oppervlakte_ha": 0.9701,
        "omtrek_m": 450.49,
        "ingang": {
          "type": "Point",
          "coordinates": [
            4.455039,
            52.237868
          ]
        },
        "ingang_lon": 4.455039,
        "ingang_lat": 52.237868,
        "ingang_koppelwijze": "exact_name_place",
        "ingang_afstand_tot_terrein_m": 0.6,
        "ingang_gedeeld": false,
        "naam_bron_terrein": "RK begraafplaats",
        "naam_bron_ingang": "RK begraafplaats",
        "bron_rij_terrein": 329,
        "bron_rij_ingang": 346,
        "bron": "Begraafplaatsen Zuid-Holland",
        "source_file": "Begraafplaatsen Zuid-Holland- Zuid-Holland.csv"
      },
      "geometry": {
        "type": "Polygon",
        "coordinates": [
          [
            [
              4.454456,
              52.238485
            ],
            [
              4.453978,
              52.238746
            ],
            [
              4.45377,
              52.238834
            ],
            [
              4.453675,
              52.238857
            ],
            [
              4.453541,
              52.23886
            ],
            [
              4.453492,
              52.238837
            ],
            [
              4.453466,
              52.238799
            ],
            [
              4.453431,
              52.238766
            ],
            [
              4.453378,
              52.238731
            ],
            [
              4.453307,
              52.2387
            ],
            [
              4.45322,
              52.23868
            ],
            [
              4.453057,
              52.238667
            ],
            [
              4.452769,
              52.238633
            ],
            [
              4.454692,
              52.237611
            ],
            [
              4.454987,
              52.237814
            ],
            [
              4.454984,
              52.237836
            ],
            [
              4.455274,
              52.238049
            ],
            [
              4.454456,
              52.238485
            ]
          ]
        ]
      }
    },
    {
      "type": "Feature",
      "properties": {
        "id": "zh-0171",
        "naam": "St. Victorbegraafplaats",
        "plaats_origineel": "Noordwijkerhout",
        "plaats": "Noordwijkerhout",
        "geruimd": false,
        "geruimd_bron_terrein": false,
        "geruimd_bron_ingang": false,
        "status_conflict": false,
        "oppervlakte_m2": 2680.15,
        "oppervlakte_ha": 0.268,
        "omtrek_m": 207.45,
        "ingang": {
          "type": "Point",
          "coordinates": [
            4.489595,
            52.250888
          ]
        },
        "ingang_lon": 4.489595,
        "ingang_lat": 52.250888,
        "ingang_koppelwijze": "exact_name_place",
        "ingang_afstand_tot_terrein_m": 0.39,
        "ingang_gedeeld": false,
        "naam_bron_terrein": "St. Victorbegraafplaats",
        "naam_bron_ingang": "St. Victorbegraafplaats",
        "bron_rij_terrein": 330,
        "bron_rij_ingang": 347,
        "bron": "Begraafplaatsen Zuid-Holland",
        "source_file": "Begraafplaatsen Zuid-Holland- Zuid-Holland.csv"
      },
      "geometry": {
        "type": "Polygon",
        "coordinates": [
          [
            [
              4.489817,
              52.251056
            ],
            [
              4.489371,
              52.250707
            ],
            [
              4.490012,
              52.250393
            ],
            [
              4.490418,
              52.250765
            ],
            [
              4.489817,
              52.251056
            ]
          ]
        ]
      }
    },
    {
      "type": "Feature",
      "properties": {
        "id": "zh-0172",
        "naam": "St. Bavobegraafplaats",
        "plaats_origineel": "Noordwijkerhout",
        "plaats": "Noordwijkerhout",
        "geruimd": false,
        "geruimd_bron_terrein": false,
        "geruimd_bron_ingang": false,
        "status_conflict": false,
        "oppervlakte_m2": 1991.57,
        "oppervlakte_ha": 0.1992,
        "omtrek_m": 189.65,
        "ingang": {
          "type": "Point",
          "coordinates": [
            4.492979,
            52.268992
          ]
        },
        "ingang_lon": 4.492979,
        "ingang_lat": 52.268992,
        "ingang_koppelwijze": "exact_name_place",
        "ingang_afstand_tot_terrein_m": 0.0,
        "ingang_gedeeld": false,
        "naam_bron_terrein": "St. Bavobegraafplaats",
        "naam_bron_ingang": "St. Bavobegraafplaats",
        "bron_rij_terrein": 331,
        "bron_rij_ingang": 348,
        "bron": "Begraafplaatsen Zuid-Holland",
        "source_file": "Begraafplaatsen Zuid-Holland- Zuid-Holland.csv"
      },
      "geometry": {
        "type": "Polygon",
        "coordinates": [
          [
            [
              4.493399,
              52.269499
            ],
            [
              4.492784,
              52.269072
            ],
            [
              4.493145,
              52.268884
            ],
            [
              4.49374,
              52.269322
            ],
            [
              4.493399,
              52.269499
            ]
          ]
        ]
      }
    },
    {
      "type": "Feature",
      "properties": {
        "id": "zh-0173",
        "naam": "RK begraafplaats",
        "plaats_origineel": "Gouda",
        "plaats": "Gouda",
        "geruimd": false,
        "geruimd_bron_terrein": false,
        "geruimd_bron_ingang": false,
        "status_conflict": false,
        "oppervlakte_m2": 5326.35,
        "oppervlakte_ha": 0.5326,
        "omtrek_m": 377.33,
        "ingang": {
          "type": "Point",
          "coordinates": [
            4.719028,
            52.018108
          ]
        },
        "ingang_lon": 4.719028,
        "ingang_lat": 52.018108,
        "ingang_koppelwijze": "exact_name_place",
        "ingang_afstand_tot_terrein_m": 0.0,
        "ingang_gedeeld": false,
        "naam_bron_terrein": "RK begraafplaats",
        "naam_bron_ingang": "RK begraafplaats",
        "bron_rij_terrein": 332,
        "bron_rij_ingang": 349,
        "bron": "Begraafplaatsen Zuid-Holland",
        "source_file": "Begraafplaatsen Zuid-Holland- Zuid-Holland.csv"
      },
      "geometry": {
        "type": "Polygon",
        "coordinates": [
          [
            [
              4.718738,
              52.01809
            ],
            [
              4.718812,
              52.017858
            ],
            [
              4.719082,
              52.016802
            ],
            [
              4.719532,
              52.016773
            ],
            [
              4.719514,
              52.016849
            ],
            [
              4.7196,
              52.016863
            ],
            [
              4.719352,
              52.017911
            ],
            [
              4.719304,
              52.018052
            ],
            [
              4.719065,
              52.018031
            ],
            [
              4.719038,
              52.018125
            ],
            [
              4.718989,
              52.018108
            ],
            [
              4.718977,
              52.018125
            ],
            [
              4.7189,
              52.018105
            ],
            [
              4.718891,
              52.018118
            ],
            [
              4.718819,
              52.018098
            ],
            [
              4.718807,
              52.018109
            ],
            [
              4.718738,
              52.01809
            ]
          ]
        ]
      }
    },
    {
      "type": "Feature",
      "properties": {
        "id": "zh-0174",
        "naam": "Oude alg. begraafplaats",
        "plaats_origineel": "Gouda",
        "plaats": "Gouda",
        "geruimd": false,
        "geruimd_bron_terrein": false,
        "geruimd_bron_ingang": false,
        "status_conflict": false,
        "oppervlakte_m2": 6899.8,
        "oppervlakte_ha": 0.69,
        "omtrek_m": 385.46,
        "ingang": {
          "type": "Point",
          "coordinates": [
            4.706825,
            52.006175
          ]
        },
        "ingang_lon": 4.706825,
        "ingang_lat": 52.006175,
        "ingang_koppelwijze": "exact_name_place",
        "ingang_afstand_tot_terrein_m": 0.34,
        "ingang_gedeeld": false,
        "naam_bron_terrein": "Oude alg. begraafplaats",
        "naam_bron_ingang": "Oude alg. begraafplaats",
        "bron_rij_terrein": 333,
        "bron_rij_ingang": 350,
        "bron": "Begraafplaatsen Zuid-Holland",
        "source_file": "Begraafplaatsen Zuid-Holland- Zuid-Holland.csv"
      },
      "geometry": {
        "type": "Polygon",
        "coordinates": [
          [
            [
              4.707141,
              52.005936
            ],
            [
              4.706704,
              52.00626
            ],
            [
              4.705005,
              52.005407
            ],
            [
              4.705296,
              52.005236
            ],
            [
              4.705411,
              52.005178
            ],
            [
              4.705501,
              52.00515
            ],
            [
              4.705501,
              52.005148
            ],
            [
              4.705633,
              52.005177
            ],
            [
              4.707141,
              52.005936
            ]
          ]
        ]
      }
    },
    {
      "type": "Feature",
      "properties": {
        "id": "zh-0175",
        "naam": "Gem. begraafplaats Lageweg",
        "plaats_origineel": "Ouderkerk aan de IJssel",
        "plaats": "Ouderkerk aan de IJssel",
        "geruimd": false,
        "geruimd_bron_terrein": false,
        "geruimd_bron_ingang": false,
        "status_conflict": false,
        "oppervlakte_m2": 22064.17,
        "oppervlakte_ha": 2.2064,
        "omtrek_m": 744.56,
        "ingang": {
          "type": "Point",
          "coordinates": [
            4.643718,
            51.966578
          ]
        },
        "ingang_lon": 4.643718,
        "ingang_lat": 51.966578,
        "ingang_koppelwijze": "exact_name_place",
        "ingang_afstand_tot_terrein_m": 0.0,
        "ingang_gedeeld": false,
        "naam_bron_terrein": "Gem. begraafplaats Lageweg",
        "naam_bron_ingang": "Gem. begraafplaats Lageweg",
        "bron_rij_terrein": 334,
        "bron_rij_ingang": 373,
        "bron": "Begraafplaatsen Zuid-Holland",
        "source_file": "Begraafplaatsen Zuid-Holland- Zuid-Holland.csv"
      },
      "geometry": {
        "type": "Polygon",
        "coordinates": [
          [
            [
              4.639673,
              51.967636
            ],
            [
              4.639605,
              51.967571
            ],
            [
              4.639566,
              51.967544
            ],
            [
              4.639539,
              51.96753
            ],
            [
              4.639503,
              51.967495
            ],
            [
              4.639503,
              51.967463
            ],
            [
              4.639518,
              51.96741
            ],
            [
              4.639499,
              51.967363
            ],
            [
              4.639704,
              51.967332
            ],
            [
              4.639662,
              51.967209
            ],
            [
              4.642888,
              51.966704
            ],
            [
              4.642958,
              51.966699
            ],
            [
              4.643011,
              51.966701
            ],
            [
              4.643067,
              51.966714
            ],
            [
              4.643144,
              51.966772
            ],
            [
              4.643173,
              51.966808
            ],
            [
              4.643396,
              51.966724
            ],
            [
              4.643706,
              51.966568
            ],
            [
              4.64381,
              51.966638
            ],
            [
              4.643813,
              51.966662
            ],
            [
              4.643887,
              51.966728
            ],
            [
              4.643908,
              51.96676
            ],
            [
              4.643911,
              51.966789
            ],
            [
              4.643913,
              51.966824
            ],
            [
              4.643885,
              51.966871
            ],
            [
              4.64381,
              51.966947
            ],
            [
              4.643801,
              51.966983
            ],
            [
              4.643801,
              51.967057
            ],
            [
              4.643812,
              51.967143
            ],
            [
              4.643785,
              51.967193
            ],
            [
              4.643394,
              51.967266
            ],
            [
              4.643287,
              51.967296
            ],
            [
              4.643235,
              51.967328
            ],
            [
              4.640231,
              51.967892
            ],
            [
              4.640181,
              51.967892
            ],
            [
              4.64004,
              51.967833
            ],
            [
              4.639812,
              51.967712
            ],
            [
              4.639746,
              51.967674
            ],
            [
              4.639673,
              51.967636
            ]
          ]
        ]
      }
    },
    {
      "type": "Feature",
      "properties": {
        "id": "zh-0176",
        "naam": "Nieuwe gem. begraafplaats",
        "plaats_origineel": "Ouderkerk aan den IJssel",
        "plaats": "Ouderkerk aan den IJssel",
        "geruimd": false,
        "geruimd_bron_terrein": false,
        "geruimd_bron_ingang": false,
        "status_conflict": false,
        "oppervlakte_m2": 7120.7,
        "oppervlakte_ha": 0.7121,
        "omtrek_m": 490.46,
        "ingang": {
          "type": "Point",
          "coordinates": [
            4.637408,
            51.937159
          ]
        },
        "ingang_lon": 4.637408,
        "ingang_lat": 51.937159,
        "ingang_koppelwijze": "exact_name_place",
        "ingang_afstand_tot_terrein_m": 28.74,
        "ingang_gedeeld": false,
        "naam_bron_terrein": "Nieuwe gem. begraafplaats",
        "naam_bron_ingang": "Nieuwe gem. begraafplaats",
        "bron_rij_terrein": 351,
        "bron_rij_ingang": 374,
        "bron": "Begraafplaatsen Zuid-Holland",
        "source_file": "Begraafplaatsen Zuid-Holland- Zuid-Holland.csv"
      },
      "geometry": {
        "type": "Polygon",
        "coordinates": [
          [
            [
              4.637892,
              51.93709
            ],
            [
              4.637572,
              51.936897
            ],
            [
              4.639797,
              51.935572
            ],
            [
              4.640156,
              51.935815
            ],
            [
              4.637892,
              51.93709
            ]
          ]
        ]
      }
    },
    {
      "type": "Feature",
      "properties": {
        "id": "zh-0177",
        "naam": "Oude alg. begraafplaats",
        "plaats_origineel": "Ouderkerk aan den IJssel",
        "plaats": "Ouderkerk aan den IJssel",
        "geruimd": false,
        "geruimd_bron_terrein": false,
        "geruimd_bron_ingang": false,
        "status_conflict": false,
        "oppervlakte_m2": 2026.63,
        "oppervlakte_ha": 0.2027,
        "omtrek_m": 220.87,
        "ingang": {
          "type": "Point",
          "coordinates": [
            4.63839,
            51.942049
          ]
        },
        "ingang_lon": 4.63839,
        "ingang_lat": 51.942049,
        "ingang_koppelwijze": "exact_name_place",
        "ingang_afstand_tot_terrein_m": 1.25,
        "ingang_gedeeld": false,
        "naam_bron_terrein": "Oude alg. begraafplaats",
        "naam_bron_ingang": "Oude alg. begraafplaats",
        "bron_rij_terrein": 352,
        "bron_rij_ingang": 375,
        "bron": "Begraafplaatsen Zuid-Holland",
        "source_file": "Begraafplaatsen Zuid-Holland- Zuid-Holland.csv"
      },
      "geometry": {
        "type": "Polygon",
        "coordinates": [
          [
            [
              4.638443,
              51.942118
            ],
            [
              4.638339,
              51.941907
            ],
            [
              4.638527,
              51.94185
            ],
            [
              4.638675,
              51.941791
            ],
            [
              4.638881,
              51.941633
            ],
            [
              4.639007,
              51.94156
            ],
            [
              4.639167,
              51.941488
            ],
            [
              4.639244,
              51.941448
            ],
            [
              4.639461,
              51.941565
            ],
            [
              4.63866,
              51.942081
            ],
            [
              4.638443,
              51.942118
            ]
          ]
        ]
      }
    },
    {
      "type": "Feature",
      "properties": {
        "id": "zh-0178",
        "naam": "Gem. begraafplaats Vredehof",
        "plaats_origineel": "Bodegraven",
        "plaats": "Bodegraven",
        "geruimd": false,
        "geruimd_bron_terrein": false,
        "geruimd_bron_ingang": false,
        "status_conflict": false,
        "oppervlakte_m2": 26618.51,
        "oppervlakte_ha": 2.6619,
        "omtrek_m": 681.36,
        "ingang": {
          "type": "Point",
          "coordinates": [
            4.760098,
            52.08295
          ]
        },
        "ingang_lon": 4.760098,
        "ingang_lat": 52.08295,
        "ingang_koppelwijze": "spatial_name_variant",
        "ingang_afstand_tot_terrein_m": 0.91,
        "ingang_gedeeld": false,
        "naam_bron_terrein": "Gem. begraafplaats Vredehof",
        "naam_bron_ingang": "Gem. begraafplaats",
        "bron_rij_terrein": 353,
        "bron_rij_ingang": 376,
        "bron": "Begraafplaatsen Zuid-Holland",
        "source_file": "Begraafplaatsen Zuid-Holland- Zuid-Holland.csv"
      },
      "geometry": {
        "type": "Polygon",
        "coordinates": [
          [
            [
              4.760572,
              52.084859
            ],
            [
              4.75993,
              52.083826
            ],
            [
              4.760019,
              52.083797
            ],
            [
              4.759904,
              52.083618
            ],
            [
              4.759984,
              52.08359
            ],
            [
              4.759884,
              52.083398
            ],
            [
              4.759959,
              52.083376
            ],
            [
              4.759753,
              52.083027
            ],
            [
              4.760197,
              52.082939
            ],
            [
              4.760579,
              52.082853
            ],
            [
              4.761355,
              52.082697
            ],
            [
              4.762355,
              52.084469
            ],
            [
              4.760572,
              52.084859
            ]
          ]
        ]
      }
    },
    {
      "type": "Feature",
      "properties": {
        "id": "zh-0179",
        "naam": "Nieuwe gem. begraafplaats",
        "plaats_origineel": "Leiderdorp",
        "plaats": "Leiderdorp",
        "geruimd": false,
        "geruimd_bron_terrein": false,
        "geruimd_bron_ingang": false,
        "status_conflict": false,
        "oppervlakte_m2": 14514.08,
        "oppervlakte_ha": 1.4514,
        "omtrek_m": 533.88,
        "ingang": {
          "type": "Point",
          "coordinates": [
            4.533487,
            52.153202
          ]
        },
        "ingang_lon": 4.533487,
        "ingang_lat": 52.153202,
        "ingang_koppelwijze": "exact_name_place",
        "ingang_afstand_tot_terrein_m": 18.19,
        "ingang_gedeeld": false,
        "naam_bron_terrein": "Nieuwe gem. begraafplaats",
        "naam_bron_ingang": "Nieuwe gem. begraafplaats",
        "bron_rij_terrein": 354,
        "bron_rij_ingang": 377,
        "bron": "Begraafplaatsen Zuid-Holland",
        "source_file": "Begraafplaatsen Zuid-Holland- Zuid-Holland.csv"
      },
      "geometry": {
        "type": "Polygon",
        "coordinates": [
          [
            [
              4.533749,
              52.153243
            ],
            [
              4.534946,
              52.153425
            ],
            [
              4.535355,
              52.153454
            ],
            [
              4.535357,
              52.153514
            ],
            [
              4.535956,
              52.153535
            ],
            [
              4.536333,
              52.153562
            ],
            [
              4.536553,
              52.153617
            ],
            [
              4.536579,
              52.153633
            ],
            [
              4.536574,
              52.153669
            ],
            [
              4.536557,
              52.153704
            ],
            [
              4.536505,
              52.153742
            ],
            [
              4.536325,
              52.153862
            ],
            [
              4.536382,
              52.153921
            ],
            [
              4.536104,
              52.154046
            ],
            [
              4.535657,
              52.154217
            ],
            [
              4.535127,
              52.15442
            ],
            [
              4.533494,
              52.153582
            ],
            [
              4.533749,
              52.153243
            ]
          ]
        ]
      }
    },
    {
      "type": "Feature",
      "properties": {
        "id": "zh-0180",
        "naam": "Uitbreiding nw. Gem. begraafplaats (overzijde weg)",
        "plaats_origineel": "Leiderdorp",
        "plaats": "Leiderdorp",
        "geruimd": false,
        "geruimd_bron_terrein": false,
        "geruimd_bron_ingang": false,
        "status_conflict": false,
        "oppervlakte_m2": 6488.57,
        "oppervlakte_ha": 0.6489,
        "omtrek_m": 334.81,
        "ingang": {
          "type": "Point",
          "coordinates": [
            4.533669,
            52.1531
          ]
        },
        "ingang_lon": 4.533669,
        "ingang_lat": 52.1531,
        "ingang_koppelwijze": "spatial_name_variant",
        "ingang_afstand_tot_terrein_m": 0.0,
        "ingang_gedeeld": false,
        "naam_bron_terrein": "Uitbreiding nw. Gem. begraafplaats (overzijde weg)",
        "naam_bron_ingang": "Uitbreiding gem. begraafplaats",
        "bron_rij_terrein": 355,
        "bron_rij_ingang": 378,
        "bron": "Begraafplaatsen Zuid-Holland",
        "source_file": "Begraafplaatsen Zuid-Holland- Zuid-Holland.csv"
      },
      "geometry": {
        "type": "Polygon",
        "coordinates": [
          [
            [
              4.533396,
              52.153058
            ],
            [
              4.534217,
              52.152172
            ],
            [
              4.53506,
              52.152561
            ],
            [
              4.534241,
              52.153189
            ],
            [
              4.533396,
              52.153058
            ]
          ]
        ]
      }
    },
    {
      "type": "Feature",
      "properties": {
        "id": "zh-0181",
        "naam": "Gem. kerkhof",
        "plaats_origineel": "Leiderdorp",
        "plaats": "Leiderdorp",
        "geruimd": false,
        "geruimd_bron_terrein": false,
        "geruimd_bron_ingang": false,
        "status_conflict": false,
        "oppervlakte_m2": 870.21,
        "oppervlakte_ha": 0.087,
        "omtrek_m": 122.61,
        "ingang": {
          "type": "Point",
          "coordinates": [
            4.523673,
            52.151095
          ]
        },
        "ingang_lon": 4.523673,
        "ingang_lat": 52.151095,
        "ingang_koppelwijze": "exact_name_place",
        "ingang_afstand_tot_terrein_m": 0.0,
        "ingang_gedeeld": false,
        "naam_bron_terrein": "Gem. kerkhof",
        "naam_bron_ingang": "Gem. kerkhof",
        "bron_rij_terrein": 356,
        "bron_rij_ingang": 379,
        "bron": "Begraafplaatsen Zuid-Holland",
        "source_file": "Begraafplaatsen Zuid-Holland- Zuid-Holland.csv"
      },
      "geometry": {
        "type": "Polygon",
        "coordinates": [
          [
            [
              4.523661,
              52.15114
            ],
            [
              4.523714,
              52.150935
            ],
            [
              4.523795,
              52.150939
            ],
            [
              4.523811,
              52.150874
            ],
            [
              4.524182,
              52.150967
            ],
            [
              4.524149,
              52.151016
            ],
            [
              4.524205,
              52.151068
            ],
            [
              4.524126,
              52.151102
            ],
            [
              4.524034,
              52.151205
            ],
            [
              4.523935,
              52.151175
            ],
            [
              4.523661,
              52.15114
            ]
          ]
        ]
      }
    },
    {
      "type": "Feature",
      "properties": {
        "id": "zh-0182",
        "naam": "Begraafplaats Wilsveen",
        "plaats_origineel": "Leidschendam",
        "plaats": "Leidschendam",
        "geruimd": false,
        "geruimd_bron_terrein": false,
        "geruimd_bron_ingang": false,
        "status_conflict": false,
        "oppervlakte_m2": 3267.69,
        "oppervlakte_ha": 0.3268,
        "omtrek_m": 234.59,
        "ingang": {
          "type": "Point",
          "coordinates": [
            4.421769,
            52.07394
          ]
        },
        "ingang_lon": 4.421769,
        "ingang_lat": 52.07394,
        "ingang_koppelwijze": "exact_name_place",
        "ingang_afstand_tot_terrein_m": 0.0,
        "ingang_gedeeld": false,
        "naam_bron_terrein": "Begraafplaats Wilsveen",
        "naam_bron_ingang": "Begraafplaats Wilsveen",
        "bron_rij_terrein": 357,
        "bron_rij_ingang": 380,
        "bron": "Begraafplaatsen Zuid-Holland",
        "source_file": "Begraafplaatsen Zuid-Holland- Zuid-Holland.csv"
      },
      "geometry": {
        "type": "Polygon",
        "coordinates": [
          [
            [
              4.421711,
              52.073946
            ],
            [
              4.421731,
              52.073879
            ],
            [
              4.421871,
              52.073738
            ],
            [
              4.422099,
              52.073516
            ],
            [
              4.422281,
              52.07335
            ],
            [
              4.422322,
              52.073322
            ],
            [
              4.422381,
              52.073326
            ],
            [
              4.422625,
              52.073421
            ],
            [
              4.422761,
              52.073475
            ],
            [
              4.422411,
              52.074052
            ],
            [
              4.421711,
              52.073946
            ]
          ]
        ]
      }
    },
    {
      "type": "Feature",
      "properties": {
        "id": "zh-0183",
        "naam": "Begraafplaats Oud-Kralingen",
        "plaats_origineel": "Rotterdam",
        "plaats": "Rotterdam",
        "geruimd": false,
        "geruimd_bron_terrein": false,
        "geruimd_bron_ingang": false,
        "status_conflict": false,
        "oppervlakte_m2": 62390.61,
        "oppervlakte_ha": 6.2391,
        "omtrek_m": 1153.05,
        "ingang": {
          "type": "Point",
          "coordinates": [
            4.548209,
            51.931959
          ]
        },
        "ingang_lon": 4.548209,
        "ingang_lat": 51.931959,
        "ingang_koppelwijze": "exact_name_place",
        "ingang_afstand_tot_terrein_m": 16.48,
        "ingang_gedeeld": false,
        "naam_bron_terrein": "Begraafplaats Oud-Kralingen",
        "naam_bron_ingang": "Begraafplaats Oud-Kralingen",
        "bron_rij_terrein": 358,
        "bron_rij_ingang": 381,
        "bron": "Begraafplaatsen Zuid-Holland",
        "source_file": "Begraafplaatsen Zuid-Holland- Zuid-Holland.csv"
      },
      "geometry": {
        "type": "Polygon",
        "coordinates": [
          [
            [
              4.547692,
              51.935833
            ],
            [
              4.545416,
              51.935479
            ],
            [
              4.546964,
              51.931867
            ],
            [
              4.547956,
              51.931996
            ],
            [
              4.547928,
              51.93207
            ],
            [
              4.548141,
              51.932101
            ],
            [
              4.54797,
              51.932531
            ],
            [
              4.548993,
              51.932691
            ],
            [
              4.547692,
              51.935833
            ]
          ]
        ]
      }
    },
    {
      "type": "Feature",
      "properties": {
        "id": "zh-0184",
        "naam": "Oude Algemene begraafplaats Rusthof",
        "plaats_origineel": "Ridderkerk",
        "plaats": "Ridderkerk",
        "geruimd": false,
        "geruimd_bron_terrein": false,
        "geruimd_bron_ingang": false,
        "status_conflict": false,
        "oppervlakte_m2": 12166.03,
        "oppervlakte_ha": 1.2166,
        "omtrek_m": 480.13,
        "ingang": {
          "type": "Point",
          "coordinates": [
            4.59855,
            51.86878
          ]
        },
        "ingang_lon": 4.59855,
        "ingang_lat": 51.86878,
        "ingang_koppelwijze": "exact_name_place",
        "ingang_afstand_tot_terrein_m": 1.25,
        "ingang_gedeeld": false,
        "naam_bron_terrein": "Oude Algemene begraafplaats Rusthof",
        "naam_bron_ingang": "Oude Algemene begraafplaats Rusthof",
        "bron_rij_terrein": 359,
        "bron_rij_ingang": 382,
        "bron": "Begraafplaatsen Zuid-Holland",
        "source_file": "Begraafplaatsen Zuid-Holland- Zuid-Holland.csv"
      },
      "geometry": {
        "type": "Polygon",
        "coordinates": [
          [
            [
              4.599056,
              51.869026
            ],
            [
              4.597666,
              51.870229
            ],
            [
              4.596807,
              51.86984
            ],
            [
              4.598019,
              51.868716
            ],
            [
              4.598307,
              51.868839
            ],
            [
              4.598428,
              51.868738
            ],
            [
              4.599056,
              51.869026
            ]
          ]
        ]
      }
    },
    {
      "type": "Feature",
      "properties": {
        "id": "zh-0185",
        "naam": "NH Begraafplaats Ijsselmonde",
        "plaats_origineel": "Rotterdam",
        "plaats": "Rotterdam",
        "geruimd": false,
        "geruimd_bron_terrein": false,
        "geruimd_bron_ingang": false,
        "status_conflict": false,
        "oppervlakte_m2": 16163.4,
        "oppervlakte_ha": 1.6163,
        "omtrek_m": 681.12,
        "ingang": {
          "type": "Point",
          "coordinates": [
            4.556185,
            51.900981
          ]
        },
        "ingang_lon": 4.556185,
        "ingang_lat": 51.900981,
        "ingang_koppelwijze": "exact_name_place",
        "ingang_afstand_tot_terrein_m": 0.0,
        "ingang_gedeeld": false,
        "naam_bron_terrein": "NH Begraafplaats Ijsselmonde",
        "naam_bron_ingang": "NH Begraafplaats Ijsselmonde",
        "bron_rij_terrein": 360,
        "bron_rij_ingang": 383,
        "bron": "Begraafplaatsen Zuid-Holland",
        "source_file": "Begraafplaatsen Zuid-Holland- Zuid-Holland.csv"
      },
      "geometry": {
        "type": "Polygon",
        "coordinates": [
          [
            [
              4.555877,
              51.901032
            ],
            [
              4.555172,
              51.898776
            ],
            [
              4.55645,
              51.898667
            ],
            [
              4.556796,
              51.899837
            ],
            [
              4.556088,
              51.899902
            ],
            [
              4.556386,
              51.900956
            ],
            [
              4.555877,
              51.901032
            ]
          ]
        ]
      }
    },
    {
      "type": "Feature",
      "properties": {
        "id": "zh-0186",
        "naam": "RK Agathabegraafplaats",
        "plaats_origineel": "Leidschendam",
        "plaats": "Leidschendam",
        "geruimd": false,
        "geruimd_bron_terrein": false,
        "geruimd_bron_ingang": false,
        "status_conflict": false,
        "oppervlakte_m2": 4016.09,
        "oppervlakte_ha": 0.4016,
        "omtrek_m": 279.59,
        "ingang": {
          "type": "Point",
          "coordinates": [
            4.401218,
            52.093498
          ]
        },
        "ingang_lon": 4.401218,
        "ingang_lat": 52.093498,
        "ingang_koppelwijze": "exact_name_place",
        "ingang_afstand_tot_terrein_m": 0.0,
        "ingang_gedeeld": false,
        "naam_bron_terrein": "RK Agathabegraafplaats",
        "naam_bron_ingang": "RK Agathabegraafplaats",
        "bron_rij_terrein": 361,
        "bron_rij_ingang": 384,
        "bron": "Begraafplaatsen Zuid-Holland",
        "source_file": "Begraafplaatsen Zuid-Holland- Zuid-Holland.csv"
      },
      "geometry": {
        "type": "Polygon",
        "coordinates": [
          [
            [
              4.401158,
              52.093449
            ],
            [
              4.401435,
              52.093256
            ],
            [
              4.401481,
              52.093242
            ],
            [
              4.401802,
              52.093364
            ],
            [
              4.401944,
              52.093242
            ],
            [
              4.402241,
              52.093352
            ],
            [
              4.402293,
              52.093305
            ],
            [
              4.40273,
              52.093519
            ],
            [
              4.402172,
              52.093847
            ],
            [
              4.401217,
              52.093518
            ],
            [
              4.401158,
              52.093449
            ]
          ]
        ]
      }
    },
    {
      "type": "Feature",
      "properties": {
        "id": "zh-0187",
        "naam": "Gem. begraafplaats Noorthey",
        "plaats_origineel": "Leidschendam",
        "plaats": "Leidschendam",
        "geruimd": false,
        "geruimd_bron_terrein": false,
        "geruimd_bron_ingang": false,
        "status_conflict": false,
        "oppervlakte_m2": 28484.77,
        "oppervlakte_ha": 2.8485,
        "omtrek_m": 684.69,
        "ingang": {
          "type": "Point",
          "coordinates": [
            4.409042,
            52.107429
          ]
        },
        "ingang_lon": 4.409042,
        "ingang_lat": 52.107429,
        "ingang_koppelwijze": "exact_name_place",
        "ingang_afstand_tot_terrein_m": 0.53,
        "ingang_gedeeld": false,
        "naam_bron_terrein": "Gem. begraafplaats Noorthey",
        "naam_bron_ingang": "Gem. begraafplaats Noorthey",
        "bron_rij_terrein": 362,
        "bron_rij_ingang": 385,
        "bron": "Begraafplaatsen Zuid-Holland",
        "source_file": "Begraafplaatsen Zuid-Holland- Zuid-Holland.csv"
      },
      "geometry": {
        "type": "Polygon",
        "coordinates": [
          [
            [
              4.409593,
              52.10879
            ],
            [
              4.408198,
              52.107803
            ],
            [
              4.40928,
              52.107331
            ],
            [
              4.409895,
              52.107147
            ],
            [
              4.410147,
              52.107026
            ],
            [
              4.410491,
              52.106863
            ],
            [
              4.412016,
              52.107932
            ],
            [
              4.409593,
              52.10879
            ]
          ]
        ]
      }
    },
    {
      "type": "Feature",
      "properties": {
        "id": "zh-0188",
        "naam": "Begraafplaats Maria Rust",
        "plaats_origineel": "Rockanje",
        "plaats": "Rockanje",
        "geruimd": false,
        "geruimd_bron_terrein": false,
        "geruimd_bron_ingang": false,
        "status_conflict": false,
        "oppervlakte_m2": 5473.09,
        "oppervlakte_ha": 0.5473,
        "omtrek_m": 339.35,
        "ingang": {
          "type": "Point",
          "coordinates": [
            4.067373,
            51.874779
          ]
        },
        "ingang_lon": 4.067373,
        "ingang_lat": 51.874779,
        "ingang_koppelwijze": "exact_name_place",
        "ingang_afstand_tot_terrein_m": 0.0,
        "ingang_gedeeld": false,
        "naam_bron_terrein": "Begraafplaats Maria Rust",
        "naam_bron_ingang": "Begraafplaats Maria Rust",
        "bron_rij_terrein": 363,
        "bron_rij_ingang": 386,
        "bron": "Begraafplaatsen Zuid-Holland",
        "source_file": "Begraafplaatsen Zuid-Holland- Zuid-Holland.csv"
      },
      "geometry": {
        "type": "Polygon",
        "coordinates": [
          [
            [
              4.066842,
              51.874769
            ],
            [
              4.066888,
              51.873717
            ],
            [
              4.067464,
              51.873664
            ],
            [
              4.067545,
              51.874856
            ],
            [
              4.067362,
              51.874825
            ],
            [
              4.066842,
              51.874769
            ]
          ]
        ]
      }
    },
    {
      "type": "Feature",
      "properties": {
        "id": "zh-0189",
        "naam": "Nieuwe begraafplaats",
        "plaats_origineel": "Rockanje",
        "plaats": "Rockanje",
        "geruimd": false,
        "geruimd_bron_terrein": false,
        "geruimd_bron_ingang": false,
        "status_conflict": false,
        "oppervlakte_m2": 70867.0,
        "oppervlakte_ha": 7.0867,
        "omtrek_m": 1071.11,
        "ingang": {
          "type": "Point",
          "coordinates": [
            4.058137,
            51.872013
          ]
        },
        "ingang_lon": 4.058137,
        "ingang_lat": 51.872013,
        "ingang_koppelwijze": "exact_name_place",
        "ingang_afstand_tot_terrein_m": 11.15,
        "ingang_gedeeld": false,
        "naam_bron_terrein": "Nieuwe begraafplaats",
        "naam_bron_ingang": "Nieuwe begraafplaats",
        "bron_rij_terrein": 364,
        "bron_rij_ingang": 387,
        "bron": "Begraafplaatsen Zuid-Holland",
        "source_file": "Begraafplaatsen Zuid-Holland- Zuid-Holland.csv"
      },
      "geometry": {
        "type": "Polygon",
        "coordinates": [
          [
            [
              4.059656,
              51.871934
            ],
            [
              4.058387,
              51.8719
            ],
            [
              4.057724,
              51.871933
            ],
            [
              4.057272,
              51.871428
            ],
            [
              4.05626,
              51.871094
            ],
            [
              4.056737,
              51.870546
            ],
            [
              4.057399,
              51.869785
            ],
            [
              4.057388,
              51.86956
            ],
            [
              4.057944,
              51.868973
            ],
            [
              4.05976,
              51.869015
            ],
            [
              4.061083,
              51.869347
            ],
            [
              4.060518,
              51.87011
            ],
            [
              4.0602,
              51.870757
            ],
            [
              4.059828,
              51.871483
            ],
            [
              4.059656,
              51.871934
            ]
          ]
        ]
      }
    },
    {
      "type": "Feature",
      "properties": {
        "id": "zh-0190",
        "naam": "Algemene Begraafplaats met RK gedeelte",
        "plaats_origineel": "Hellevoetsluis",
        "plaats": "Hellevoetsluis",
        "geruimd": false,
        "geruimd_bron_terrein": false,
        "geruimd_bron_ingang": false,
        "status_conflict": false,
        "oppervlakte_m2": 4250.27,
        "oppervlakte_ha": 0.425,
        "omtrek_m": 306.46,
        "ingang": {
          "type": "Point",
          "coordinates": [
            4.133041,
            51.83678
          ]
        },
        "ingang_lon": 4.133041,
        "ingang_lat": 51.83678,
        "ingang_koppelwijze": "exact_name_place",
        "ingang_afstand_tot_terrein_m": 1.82,
        "ingang_gedeeld": false,
        "naam_bron_terrein": "Algemene Begraafplaats met RK gedeelte",
        "naam_bron_ingang": "Algemene Begraafplaats met RK gedeelte",
        "bron_rij_terrein": 365,
        "bron_rij_ingang": 388,
        "bron": "Begraafplaatsen Zuid-Holland",
        "source_file": "Begraafplaatsen Zuid-Holland- Zuid-Holland.csv"
      },
      "geometry": {
        "type": "Polygon",
        "coordinates": [
          [
            [
              4.133385,
              51.837326
            ],
            [
              4.132378,
              51.837255
            ],
            [
              4.132461,
              51.836779
            ],
            [
              4.132527,
              51.836307
            ],
            [
              4.132751,
              51.836397
            ],
            [
              4.133385,
              51.837326
            ]
          ]
        ]
      }
    },
    {
      "type": "Feature",
      "properties": {
        "id": "zh-0191",
        "naam": "Gem. begraafplaats Nieuw Helvoet",
        "plaats_origineel": "Hellevoetsluis",
        "plaats": "Hellevoetsluis",
        "geruimd": false,
        "geruimd_bron_terrein": false,
        "geruimd_bron_ingang": false,
        "status_conflict": false,
        "oppervlakte_m2": 10638.53,
        "oppervlakte_ha": 1.0639,
        "omtrek_m": 426.35,
        "ingang": {
          "type": "Point",
          "coordinates": [
            4.124573,
            51.839976
          ]
        },
        "ingang_lon": 4.124573,
        "ingang_lat": 51.839976,
        "ingang_koppelwijze": "exact_name_place",
        "ingang_afstand_tot_terrein_m": 0.0,
        "ingang_gedeeld": false,
        "naam_bron_terrein": "Gem. begraafplaats Nieuw Helvoet",
        "naam_bron_ingang": "Gem. begraafplaats Nieuw Helvoet",
        "bron_rij_terrein": 366,
        "bron_rij_ingang": 389,
        "bron": "Begraafplaatsen Zuid-Holland",
        "source_file": "Begraafplaatsen Zuid-Holland- Zuid-Holland.csv"
      },
      "geometry": {
        "type": "Polygon",
        "coordinates": [
          [
            [
              4.124694,
              51.840382
            ],
            [
              4.124354,
              51.839719
            ],
            [
              4.12622,
              51.839348
            ],
            [
              4.12626,
              51.839347
            ],
            [
              4.126296,
              51.83937
            ],
            [
              4.126549,
              51.839988
            ],
            [
              4.126531,
              51.84002
            ],
            [
              4.124694,
              51.840382
            ]
          ]
        ]
      }
    },
    {
      "type": "Feature",
      "properties": {
        "id": "zh-0192",
        "naam": "Gemeentelijke begraafplaats",
        "plaats_origineel": "Hellevoetsluis",
        "plaats": "Hellevoetsluis",
        "geruimd": false,
        "geruimd_bron_terrein": false,
        "geruimd_bron_ingang": false,
        "status_conflict": false,
        "oppervlakte_m2": 24985.23,
        "oppervlakte_ha": 2.4985,
        "omtrek_m": 745.93,
        "ingang": {
          "type": "Point",
          "coordinates": [
            4.142376,
            51.849652
          ]
        },
        "ingang_lon": 4.142376,
        "ingang_lat": 51.849652,
        "ingang_koppelwijze": "exact_name_place",
        "ingang_afstand_tot_terrein_m": 0.0,
        "ingang_gedeeld": false,
        "naam_bron_terrein": "Gemeentelijke begraafplaats",
        "naam_bron_ingang": "Gemeentelijke begraafplaats",
        "bron_rij_terrein": 367,
        "bron_rij_ingang": 390,
        "bron": "Begraafplaatsen Zuid-Holland",
        "source_file": "Begraafplaatsen Zuid-Holland- Zuid-Holland.csv"
      },
      "geometry": {
        "type": "Polygon",
        "coordinates": [
          [
            [
              4.140046,
              51.849407
            ],
            [
              4.14052,
              51.848667
            ],
            [
              4.140925,
              51.848758
            ],
            [
              4.141093,
              51.848449
            ],
            [
              4.144166,
              51.849203
            ],
            [
              4.143961,
              51.849462
            ],
            [
              4.143755,
              51.849412
            ],
            [
              4.143381,
              51.849889
            ],
            [
              4.141705,
              51.849526
            ],
            [
              4.141478,
              51.849748
            ],
            [
              4.140046,
              51.849407
            ]
          ]
        ]
      }
    },
    {
      "type": "Feature",
      "properties": {
        "id": "zh-0193",
        "naam": "NH Kerkhof",
        "plaats_origineel": "Katwijk (geruimd)",
        "plaats": "Katwijk",
        "geruimd": true,
        "geruimd_bron_terrein": true,
        "geruimd_bron_ingang": true,
        "status_conflict": false,
        "oppervlakte_m2": 2120.68,
        "oppervlakte_ha": 0.2121,
        "omtrek_m": 167.99,
        "ingang": {
          "type": "Point",
          "coordinates": [
            4.392192,
            52.202554
          ]
        },
        "ingang_lon": 4.392192,
        "ingang_lat": 52.202554,
        "ingang_koppelwijze": "exact_name_place",
        "ingang_afstand_tot_terrein_m": 0.0,
        "ingang_gedeeld": false,
        "naam_bron_terrein": "NH Kerkhof",
        "naam_bron_ingang": "NH Kerkhof",
        "bron_rij_terrein": 368,
        "bron_rij_ingang": 391,
        "bron": "Begraafplaatsen Zuid-Holland",
        "source_file": "Begraafplaatsen Zuid-Holland- Zuid-Holland.csv"
      },
      "geometry": {
        "type": "Polygon",
        "coordinates": [
          [
            [
              4.392506,
              52.202805
            ],
            [
              4.392308,
              52.202749
            ],
            [
              4.392222,
              52.202663
            ],
            [
              4.392184,
              52.202582
            ],
            [
              4.392188,
              52.202481
            ],
            [
              4.392207,
              52.202432
            ],
            [
              4.392417,
              52.202377
            ],
            [
              4.392594,
              52.20236
            ],
            [
              4.392843,
              52.202388
            ],
            [
              4.392934,
              52.202469
            ],
            [
              4.392958,
              52.202574
            ],
            [
              4.392944,
              52.202666
            ],
            [
              4.392944,
              52.202667
            ],
            [
              4.3929,
              52.20275
            ],
            [
              4.392506,
              52.202805
            ]
          ]
        ]
      }
    },
    {
      "type": "Feature",
      "properties": {
        "id": "zh-0194",
        "naam": "Gem. begraafplaats",
        "plaats_origineel": "Rozenburg",
        "plaats": "Rozenburg",
        "geruimd": false,
        "geruimd_bron_terrein": false,
        "geruimd_bron_ingang": false,
        "status_conflict": false,
        "oppervlakte_m2": 12889.87,
        "oppervlakte_ha": 1.289,
        "omtrek_m": 647.94,
        "ingang": {
          "type": "Point",
          "coordinates": [
            4.2514,
            51.903707
          ]
        },
        "ingang_lon": 4.2514,
        "ingang_lat": 51.903707,
        "ingang_koppelwijze": "exact_name_place",
        "ingang_afstand_tot_terrein_m": 0.0,
        "ingang_gedeeld": false,
        "naam_bron_terrein": "Gem. begraafplaats",
        "naam_bron_ingang": "Gem. begraafplaats",
        "bron_rij_terrein": 369,
        "bron_rij_ingang": 392,
        "bron": "Begraafplaatsen Zuid-Holland",
        "source_file": "Begraafplaatsen Zuid-Holland- Zuid-Holland.csv"
      },
      "geometry": {
        "type": "Polygon",
        "coordinates": [
          [
            [
              4.251959,
              51.903471
            ],
            [
              4.252059,
              51.903452
            ],
            [
              4.25215,
              51.9032
            ],
            [
              4.25251,
              51.903046
            ],
            [
              4.252637,
              51.903114
            ],
            [
              4.252984,
              51.903316
            ],
            [
              4.251107,
              51.903814
            ],
            [
              4.250655,
              51.90313
            ],
            [
              4.251326,
              51.902935
            ],
            [
              4.251494,
              51.902401
            ],
            [
              4.251533,
              51.902324
            ],
            [
              4.251581,
              51.902284
            ],
            [
              4.251646,
              51.902257
            ],
            [
              4.252369,
              51.9023
            ],
            [
              4.251959,
              51.903471
            ]
          ]
        ]
      }
    },
    {
      "type": "Feature",
      "properties": {
        "id": "zh-0195",
        "naam": "Gem. begraafplaats Westvoorne",
        "plaats_origineel": "Oostvoorne",
        "plaats": "Oostvoorne",
        "geruimd": false,
        "geruimd_bron_terrein": false,
        "geruimd_bron_ingang": false,
        "status_conflict": false,
        "oppervlakte_m2": 28015.88,
        "oppervlakte_ha": 2.8016,
        "omtrek_m": 716.56,
        "ingang": {
          "type": "Point",
          "coordinates": [
            4.099637,
            51.910248
          ]
        },
        "ingang_lon": 4.099637,
        "ingang_lat": 51.910248,
        "ingang_koppelwijze": "exact_name_place",
        "ingang_afstand_tot_terrein_m": 0.0,
        "ingang_gedeeld": false,
        "naam_bron_terrein": "Gem. begraafplaats Westvoorne",
        "naam_bron_ingang": "Gem. begraafplaats Westvoorne",
        "bron_rij_terrein": 370,
        "bron_rij_ingang": 393,
        "bron": "Begraafplaatsen Zuid-Holland",
        "source_file": "Begraafplaatsen Zuid-Holland- Zuid-Holland.csv"
      },
      "geometry": {
        "type": "Polygon",
        "coordinates": [
          [
            [
              4.100169,
              51.91064
            ],
            [
              4.100111,
              51.910649
            ],
            [
              4.0996,
              51.91035
            ],
            [
              4.099606,
              51.910322
            ],
            [
              4.099531,
              51.910254
            ],
            [
              4.099466,
              51.910234
            ],
            [
              4.099388,
              51.910179
            ],
            [
              4.099314,
              51.910096
            ],
            [
              4.099252,
              51.909987
            ],
            [
              4.099179,
              51.909778
            ],
            [
              4.100005,
              51.909371
            ],
            [
              4.100145,
              51.909234
            ],
            [
              4.100207,
              51.909126
            ],
            [
              4.100231,
              51.909014
            ],
            [
              4.100231,
              51.908951
            ],
            [
              4.100263,
              51.908797
            ],
            [
              4.100276,
              51.908517
            ],
            [
              4.100276,
              51.908457
            ],
            [
              4.100779,
              51.908515
            ],
            [
              4.101383,
              51.908606
            ],
            [
              4.102123,
              51.908749
            ],
            [
              4.102192,
              51.908778
            ],
            [
              4.102497,
              51.909041
            ],
            [
              4.102493,
              51.90907
            ],
            [
              4.102457,
              51.909102
            ],
            [
              4.101203,
              51.909974
            ],
            [
              4.100549,
              51.910407
            ],
            [
              4.100169,
              51.91064
            ]
          ]
        ]
      }
    },
    {
      "type": "Feature",
      "properties": {
        "id": "zh-0196",
        "naam": "RK begraafplaats",
        "plaats_origineel": "Gorinchem",
        "plaats": "Gorinchem",
        "geruimd": false,
        "geruimd_bron_terrein": false,
        "geruimd_bron_ingang": false,
        "status_conflict": false,
        "oppervlakte_m2": 2860.45,
        "oppervlakte_ha": 0.286,
        "omtrek_m": 232.2,
        "ingang": {
          "type": "Point",
          "coordinates": [
            4.983885,
            51.840069
          ]
        },
        "ingang_lon": 4.983885,
        "ingang_lat": 51.840069,
        "ingang_koppelwijze": "exact_name_place",
        "ingang_afstand_tot_terrein_m": 0.0,
        "ingang_gedeeld": false,
        "naam_bron_terrein": "RK begraafplaats",
        "naam_bron_ingang": "RK begraafplaats",
        "bron_rij_terrein": 371,
        "bron_rij_ingang": 394,
        "bron": "Begraafplaatsen Zuid-Holland",
        "source_file": "Begraafplaatsen Zuid-Holland- Zuid-Holland.csv"
      },
      "geometry": {
        "type": "Polygon",
        "coordinates": [
          [
            [
              4.983154,
              51.840683
            ],
            [
              4.982826,
              51.840434
            ],
            [
              4.983776,
              51.839933
            ],
            [
              4.983852,
              51.839996
            ],
            [
              4.983907,
              51.840079
            ],
            [
              4.983937,
              51.840201
            ],
            [
              4.983936,
              51.840257
            ],
            [
              4.983154,
              51.840683
            ]
          ]
        ]
      }
    },
    {
      "type": "Feature",
      "properties": {
        "id": "zh-0197",
        "naam": "Gem. begraafplaats",
        "plaats_origineel": "Hoogblokland",
        "plaats": "Hoogblokland",
        "geruimd": false,
        "geruimd_bron_terrein": false,
        "geruimd_bron_ingang": false,
        "status_conflict": false,
        "oppervlakte_m2": 3050.36,
        "oppervlakte_ha": 0.305,
        "omtrek_m": 229.52,
        "ingang": {
          "type": "Point",
          "coordinates": [
            4.977787,
            51.873318
          ]
        },
        "ingang_lon": 4.977787,
        "ingang_lat": 51.873318,
        "ingang_koppelwijze": "exact_name_place",
        "ingang_afstand_tot_terrein_m": 0.0,
        "ingang_gedeeld": false,
        "naam_bron_terrein": "Gem. begraafplaats",
        "naam_bron_ingang": "Gem. begraafplaats",
        "bron_rij_terrein": 372,
        "bron_rij_ingang": 411,
        "bron": "Begraafplaatsen Zuid-Holland",
        "source_file": "Begraafplaatsen Zuid-Holland- Zuid-Holland.csv"
      },
      "geometry": {
        "type": "Polygon",
        "coordinates": [
          [
            [
              4.977346,
              51.873965
            ],
            [
              4.977101,
              51.873413
            ],
            [
              4.977852,
              51.873306
            ],
            [
              4.977913,
              51.873492
            ],
            [
              4.977848,
              51.8735
            ],
            [
              4.97798,
              51.873868
            ],
            [
              4.97798,
              51.87387
            ],
            [
              4.977346,
              51.873965
            ]
          ]
        ]
      }
    },
    {
      "type": "Feature",
      "properties": {
        "id": "zh-0198",
        "naam": "Gem. begraafplaats",
        "plaats_origineel": "Hoornaar",
        "plaats": "Hoornaar",
        "geruimd": false,
        "geruimd_bron_terrein": false,
        "geruimd_bron_ingang": false,
        "status_conflict": false,
        "oppervlakte_m2": 3563.95,
        "oppervlakte_ha": 0.3564,
        "omtrek_m": 319.61,
        "ingang": {
          "type": "Point",
          "coordinates": [
            4.946519,
            51.880205
          ]
        },
        "ingang_lon": 4.946519,
        "ingang_lat": 51.880205,
        "ingang_koppelwijze": "exact_name_place",
        "ingang_afstand_tot_terrein_m": 0.08,
        "ingang_gedeeld": false,
        "naam_bron_terrein": "Gem. begraafplaats",
        "naam_bron_ingang": "Gem. begraafplaats",
        "bron_rij_terrein": 395,
        "bron_rij_ingang": 412,
        "bron": "Begraafplaatsen Zuid-Holland",
        "source_file": "Begraafplaatsen Zuid-Holland- Zuid-Holland.csv"
      },
      "geometry": {
        "type": "Polygon",
        "coordinates": [
          [
            [
              4.946612,
              51.880076
            ],
            [
              4.946981,
              51.880128
            ],
            [
              4.94714,
              51.880173
            ],
            [
              4.947307,
              51.880241
            ],
            [
              4.947515,
              51.88034
            ],
            [
              4.947652,
              51.880425
            ],
            [
              4.947793,
              51.880523
            ],
            [
              4.947126,
              51.880921
            ],
            [
              4.946753,
              51.880776
            ],
            [
              4.947069,
              51.88056
            ],
            [
              4.946874,
              51.88046
            ],
            [
              4.946907,
              51.880381
            ],
            [
              4.946981,
              51.880352
            ],
            [
              4.946989,
              51.88032
            ],
            [
              4.946989,
              51.880283
            ],
            [
              4.946965,
              51.880256
            ],
            [
              4.946918,
              51.880236
            ],
            [
              4.946813,
              51.880226
            ],
            [
              4.94677,
              51.880241
            ],
            [
              4.946504,
              51.880228
            ],
            [
              4.946612,
              51.880076
            ]
          ]
        ]
      }
    },
    {
      "type": "Feature",
      "properties": {
        "id": "zh-0199",
        "naam": "NH begraafplaats",
        "plaats_origineel": "Giessenburg",
        "plaats": "Giessenburg",
        "geruimd": false,
        "geruimd_bron_terrein": false,
        "geruimd_bron_ingang": false,
        "status_conflict": false,
        "oppervlakte_m2": 1510.17,
        "oppervlakte_ha": 0.151,
        "omtrek_m": 166.94,
        "ingang": {
          "type": "Point",
          "coordinates": [
            4.889064,
            51.851155
          ]
        },
        "ingang_lon": 4.889064,
        "ingang_lat": 51.851155,
        "ingang_koppelwijze": "exact_name_place",
        "ingang_afstand_tot_terrein_m": 10.66,
        "ingang_gedeeld": false,
        "naam_bron_terrein": "NH begraafplaats",
        "naam_bron_ingang": "NH begraafplaats",
        "bron_rij_terrein": 396,
        "bron_rij_ingang": 413,
        "bron": "Begraafplaatsen Zuid-Holland",
        "source_file": "Begraafplaatsen Zuid-Holland- Zuid-Holland.csv"
      },
      "geometry": {
        "type": "Polygon",
        "coordinates": [
          [
            [
              4.888651,
              51.851719
            ],
            [
              4.888342,
              51.851582
            ],
            [
              4.888813,
              51.851168
            ],
            [
              4.88914,
              51.8513
            ],
            [
              4.888651,
              51.851719
            ]
          ]
        ]
      }
    },
    {
      "type": "Feature",
      "properties": {
        "id": "zh-0200",
        "naam": "Gem. begraafplaats",
        "plaats_origineel": "Giessenburg",
        "plaats": "Giessenburg",
        "geruimd": false,
        "geruimd_bron_terrein": false,
        "geruimd_bron_ingang": false,
        "status_conflict": false,
        "oppervlakte_m2": 5328.35,
        "oppervlakte_ha": 0.5328,
        "omtrek_m": 290.39,
        "ingang": {
          "type": "Point",
          "coordinates": [
            4.89412,
            51.842271
          ]
        },
        "ingang_lon": 4.89412,
        "ingang_lat": 51.842271,
        "ingang_koppelwijze": "exact_name_place",
        "ingang_afstand_tot_terrein_m": 0.0,
        "ingang_gedeeld": false,
        "naam_bron_terrein": "Gem. begraafplaats",
        "naam_bron_ingang": "Gem. begraafplaats",
        "bron_rij_terrein": 397,
        "bron_rij_ingang": 414,
        "bron": "Begraafplaatsen Zuid-Holland",
        "source_file": "Begraafplaatsen Zuid-Holland- Zuid-Holland.csv"
      },
      "geometry": {
        "type": "Polygon",
        "coordinates": [
          [
            [
              4.894397,
              51.842416
            ],
            [
              4.893622,
              51.842029
            ],
            [
              4.894371,
              51.841517
            ],
            [
              4.894412,
              51.841502
            ],
            [
              4.895098,
              51.841857
            ],
            [
              4.895109,
              51.841883
            ],
            [
              4.895065,
              51.841929
            ],
            [
              4.894397,
              51.842416
            ]
          ]
        ]
      }
    },
    {
      "type": "Feature",
      "properties": {
        "id": "zh-0201",
        "naam": "Gem. kerkhof",
        "plaats_origineel": "Giessen-Oudekerk",
        "plaats": "Giessen-Oudekerk",
        "geruimd": false,
        "geruimd_bron_terrein": false,
        "geruimd_bron_ingang": false,
        "status_conflict": false,
        "oppervlakte_m2": 6608.98,
        "oppervlakte_ha": 0.6609,
        "omtrek_m": 419.87,
        "ingang": {
          "type": "Point",
          "coordinates": [
            4.865701,
            51.844473
          ]
        },
        "ingang_lon": 4.865701,
        "ingang_lat": 51.844473,
        "ingang_koppelwijze": "exact_name_place",
        "ingang_afstand_tot_terrein_m": 1.74,
        "ingang_gedeeld": false,
        "naam_bron_terrein": "Gem. kerkhof",
        "naam_bron_ingang": "Gem. kerkhof",
        "bron_rij_terrein": 398,
        "bron_rij_ingang": 415,
        "bron": "Begraafplaatsen Zuid-Holland",
        "source_file": "Begraafplaatsen Zuid-Holland- Zuid-Holland.csv"
      },
      "geometry": {
        "type": "Polygon",
        "coordinates": [
          [
            [
              4.866131,
              51.844539
            ],
            [
              4.865869,
              51.845336
            ],
            [
              4.866009,
              51.845352
            ],
            [
              4.865741,
              51.846027
            ],
            [
              4.865085,
              51.845915
            ],
            [
              4.86567,
              51.8445
            ],
            [
              4.865722,
              51.844484
            ],
            [
              4.866131,
              51.844539
            ]
          ]
        ]
      }
    },
    {
      "type": "Feature",
      "properties": {
        "id": "zh-0202",
        "naam": "Gem. begraafplaats Krommegat",
        "plaats_origineel": "Boven-Hardinxveld",
        "plaats": "Boven-Hardinxveld",
        "geruimd": false,
        "geruimd_bron_terrein": false,
        "geruimd_bron_ingang": false,
        "status_conflict": false,
        "oppervlakte_m2": 4509.21,
        "oppervlakte_ha": 0.4509,
        "omtrek_m": 270.65,
        "ingang": {
          "type": "Point",
          "coordinates": [
            4.871636,
            51.821749
          ]
        },
        "ingang_lon": 4.871636,
        "ingang_lat": 51.821749,
        "ingang_koppelwijze": "exact_name_place",
        "ingang_afstand_tot_terrein_m": 55.07,
        "ingang_gedeeld": false,
        "naam_bron_terrein": "Gem. begraafplaats Krommegat",
        "naam_bron_ingang": "Gem. begraafplaats Krommegat",
        "bron_rij_terrein": 399,
        "bron_rij_ingang": 416,
        "bron": "Begraafplaatsen Zuid-Holland",
        "source_file": "Begraafplaatsen Zuid-Holland- Zuid-Holland.csv"
      },
      "geometry": {
        "type": "Polygon",
        "coordinates": [
          [
            [
              4.872021,
              51.822932
            ],
            [
              4.871183,
              51.822934
            ],
            [
              4.871193,
              51.822243
            ],
            [
              4.871657,
              51.822244
            ],
            [
              4.872064,
              51.82225
            ],
            [
              4.872021,
              51.822932
            ]
          ]
        ]
      }
    },
    {
      "type": "Feature",
      "properties": {
        "id": "zh-0203",
        "naam": "Gem. begraafplaats Tiendweg",
        "plaats_origineel": "Boven-Hardinxveld",
        "plaats": "Boven-Hardinxveld",
        "geruimd": false,
        "geruimd_bron_terrein": false,
        "geruimd_bron_ingang": false,
        "status_conflict": false,
        "oppervlakte_m2": 10374.65,
        "oppervlakte_ha": 1.0375,
        "omtrek_m": 440.82,
        "ingang": {
          "type": "Point",
          "coordinates": [
            4.887334,
            51.826888
          ]
        },
        "ingang_lon": 4.887334,
        "ingang_lat": 51.826888,
        "ingang_koppelwijze": "exact_name_place",
        "ingang_afstand_tot_terrein_m": 0.0,
        "ingang_gedeeld": false,
        "naam_bron_terrein": "Gem. begraafplaats Tiendweg",
        "naam_bron_ingang": "Gem. begraafplaats Tiendweg",
        "bron_rij_terrein": 400,
        "bron_rij_ingang": 417,
        "bron": "Begraafplaatsen Zuid-Holland",
        "source_file": "Begraafplaatsen Zuid-Holland- Zuid-Holland.csv"
      },
      "geometry": {
        "type": "Polygon",
        "coordinates": [
          [
            [
              4.886738,
              51.82822
            ],
            [
              4.886815,
              51.826836
            ],
            [
              4.887813,
              51.826934
            ],
            [
              4.887715,
              51.828276
            ],
            [
              4.886738,
              51.82822
            ]
          ]
        ]
      }
    },
    {
      "type": "Feature",
      "properties": {
        "id": "zh-0204",
        "naam": "Gem. begraafplaats Nolweg",
        "plaats_origineel": "Schelluinen",
        "plaats": "Schelluinen",
        "geruimd": false,
        "geruimd_bron_terrein": false,
        "geruimd_bron_ingang": false,
        "status_conflict": false,
        "oppervlakte_m2": 2649.88,
        "oppervlakte_ha": 0.265,
        "omtrek_m": 221.43,
        "ingang": {
          "type": "Point",
          "coordinates": [
            4.935181,
            51.846762
          ]
        },
        "ingang_lon": 4.935181,
        "ingang_lat": 51.846762,
        "ingang_koppelwijze": "exact_name_place",
        "ingang_afstand_tot_terrein_m": 2.66,
        "ingang_gedeeld": false,
        "naam_bron_terrein": "Gem. begraafplaats Nolweg",
        "naam_bron_ingang": "Gem. begraafplaats Nolweg",
        "bron_rij_terrein": 401,
        "bron_rij_ingang": 418,
        "bron": "Begraafplaatsen Zuid-Holland",
        "source_file": "Begraafplaatsen Zuid-Holland- Zuid-Holland.csv"
      },
      "geometry": {
        "type": "Polygon",
        "coordinates": [
          [
            [
              4.934887,
              51.846649
            ],
            [
              4.934963,
              51.846324
            ],
            [
              4.93564,
              51.846274
            ],
            [
              4.935671,
              51.846507
            ],
            [
              4.935562,
              51.846891
            ],
            [
              4.935208,
              51.846856
            ],
            [
              4.93521,
              51.846797
            ],
            [
              4.935242,
              51.846687
            ],
            [
              4.934887,
              51.846649
            ]
          ]
        ]
      }
    },
    {
      "type": "Feature",
      "properties": {
        "id": "zh-0205",
        "naam": "Gem. begraafplaats Waalhoven",
        "plaats_origineel": "Krimpen aan den IJssel",
        "plaats": "Krimpen aan den IJssel",
        "geruimd": false,
        "geruimd_bron_terrein": false,
        "geruimd_bron_ingang": false,
        "status_conflict": false,
        "oppervlakte_m2": 28358.33,
        "oppervlakte_ha": 2.8358,
        "omtrek_m": 937.64,
        "ingang": {
          "type": "Point",
          "coordinates": [
            4.596379,
            51.905977
          ]
        },
        "ingang_lon": 4.596379,
        "ingang_lat": 51.905977,
        "ingang_koppelwijze": "exact_name_place",
        "ingang_afstand_tot_terrein_m": 41.02,
        "ingang_gedeeld": false,
        "naam_bron_terrein": "Gem. begraafplaats Waalhoven",
        "naam_bron_ingang": "Gem. begraafplaats Waalhoven",
        "bron_rij_terrein": 402,
        "bron_rij_ingang": 419,
        "bron": "Begraafplaatsen Zuid-Holland",
        "source_file": "Begraafplaatsen Zuid-Holland- Zuid-Holland.csv"
      },
      "geometry": {
        "type": "Polygon",
        "coordinates": [
          [
            [
              4.59522,
              51.904995
            ],
            [
              4.595498,
              51.905151
            ],
            [
              4.594779,
              51.905706
            ],
            [
              4.596011,
              51.906267
            ],
            [
              4.59515,
              51.906975
            ],
            [
              4.594527,
              51.906703
            ],
            [
              4.594083,
              51.906502
            ],
            [
              4.593598,
              51.90627
            ],
            [
              4.593451,
              51.90616
            ],
            [
              4.594256,
              51.905503
            ],
            [
              4.594192,
              51.90548
            ],
            [
              4.593381,
              51.906119
            ],
            [
              4.592851,
              51.905811
            ],
            [
              4.593404,
              51.905355
            ],
            [
              4.593396,
              51.905278
            ],
            [
              4.593394,
              51.905178
            ],
            [
              4.593445,
              51.905092
            ],
            [
              4.593519,
              51.904995
            ],
            [
              4.593604,
              51.904911
            ],
            [
              4.593684,
              51.904863
            ],
            [
              4.593722,
              51.90484
            ],
            [
              4.593835,
              51.904792
            ],
            [
              4.593969,
              51.904749
            ],
            [
              4.594046,
              51.904731
            ],
            [
              4.594195,
              51.904716
            ],
            [
              4.594365,
              51.904712
            ],
            [
              4.59452,
              51.904726
            ],
            [
              4.594657,
              51.904752
            ],
            [
              4.594755,
              51.904785
            ],
            [
              4.594896,
              51.904839
            ],
            [
              4.595126,
              51.904951
            ],
            [
              4.59522,
              51.904995
            ]
          ]
        ]
      }
    },
    {
      "type": "Feature",
      "properties": {
        "id": "zh-0206",
        "naam": "Oude alg. begraafplaats",
        "plaats_origineel": "Krimpen aan den IJssel",
        "plaats": "Krimpen aan den IJssel",
        "geruimd": false,
        "geruimd_bron_terrein": false,
        "geruimd_bron_ingang": false,
        "status_conflict": false,
        "oppervlakte_m2": 1303.0,
        "oppervlakte_ha": 0.1303,
        "omtrek_m": 153.15,
        "ingang": {
          "type": "Point",
          "coordinates": [
            4.586906,
            51.920014
          ]
        },
        "ingang_lon": 4.586906,
        "ingang_lat": 51.920014,
        "ingang_koppelwijze": "exact_name_place",
        "ingang_afstand_tot_terrein_m": 0.0,
        "ingang_gedeeld": false,
        "naam_bron_terrein": "Oude alg. begraafplaats",
        "naam_bron_ingang": "Oude alg. begraafplaats",
        "bron_rij_terrein": 403,
        "bron_rij_ingang": 420,
        "bron": "Begraafplaatsen Zuid-Holland",
        "source_file": "Begraafplaatsen Zuid-Holland- Zuid-Holland.csv"
      },
      "geometry": {
        "type": "Polygon",
        "coordinates": [
          [
            [
              4.587036,
              51.919888
            ],
            [
              4.587187,
              51.919933
            ],
            [
              4.587474,
              51.920024
            ],
            [
              4.587499,
              51.92004
            ],
            [
              4.587115,
              51.920292
            ],
            [
              4.586997,
              51.920233
            ],
            [
              4.586919,
              51.92028
            ],
            [
              4.586774,
              51.920216
            ],
            [
              4.586836,
              51.92016
            ],
            [
              4.586741,
              51.920118
            ],
            [
              4.587036,
              51.919888
            ]
          ]
        ]
      }
    },
    {
      "type": "Feature",
      "properties": {
        "id": "zh-0207",
        "naam": "Gem. begraafplaats Capelle-West",
        "plaats_origineel": "Capelle aan den IJssel",
        "plaats": "Capelle aan den IJssel",
        "geruimd": false,
        "geruimd_bron_terrein": false,
        "geruimd_bron_ingang": false,
        "status_conflict": false,
        "oppervlakte_m2": 4739.37,
        "oppervlakte_ha": 0.4739,
        "omtrek_m": 416.77,
        "ingang": {
          "type": "Point",
          "coordinates": [
            4.575917,
            51.915864
          ]
        },
        "ingang_lon": 4.575917,
        "ingang_lat": 51.915864,
        "ingang_koppelwijze": "exact_name_place",
        "ingang_afstand_tot_terrein_m": 0.0,
        "ingang_gedeeld": false,
        "naam_bron_terrein": "Gem. begraafplaats Capelle-West",
        "naam_bron_ingang": "Gem. begraafplaats Capelle-West",
        "bron_rij_terrein": 404,
        "bron_rij_ingang": 421,
        "bron": "Begraafplaatsen Zuid-Holland",
        "source_file": "Begraafplaatsen Zuid-Holland- Zuid-Holland.csv"
      },
      "geometry": {
        "type": "Polygon",
        "coordinates": [
          [
            [
              4.575051,
              51.917367
            ],
            [
              4.575753,
              51.915824
            ],
            [
              4.57618,
              51.915902
            ],
            [
              4.575985,
              51.916332
            ],
            [
              4.575906,
              51.916321
            ],
            [
              4.575403,
              51.917424
            ],
            [
              4.575051,
              51.917367
            ]
          ]
        ]
      }
    },
    {
      "type": "Feature",
      "properties": {
        "id": "zh-0208",
        "naam": "RK begraafplaats Overschie",
        "plaats_origineel": "Rotterdam",
        "plaats": "Rotterdam",
        "geruimd": false,
        "geruimd_bron_terrein": false,
        "geruimd_bron_ingang": false,
        "status_conflict": false,
        "oppervlakte_m2": 634.09,
        "oppervlakte_ha": 0.0634,
        "omtrek_m": 102.94,
        "ingang": {
          "type": "Point",
          "coordinates": [
            4.421951,
            51.941298
          ]
        },
        "ingang_lon": 4.421951,
        "ingang_lat": 51.941298,
        "ingang_koppelwijze": "exact_name_place",
        "ingang_afstand_tot_terrein_m": 0.0,
        "ingang_gedeeld": false,
        "naam_bron_terrein": "RK begraafplaats Overschie",
        "naam_bron_ingang": "RK begraafplaats Overschie",
        "bron_rij_terrein": 405,
        "bron_rij_ingang": 422,
        "bron": "Begraafplaatsen Zuid-Holland",
        "source_file": "Begraafplaatsen Zuid-Holland- Zuid-Holland.csv"
      },
      "geometry": {
        "type": "Polygon",
        "coordinates": [
          [
            [
              4.422237,
              51.941371
            ],
            [
              4.421944,
              51.941325
            ],
            [
              4.422008,
              51.941063
            ],
            [
              4.422303,
              51.941084
            ],
            [
              4.422237,
              51.941371
            ]
          ]
        ]
      }
    },
    {
      "type": "Feature",
      "properties": {
        "id": "zh-0209",
        "naam": "Onze Lieve Vrouw Geboortebegraafplaats",
        "plaats_origineel": "Hoogmade",
        "plaats": "Hoogmade",
        "geruimd": false,
        "geruimd_bron_terrein": false,
        "geruimd_bron_ingang": false,
        "status_conflict": false,
        "oppervlakte_m2": 964.55,
        "oppervlakte_ha": 0.0965,
        "omtrek_m": 125.08,
        "ingang": {
          "type": "Point",
          "coordinates": [
            4.579842,
            52.168437
          ]
        },
        "ingang_lon": 4.579842,
        "ingang_lat": 52.168437,
        "ingang_koppelwijze": "exact_name_place",
        "ingang_afstand_tot_terrein_m": 0.0,
        "ingang_gedeeld": false,
        "naam_bron_terrein": "Onze Lieve Vrouw Geboortebegraafplaats",
        "naam_bron_ingang": "Onze Lieve Vrouw Geboortebegraafplaats",
        "bron_rij_terrein": 406,
        "bron_rij_ingang": 423,
        "bron": "Begraafplaatsen Zuid-Holland",
        "source_file": "Begraafplaatsen Zuid-Holland- Zuid-Holland.csv"
      },
      "geometry": {
        "type": "Polygon",
        "coordinates": [
          [
            [
              4.579953,
              52.168761
            ],
            [
              4.579794,
              52.168727
            ],
            [
              4.579802,
              52.168714
            ],
            [
              4.579532,
              52.168647
            ],
            [
              4.579699,
              52.168395
            ],
            [
              4.580092,
              52.168494
            ],
            [
              4.58012,
              52.168511
            ],
            [
              4.579953,
              52.168761
            ]
          ]
        ]
      }
    },
    {
      "type": "Feature",
      "properties": {
        "id": "zh-0210",
        "naam": "Onze Lieve Vrouwe Geboortekerkhof",
        "plaats_origineel": "Rijpwetering",
        "plaats": "Rijpwetering",
        "geruimd": false,
        "geruimd_bron_terrein": false,
        "geruimd_bron_ingang": false,
        "status_conflict": false,
        "oppervlakte_m2": 665.94,
        "oppervlakte_ha": 0.0666,
        "omtrek_m": 125.72,
        "ingang": {
          "type": "Point",
          "coordinates": [
            4.58493,
            52.192351
          ]
        },
        "ingang_lon": 4.58493,
        "ingang_lat": 52.192351,
        "ingang_koppelwijze": "exact_name_place",
        "ingang_afstand_tot_terrein_m": 6.04,
        "ingang_gedeeld": false,
        "naam_bron_terrein": "Onze Lieve Vrouwe Geboortekerkhof",
        "naam_bron_ingang": "Onze Lieve Vrouwe Geboortekerkhof",
        "bron_rij_terrein": 407,
        "bron_rij_ingang": 424,
        "bron": "Begraafplaatsen Zuid-Holland",
        "source_file": "Begraafplaatsen Zuid-Holland- Zuid-Holland.csv"
      },
      "geometry": {
        "type": "Polygon",
        "coordinates": [
          [
            [
              4.585529,
              52.192437
            ],
            [
              4.58501,
              52.192384
            ],
            [
              4.585031,
              52.192313
            ],
            [
              4.585124,
              52.192321
            ],
            [
              4.585159,
              52.192299
            ],
            [
              4.585169,
              52.192275
            ],
            [
              4.585142,
              52.192253
            ],
            [
              4.585053,
              52.192239
            ],
            [
              4.585066,
              52.192203
            ],
            [
              4.585295,
              52.192222
            ],
            [
              4.585302,
              52.192208
            ],
            [
              4.585511,
              52.192223
            ],
            [
              4.585529,
              52.192437
            ]
          ]
        ]
      }
    },
    {
      "type": "Feature",
      "properties": {
        "id": "zh-0211",
        "naam": "Gem. begraafplaats",
        "plaats_origineel": "Haastrecht",
        "plaats": "Haastrecht",
        "geruimd": false,
        "geruimd_bron_terrein": false,
        "geruimd_bron_ingang": false,
        "status_conflict": false,
        "oppervlakte_m2": 2882.38,
        "oppervlakte_ha": 0.2882,
        "omtrek_m": 221.54,
        "ingang": {
          "type": "Point",
          "coordinates": [
            4.784745,
            52.001653
          ]
        },
        "ingang_lon": 4.784745,
        "ingang_lat": 52.001653,
        "ingang_koppelwijze": "exact_name_place",
        "ingang_afstand_tot_terrein_m": 0.0,
        "ingang_gedeeld": false,
        "naam_bron_terrein": "Gem. begraafplaats",
        "naam_bron_ingang": "Gem. begraafplaats",
        "bron_rij_terrein": 408,
        "bron_rij_ingang": 425,
        "bron": "Begraafplaatsen Zuid-Holland",
        "source_file": "Begraafplaatsen Zuid-Holland- Zuid-Holland.csv"
      },
      "geometry": {
        "type": "Polygon",
        "coordinates": [
          [
            [
              4.783987,
              52.002071
            ],
            [
              4.784617,
              52.001587
            ],
            [
              4.785088,
              52.001814
            ],
            [
              4.784477,
              52.002305
            ],
            [
              4.783987,
              52.002071
            ]
          ]
        ]
      }
    },
    {
      "type": "Feature",
      "properties": {
        "id": "zh-0212",
        "naam": "RK begraafplaats",
        "plaats_origineel": "Haastrecht",
        "plaats": "Haastrecht",
        "geruimd": false,
        "geruimd_bron_terrein": false,
        "geruimd_bron_ingang": false,
        "status_conflict": false,
        "oppervlakte_m2": 920.56,
        "oppervlakte_ha": 0.0921,
        "omtrek_m": 124.04,
        "ingang": {
          "type": "Point",
          "coordinates": [
            4.777807,
            52.000297
          ]
        },
        "ingang_lon": 4.777807,
        "ingang_lat": 52.000297,
        "ingang_koppelwijze": "exact_name_place",
        "ingang_afstand_tot_terrein_m": 0.0,
        "ingang_gedeeld": false,
        "naam_bron_terrein": "RK begraafplaats",
        "naam_bron_ingang": "RK begraafplaats",
        "bron_rij_terrein": 409,
        "bron_rij_ingang": 426,
        "bron": "Begraafplaatsen Zuid-Holland",
        "source_file": "Begraafplaatsen Zuid-Holland- Zuid-Holland.csv"
      },
      "geometry": {
        "type": "Polygon",
        "coordinates": [
          [
            [
              4.778177,
              52.000476
            ],
            [
              4.777784,
              52.000417
            ],
            [
              4.777827,
              52.000315
            ],
            [
              4.777792,
              52.000312
            ],
            [
              4.777847,
              52.000133
            ],
            [
              4.778273,
              52.000197
            ],
            [
              4.778177,
              52.000476
            ]
          ]
        ]
      }
    },
    {
      "type": "Feature",
      "properties": {
        "id": "zh-0213",
        "naam": "Gemeentelijke begraafplaats",
        "plaats_origineel": "Stolwijk",
        "plaats": "Stolwijk",
        "geruimd": false,
        "geruimd_bron_terrein": false,
        "geruimd_bron_ingang": false,
        "status_conflict": false,
        "oppervlakte_m2": 5788.32,
        "oppervlakte_ha": 0.5788,
        "omtrek_m": 361.35,
        "ingang": {
          "type": "Point",
          "coordinates": [
            4.773775,
            51.973678
          ]
        },
        "ingang_lon": 4.773775,
        "ingang_lat": 51.973678,
        "ingang_koppelwijze": "exact_name_place",
        "ingang_afstand_tot_terrein_m": 0.0,
        "ingang_gedeeld": false,
        "naam_bron_terrein": "Gemeentelijke begraafplaats",
        "naam_bron_ingang": "Gemeentelijke begraafplaats",
        "bron_rij_terrein": 410,
        "bron_rij_ingang": 441,
        "bron": "Begraafplaatsen Zuid-Holland",
        "source_file": "Begraafplaatsen Zuid-Holland- Zuid-Holland.csv"
      },
      "geometry": {
        "type": "Polygon",
        "coordinates": [
          [
            [
              4.772414,
              51.97383
            ],
            [
              4.772801,
              51.973573
            ],
            [
              4.772357,
              51.973322
            ],
            [
              4.772488,
              51.973225
            ],
            [
              4.772744,
              51.973364
            ],
            [
              4.772907,
              51.973259
            ],
            [
              4.773249,
              51.973444
            ],
            [
              4.773402,
              51.973466
            ],
            [
              4.773884,
              51.973729
            ],
            [
              4.77316,
              51.974218
            ],
            [
              4.772967,
              51.974106
            ],
            [
              4.772888,
              51.974086
            ],
            [
              4.772414,
              51.97383
            ]
          ]
        ]
      }
    },
    {
      "type": "Feature",
      "properties": {
        "id": "zh-0214",
        "naam": "Oude gem. begraafplaats",
        "plaats_origineel": "Ammerstol",
        "plaats": "Ammerstol",
        "geruimd": false,
        "geruimd_bron_terrein": false,
        "geruimd_bron_ingang": false,
        "status_conflict": false,
        "oppervlakte_m2": 651.76,
        "oppervlakte_ha": 0.0652,
        "omtrek_m": 113.26,
        "ingang": {
          "type": "Point",
          "coordinates": [
            4.809238,
            51.927095
          ]
        },
        "ingang_lon": 4.809238,
        "ingang_lat": 51.927095,
        "ingang_koppelwijze": "exact_name_place",
        "ingang_afstand_tot_terrein_m": 3.66,
        "ingang_gedeeld": false,
        "naam_bron_terrein": "Oude gem. begraafplaats",
        "naam_bron_ingang": "Oude gem. begraafplaats",
        "bron_rij_terrein": 427,
        "bron_rij_ingang": 442,
        "bron": "Begraafplaatsen Zuid-Holland",
        "source_file": "Begraafplaatsen Zuid-Holland- Zuid-Holland.csv"
      },
      "geometry": {
        "type": "Polygon",
        "coordinates": [
          [
            [
              4.808581,
              51.927105
            ],
            [
              4.808626,
              51.926961
            ],
            [
              4.8092,
              51.927026
            ],
            [
              4.809168,
              51.927167
            ],
            [
              4.808581,
              51.927105
            ]
          ]
        ]
      }
    },
    {
      "type": "Feature",
      "properties": {
        "id": "zh-0215",
        "naam": "RK begraafplaats Meije",
        "plaats_origineel": "Bodegraven",
        "plaats": "Bodegraven",
        "geruimd": false,
        "geruimd_bron_terrein": false,
        "geruimd_bron_ingang": false,
        "status_conflict": false,
        "oppervlakte_m2": 596.51,
        "oppervlakte_ha": 0.0597,
        "omtrek_m": 108.39,
        "ingang": {
          "type": "Point",
          "coordinates": [
            4.793712,
            52.121319
          ]
        },
        "ingang_lon": 4.793712,
        "ingang_lat": 52.121319,
        "ingang_koppelwijze": "exact_name_place",
        "ingang_afstand_tot_terrein_m": 0.0,
        "ingang_gedeeld": false,
        "naam_bron_terrein": "RK begraafplaats Meije",
        "naam_bron_ingang": "RK begraafplaats Meije",
        "bron_rij_terrein": 428,
        "bron_rij_ingang": 443,
        "bron": "Begraafplaatsen Zuid-Holland",
        "source_file": "Begraafplaatsen Zuid-Holland- Zuid-Holland.csv"
      },
      "geometry": {
        "type": "Polygon",
        "coordinates": [
          [
            [
              4.793614,
              52.121248
            ],
            [
              4.794084,
              52.121032
            ],
            [
              4.794213,
              52.121144
            ],
            [
              4.793774,
              52.121341
            ],
            [
              4.793722,
              52.121334
            ],
            [
              4.793614,
              52.121248
            ]
          ]
        ]
      }
    },
    {
      "type": "Feature",
      "properties": {
        "id": "zh-0216",
        "naam": "RK begraafplaats",
        "plaats_origineel": "Nieuwkoop",
        "plaats": "Nieuwkoop",
        "geruimd": false,
        "geruimd_bron_terrein": false,
        "geruimd_bron_ingang": false,
        "status_conflict": false,
        "oppervlakte_m2": 906.45,
        "oppervlakte_ha": 0.0906,
        "omtrek_m": 134.98,
        "ingang": {
          "type": "Point",
          "coordinates": [
            4.777119,
            52.14882
          ]
        },
        "ingang_lon": 4.777119,
        "ingang_lat": 52.14882,
        "ingang_koppelwijze": "exact_name_place",
        "ingang_afstand_tot_terrein_m": 0.25,
        "ingang_gedeeld": false,
        "naam_bron_terrein": "RK begraafplaats",
        "naam_bron_ingang": "RK begraafplaats",
        "bron_rij_terrein": 429,
        "bron_rij_ingang": 444,
        "bron": "Begraafplaatsen Zuid-Holland",
        "source_file": "Begraafplaatsen Zuid-Holland- Zuid-Holland.csv"
      },
      "geometry": {
        "type": "Polygon",
        "coordinates": [
          [
            [
              4.776979,
              52.148811
            ],
            [
              4.77702,
              52.148794
            ],
            [
              4.777099,
              52.148811
            ],
            [
              4.777181,
              52.148861
            ],
            [
              4.777394,
              52.148978
            ],
            [
              4.777192,
              52.149245
            ],
            [
              4.777032,
              52.149053
            ],
            [
              4.776827,
              52.148838
            ],
            [
              4.776924,
              52.148783
            ],
            [
              4.776979,
              52.148811
            ]
          ]
        ]
      }
    },
    {
      "type": "Feature",
      "properties": {
        "id": "zh-0217",
        "naam": "Gem. kerkhof",
        "plaats_origineel": "Nieuwkoop",
        "plaats": "Nieuwkoop",
        "geruimd": false,
        "geruimd_bron_terrein": false,
        "geruimd_bron_ingang": false,
        "status_conflict": false,
        "oppervlakte_m2": 2947.43,
        "oppervlakte_ha": 0.2947,
        "omtrek_m": 254.16,
        "ingang": {
          "type": "Point",
          "coordinates": [
            4.77987,
            52.149495
          ]
        },
        "ingang_lon": 4.77987,
        "ingang_lat": 52.149495,
        "ingang_koppelwijze": "exact_name_place",
        "ingang_afstand_tot_terrein_m": 0.19,
        "ingang_gedeeld": false,
        "naam_bron_terrein": "Gem. kerkhof",
        "naam_bron_ingang": "Gem. kerkhof",
        "bron_rij_terrein": 430,
        "bron_rij_ingang": 445,
        "bron": "Begraafplaatsen Zuid-Holland",
        "source_file": "Begraafplaatsen Zuid-Holland- Zuid-Holland.csv"
      },
      "geometry": {
        "type": "Polygon",
        "coordinates": [
          [
            [
              4.780282,
              52.149663
            ],
            [
              4.780284,
              52.149617
            ],
            [
              4.780236,
              52.149585
            ],
            [
              4.779854,
              52.14958
            ],
            [
              4.779864,
              52.149512
            ],
            [
              4.779888,
              52.149466
            ],
            [
              4.77995,
              52.149419
            ],
            [
              4.779971,
              52.149267
            ],
            [
              4.779879,
              52.149247
            ],
            [
              4.779932,
              52.149117
            ],
            [
              4.780018,
              52.149054
            ],
            [
              4.780062,
              52.149052
            ],
            [
              4.780092,
              52.148996
            ],
            [
              4.78054,
              52.148998
            ],
            [
              4.78054,
              52.149102
            ],
            [
              4.78052,
              52.14927
            ],
            [
              4.780485,
              52.149371
            ],
            [
              4.780546,
              52.149466
            ],
            [
              4.780555,
              52.149578
            ],
            [
              4.780553,
              52.149662
            ],
            [
              4.780521,
              52.149686
            ],
            [
              4.780447,
              52.149721
            ],
            [
              4.780328,
              52.14974
            ],
            [
              4.780247,
              52.149752
            ],
            [
              4.780233,
              52.149691
            ],
            [
              4.780282,
              52.149663
            ]
          ]
        ]
      }
    },
    {
      "type": "Feature",
      "properties": {
        "id": "zh-0218",
        "naam": "Gem. begraafplaats",
        "plaats_origineel": "Lexmond",
        "plaats": "Lexmond",
        "geruimd": false,
        "geruimd_bron_terrein": false,
        "geruimd_bron_ingang": false,
        "status_conflict": false,
        "oppervlakte_m2": 5314.77,
        "oppervlakte_ha": 0.5315,
        "omtrek_m": 317.77,
        "ingang": {
          "type": "Point",
          "coordinates": [
            5.038991,
            51.962999
          ]
        },
        "ingang_lon": 5.038991,
        "ingang_lat": 51.962999,
        "ingang_koppelwijze": "exact_name_place",
        "ingang_afstand_tot_terrein_m": 8.35,
        "ingang_gedeeld": false,
        "naam_bron_terrein": "Gem. begraafplaats",
        "naam_bron_ingang": "Gem. begraafplaats",
        "bron_rij_terrein": 431,
        "bron_rij_ingang": 446,
        "bron": "Begraafplaatsen Zuid-Holland",
        "source_file": "Begraafplaatsen Zuid-Holland- Zuid-Holland.csv"
      },
      "geometry": {
        "type": "Polygon",
        "coordinates": [
          [
            [
              5.03904,
              51.962916
            ],
            [
              5.038996,
              51.962924
            ],
            [
              5.038843,
              51.962559
            ],
            [
              5.039074,
              51.962441
            ],
            [
              5.03981,
              51.962017
            ],
            [
              5.040336,
              51.96243
            ],
            [
              5.039812,
              51.96279
            ],
            [
              5.039687,
              51.962724
            ],
            [
              5.039455,
              51.962853
            ],
            [
              5.039298,
              51.962773
            ],
            [
              5.03904,
              51.962916
            ]
          ]
        ]
      }
    },
    {
      "type": "Feature",
      "properties": {
        "id": "zh-0219",
        "naam": "Gem. begraafplaats",
        "plaats_origineel": "Meerkerk",
        "plaats": "Meerkerk",
        "geruimd": false,
        "geruimd_bron_terrein": false,
        "geruimd_bron_ingang": false,
        "status_conflict": false,
        "oppervlakte_m2": 9823.74,
        "oppervlakte_ha": 0.9824,
        "omtrek_m": 441.89,
        "ingang": {
          "type": "Point",
          "coordinates": [
            4.991815,
            51.916123
          ]
        },
        "ingang_lon": 4.991815,
        "ingang_lat": 51.916123,
        "ingang_koppelwijze": "exact_name_place",
        "ingang_afstand_tot_terrein_m": 0.0,
        "ingang_gedeeld": false,
        "naam_bron_terrein": "Gem. begraafplaats",
        "naam_bron_ingang": "Gem. begraafplaats",
        "bron_rij_terrein": 432,
        "bron_rij_ingang": 447,
        "bron": "Begraafplaatsen Zuid-Holland",
        "source_file": "Begraafplaatsen Zuid-Holland- Zuid-Holland.csv"
      },
      "geometry": {
        "type": "Polygon",
        "coordinates": [
          [
            [
              4.989786,
              51.915934
            ],
            [
              4.990372,
              51.915256
            ],
            [
              4.990513,
              51.915242
            ],
            [
              4.991722,
              51.915644
            ],
            [
              4.991869,
              51.91632
            ],
            [
              4.990893,
              51.916004
            ],
            [
              4.990664,
              51.916243
            ],
            [
              4.989786,
              51.915934
            ]
          ]
        ]
      }
    },
    {
      "type": "Feature",
      "properties": {
        "id": "zh-0220",
        "naam": "Gem. kerkhof",
        "plaats_origineel": "Meerkerk",
        "plaats": "Meerkerk",
        "geruimd": false,
        "geruimd_bron_terrein": false,
        "geruimd_bron_ingang": false,
        "status_conflict": false,
        "oppervlakte_m2": 663.48,
        "oppervlakte_ha": 0.0663,
        "omtrek_m": 109.83,
        "ingang": {
          "type": "Point",
          "coordinates": [
            4.997632,
            51.921686
          ]
        },
        "ingang_lon": 4.997632,
        "ingang_lat": 51.921686,
        "ingang_koppelwijze": "exact_name_place",
        "ingang_afstand_tot_terrein_m": 0.37,
        "ingang_gedeeld": false,
        "naam_bron_terrein": "Gem. kerkhof",
        "naam_bron_ingang": "Gem. kerkhof",
        "bron_rij_terrein": 433,
        "bron_rij_ingang": 448,
        "bron": "Begraafplaatsen Zuid-Holland",
        "source_file": "Begraafplaatsen Zuid-Holland- Zuid-Holland.csv"
      },
      "geometry": {
        "type": "Polygon",
        "coordinates": [
          [
            [
              4.997625,
              51.921699
            ],
            [
              4.997092,
              51.921671
            ],
            [
              4.997107,
              51.921511
            ],
            [
              4.997645,
              51.921537
            ],
            [
              4.997625,
              51.921699
            ]
          ]
        ]
      }
    },
    {
      "type": "Feature",
      "properties": {
        "id": "zh-0221",
        "naam": "H. Willibrordusbegraafplaats",
        "plaats_origineel": "Bodegraven",
        "plaats": "Bodegraven",
        "geruimd": false,
        "geruimd_bron_terrein": false,
        "geruimd_bron_ingang": false,
        "status_conflict": false,
        "oppervlakte_m2": 1498.74,
        "oppervlakte_ha": 0.1499,
        "omtrek_m": 156.73,
        "ingang": {
          "type": "Point",
          "coordinates": [
            4.744084,
            52.084176
          ]
        },
        "ingang_lon": 4.744084,
        "ingang_lat": 52.084176,
        "ingang_koppelwijze": "exact_name_place",
        "ingang_afstand_tot_terrein_m": 0.0,
        "ingang_gedeeld": false,
        "naam_bron_terrein": "H. Willibrordusbegraafplaats",
        "naam_bron_ingang": "H. Willibrordusbegraafplaats",
        "bron_rij_terrein": 434,
        "bron_rij_ingang": 449,
        "bron": "Begraafplaatsen Zuid-Holland",
        "source_file": "Begraafplaatsen Zuid-Holland- Zuid-Holland.csv"
      },
      "geometry": {
        "type": "Polygon",
        "coordinates": [
          [
            [
              4.744068,
              52.084182
            ],
            [
              4.743884,
              52.083997
            ],
            [
              4.744424,
              52.083796
            ],
            [
              4.744477,
              52.083834
            ],
            [
              4.744504,
              52.083824
            ],
            [
              4.744719,
              52.084035
            ],
            [
              4.744332,
              52.084186
            ],
            [
              4.744272,
              52.084186
            ],
            [
              4.744149,
              52.084224
            ],
            [
              4.744098,
              52.084173
            ],
            [
              4.744068,
              52.084182
            ]
          ]
        ]
      }
    },
    {
      "type": "Feature",
      "properties": {
        "id": "zh-0222",
        "naam": "NH Kerkhof",
        "plaats_origineel": "Zwammerdam (geruimd)",
        "plaats": "Zwammerdam",
        "geruimd": null,
        "geruimd_bron_terrein": true,
        "geruimd_bron_ingang": false,
        "status_conflict": true,
        "oppervlakte_m2": 579.4,
        "oppervlakte_ha": 0.0579,
        "omtrek_m": 137.8,
        "ingang": {
          "type": "Point",
          "coordinates": [
            4.727437,
            52.10529
          ]
        },
        "ingang_lon": 4.727437,
        "ingang_lat": 52.10529,
        "ingang_koppelwijze": "exact_name_place",
        "ingang_afstand_tot_terrein_m": 0.0,
        "ingang_gedeeld": false,
        "naam_bron_terrein": "NH Kerkhof",
        "naam_bron_ingang": "NH Kerkhof",
        "bron_rij_terrein": 435,
        "bron_rij_ingang": 450,
        "bron": "Begraafplaatsen Zuid-Holland",
        "source_file": "Begraafplaatsen Zuid-Holland- Zuid-Holland.csv"
      },
      "geometry": {
        "type": "Polygon",
        "coordinates": [
          [
            [
              4.727978,
              52.105456
            ],
            [
              4.727868,
              52.105426
            ],
            [
              4.727945,
              52.105396
            ],
            [
              4.727947,
              52.105355
            ],
            [
              4.727911,
              52.105318
            ],
            [
              4.72772,
              52.105312
            ],
            [
              4.72748,
              52.105314
            ],
            [
              4.727429,
              52.1053
            ],
            [
              4.727508,
              52.105135
            ],
            [
              4.728069,
              52.105293
            ],
            [
              4.727978,
              52.105456
            ]
          ]
        ]
      }
    },
    {
      "type": "Feature",
      "properties": {
        "id": "zh-0223",
        "naam": "Begraafplaats Buitendorp",
        "plaats_origineel": "Zwammerdam",
        "plaats": "Zwammerdam",
        "geruimd": false,
        "geruimd_bron_terrein": false,
        "geruimd_bron_ingang": false,
        "status_conflict": false,
        "oppervlakte_m2": 4532.81,
        "oppervlakte_ha": 0.4533,
        "omtrek_m": 333.64,
        "ingang": {
          "type": "Point",
          "coordinates": [
            4.720042,
            52.104371
          ]
        },
        "ingang_lon": 4.720042,
        "ingang_lat": 52.104371,
        "ingang_koppelwijze": "exact_name_place",
        "ingang_afstand_tot_terrein_m": 4.23,
        "ingang_gedeeld": false,
        "naam_bron_terrein": "Begraafplaats Buitendorp",
        "naam_bron_ingang": "Begraafplaats Buitendorp",
        "bron_rij_terrein": 436,
        "bron_rij_ingang": 451,
        "bron": "Begraafplaatsen Zuid-Holland",
        "source_file": "Begraafplaatsen Zuid-Holland- Zuid-Holland.csv"
      },
      "geometry": {
        "type": "Polygon",
        "coordinates": [
          [
            [
              4.720485,
              52.104471
            ],
            [
              4.720103,
              52.104365
            ],
            [
              4.720399,
              52.103983
            ],
            [
              4.720279,
              52.103952
            ],
            [
              4.720301,
              52.103927
            ],
            [
              4.720164,
              52.103882
            ],
            [
              4.720187,
              52.103855
            ],
            [
              4.719831,
              52.103749
            ],
            [
              4.720074,
              52.103449
            ],
            [
              4.721084,
              52.103743
            ],
            [
              4.720485,
              52.104471
            ]
          ]
        ]
      }
    },
    {
      "type": "Feature",
      "properties": {
        "id": "zh-0224",
        "naam": "Nieuwe gem. begraafplaats",
        "plaats_origineel": "Boskoop",
        "plaats": "Boskoop",
        "geruimd": false,
        "geruimd_bron_terrein": false,
        "geruimd_bron_ingang": false,
        "status_conflict": false,
        "oppervlakte_m2": 26648.05,
        "oppervlakte_ha": 2.6648,
        "omtrek_m": 656.3,
        "ingang": {
          "type": "Point",
          "coordinates": [
            4.634242,
            52.076838
          ]
        },
        "ingang_lon": 4.634242,
        "ingang_lat": 52.076838,
        "ingang_koppelwijze": "exact_name_place",
        "ingang_afstand_tot_terrein_m": 3.59,
        "ingang_gedeeld": false,
        "naam_bron_terrein": "Nieuwe gem. begraafplaats",
        "naam_bron_ingang": "Nieuwe gem. begraafplaats",
        "bron_rij_terrein": 437,
        "bron_rij_ingang": 452,
        "bron": "Begraafplaatsen Zuid-Holland",
        "source_file": "Begraafplaatsen Zuid-Holland- Zuid-Holland.csv"
      },
      "geometry": {
        "type": "Polygon",
        "coordinates": [
          [
            [
              4.631898,
              52.077958
            ],
            [
              4.631849,
              52.077936
            ],
            [
              4.631629,
              52.076538
            ],
            [
              4.631663,
              52.076506
            ],
            [
              4.63273,
              52.076467
            ],
            [
              4.633367,
              52.076431
            ],
            [
              4.634121,
              52.076366
            ],
            [
              4.634346,
              52.076382
            ],
            [
              4.633817,
              52.077913
            ],
            [
              4.63372,
              52.07793
            ],
            [
              4.633009,
              52.077955
            ],
            [
              4.632917,
              52.077929
            ],
            [
              4.631898,
              52.077958
            ]
          ]
        ]
      }
    },
    {
      "type": "Feature",
      "properties": {
        "id": "zh-0225",
        "naam": "RK begraafplaats",
        "plaats_origineel": "Boskoop",
        "plaats": "Boskoop",
        "geruimd": false,
        "geruimd_bron_terrein": false,
        "geruimd_bron_ingang": false,
        "status_conflict": false,
        "oppervlakte_m2": 862.04,
        "oppervlakte_ha": 0.0862,
        "omtrek_m": 122.43,
        "ingang": {
          "type": "Point",
          "coordinates": [
            4.663546,
            52.075195
          ]
        },
        "ingang_lon": 4.663546,
        "ingang_lat": 52.075195,
        "ingang_koppelwijze": "exact_name_place",
        "ingang_afstand_tot_terrein_m": 0.43,
        "ingang_gedeeld": false,
        "naam_bron_terrein": "RK begraafplaats",
        "naam_bron_ingang": "RK begraafplaats",
        "bron_rij_terrein": 438,
        "bron_rij_ingang": 453,
        "bron": "Begraafplaatsen Zuid-Holland",
        "source_file": "Begraafplaatsen Zuid-Holland- Zuid-Holland.csv"
      },
      "geometry": {
        "type": "Polygon",
        "coordinates": [
          [
            [
              4.662989,
              52.075419
            ],
            [
              4.662972,
              52.075232
            ],
            [
              4.663539,
              52.075188
            ],
            [
              4.66356,
              52.075396
            ],
            [
              4.662989,
              52.075419
            ]
          ]
        ]
      }
    },
    {
      "type": "Feature",
      "properties": {
        "id": "zh-0226",
        "naam": "Oude gem. begraafplaats",
        "plaats_origineel": "Boskoop",
        "plaats": "Boskoop",
        "geruimd": false,
        "geruimd_bron_terrein": false,
        "geruimd_bron_ingang": false,
        "status_conflict": false,
        "oppervlakte_m2": 3565.27,
        "oppervlakte_ha": 0.3565,
        "omtrek_m": 251.19,
        "ingang": {
          "type": "Point",
          "coordinates": [
            4.666968,
            52.073831
          ]
        },
        "ingang_lon": 4.666968,
        "ingang_lat": 52.073831,
        "ingang_koppelwijze": "exact_name_place",
        "ingang_afstand_tot_terrein_m": 0.41,
        "ingang_gedeeld": false,
        "naam_bron_terrein": "Oude gem. begraafplaats",
        "naam_bron_ingang": "Oude gem. begraafplaats",
        "bron_rij_terrein": 439,
        "bron_rij_ingang": 454,
        "bron": "Begraafplaatsen Zuid-Holland",
        "source_file": "Begraafplaatsen Zuid-Holland- Zuid-Holland.csv"
      },
      "geometry": {
        "type": "Polygon",
        "coordinates": [
          [
            [
              4.666365,
              52.073836
            ],
            [
              4.666359,
              52.073491
            ],
            [
              4.666368,
              52.073476
            ],
            [
              4.666404,
              52.073464
            ],
            [
              4.667547,
              52.073439
            ],
            [
              4.667577,
              52.073444
            ],
            [
              4.667607,
              52.073469
            ],
            [
              4.66761,
              52.073818
            ],
            [
              4.666365,
              52.073836
            ]
          ]
        ]
      }
    },
    {
      "type": "Feature",
      "properties": {
        "id": "zh-0227",
        "naam": "Oude alg. begraafplaats",
        "plaats_origineel": "Numansdorp",
        "plaats": "Numansdorp",
        "geruimd": false,
        "geruimd_bron_terrein": false,
        "geruimd_bron_ingang": false,
        "status_conflict": false,
        "oppervlakte_m2": 2796.63,
        "oppervlakte_ha": 0.2797,
        "omtrek_m": 238.38,
        "ingang": {
          "type": "Point",
          "coordinates": [
            4.439931,
            51.727506
          ]
        },
        "ingang_lon": 4.439931,
        "ingang_lat": 51.727506,
        "ingang_koppelwijze": "exact_name_place",
        "ingang_afstand_tot_terrein_m": 0.0,
        "ingang_gedeeld": false,
        "naam_bron_terrein": "Oude alg. begraafplaats",
        "naam_bron_ingang": "Oude alg. begraafplaats",
        "bron_rij_terrein": 440,
        "bron_rij_ingang": 471,
        "bron": "Begraafplaatsen Zuid-Holland",
        "source_file": "Begraafplaatsen Zuid-Holland- Zuid-Holland.csv"
      },
      "geometry": {
        "type": "Polygon",
        "coordinates": [
          [
            [
              4.440334,
              51.727102
            ],
            [
              4.440388,
              51.72789
            ],
            [
              4.439917,
              51.727868
            ],
            [
              4.43991,
              51.727674
            ],
            [
              4.439858,
              51.727104
            ],
            [
              4.440334,
              51.727102
            ]
          ]
        ]
      }
    },
    {
      "type": "Feature",
      "properties": {
        "id": "zh-0228",
        "naam": "Nieuwe gem. begraafplaats",
        "plaats_origineel": "Numansdorp",
        "plaats": "Numansdorp",
        "geruimd": false,
        "geruimd_bron_terrein": false,
        "geruimd_bron_ingang": false,
        "status_conflict": false,
        "oppervlakte_m2": 22950.97,
        "oppervlakte_ha": 2.2951,
        "omtrek_m": 686.99,
        "ingang": {
          "type": "Point",
          "coordinates": [
            4.431706,
            51.733598
          ]
        },
        "ingang_lon": 4.431706,
        "ingang_lat": 51.733598,
        "ingang_koppelwijze": "exact_name_place",
        "ingang_afstand_tot_terrein_m": 0.0,
        "ingang_gedeeld": false,
        "naam_bron_terrein": "Nieuwe gem. begraafplaats",
        "naam_bron_ingang": "Nieuwe gem. begraafplaats",
        "bron_rij_terrein": 455,
        "bron_rij_ingang": 472,
        "bron": "Begraafplaatsen Zuid-Holland",
        "source_file": "Begraafplaatsen Zuid-Holland- Zuid-Holland.csv"
      },
      "geometry": {
        "type": "Polygon",
        "coordinates": [
          [
            [
              4.429869,
              51.733699
            ],
            [
              4.429712,
              51.732348
            ],
            [
              4.430915,
              51.732296
            ],
            [
              4.430959,
              51.732726
            ],
            [
              4.431016,
              51.732783
            ],
            [
              4.431073,
              51.732809
            ],
            [
              4.431125,
              51.732817
            ],
            [
              4.432577,
              51.732753
            ],
            [
              4.432685,
              51.733591
            ],
            [
              4.429869,
              51.733699
            ]
          ]
        ]
      }
    },
    {
      "type": "Feature",
      "properties": {
        "id": "zh-0229",
        "naam": "Gem. begraafplaats",
        "plaats_origineel": "Nieuwe-Tonge",
        "plaats": "Nieuwe-Tonge",
        "geruimd": false,
        "geruimd_bron_terrein": false,
        "geruimd_bron_ingang": false,
        "status_conflict": false,
        "oppervlakte_m2": 20189.97,
        "oppervlakte_ha": 2.019,
        "omtrek_m": 769.27,
        "ingang": {
          "type": "Point",
          "coordinates": [
            4.166273,
            51.7127
          ]
        },
        "ingang_lon": 4.166273,
        "ingang_lat": 51.7127,
        "ingang_koppelwijze": "exact_name_place",
        "ingang_afstand_tot_terrein_m": 0.18,
        "ingang_gedeeld": false,
        "naam_bron_terrein": "Gem. begraafplaats",
        "naam_bron_ingang": "Gem. begraafplaats",
        "bron_rij_terrein": 456,
        "bron_rij_ingang": 473,
        "bron": "Begraafplaatsen Zuid-Holland",
        "source_file": "Begraafplaatsen Zuid-Holland- Zuid-Holland.csv"
      },
      "geometry": {
        "type": "Polygon",
        "coordinates": [
          [
            [
              4.165646,
              51.712865
            ],
            [
              4.16479,
              51.711717
            ],
            [
              4.166063,
              51.711352
            ],
            [
              4.165687,
              51.710658
            ],
            [
              4.166685,
              51.710407
            ],
            [
              4.167252,
              51.711623
            ],
            [
              4.166187,
              51.711884
            ],
            [
              4.16621,
              51.71204
            ],
            [
              4.165957,
              51.712114
            ],
            [
              4.166319,
              51.712686
            ],
            [
              4.165646,
              51.712865
            ]
          ]
        ]
      }
    },
    {
      "type": "Feature",
      "properties": {
        "id": "zh-0230",
        "naam": "Gem. begraafplaats",
        "plaats_origineel": "Herkingen",
        "plaats": "Herkingen",
        "geruimd": false,
        "geruimd_bron_terrein": false,
        "geruimd_bron_ingang": false,
        "status_conflict": false,
        "oppervlakte_m2": 7050.54,
        "oppervlakte_ha": 0.7051,
        "omtrek_m": 528.08,
        "ingang": {
          "type": "Point",
          "coordinates": [
            4.091842,
            51.711726
          ]
        },
        "ingang_lon": 4.091842,
        "ingang_lat": 51.711726,
        "ingang_koppelwijze": "exact_name_place",
        "ingang_afstand_tot_terrein_m": 0.0,
        "ingang_gedeeld": false,
        "naam_bron_terrein": "Gem. begraafplaats",
        "naam_bron_ingang": "Gem. begraafplaats",
        "bron_rij_terrein": 457,
        "bron_rij_ingang": 474,
        "bron": "Begraafplaatsen Zuid-Holland",
        "source_file": "Begraafplaatsen Zuid-Holland- Zuid-Holland.csv"
      },
      "geometry": {
        "type": "Polygon",
        "coordinates": [
          [
            [
              4.092066,
              51.711936
            ],
            [
              4.091806,
              51.711707
            ],
            [
              4.093599,
              51.711324
            ],
            [
              4.094321,
              51.711957
            ],
            [
              4.094612,
              51.712338
            ],
            [
              4.094169,
              51.712405
            ],
            [
              4.093526,
              51.711648
            ],
            [
              4.092066,
              51.711936
            ]
          ]
        ]
      }
    },
    {
      "type": "Feature",
      "properties": {
        "id": "zh-0231",
        "naam": "Oude Gem. begraafplaats",
        "plaats_origineel": "Dirksland",
        "plaats": "Dirksland",
        "geruimd": false,
        "geruimd_bron_terrein": false,
        "geruimd_bron_ingang": false,
        "status_conflict": false,
        "oppervlakte_m2": 10833.44,
        "oppervlakte_ha": 1.0833,
        "omtrek_m": 405.92,
        "ingang": {
          "type": "Point",
          "coordinates": [
            4.102323,
            51.746909
          ]
        },
        "ingang_lon": 4.102323,
        "ingang_lat": 51.746909,
        "ingang_koppelwijze": "exact_name_place",
        "ingang_afstand_tot_terrein_m": 0.0,
        "ingang_gedeeld": false,
        "naam_bron_terrein": "Oude Gem. begraafplaats",
        "naam_bron_ingang": "Oude Gem. begraafplaats",
        "bron_rij_terrein": 458,
        "bron_rij_ingang": 475,
        "bron": "Begraafplaatsen Zuid-Holland",
        "source_file": "Begraafplaatsen Zuid-Holland- Zuid-Holland.csv"
      },
      "geometry": {
        "type": "Polygon",
        "coordinates": [
          [
            [
              4.101121,
              51.745988
            ],
            [
              4.101629,
              51.745987
            ],
            [
              4.101861,
              51.746041
            ],
            [
              4.102023,
              51.746142
            ],
            [
              4.102421,
              51.746916
            ],
            [
              4.101054,
              51.746901
            ],
            [
              4.100497,
              51.746693
            ],
            [
              4.100629,
              51.746035
            ],
            [
              4.101121,
              51.745988
            ]
          ]
        ]
      }
    },
    {
      "type": "Feature",
      "properties": {
        "id": "zh-0232",
        "naam": "Nieuwe Gem. begraafplaats",
        "plaats_origineel": "Dirksland",
        "plaats": "Dirksland",
        "geruimd": false,
        "geruimd_bron_terrein": false,
        "geruimd_bron_ingang": false,
        "status_conflict": false,
        "oppervlakte_m2": 22466.36,
        "oppervlakte_ha": 2.2466,
        "omtrek_m": 601.82,
        "ingang": {
          "type": "Point",
          "coordinates": [
            4.095207,
            51.753093
          ]
        },
        "ingang_lon": 4.095207,
        "ingang_lat": 51.753093,
        "ingang_koppelwijze": "exact_name_place",
        "ingang_afstand_tot_terrein_m": 0.87,
        "ingang_gedeeld": false,
        "naam_bron_terrein": "Nieuwe Gem. begraafplaats",
        "naam_bron_ingang": "Nieuwe Gem. begraafplaats",
        "bron_rij_terrein": 459,
        "bron_rij_ingang": 476,
        "bron": "Begraafplaatsen Zuid-Holland",
        "source_file": "Begraafplaatsen Zuid-Holland- Zuid-Holland.csv"
      },
      "geometry": {
        "type": "Polygon",
        "coordinates": [
          [
            [
              4.092621,
              51.753689
            ],
            [
              4.092963,
              51.752469
            ],
            [
              4.095299,
              51.752733
            ],
            [
              4.094946,
              51.753945
            ],
            [
              4.092621,
              51.753689
            ]
          ]
        ]
      }
    },
    {
      "type": "Feature",
      "properties": {
        "id": "zh-0233",
        "naam": "Joodse begraafplaats",
        "plaats_origineel": "Dirksland",
        "plaats": "Dirksland",
        "geruimd": false,
        "geruimd_bron_terrein": false,
        "geruimd_bron_ingang": false,
        "status_conflict": false,
        "oppervlakte_m2": 541.04,
        "oppervlakte_ha": 0.0541,
        "omtrek_m": 95.97,
        "ingang": {
          "type": "Point",
          "coordinates": [
            4.104601,
            51.750952
          ]
        },
        "ingang_lon": 4.104601,
        "ingang_lat": 51.750952,
        "ingang_koppelwijze": "exact_name_place",
        "ingang_afstand_tot_terrein_m": 0.0,
        "ingang_gedeeld": false,
        "naam_bron_terrein": "Joodse begraafplaats",
        "naam_bron_ingang": "Joodse begraafplaats",
        "bron_rij_terrein": 460,
        "bron_rij_ingang": 477,
        "bron": "Begraafplaatsen Zuid-Holland",
        "source_file": "Begraafplaatsen Zuid-Holland- Zuid-Holland.csv"
      },
      "geometry": {
        "type": "Polygon",
        "coordinates": [
          [
            [
              4.104615,
              51.751091
            ],
            [
              4.104595,
              51.750928
            ],
            [
              4.105032,
              51.750931
            ],
            [
              4.10504,
              51.751095
            ],
            [
              4.104615,
              51.751091
            ]
          ]
        ]
      }
    },
    {
      "type": "Feature",
      "properties": {
        "id": "zh-0234",
        "naam": "Begraafplaats Molenweg",
        "plaats_origineel": "Sommelsdijk",
        "plaats": "Sommelsdijk",
        "geruimd": false,
        "geruimd_bron_terrein": false,
        "geruimd_bron_ingang": false,
        "status_conflict": false,
        "oppervlakte_m2": 36150.77,
        "oppervlakte_ha": 3.6151,
        "omtrek_m": 771.27,
        "ingang": {
          "type": "Point",
          "coordinates": [
            4.144251,
            51.758712
          ]
        },
        "ingang_lon": 4.144251,
        "ingang_lat": 51.758712,
        "ingang_koppelwijze": "exact_name_place",
        "ingang_afstand_tot_terrein_m": 0.0,
        "ingang_gedeeld": false,
        "naam_bron_terrein": "Begraafplaats Molenweg",
        "naam_bron_ingang": "Begraafplaats Molenweg",
        "bron_rij_terrein": 461,
        "bron_rij_ingang": 478,
        "bron": "Begraafplaatsen Zuid-Holland",
        "source_file": "Begraafplaatsen Zuid-Holland- Zuid-Holland.csv"
      },
      "geometry": {
        "type": "Polygon",
        "coordinates": [
          [
            [
              4.142476,
              51.759802
            ],
            [
              4.141396,
              51.757974
            ],
            [
              4.143794,
              51.757365
            ],
            [
              4.14402,
              51.757983
            ],
            [
              4.144489,
              51.759377
            ],
            [
              4.142476,
              51.759802
            ]
          ]
        ]
      }
    },
    {
      "type": "Feature",
      "properties": {
        "id": "zh-0235",
        "naam": "RK begraafplaats",
        "plaats_origineel": "Middelharnis",
        "plaats": "Middelharnis",
        "geruimd": false,
        "geruimd_bron_terrein": false,
        "geruimd_bron_ingang": false,
        "status_conflict": false,
        "oppervlakte_m2": 1240.09,
        "oppervlakte_ha": 0.124,
        "omtrek_m": 141.24,
        "ingang": {
          "type": "Point",
          "coordinates": [
            4.156943,
            51.758402
          ]
        },
        "ingang_lon": 4.156943,
        "ingang_lat": 51.758402,
        "ingang_koppelwijze": "exact_name_place",
        "ingang_afstand_tot_terrein_m": 0.0,
        "ingang_gedeeld": false,
        "naam_bron_terrein": "RK begraafplaats",
        "naam_bron_ingang": "RK begraafplaats",
        "bron_rij_terrein": 462,
        "bron_rij_ingang": 479,
        "bron": "Begraafplaatsen Zuid-Holland",
        "source_file": "Begraafplaatsen Zuid-Holland- Zuid-Holland.csv"
      },
      "geometry": {
        "type": "Polygon",
        "coordinates": [
          [
            [
              4.156896,
              51.758431
            ],
            [
              4.157067,
              51.758137
            ],
            [
              4.157542,
              51.758243
            ],
            [
              4.15737,
              51.758547
            ],
            [
              4.157197,
              51.758511
            ],
            [
              4.157199,
              51.758505
            ],
            [
              4.156896,
              51.758431
            ]
          ]
        ]
      }
    },
    {
      "type": "Feature",
      "properties": {
        "id": "zh-0236",
        "naam": "Oude gem. begraafplaats",
        "plaats_origineel": "Middelharnis",
        "plaats": "Middelharnis",
        "geruimd": false,
        "geruimd_bron_terrein": false,
        "geruimd_bron_ingang": false,
        "status_conflict": false,
        "oppervlakte_m2": 8010.58,
        "oppervlakte_ha": 0.8011,
        "omtrek_m": 401.09,
        "ingang": {
          "type": "Point",
          "coordinates": [
            4.161408,
            51.758355
          ]
        },
        "ingang_lon": 4.161408,
        "ingang_lat": 51.758355,
        "ingang_koppelwijze": "exact_name_place",
        "ingang_afstand_tot_terrein_m": 3.83,
        "ingang_gedeeld": false,
        "naam_bron_terrein": "Oude gem. begraafplaats",
        "naam_bron_ingang": "Oude gem. begraafplaats",
        "bron_rij_terrein": 463,
        "bron_rij_ingang": 480,
        "bron": "Begraafplaatsen Zuid-Holland",
        "source_file": "Begraafplaatsen Zuid-Holland- Zuid-Holland.csv"
      },
      "geometry": {
        "type": "Polygon",
        "coordinates": [
          [
            [
              4.159963,
              51.758169
            ],
            [
              4.160407,
              51.757402
            ],
            [
              4.161219,
              51.757491
            ],
            [
              4.161118,
              51.757831
            ],
            [
              4.161838,
              51.757911
            ],
            [
              4.161689,
              51.758123
            ],
            [
              4.161601,
              51.758333
            ],
            [
              4.161571,
              51.758333
            ],
            [
              4.161541,
              51.758334
            ],
            [
              4.159963,
              51.758169
            ]
          ]
        ]
      }
    },
    {
      "type": "Feature",
      "properties": {
        "id": "zh-0237",
        "naam": "Joodse begraafplaats",
        "plaats_origineel": "Middelharnis",
        "plaats": "Middelharnis",
        "geruimd": false,
        "geruimd_bron_terrein": false,
        "geruimd_bron_ingang": false,
        "status_conflict": false,
        "oppervlakte_m2": 586.4,
        "oppervlakte_ha": 0.0586,
        "omtrek_m": 97.52,
        "ingang": {
          "type": "Point",
          "coordinates": [
            4.161635,
            51.758314
          ]
        },
        "ingang_lon": 4.161635,
        "ingang_lat": 51.758314,
        "ingang_koppelwijze": "exact_name_place",
        "ingang_afstand_tot_terrein_m": 0.0,
        "ingang_gedeeld": false,
        "naam_bron_terrein": "Joodse begraafplaats",
        "naam_bron_ingang": "Joodse begraafplaats",
        "bron_rij_terrein": 464,
        "bron_rij_ingang": 481,
        "bron": "Begraafplaatsen Zuid-Holland",
        "source_file": "Begraafplaatsen Zuid-Holland- Zuid-Holland.csv"
      },
      "geometry": {
        "type": "Polygon",
        "coordinates": [
          [
            [
              4.162,
              51.758344
            ],
            [
              4.161606,
              51.758334
            ],
            [
              4.161691,
              51.758125
            ],
            [
              4.162004,
              51.758122
            ],
            [
              4.162,
              51.758344
            ]
          ]
        ]
      }
    },
    {
      "type": "Feature",
      "properties": {
        "id": "zh-0238",
        "naam": "NH Kerkhof",
        "plaats_origineel": "Middelharnis",
        "plaats": "Middelharnis",
        "geruimd": false,
        "geruimd_bron_terrein": false,
        "geruimd_bron_ingang": false,
        "status_conflict": false,
        "oppervlakte_m2": 7020.59,
        "oppervlakte_ha": 0.7021,
        "omtrek_m": 337.87,
        "ingang": {
          "type": "Point",
          "coordinates": [
            4.164466,
            51.757688
          ]
        },
        "ingang_lon": 4.164466,
        "ingang_lat": 51.757688,
        "ingang_koppelwijze": "exact_name_place",
        "ingang_afstand_tot_terrein_m": 0.0,
        "ingang_gedeeld": false,
        "naam_bron_terrein": "NH Kerkhof",
        "naam_bron_ingang": "NH Kerkhof",
        "bron_rij_terrein": 465,
        "bron_rij_ingang": 482,
        "bron": "Begraafplaatsen Zuid-Holland",
        "source_file": "Begraafplaatsen Zuid-Holland- Zuid-Holland.csv"
      },
      "geometry": {
        "type": "Polygon",
        "coordinates": [
          [
            [
              4.164434,
              51.757722
            ],
            [
              4.164521,
              51.757556
            ],
            [
              4.164694,
              51.757447
            ],
            [
              4.164929,
              51.75735
            ],
            [
              4.164941,
              51.757347
            ],
            [
              4.165318,
              51.757304
            ],
            [
              4.165624,
              51.757321
            ],
            [
              4.165816,
              51.757423
            ],
            [
              4.166005,
              51.757622
            ],
            [
              4.166111,
              51.757811
            ],
            [
              4.166067,
              51.757935
            ],
            [
              4.165985,
              51.758048
            ],
            [
              4.165765,
              51.758135
            ],
            [
              4.165601,
              51.758143
            ],
            [
              4.165518,
              51.758022
            ],
            [
              4.165182,
              51.758029
            ],
            [
              4.165095,
              51.75791
            ],
            [
              4.164824,
              51.757933
            ],
            [
              4.164702,
              51.757768
            ],
            [
              4.164434,
              51.757722
            ]
          ]
        ]
      }
    },
    {
      "type": "Feature",
      "properties": {
        "id": "zh-0239",
        "naam": "Gem. Begraafplaats Vrederust",
        "plaats_origineel": "Middelharnis",
        "plaats": "Middelharnis",
        "geruimd": false,
        "geruimd_bron_terrein": false,
        "geruimd_bron_ingang": false,
        "status_conflict": false,
        "oppervlakte_m2": 27771.15,
        "oppervlakte_ha": 2.7771,
        "omtrek_m": 777.46,
        "ingang": {
          "type": "Point",
          "coordinates": [
            4.168679,
            51.752654
          ]
        },
        "ingang_lon": 4.168679,
        "ingang_lat": 51.752654,
        "ingang_koppelwijze": "exact_name_place",
        "ingang_afstand_tot_terrein_m": 0.0,
        "ingang_gedeeld": false,
        "naam_bron_terrein": "Gem. Begraafplaats Vrederust",
        "naam_bron_ingang": "Gem. Begraafplaats Vrederust",
        "bron_rij_terrein": 466,
        "bron_rij_ingang": 483,
        "bron": "Begraafplaatsen Zuid-Holland",
        "source_file": "Begraafplaatsen Zuid-Holland- Zuid-Holland.csv"
      },
      "geometry": {
        "type": "Polygon",
        "coordinates": [
          [
            [
              4.167522,
              51.752206
            ],
            [
              4.167988,
              51.75144
            ],
            [
              4.168735,
              51.751678
            ],
            [
              4.169072,
              51.751316
            ],
            [
              4.171014,
              51.751942
            ],
            [
              4.170863,
              51.752156
            ],
            [
              4.170848,
              51.752356
            ],
            [
              4.170913,
              51.75253
            ],
            [
              4.171049,
              51.752674
            ],
            [
              4.171049,
              51.752868
            ],
            [
              4.171177,
              51.752977
            ],
            [
              4.171024,
              51.753081
            ],
            [
              4.169024,
              51.752598
            ],
            [
              4.168952,
              51.752722
            ],
            [
              4.168341,
              51.752574
            ],
            [
              4.168429,
              51.752445
            ],
            [
              4.167522,
              51.752206
            ]
          ]
        ]
      }
    },
    {
      "type": "Feature",
      "properties": {
        "id": "zh-0240",
        "naam": "Gem. Begraafplaats",
        "plaats_origineel": "Stad aan 't Haringvliet",
        "plaats": "Stad aan 't Haringvliet",
        "geruimd": false,
        "geruimd_bron_terrein": false,
        "geruimd_bron_ingang": false,
        "status_conflict": false,
        "oppervlakte_m2": 10699.24,
        "oppervlakte_ha": 1.0699,
        "omtrek_m": 508.91,
        "ingang": {
          "type": "Point",
          "coordinates": [
            4.241243,
            51.738866
          ]
        },
        "ingang_lon": 4.241243,
        "ingang_lat": 51.738866,
        "ingang_koppelwijze": "exact_name_place",
        "ingang_afstand_tot_terrein_m": 0.9,
        "ingang_gedeeld": false,
        "naam_bron_terrein": "Gem. Begraafplaats",
        "naam_bron_ingang": "Gem. Begraafplaats",
        "bron_rij_terrein": 467,
        "bron_rij_ingang": 484,
        "bron": "Begraafplaatsen Zuid-Holland",
        "source_file": "Begraafplaatsen Zuid-Holland- Zuid-Holland.csv"
      },
      "geometry": {
        "type": "Polygon",
        "coordinates": [
          [
            [
              4.239184,
              51.738482
            ],
            [
              4.239534,
              51.738028
            ],
            [
              4.240169,
              51.7376
            ],
            [
              4.240763,
              51.737935
            ],
            [
              4.240268,
              51.738294
            ],
            [
              4.241405,
              51.738667
            ],
            [
              4.241078,
              51.739035
            ],
            [
              4.239184,
              51.738482
            ]
          ]
        ]
      }
    },
    {
      "type": "Feature",
      "properties": {
        "id": "zh-0241",
        "naam": "Vm. RK begraafplaats",
        "plaats_origineel": "Delft",
        "plaats": "Delft",
        "geruimd": false,
        "geruimd_bron_terrein": false,
        "geruimd_bron_ingang": false,
        "status_conflict": false,
        "oppervlakte_m2": 5170.83,
        "oppervlakte_ha": 0.5171,
        "omtrek_m": 316.51,
        "ingang": {
          "type": "Point",
          "coordinates": [
            4.364574,
            52.006577
          ]
        },
        "ingang_lon": 4.364574,
        "ingang_lat": 52.006577,
        "ingang_koppelwijze": "exact_name_place",
        "ingang_afstand_tot_terrein_m": 15.46,
        "ingang_gedeeld": false,
        "naam_bron_terrein": "Vm. RK begraafplaats",
        "naam_bron_ingang": "Vm. RK begraafplaats",
        "bron_rij_terrein": 468,
        "bron_rij_ingang": 485,
        "bron": "Begraafplaatsen Zuid-Holland",
        "source_file": "Begraafplaatsen Zuid-Holland- Zuid-Holland.csv"
      },
      "geometry": {
        "type": "Polygon",
        "coordinates": [
          [
            [
              4.364952,
              52.006184
            ],
            [
              4.365099,
              52.006173
            ],
            [
              4.366239,
              52.006585
            ],
            [
              4.3658,
              52.007065
            ],
            [
              4.365208,
              52.006858
            ],
            [
              4.365304,
              52.006775
            ],
            [
              4.365209,
              52.006724
            ],
            [
              4.365039,
              52.006653
            ],
            [
              4.365092,
              52.0066
            ],
            [
              4.364698,
              52.006461
            ],
            [
              4.364952,
              52.006184
            ]
          ]
        ]
      }
    },
    {
      "type": "Feature",
      "properties": {
        "id": "zh-0242",
        "naam": "H. Bavokerkhof",
        "plaats_origineel": "Oud Ade",
        "plaats": "Oud Ade",
        "geruimd": false,
        "geruimd_bron_terrein": false,
        "geruimd_bron_ingang": false,
        "status_conflict": false,
        "oppervlakte_m2": 777.58,
        "oppervlakte_ha": 0.0778,
        "omtrek_m": 117.66,
        "ingang": {
          "type": "Point",
          "coordinates": [
            4.56645,
            52.191845
          ]
        },
        "ingang_lon": 4.56645,
        "ingang_lat": 52.191845,
        "ingang_koppelwijze": "exact_name_place",
        "ingang_afstand_tot_terrein_m": 0.0,
        "ingang_gedeeld": false,
        "naam_bron_terrein": "H. Bavokerkhof",
        "naam_bron_ingang": "H. Bavokerkhof",
        "bron_rij_terrein": 469,
        "bron_rij_ingang": 486,
        "bron": "Begraafplaatsen Zuid-Holland",
        "source_file": "Begraafplaatsen Zuid-Holland- Zuid-Holland.csv"
      },
      "geometry": {
        "type": "Polygon",
        "coordinates": [
          [
            [
              4.566142,
              52.192093
            ],
            [
              4.566208,
              52.191892
            ],
            [
              4.566288,
              52.191903
            ],
            [
              4.566297,
              52.191863
            ],
            [
              4.566333,
              52.191867
            ],
            [
              4.566347,
              52.191819
            ],
            [
              4.566612,
              52.191851
            ],
            [
              4.5665,
              52.192142
            ],
            [
              4.566142,
              52.192093
            ]
          ]
        ]
      }
    },
    {
      "type": "Feature",
      "properties": {
        "id": "zh-0243",
        "naam": "Gem. begraafplaats Westduin",
        "plaats_origineel": "Dan Haag",
        "plaats": "Dan Haag",
        "geruimd": false,
        "geruimd_bron_terrein": false,
        "geruimd_bron_ingang": false,
        "status_conflict": false,
        "oppervlakte_m2": 130866.51,
        "oppervlakte_ha": 13.0867,
        "omtrek_m": 1667.44,
        "ingang": {
          "type": "Point",
          "coordinates": [
            4.224448,
            52.057053
          ]
        },
        "ingang_lon": 4.224448,
        "ingang_lat": 52.057053,
        "ingang_koppelwijze": "exact_name_place",
        "ingang_afstand_tot_terrein_m": 0.0,
        "ingang_gedeeld": false,
        "naam_bron_terrein": "Gem. begraafplaats Westduin",
        "naam_bron_ingang": "Gem. begraafplaats Westduin",
        "bron_rij_terrein": 470,
        "bron_rij_ingang": 505,
        "bron": "Begraafplaatsen Zuid-Holland",
        "source_file": "Begraafplaatsen Zuid-Holland- Zuid-Holland.csv"
      },
      "geometry": {
        "type": "Polygon",
        "coordinates": [
          [
            [
              4.223018,
              52.058436
            ],
            [
              4.219062,
              52.056714
            ],
            [
              4.219573,
              52.056132
            ],
            [
              4.217398,
              52.055243
            ],
            [
              4.217712,
              52.054542
            ],
            [
              4.22365,
              52.055214
            ],
            [
              4.226008,
              52.055589
            ],
            [
              4.226296,
              52.055723
            ],
            [
              4.22518,
              52.056701
            ],
            [
              4.224914,
              52.056605
            ],
            [
              4.223018,
              52.058436
            ]
          ]
        ]
      }
    },
    {
      "type": "Feature",
      "properties": {
        "id": "zh-0244",
        "naam": "NH kerkhof Loosduinen",
        "plaats_origineel": "Den Haag",
        "plaats": "Den Haag",
        "geruimd": false,
        "geruimd_bron_terrein": false,
        "geruimd_bron_ingang": false,
        "status_conflict": false,
        "oppervlakte_m2": 2273.32,
        "oppervlakte_ha": 0.2273,
        "omtrek_m": 230.85,
        "ingang": {
          "type": "Point",
          "coordinates": [
            4.234603,
            52.050766
          ]
        },
        "ingang_lon": 4.234603,
        "ingang_lat": 52.050766,
        "ingang_koppelwijze": "exact_name_place",
        "ingang_afstand_tot_terrein_m": 0.54,
        "ingang_gedeeld": false,
        "naam_bron_terrein": "NH kerkhof Loosduinen",
        "naam_bron_ingang": "NH kerkhof Loosduinen",
        "bron_rij_terrein": 487,
        "bron_rij_ingang": 506,
        "bron": "Begraafplaatsen Zuid-Holland",
        "source_file": "Begraafplaatsen Zuid-Holland- Zuid-Holland.csv"
      },
      "geometry": {
        "type": "Polygon",
        "coordinates": [
          [
            [
              4.233952,
              52.050709
            ],
            [
              4.234169,
              52.050323
            ],
            [
              4.235127,
              52.050533
            ],
            [
              4.235102,
              52.05061
            ],
            [
              4.234775,
              52.050605
            ],
            [
              4.234757,
              52.050581
            ],
            [
              4.234628,
              52.050583
            ],
            [
              4.234621,
              52.050714
            ],
            [
              4.23456,
              52.050835
            ],
            [
              4.233952,
              52.050709
            ]
          ]
        ]
      }
    },
    {
      "type": "Feature",
      "properties": {
        "id": "zh-0245",
        "naam": "St. Jozefbegraafplaats",
        "plaats_origineel": "Den Haag",
        "plaats": "Den Haag",
        "geruimd": false,
        "geruimd_bron_terrein": false,
        "geruimd_bron_ingang": false,
        "status_conflict": false,
        "oppervlakte_m2": 3529.13,
        "oppervlakte_ha": 0.3529,
        "omtrek_m": 240.44,
        "ingang": {
          "type": "Point",
          "coordinates": [
            4.242894,
            52.052113
          ]
        },
        "ingang_lon": 4.242894,
        "ingang_lat": 52.052113,
        "ingang_koppelwijze": "exact_name_place",
        "ingang_afstand_tot_terrein_m": 0.0,
        "ingang_gedeeld": false,
        "naam_bron_terrein": "St. Jozefbegraafplaats",
        "naam_bron_ingang": "St. Jozefbegraafplaats",
        "bron_rij_terrein": 488,
        "bron_rij_ingang": 507,
        "bron": "Begraafplaatsen Zuid-Holland",
        "source_file": "Begraafplaatsen Zuid-Holland- Zuid-Holland.csv"
      },
      "geometry": {
        "type": "Polygon",
        "coordinates": [
          [
            [
              4.242032,
              52.051915
            ],
            [
              4.242303,
              52.05149
            ],
            [
              4.243251,
              52.051711
            ],
            [
              4.243094,
              52.051941
            ],
            [
              4.242963,
              52.052139
            ],
            [
              4.242032,
              52.051915
            ]
          ]
        ]
      }
    },
    {
      "type": "Feature",
      "properties": {
        "id": "zh-0246",
        "naam": "Bonifatiusbegraafplaats",
        "plaats_origineel": "Rijswijk",
        "plaats": "Rijswijk",
        "geruimd": false,
        "geruimd_bron_terrein": false,
        "geruimd_bron_ingang": false,
        "status_conflict": false,
        "oppervlakte_m2": 6750.83,
        "oppervlakte_ha": 0.6751,
        "omtrek_m": 388.11,
        "ingang": {
          "type": "Point",
          "coordinates": [
            4.330925,
            52.051798
          ]
        },
        "ingang_lon": 4.330925,
        "ingang_lat": 52.051798,
        "ingang_koppelwijze": "exact_name_place",
        "ingang_afstand_tot_terrein_m": 0.0,
        "ingang_gedeeld": false,
        "naam_bron_terrein": "Bonifatiusbegraafplaats",
        "naam_bron_ingang": "Bonifatiusbegraafplaats",
        "bron_rij_terrein": 489,
        "bron_rij_ingang": 508,
        "bron": "Begraafplaatsen Zuid-Holland",
        "source_file": "Begraafplaatsen Zuid-Holland- Zuid-Holland.csv"
      },
      "geometry": {
        "type": "Polygon",
        "coordinates": [
          [
            [
              4.329121,
              52.051555
            ],
            [
              4.32967,
              52.051001
            ],
            [
              4.331184,
              52.051561
            ],
            [
              4.330897,
              52.051834
            ],
            [
              4.330208,
              52.051574
            ],
            [
              4.329906,
              52.05187
            ],
            [
              4.329121,
              52.051555
            ]
          ]
        ]
      }
    },
    {
      "type": "Feature",
      "properties": {
        "id": "zh-0247",
        "naam": "Gem. kerkhof",
        "plaats_origineel": "Rijswijk",
        "plaats": "Rijswijk",
        "geruimd": false,
        "geruimd_bron_terrein": false,
        "geruimd_bron_ingang": false,
        "status_conflict": false,
        "oppervlakte_m2": 977.96,
        "oppervlakte_ha": 0.0978,
        "omtrek_m": 178.71,
        "ingang": {
          "type": "Point",
          "coordinates": [
            4.333832,
            52.055812
          ]
        },
        "ingang_lon": 4.333832,
        "ingang_lat": 52.055812,
        "ingang_koppelwijze": "exact_name_place",
        "ingang_afstand_tot_terrein_m": 0.2,
        "ingang_gedeeld": false,
        "naam_bron_terrein": "Gem. kerkhof",
        "naam_bron_ingang": "Gem. kerkhof",
        "bron_rij_terrein": 490,
        "bron_rij_ingang": 509,
        "bron": "Begraafplaatsen Zuid-Holland",
        "source_file": "Begraafplaatsen Zuid-Holland- Zuid-Holland.csv"
      },
      "geometry": {
        "type": "Polygon",
        "coordinates": [
          [
            [
              4.33427,
              52.055817
            ],
            [
              4.334253,
              52.05589
            ],
            [
              4.334347,
              52.055909
            ],
            [
              4.334394,
              52.055838
            ],
            [
              4.334557,
              52.055852
            ],
            [
              4.334587,
              52.055822
            ],
            [
              4.334673,
              52.055835
            ],
            [
              4.334646,
              52.055876
            ],
            [
              4.334541,
              52.055996
            ],
            [
              4.334477,
              52.056016
            ],
            [
              4.334214,
              52.055997
            ],
            [
              4.334199,
              52.056059
            ],
            [
              4.334095,
              52.05604
            ],
            [
              4.334125,
              52.055973
            ],
            [
              4.333858,
              52.055916
            ],
            [
              4.333876,
              52.055877
            ],
            [
              4.333807,
              52.055858
            ],
            [
              4.333864,
              52.055765
            ],
            [
              4.33427,
              52.055817
            ]
          ]
        ]
      }
    },
    {
      "type": "Feature",
      "properties": {
        "id": "zh-0248",
        "naam": "Gem. begraafplaats",
        "plaats_origineel": "Woubrugge",
        "plaats": "Woubrugge",
        "geruimd": false,
        "geruimd_bron_terrein": false,
        "geruimd_bron_ingang": false,
        "status_conflict": false,
        "oppervlakte_m2": 11466.51,
        "oppervlakte_ha": 1.1467,
        "omtrek_m": 439.93,
        "ingang": {
          "type": "Point",
          "coordinates": [
            4.625911,
            52.165164
          ]
        },
        "ingang_lon": 4.625911,
        "ingang_lat": 52.165164,
        "ingang_koppelwijze": "exact_name_place",
        "ingang_afstand_tot_terrein_m": 1.61,
        "ingang_gedeeld": false,
        "naam_bron_terrein": "Gem. begraafplaats",
        "naam_bron_ingang": "Gem. begraafplaats",
        "bron_rij_terrein": 491,
        "bron_rij_ingang": 510,
        "bron": "Begraafplaatsen Zuid-Holland",
        "source_file": "Begraafplaatsen Zuid-Holland- Zuid-Holland.csv"
      },
      "geometry": {
        "type": "Polygon",
        "coordinates": [
          [
            [
              4.62506,
              52.165026
            ],
            [
              4.625196,
              52.164428
            ],
            [
              4.625224,
              52.164433
            ],
            [
              4.625262,
              52.164248
            ],
            [
              4.627181,
              52.164544
            ],
            [
              4.626898,
              52.165292
            ],
            [
              4.62506,
              52.165026
            ]
          ]
        ]
      }
    },
    {
      "type": "Feature",
      "properties": {
        "id": "zh-0249",
        "naam": "Oude alg. begraafplaats",
        "plaats_origineel": "Alphen aan den Rijn",
        "plaats": "Alphen aan den Rijn",
        "geruimd": false,
        "geruimd_bron_terrein": false,
        "geruimd_bron_ingang": false,
        "status_conflict": false,
        "oppervlakte_m2": 1408.03,
        "oppervlakte_ha": 0.1408,
        "omtrek_m": 169.57,
        "ingang": {
          "type": "Point",
          "coordinates": [
            4.658348,
            52.142123
          ]
        },
        "ingang_lon": 4.658348,
        "ingang_lat": 52.142123,
        "ingang_koppelwijze": "exact_name_place",
        "ingang_afstand_tot_terrein_m": 3.54,
        "ingang_gedeeld": false,
        "naam_bron_terrein": "Oude alg. begraafplaats",
        "naam_bron_ingang": "Oude alg. begraafplaats",
        "bron_rij_terrein": 492,
        "bron_rij_ingang": 511,
        "bron": "Begraafplaatsen Zuid-Holland",
        "source_file": "Begraafplaatsen Zuid-Holland- Zuid-Holland.csv"
      },
      "geometry": {
        "type": "Polygon",
        "coordinates": [
          [
            [
              4.658527,
              52.142122
            ],
            [
              4.65877,
              52.142661
            ],
            [
              4.65848,
              52.142714
            ],
            [
              4.658183,
              52.142188
            ],
            [
              4.658527,
              52.142122
            ]
          ]
        ]
      }
    },
    {
      "type": "Feature",
      "properties": {
        "id": "zh-0250",
        "naam": "Grafkapel fam. De Smeth",
        "plaats_origineel": "Alphen aan den Rijn",
        "plaats": "Alphen aan den Rijn",
        "geruimd": false,
        "geruimd_bron_terrein": false,
        "geruimd_bron_ingang": false,
        "status_conflict": false,
        "oppervlakte_m2": 61.02,
        "oppervlakte_ha": 0.0061,
        "omtrek_m": 28.61,
        "ingang": {
          "type": "Point",
          "coordinates": [
            4.660604,
            52.128745
          ]
        },
        "ingang_lon": 4.660604,
        "ingang_lat": 52.128745,
        "ingang_koppelwijze": "exact_name_place",
        "ingang_afstand_tot_terrein_m": 0.38,
        "ingang_gedeeld": false,
        "naam_bron_terrein": "Grafkapel fam. De Smeth",
        "naam_bron_ingang": "Grafkapel fam. De Smeth",
        "bron_rij_terrein": 493,
        "bron_rij_ingang": 512,
        "bron": "Begraafplaatsen Zuid-Holland",
        "source_file": "Begraafplaatsen Zuid-Holland- Zuid-Holland.csv"
      },
      "geometry": {
        "type": "Polygon",
        "coordinates": [
          [
            [
              4.660604,
              52.128759
            ],
            [
              4.660613,
              52.128737
            ],
            [
              4.660615,
              52.128732
            ],
            [
              4.660615,
              52.128726
            ],
            [
              4.660653,
              52.128713
            ],
            [
              4.660704,
              52.128717
            ],
            [
              4.660739,
              52.128738
            ],
            [
              4.660732,
              52.128768
            ],
            [
              4.660697,
              52.12879
            ],
            [
              4.660635,
              52.128789
            ],
            [
              4.660604,
              52.128759
            ]
          ]
        ]
      }
    },
    {
      "type": "Feature",
      "properties": {
        "id": "zh-0251",
        "naam": "H. Bonifaciuskerkhof",
        "plaats_origineel": "Alphen aan den Rijn",
        "plaats": "Alphen aan den Rijn",
        "geruimd": false,
        "geruimd_bron_terrein": false,
        "geruimd_bron_ingang": false,
        "status_conflict": false,
        "oppervlakte_m2": 2601.2,
        "oppervlakte_ha": 0.2601,
        "omtrek_m": 282.28,
        "ingang": {
          "type": "Point",
          "coordinates": [
            4.660214,
            52.127731
          ]
        },
        "ingang_lon": 4.660214,
        "ingang_lat": 52.127731,
        "ingang_koppelwijze": "exact_name_place",
        "ingang_afstand_tot_terrein_m": 2.62,
        "ingang_gedeeld": false,
        "naam_bron_terrein": "H. Bonifaciuskerkhof",
        "naam_bron_ingang": "H. Bonifaciuskerkhof",
        "bron_rij_terrein": 494,
        "bron_rij_ingang": 513,
        "bron": "Begraafplaatsen Zuid-Holland",
        "source_file": "Begraafplaatsen Zuid-Holland- Zuid-Holland.csv"
      },
      "geometry": {
        "type": "Polygon",
        "coordinates": [
          [
            [
              4.659032,
              52.128046
            ],
            [
              4.659119,
              52.127441
            ],
            [
              4.659496,
              52.127456
            ],
            [
              4.659481,
              52.127602
            ],
            [
              4.659535,
              52.127634
            ],
            [
              4.659546,
              52.127635
            ],
            [
              4.659539,
              52.127667
            ],
            [
              4.66019,
              52.127693
            ],
            [
              4.660157,
              52.127774
            ],
            [
              4.659826,
              52.127755
            ],
            [
              4.659803,
              52.127835
            ],
            [
              4.659582,
              52.127819
            ],
            [
              4.659496,
              52.127925
            ],
            [
              4.659498,
              52.128076
            ],
            [
              4.659032,
              52.128046
            ]
          ]
        ]
      }
    },
    {
      "type": "Feature",
      "properties": {
        "id": "zh-0252",
        "naam": "Joodse begraafplaats",
        "plaats_origineel": "Alphen aan den Rijn (geruimd)",
        "plaats": "Alphen aan den Rijn",
        "geruimd": true,
        "geruimd_bron_terrein": true,
        "geruimd_bron_ingang": true,
        "status_conflict": false,
        "oppervlakte_m2": 1979.63,
        "oppervlakte_ha": 0.198,
        "omtrek_m": 191.62,
        "ingang": {
          "type": "Point",
          "coordinates": [
            4.667613,
            52.130728
          ]
        },
        "ingang_lon": 4.667613,
        "ingang_lat": 52.130728,
        "ingang_koppelwijze": "exact_name_place",
        "ingang_afstand_tot_terrein_m": 0.0,
        "ingang_gedeeld": false,
        "naam_bron_terrein": "Joodse begraafplaats",
        "naam_bron_ingang": "Joodse begraafplaats",
        "bron_rij_terrein": 495,
        "bron_rij_ingang": 514,
        "bron": "Begraafplaatsen Zuid-Holland",
        "source_file": "Begraafplaatsen Zuid-Holland- Zuid-Holland.csv"
      },
      "geometry": {
        "type": "Polygon",
        "coordinates": [
          [
            [
              4.66725,
              52.130709
            ],
            [
              4.667402,
              52.130318
            ],
            [
              4.668072,
              52.130387
            ],
            [
              4.66809,
              52.130664
            ],
            [
              4.667726,
              52.130629
            ],
            [
              4.667649,
              52.130767
            ],
            [
              4.66725,
              52.130709
            ]
          ]
        ]
      }
    },
    {
      "type": "Feature",
      "properties": {
        "id": "zh-0253",
        "naam": "Gem. Oosterbegraafplaats",
        "plaats_origineel": "Alphen aan den Rijn",
        "plaats": "Alphen aan den Rijn",
        "geruimd": false,
        "geruimd_bron_terrein": false,
        "geruimd_bron_ingang": false,
        "status_conflict": false,
        "oppervlakte_m2": 69372.42,
        "oppervlakte_ha": 6.9372,
        "omtrek_m": 1259.31,
        "ingang": {
          "type": "Point",
          "coordinates": [
            4.678179,
            52.131542
          ]
        },
        "ingang_lon": 4.678179,
        "ingang_lat": 52.131542,
        "ingang_koppelwijze": "exact_name_place",
        "ingang_afstand_tot_terrein_m": 9.91,
        "ingang_gedeeld": false,
        "naam_bron_terrein": "Gem. Oosterbegraafplaats",
        "naam_bron_ingang": "Gem. Oosterbegraafplaats",
        "bron_rij_terrein": 496,
        "bron_rij_ingang": 515,
        "bron": "Begraafplaatsen Zuid-Holland",
        "source_file": "Begraafplaatsen Zuid-Holland- Zuid-Holland.csv"
      },
      "geometry": {
        "type": "Polygon",
        "coordinates": [
          [
            [
              4.676806,
              52.131466
            ],
            [
              4.67679,
              52.13141
            ],
            [
              4.67673,
              52.13084
            ],
            [
              4.676903,
              52.130168
            ],
            [
              4.677011,
              52.130166
            ],
            [
              4.677402,
              52.130193
            ],
            [
              4.677616,
              52.130207
            ],
            [
              4.677852,
              52.13021
            ],
            [
              4.678599,
              52.130206
            ],
            [
              4.678871,
              52.130184
            ],
            [
              4.679142,
              52.130155
            ],
            [
              4.679441,
              52.130129
            ],
            [
              4.679735,
              52.130101
            ],
            [
              4.680295,
              52.130005
            ],
            [
              4.680906,
              52.129868
            ],
            [
              4.681304,
              52.129757
            ],
            [
              4.681671,
              52.129616
            ],
            [
              4.681701,
              52.129631
            ],
            [
              4.681771,
              52.129714
            ],
            [
              4.681811,
              52.129752
            ],
            [
              4.68185,
              52.129785
            ],
            [
              4.681937,
              52.129841
            ],
            [
              4.682006,
              52.129879
            ],
            [
              4.682066,
              52.129908
            ],
            [
              4.682153,
              52.129947
            ],
            [
              4.682183,
              52.129984
            ],
            [
              4.682166,
              52.130044
            ],
            [
              4.682095,
              52.130123
            ],
            [
              4.682035,
              52.130218
            ],
            [
              4.681967,
              52.130352
            ],
            [
              4.68192,
              52.130481
            ],
            [
              4.681873,
              52.130647
            ],
            [
              4.681737,
              52.131121
            ],
            [
              4.681642,
              52.13141
            ],
            [
              4.681609,
              52.131463
            ],
            [
              4.681524,
              52.131489
            ],
            [
              4.681473,
              52.13149
            ],
            [
              4.681369,
              52.131478
            ],
            [
              4.68126,
              52.131446
            ],
            [
              4.681005,
              52.131343
            ],
            [
              4.680959,
              52.131337
            ],
            [
              4.680947,
              52.131355
            ],
            [
              4.681106,
              52.131433
            ],
            [
              4.681118,
              52.131455
            ],
            [
              4.680978,
              52.131884
            ],
            [
              4.680801,
              52.132489
            ],
            [
              4.680611,
              52.132471
            ],
            [
              4.68003,
              52.13234
            ],
            [
              4.679884,
              52.132291
            ],
            [
              4.679386,
              52.132134
            ],
            [
              4.679241,
              52.132091
            ],
            [
              4.679202,
              52.132088
            ],
            [
              4.679173,
              52.132107
            ],
            [
              4.679151,
              52.132131
            ],
            [
              4.678964,
              52.132077
            ],
            [
              4.678694,
              52.131845
            ],
            [
              4.678272,
              52.131468
            ],
            [
              4.678007,
              52.131233
            ],
            [
              4.677896,
              52.131466
            ],
            [
              4.677854,
              52.131529
            ],
            [
              4.677805,
              52.131556
            ],
            [
              4.677725,
              52.131589
            ],
            [
              4.677675,
              52.131599
            ],
            [
              4.677598,
              52.131608
            ],
            [
              4.677469,
              52.131592
            ],
            [
              4.676806,
              52.131466
            ]
          ]
        ]
      }
    },
    {
      "type": "Feature",
      "properties": {
        "id": "zh-0254",
        "naam": "Gem. kerkhof",
        "plaats_origineel": "Zevenhoven",
        "plaats": "Zevenhoven",
        "geruimd": false,
        "geruimd_bron_terrein": false,
        "geruimd_bron_ingang": false,
        "status_conflict": false,
        "oppervlakte_m2": 1595.46,
        "oppervlakte_ha": 0.1595,
        "omtrek_m": 179.66,
        "ingang": {
          "type": "Point",
          "coordinates": [
            4.783153,
            52.180944
          ]
        },
        "ingang_lon": 4.783153,
        "ingang_lat": 52.180944,
        "ingang_koppelwijze": "exact_name_place",
        "ingang_afstand_tot_terrein_m": 14.95,
        "ingang_gedeeld": false,
        "naam_bron_terrein": "Gem. kerkhof",
        "naam_bron_ingang": "Gem. kerkhof",
        "bron_rij_terrein": 497,
        "bron_rij_ingang": 516,
        "bron": "Begraafplaatsen Zuid-Holland",
        "source_file": "Begraafplaatsen Zuid-Holland- Zuid-Holland.csv"
      },
      "geometry": {
        "type": "Polygon",
        "coordinates": [
          [
            [
              4.783208,
              52.180814
            ],
            [
              4.78321,
              52.180685
            ],
            [
              4.783289,
              52.180704
            ],
            [
              4.783314,
              52.180676
            ],
            [
              4.783342,
              52.180665
            ],
            [
              4.783533,
              52.180673
            ],
            [
              4.783656,
              52.18068
            ],
            [
              4.783822,
              52.180705
            ],
            [
              4.783894,
              52.180737
            ],
            [
              4.783975,
              52.18074
            ],
            [
              4.783977,
              52.180795
            ],
            [
              4.783964,
              52.180839
            ],
            [
              4.783949,
              52.180898
            ],
            [
              4.783908,
              52.180967
            ],
            [
              4.783872,
              52.181001
            ],
            [
              4.783811,
              52.181051
            ],
            [
              4.783703,
              52.18108
            ],
            [
              4.783608,
              52.181094
            ],
            [
              4.783525,
              52.181087
            ],
            [
              4.783463,
              52.181074
            ],
            [
              4.783473,
              52.181021
            ],
            [
              4.783491,
              52.180915
            ],
            [
              4.7835,
              52.180858
            ],
            [
              4.783502,
              52.18084
            ],
            [
              4.783358,
              52.180827
            ],
            [
              4.783208,
              52.180814
            ]
          ]
        ]
      }
    },
    {
      "type": "Feature",
      "properties": {
        "id": "zh-0255",
        "naam": "RK begraafplaats",
        "plaats_origineel": "Noordeinde",
        "plaats": "Noordeinde",
        "geruimd": false,
        "geruimd_bron_terrein": false,
        "geruimd_bron_ingang": false,
        "status_conflict": false,
        "oppervlakte_m2": 624.76,
        "oppervlakte_ha": 0.0625,
        "omtrek_m": 100.8,
        "ingang": {
          "type": "Point",
          "coordinates": [
            4.774542,
            52.193829
          ]
        },
        "ingang_lon": 4.774542,
        "ingang_lat": 52.193829,
        "ingang_koppelwijze": "exact_name_place",
        "ingang_afstand_tot_terrein_m": 0.4,
        "ingang_gedeeld": false,
        "naam_bron_terrein": "RK begraafplaats",
        "naam_bron_ingang": "RK begraafplaats",
        "bron_rij_terrein": 498,
        "bron_rij_ingang": 517,
        "bron": "Begraafplaatsen Zuid-Holland",
        "source_file": "Begraafplaatsen Zuid-Holland- Zuid-Holland.csv"
      },
      "geometry": {
        "type": "Polygon",
        "coordinates": [
          [
            [
              4.774872,
              52.193853
            ],
            [
              4.774767,
              52.194108
            ],
            [
              4.774445,
              52.194059
            ],
            [
              4.774548,
              52.193829
            ],
            [
              4.774872,
              52.193853
            ]
          ]
        ]
      }
    },
    {
      "type": "Feature",
      "properties": {
        "id": "zh-0256",
        "naam": "St Jan de Doperbegraafplaats",
        "plaats_origineel": "Wateringen",
        "plaats": "Wateringen",
        "geruimd": false,
        "geruimd_bron_terrein": false,
        "geruimd_bron_ingang": false,
        "status_conflict": false,
        "oppervlakte_m2": 3921.58,
        "oppervlakte_ha": 0.3922,
        "omtrek_m": 256.6,
        "ingang": {
          "type": "Point",
          "coordinates": [
            4.280069,
            52.026739
          ]
        },
        "ingang_lon": 4.280069,
        "ingang_lat": 52.026739,
        "ingang_koppelwijze": "exact_name_place",
        "ingang_afstand_tot_terrein_m": 0.61,
        "ingang_gedeeld": false,
        "naam_bron_terrein": "St Jan de Doperbegraafplaats",
        "naam_bron_ingang": "St Jan de Doperbegraafplaats",
        "bron_rij_terrein": 499,
        "bron_rij_ingang": 518,
        "bron": "Begraafplaatsen Zuid-Holland",
        "source_file": "Begraafplaatsen Zuid-Holland- Zuid-Holland.csv"
      },
      "geometry": {
        "type": "Polygon",
        "coordinates": [
          [
            [
              4.279895,
              52.026971
            ],
            [
              4.279837,
              52.026986
            ],
            [
              4.279787,
              52.02698
            ],
            [
              4.279722,
              52.026961
            ],
            [
              4.279703,
              52.026929
            ],
            [
              4.279639,
              52.026886
            ],
            [
              4.279464,
              52.026844
            ],
            [
              4.279138,
              52.026753
            ],
            [
              4.279086,
              52.026705
            ],
            [
              4.279395,
              52.02628
            ],
            [
              4.279445,
              52.026275
            ],
            [
              4.27955,
              52.026302
            ],
            [
              4.279703,
              52.026341
            ],
            [
              4.279832,
              52.026379
            ],
            [
              4.27988,
              52.026346
            ],
            [
              4.27995,
              52.026313
            ],
            [
              4.280295,
              52.026406
            ],
            [
              4.279895,
              52.026971
            ]
          ]
        ]
      }
    },
    {
      "type": "Feature",
      "properties": {
        "id": "zh-0257",
        "naam": "Gem. begraafplaats",
        "plaats_origineel": "Wateringen",
        "plaats": "Wateringen",
        "geruimd": false,
        "geruimd_bron_terrein": false,
        "geruimd_bron_ingang": false,
        "status_conflict": false,
        "oppervlakte_m2": 3750.32,
        "oppervlakte_ha": 0.375,
        "omtrek_m": 255.74,
        "ingang": {
          "type": "Point",
          "coordinates": [
            4.270014,
            52.026329
          ]
        },
        "ingang_lon": 4.270014,
        "ingang_lat": 52.026329,
        "ingang_koppelwijze": "exact_name_place",
        "ingang_afstand_tot_terrein_m": 0.05,
        "ingang_gedeeld": false,
        "naam_bron_terrein": "Gem. begraafplaats",
        "naam_bron_ingang": "Gem. begraafplaats",
        "bron_rij_terrein": 500,
        "bron_rij_ingang": 519,
        "bron": "Begraafplaatsen Zuid-Holland",
        "source_file": "Begraafplaatsen Zuid-Holland- Zuid-Holland.csv"
      },
      "geometry": {
        "type": "Polygon",
        "coordinates": [
          [
            [
              4.269873,
              52.02604
            ],
            [
              4.270042,
              52.026323
            ],
            [
              4.269818,
              52.026367
            ],
            [
              4.269669,
              52.026362
            ],
            [
              4.26957,
              52.026336
            ],
            [
              4.269526,
              52.026276
            ],
            [
              4.269463,
              52.026247
            ],
            [
              4.269063,
              52.026144
            ],
            [
              4.26903,
              52.026089
            ],
            [
              4.269318,
              52.025636
            ],
            [
              4.270034,
              52.025764
            ],
            [
              4.27006,
              52.025782
            ],
            [
              4.269873,
              52.02604
            ]
          ]
        ]
      }
    },
    {
      "type": "Feature",
      "properties": {
        "id": "zh-0258",
        "naam": "H. Andreasbegraafplaats",
        "plaats_origineel": "Kwintsheul",
        "plaats": "Kwintsheul",
        "geruimd": false,
        "geruimd_bron_terrein": false,
        "geruimd_bron_ingang": false,
        "status_conflict": false,
        "oppervlakte_m2": 1636.26,
        "oppervlakte_ha": 0.1636,
        "omtrek_m": 180.72,
        "ingang": {
          "type": "Point",
          "coordinates": [
            4.2556,
            52.01486
          ]
        },
        "ingang_lon": 4.2556,
        "ingang_lat": 52.01486,
        "ingang_koppelwijze": "exact_name_place",
        "ingang_afstand_tot_terrein_m": 1.79,
        "ingang_gedeeld": false,
        "naam_bron_terrein": "H. Andreasbegraafplaats",
        "naam_bron_ingang": "H. Andreasbegraafplaats",
        "bron_rij_terrein": 501,
        "bron_rij_ingang": 520,
        "bron": "Begraafplaatsen Zuid-Holland",
        "source_file": "Begraafplaatsen Zuid-Holland- Zuid-Holland.csv"
      },
      "geometry": {
        "type": "Polygon",
        "coordinates": [
          [
            [
              4.255619,
              52.014849
            ],
            [
              4.256201,
              52.014534
            ],
            [
              4.256553,
              52.014795
            ],
            [
              4.256147,
              52.015025
            ],
            [
              4.255897,
              52.014849
            ],
            [
              4.255731,
              52.014927
            ],
            [
              4.255619,
              52.014849
            ]
          ]
        ]
      }
    },
    {
      "type": "Feature",
      "properties": {
        "id": "zh-0259",
        "naam": "RK begraafplaats",
        "plaats_origineel": "Poeldijk",
        "plaats": "Poeldijk",
        "geruimd": false,
        "geruimd_bron_terrein": false,
        "geruimd_bron_ingang": false,
        "status_conflict": false,
        "oppervlakte_m2": 3276.77,
        "oppervlakte_ha": 0.3277,
        "omtrek_m": 279.51,
        "ingang": {
          "type": "Point",
          "coordinates": [
            4.22144,
            52.02137
          ]
        },
        "ingang_lon": 4.22144,
        "ingang_lat": 52.02137,
        "ingang_koppelwijze": "exact_name_place",
        "ingang_afstand_tot_terrein_m": 0.76,
        "ingang_gedeeld": false,
        "naam_bron_terrein": "RK begraafplaats",
        "naam_bron_ingang": "RK begraafplaats",
        "bron_rij_terrein": 502,
        "bron_rij_ingang": 521,
        "bron": "Begraafplaatsen Zuid-Holland",
        "source_file": "Begraafplaatsen Zuid-Holland- Zuid-Holland.csv"
      },
      "geometry": {
        "type": "Polygon",
        "coordinates": [
          [
            [
              4.22067,
              52.021165
            ],
            [
              4.220643,
              52.02115
            ],
            [
              4.220629,
              52.021129
            ],
            [
              4.220623,
              52.021102
            ],
            [
              4.220634,
              52.021077
            ],
            [
              4.220672,
              52.021051
            ],
            [
              4.220705,
              52.021042
            ],
            [
              4.220764,
              52.021036
            ],
            [
              4.22126,
              52.021006
            ],
            [
              4.22211,
              52.020989
            ],
            [
              4.222112,
              52.021174
            ],
            [
              4.222159,
              52.021221
            ],
            [
              4.222177,
              52.021316
            ],
            [
              4.221364,
              52.021368
            ],
            [
              4.221364,
              52.02138
            ],
            [
              4.221128,
              52.021396
            ],
            [
              4.221148,
              52.021278
            ],
            [
              4.221136,
              52.021198
            ],
            [
              4.220812,
              52.021181
            ],
            [
              4.220724,
              52.021175
            ],
            [
              4.22067,
              52.021165
            ]
          ]
        ]
      }
    },
    {
      "type": "Feature",
      "properties": {
        "id": "zh-0260",
        "naam": "Grafkelder Vredenburch",
        "plaats_origineel": "'s-Gravenzande",
        "plaats": "'s-Gravenzande",
        "geruimd": false,
        "geruimd_bron_terrein": false,
        "geruimd_bron_ingang": false,
        "status_conflict": false,
        "oppervlakte_m2": 66.49,
        "oppervlakte_ha": 0.0066,
        "omtrek_m": 30.02,
        "ingang": {
          "type": "Point",
          "coordinates": [
            4.160988,
            52.004313
          ]
        },
        "ingang_lon": 4.160988,
        "ingang_lat": 52.004313,
        "ingang_koppelwijze": "exact_name_place",
        "ingang_afstand_tot_terrein_m": 0.28,
        "ingang_gedeeld": false,
        "naam_bron_terrein": "Grafkelder Vredenburch",
        "naam_bron_ingang": "Grafkelder Vredenburch",
        "bron_rij_terrein": 503,
        "bron_rij_ingang": 522,
        "bron": "Begraafplaatsen Zuid-Holland",
        "source_file": "Begraafplaatsen Zuid-Holland- Zuid-Holland.csv"
      },
      "geometry": {
        "type": "Polygon",
        "coordinates": [
          [
            [
              4.160984,
              52.004327
            ],
            [
              4.161005,
              52.004292
            ],
            [
              4.16104,
              52.004285
            ],
            [
              4.161087,
              52.004294
            ],
            [
              4.161122,
              52.004314
            ],
            [
              4.161101,
              52.004357
            ],
            [
              4.161072,
              52.004371
            ],
            [
              4.161004,
              52.004365
            ],
            [
              4.160984,
              52.004327
            ]
          ]
        ]
      }
    },
    {
      "type": "Feature",
      "properties": {
        "id": "zh-0261",
        "naam": "Gem. begraafplaats",
        "plaats_origineel": "Maasdijk",
        "plaats": "Maasdijk",
        "geruimd": false,
        "geruimd_bron_terrein": false,
        "geruimd_bron_ingang": false,
        "status_conflict": false,
        "oppervlakte_m2": 9248.4,
        "oppervlakte_ha": 0.9248,
        "omtrek_m": 385.41,
        "ingang": {
          "type": "Point",
          "coordinates": [
            4.213445,
            51.958963
          ]
        },
        "ingang_lon": 4.213445,
        "ingang_lat": 51.958963,
        "ingang_koppelwijze": "exact_name_place",
        "ingang_afstand_tot_terrein_m": 0.0,
        "ingang_gedeeld": false,
        "naam_bron_terrein": "Gem. begraafplaats",
        "naam_bron_ingang": "Gem. begraafplaats",
        "bron_rij_terrein": 504,
        "bron_rij_ingang": 544,
        "bron": "Begraafplaatsen Zuid-Holland",
        "source_file": "Begraafplaatsen Zuid-Holland- Zuid-Holland.csv"
      },
      "geometry": {
        "type": "Polygon",
        "coordinates": [
          [
            [
              4.2132,
              51.959193
            ],
            [
              4.211975,
              51.958639
            ],
            [
              4.212767,
              51.957995
            ],
            [
              4.213949,
              51.958515
            ],
            [
              4.2132,
              51.959193
            ]
          ]
        ]
      }
    },
    {
      "type": "Feature",
      "properties": {
        "id": "zh-0262",
        "naam": "Gem. begraafplaats",
        "plaats_origineel": "De Lier",
        "plaats": "De Lier",
        "geruimd": false,
        "geruimd_bron_terrein": false,
        "geruimd_bron_ingang": false,
        "status_conflict": false,
        "oppervlakte_m2": 21443.83,
        "oppervlakte_ha": 2.1444,
        "omtrek_m": 769.7,
        "ingang": {
          "type": "Point",
          "coordinates": [
            4.253845,
            51.972997
          ]
        },
        "ingang_lon": 4.253845,
        "ingang_lat": 51.972997,
        "ingang_koppelwijze": "exact_name_place",
        "ingang_afstand_tot_terrein_m": 0.0,
        "ingang_gedeeld": false,
        "naam_bron_terrein": "Gem. begraafplaats",
        "naam_bron_ingang": "Gem. begraafplaats",
        "bron_rij_terrein": 523,
        "bron_rij_ingang": 545,
        "bron": "Begraafplaatsen Zuid-Holland",
        "source_file": "Begraafplaatsen Zuid-Holland- Zuid-Holland.csv"
      },
      "geometry": {
        "type": "Polygon",
        "coordinates": [
          [
            [
              4.253132,
              51.972736
            ],
            [
              4.25437,
              51.971452
            ],
            [
              4.253365,
              51.971099
            ],
            [
              4.253911,
              51.970526
            ],
            [
              4.255738,
              51.971199
            ],
            [
              4.253929,
              51.973039
            ],
            [
              4.253132,
              51.972736
            ]
          ]
        ]
      }
    },
    {
      "type": "Feature",
      "properties": {
        "id": "zh-0263",
        "naam": "NH Kerkhof",
        "plaats_origineel": "'t Woudt",
        "plaats": "'t Woudt",
        "geruimd": false,
        "geruimd_bron_terrein": false,
        "geruimd_bron_ingang": false,
        "status_conflict": false,
        "oppervlakte_m2": 522.39,
        "oppervlakte_ha": 0.0522,
        "omtrek_m": 97.68,
        "ingang": {
          "type": "Point",
          "coordinates": [
            4.294235,
            51.996423
          ]
        },
        "ingang_lon": 4.294235,
        "ingang_lat": 51.996423,
        "ingang_koppelwijze": "exact_name_place",
        "ingang_afstand_tot_terrein_m": 0.0,
        "ingang_gedeeld": false,
        "naam_bron_terrein": "NH Kerkhof",
        "naam_bron_ingang": "NH Kerkhof",
        "bron_rij_terrein": 524,
        "bron_rij_ingang": 546,
        "bron": "Begraafplaatsen Zuid-Holland",
        "source_file": "Begraafplaatsen Zuid-Holland- Zuid-Holland.csv"
      },
      "geometry": {
        "type": "Polygon",
        "coordinates": [
          [
            [
              4.294216,
              51.996458
            ],
            [
              4.294275,
              51.996347
            ],
            [
              4.294348,
              51.996364
            ],
            [
              4.294404,
              51.996252
            ],
            [
              4.294646,
              51.996309
            ],
            [
              4.294525,
              51.996529
            ],
            [
              4.294216,
              51.996458
            ]
          ]
        ]
      }
    },
    {
      "type": "Feature",
      "properties": {
        "id": "zh-0264",
        "naam": "RK begraafplaats",
        "plaats_origineel": "Den Hoorn",
        "plaats": "Den Hoorn",
        "geruimd": false,
        "geruimd_bron_terrein": false,
        "geruimd_bron_ingang": false,
        "status_conflict": false,
        "oppervlakte_m2": 1723.98,
        "oppervlakte_ha": 0.1724,
        "omtrek_m": 168.04,
        "ingang": {
          "type": "Point",
          "coordinates": [
            4.332073,
            51.998594
          ]
        },
        "ingang_lon": 4.332073,
        "ingang_lat": 51.998594,
        "ingang_koppelwijze": "exact_name_place",
        "ingang_afstand_tot_terrein_m": 0.14,
        "ingang_gedeeld": false,
        "naam_bron_terrein": "RK begraafplaats",
        "naam_bron_ingang": "RK begraafplaats",
        "bron_rij_terrein": 525,
        "bron_rij_ingang": 547,
        "bron": "Begraafplaatsen Zuid-Holland",
        "source_file": "Begraafplaatsen Zuid-Holland- Zuid-Holland.csv"
      },
      "geometry": {
        "type": "Polygon",
        "coordinates": [
          [
            [
              4.331325,
              51.998596
            ],
            [
              4.331492,
              51.998304
            ],
            [
              4.332167,
              51.998421
            ],
            [
              4.331992,
              51.998736
            ],
            [
              4.331325,
              51.998596
            ]
          ]
        ]
      }
    },
    {
      "type": "Feature",
      "properties": {
        "id": "zh-0265",
        "naam": "Gem. begraafplaats Sint Janshof",
        "plaats_origineel": "Nootdorp",
        "plaats": "Nootdorp",
        "geruimd": false,
        "geruimd_bron_terrein": false,
        "geruimd_bron_ingang": false,
        "status_conflict": false,
        "oppervlakte_m2": 27587.1,
        "oppervlakte_ha": 2.7587,
        "omtrek_m": 670.2,
        "ingang": {
          "type": "Point",
          "coordinates": [
            4.411843,
            52.035162
          ]
        },
        "ingang_lon": 4.411843,
        "ingang_lat": 52.035162,
        "ingang_koppelwijze": "exact_name_place",
        "ingang_afstand_tot_terrein_m": 2.23,
        "ingang_gedeeld": false,
        "naam_bron_terrein": "Gem. begraafplaats Sint Janshof",
        "naam_bron_ingang": "Gem. begraafplaats Sint Janshof",
        "bron_rij_terrein": 526,
        "bron_rij_ingang": 548,
        "bron": "Begraafplaatsen Zuid-Holland",
        "source_file": "Begraafplaatsen Zuid-Holland- Zuid-Holland.csv"
      },
      "geometry": {
        "type": "Polygon",
        "coordinates": [
          [
            [
              4.412049,
              52.035012
            ],
            [
              4.413393,
              52.034607
            ],
            [
              4.413596,
              52.034673
            ],
            [
              4.415449,
              52.035436
            ],
            [
              4.41499,
              52.035887
            ],
            [
              4.414232,
              52.03616
            ],
            [
              4.414049,
              52.036081
            ],
            [
              4.414005,
              52.036089
            ],
            [
              4.413963,
              52.036105
            ],
            [
              4.413812,
              52.03626
            ],
            [
              4.413797,
              52.036274
            ],
            [
              4.413741,
              52.03628
            ],
            [
              4.411587,
              52.035428
            ],
            [
              4.412049,
              52.035012
            ]
          ]
        ]
      }
    },
    {
      "type": "Feature",
      "properties": {
        "id": "zh-0266",
        "naam": "NH Kerkhof",
        "plaats_origineel": "Nootdorp",
        "plaats": "Nootdorp",
        "geruimd": false,
        "geruimd_bron_terrein": false,
        "geruimd_bron_ingang": false,
        "status_conflict": false,
        "oppervlakte_m2": 708.46,
        "oppervlakte_ha": 0.0708,
        "omtrek_m": 124.43,
        "ingang": {
          "type": "Point",
          "coordinates": [
            4.39455,
            52.042875
          ]
        },
        "ingang_lon": 4.39455,
        "ingang_lat": 52.042875,
        "ingang_koppelwijze": "exact_name_place",
        "ingang_afstand_tot_terrein_m": 5.17,
        "ingang_gedeeld": false,
        "naam_bron_terrein": "NH Kerkhof",
        "naam_bron_ingang": "NH Kerkhof",
        "bron_rij_terrein": 527,
        "bron_rij_ingang": 549,
        "bron": "Begraafplaatsen Zuid-Holland",
        "source_file": "Begraafplaatsen Zuid-Holland- Zuid-Holland.csv"
      },
      "geometry": {
        "type": "Polygon",
        "coordinates": [
          [
            [
              4.394964,
              52.042945
            ],
            [
              4.394973,
              52.042872
            ],
            [
              4.39489,
              52.042858
            ],
            [
              4.394774,
              52.042843
            ],
            [
              4.394729,
              52.04284
            ],
            [
              4.394655,
              52.042838
            ],
            [
              4.39459,
              52.042832
            ],
            [
              4.394492,
              52.042822
            ],
            [
              4.394574,
              52.042756
            ],
            [
              4.394598,
              52.04274
            ],
            [
              4.394632,
              52.042724
            ],
            [
              4.394707,
              52.042708
            ],
            [
              4.394785,
              52.042699
            ],
            [
              4.394851,
              52.042701
            ],
            [
              4.394937,
              52.042709
            ],
            [
              4.395031,
              52.042732
            ],
            [
              4.39511,
              52.042763
            ],
            [
              4.395204,
              52.042819
            ],
            [
              4.395095,
              52.04294
            ],
            [
              4.394964,
              52.042945
            ]
          ]
        ]
      }
    },
    {
      "type": "Feature",
      "properties": {
        "id": "zh-0267",
        "naam": "RK begraafplaats",
        "plaats_origineel": "Nootdorp",
        "plaats": "Nootdorp",
        "geruimd": false,
        "geruimd_bron_terrein": false,
        "geruimd_bron_ingang": false,
        "status_conflict": false,
        "oppervlakte_m2": 1172.56,
        "oppervlakte_ha": 0.1173,
        "omtrek_m": 144.85,
        "ingang": {
          "type": "Point",
          "coordinates": [
            4.392698,
            52.050402
          ]
        },
        "ingang_lon": 4.392698,
        "ingang_lat": 52.050402,
        "ingang_koppelwijze": "exact_name_place",
        "ingang_afstand_tot_terrein_m": 153.61,
        "ingang_gedeeld": false,
        "naam_bron_terrein": "RK begraafplaats",
        "naam_bron_ingang": "RK begraafplaats",
        "bron_rij_terrein": 528,
        "bron_rij_ingang": 550,
        "bron": "Begraafplaatsen Zuid-Holland",
        "source_file": "Begraafplaatsen Zuid-Holland- Zuid-Holland.csv"
      },
      "geometry": {
        "type": "Polygon",
        "coordinates": [
          [
            [
              4.394538,
              52.04915
            ],
            [
              4.39432,
              52.049304
            ],
            [
              4.394268,
              52.049285
            ],
            [
              4.394097,
              52.049324
            ],
            [
              4.393992,
              52.049227
            ],
            [
              4.394032,
              52.049165
            ],
            [
              4.39384,
              52.04904
            ],
            [
              4.39404,
              52.048893
            ],
            [
              4.394538,
              52.04915
            ]
          ]
        ]
      }
    },
    {
      "type": "Feature",
      "properties": {
        "id": "zh-0268",
        "naam": "NH Kerkhof Hilligersberg",
        "plaats_origineel": "Rotterdam",
        "plaats": "Rotterdam",
        "geruimd": false,
        "geruimd_bron_terrein": false,
        "geruimd_bron_ingang": false,
        "status_conflict": false,
        "oppervlakte_m2": 8064.71,
        "oppervlakte_ha": 0.8065,
        "omtrek_m": 360.56,
        "ingang": {
          "type": "Point",
          "coordinates": [
            4.493293,
            51.956675
          ]
        },
        "ingang_lon": 4.493293,
        "ingang_lat": 51.956675,
        "ingang_koppelwijze": "exact_name_place",
        "ingang_afstand_tot_terrein_m": 0.0,
        "ingang_gedeeld": false,
        "naam_bron_terrein": "NH Kerkhof Hilligersberg",
        "naam_bron_ingang": "NH Kerkhof Hilligersberg",
        "bron_rij_terrein": 529,
        "bron_rij_ingang": 551,
        "bron": "Begraafplaatsen Zuid-Holland",
        "source_file": "Begraafplaatsen Zuid-Holland- Zuid-Holland.csv"
      },
      "geometry": {
        "type": "Polygon",
        "coordinates": [
          [
            [
              4.492874,
              51.955455
            ],
            [
              4.493648,
              51.95581
            ],
            [
              4.493822,
              51.955933
            ],
            [
              4.493859,
              51.956006
            ],
            [
              4.493917,
              51.956151
            ],
            [
              4.493628,
              51.956373
            ],
            [
              4.493627,
              51.956459
            ],
            [
              4.493584,
              51.956583
            ],
            [
              4.493457,
              51.956646
            ],
            [
              4.4933,
              51.95668
            ],
            [
              4.493125,
              51.956695
            ],
            [
              4.492924,
              51.956656
            ],
            [
              4.492837,
              51.956581
            ],
            [
              4.492764,
              51.956436
            ],
            [
              4.49278,
              51.956306
            ],
            [
              4.492726,
              51.956223
            ],
            [
              4.492647,
              51.95615
            ],
            [
              4.492623,
              51.956012
            ],
            [
              4.492664,
              51.955786
            ],
            [
              4.492724,
              51.955718
            ],
            [
              4.492664,
              51.955592
            ],
            [
              4.492874,
              51.955455
            ]
          ]
        ]
      }
    },
    {
      "type": "Feature",
      "properties": {
        "id": "zh-0269",
        "naam": "Begraafplaats Schiebroek",
        "plaats_origineel": "Rotterdam",
        "plaats": "Rotterdam",
        "geruimd": false,
        "geruimd_bron_terrein": false,
        "geruimd_bron_ingang": false,
        "status_conflict": false,
        "oppervlakte_m2": 523.75,
        "oppervlakte_ha": 0.0524,
        "omtrek_m": 98.4,
        "ingang": {
          "type": "Point",
          "coordinates": [
            4.477997,
            51.956274
          ]
        },
        "ingang_lon": 4.477997,
        "ingang_lat": 51.956274,
        "ingang_koppelwijze": "exact_name_place",
        "ingang_afstand_tot_terrein_m": 0.0,
        "ingang_gedeeld": false,
        "naam_bron_terrein": "Begraafplaats Schiebroek",
        "naam_bron_ingang": "Begraafplaats Schiebroek",
        "bron_rij_terrein": 530,
        "bron_rij_ingang": 552,
        "bron": "Begraafplaatsen Zuid-Holland",
        "source_file": "Begraafplaatsen Zuid-Holland- Zuid-Holland.csv"
      },
      "geometry": {
        "type": "Polygon",
        "coordinates": [
          [
            [
              4.478028,
              51.956314
            ],
            [
              4.477619,
              51.956464
            ],
            [
              4.477526,
              51.956323
            ],
            [
              4.477963,
              51.956185
            ],
            [
              4.478028,
              51.956314
            ]
          ]
        ]
      }
    },
    {
      "type": "Feature",
      "properties": {
        "id": "zh-0270",
        "naam": "NH kerkhof Koningshof",
        "plaats_origineel": "Pijnacker",
        "plaats": "Pijnacker",
        "geruimd": false,
        "geruimd_bron_terrein": false,
        "geruimd_bron_ingang": false,
        "status_conflict": false,
        "oppervlakte_m2": 4643.36,
        "oppervlakte_ha": 0.4643,
        "omtrek_m": 455.67,
        "ingang": {
          "type": "Point",
          "coordinates": [
            4.433847,
            52.013199
          ]
        },
        "ingang_lon": 4.433847,
        "ingang_lat": 52.013199,
        "ingang_koppelwijze": "exact_name_place",
        "ingang_afstand_tot_terrein_m": 0.56,
        "ingang_gedeeld": false,
        "naam_bron_terrein": "NH kerkhof Koningshof",
        "naam_bron_ingang": "NH kerkhof Koningshof",
        "bron_rij_terrein": 531,
        "bron_rij_ingang": 553,
        "bron": "Begraafplaatsen Zuid-Holland",
        "source_file": "Begraafplaatsen Zuid-Holland- Zuid-Holland.csv"
      },
      "geometry": {
        "type": "Polygon",
        "coordinates": [
          [
            [
              4.433649,
              52.013188
            ],
            [
              4.433679,
              52.013168
            ],
            [
              4.433676,
              52.013126
            ],
            [
              4.43364,
              52.013104
            ],
            [
              4.433633,
              52.013058
            ],
            [
              4.433521,
              52.013057
            ],
            [
              4.433515,
              52.012997
            ],
            [
              4.433361,
              52.012993
            ],
            [
              4.433364,
              52.013059
            ],
            [
              4.43291,
              52.013067
            ],
            [
              4.433076,
              52.012853
            ],
            [
              4.43345,
              52.012928
            ],
            [
              4.433909,
              52.013055
            ],
            [
              4.433982,
              52.012988
            ],
            [
              4.434071,
              52.012867
            ],
            [
              4.434009,
              52.012851
            ],
            [
              4.434091,
              52.012696
            ],
            [
              4.434117,
              52.012669
            ],
            [
              4.434252,
              52.012611
            ],
            [
              4.434277,
              52.012581
            ],
            [
              4.434292,
              52.012558
            ],
            [
              4.435158,
              52.012758
            ],
            [
              4.434921,
              52.013197
            ],
            [
              4.434065,
              52.013007
            ],
            [
              4.433892,
              52.013132
            ],
            [
              4.433855,
              52.013122
            ],
            [
              4.433839,
              52.013198
            ],
            [
              4.433649,
              52.013188
            ]
          ]
        ]
      }
    },
    {
      "type": "Feature",
      "properties": {
        "id": "zh-0271",
        "naam": "Johannes de Doperbegraafplaats",
        "plaats_origineel": "Pijnacker",
        "plaats": "Pijnacker",
        "geruimd": false,
        "geruimd_bron_terrein": false,
        "geruimd_bron_ingang": false,
        "status_conflict": false,
        "oppervlakte_m2": 1896.03,
        "oppervlakte_ha": 0.1896,
        "omtrek_m": 202.57,
        "ingang": {
          "type": "Point",
          "coordinates": [
            4.433142,
            52.020566
          ]
        },
        "ingang_lon": 4.433142,
        "ingang_lat": 52.020566,
        "ingang_koppelwijze": "exact_name_place",
        "ingang_afstand_tot_terrein_m": 34.25,
        "ingang_gedeeld": false,
        "naam_bron_terrein": "Johannes de Doperbegraafplaats",
        "naam_bron_ingang": "Johannes de Doperbegraafplaats",
        "bron_rij_terrein": 532,
        "bron_rij_ingang": 554,
        "bron": "Begraafplaatsen Zuid-Holland",
        "source_file": "Begraafplaatsen Zuid-Holland- Zuid-Holland.csv"
      },
      "geometry": {
        "type": "Polygon",
        "coordinates": [
          [
            [
              4.431637,
              52.020196
            ],
            [
              4.4318,
              52.019988
            ],
            [
              4.432825,
              52.020243
            ],
            [
              4.432686,
              52.020441
            ],
            [
              4.431637,
              52.020196
            ]
          ]
        ]
      }
    },
    {
      "type": "Feature",
      "properties": {
        "id": "zh-0272",
        "naam": "Hervormd kerkhof",
        "plaats_origineel": "Sassenheim",
        "plaats": "Sassenheim",
        "geruimd": false,
        "geruimd_bron_terrein": false,
        "geruimd_bron_ingang": false,
        "status_conflict": false,
        "oppervlakte_m2": 6331.92,
        "oppervlakte_ha": 0.6332,
        "omtrek_m": 355.32,
        "ingang": {
          "type": "Point",
          "coordinates": [
            4.522605,
            52.226948
          ]
        },
        "ingang_lon": 4.522605,
        "ingang_lat": 52.226948,
        "ingang_koppelwijze": "exact_name_place",
        "ingang_afstand_tot_terrein_m": 0.1,
        "ingang_gedeeld": false,
        "naam_bron_terrein": "Hervormd kerkhof",
        "naam_bron_ingang": "Hervormd kerkhof",
        "bron_rij_terrein": 533,
        "bron_rij_ingang": 555,
        "bron": "Begraafplaatsen Zuid-Holland",
        "source_file": "Begraafplaatsen Zuid-Holland- Zuid-Holland.csv"
      },
      "geometry": {
        "type": "Polygon",
        "coordinates": [
          [
            [
              4.523004,
              52.22718
            ],
            [
              4.52301,
              52.227255
            ],
            [
              4.523012,
              52.227301
            ],
            [
              4.522849,
              52.227408
            ],
            [
              4.52263,
              52.227457
            ],
            [
              4.522578,
              52.227457
            ],
            [
              4.52181,
              52.227878
            ],
            [
              4.52126,
              52.227454
            ],
            [
              4.521523,
              52.227264
            ],
            [
              4.521696,
              52.227347
            ],
            [
              4.521885,
              52.227193
            ],
            [
              4.521976,
              52.227233
            ],
            [
              4.521983,
              52.227141
            ],
            [
              4.522027,
              52.227058
            ],
            [
              4.5222,
              52.226956
            ],
            [
              4.522321,
              52.226917
            ],
            [
              4.522458,
              52.226916
            ],
            [
              4.52257,
              52.226929
            ],
            [
              4.523004,
              52.22718
            ]
          ]
        ]
      }
    },
    {
      "type": "Feature",
      "properties": {
        "id": "zh-0273",
        "naam": "H. Matthiasbegraafplaats",
        "plaats_origineel": "Warmond",
        "plaats": "Warmond",
        "geruimd": false,
        "geruimd_bron_terrein": false,
        "geruimd_bron_ingang": false,
        "status_conflict": false,
        "oppervlakte_m2": 2026.53,
        "oppervlakte_ha": 0.2027,
        "omtrek_m": 175.87,
        "ingang": {
          "type": "Point",
          "coordinates": [
            4.5003,
            52.198615
          ]
        },
        "ingang_lon": 4.5003,
        "ingang_lat": 52.198615,
        "ingang_koppelwijze": "exact_name_place",
        "ingang_afstand_tot_terrein_m": 0.0,
        "ingang_gedeeld": false,
        "naam_bron_terrein": "H. Matthiasbegraafplaats",
        "naam_bron_ingang": "H. Matthiasbegraafplaats",
        "bron_rij_terrein": 534,
        "bron_rij_ingang": 556,
        "bron": "Begraafplaatsen Zuid-Holland",
        "source_file": "Begraafplaatsen Zuid-Holland- Zuid-Holland.csv"
      },
      "geometry": {
        "type": "Polygon",
        "coordinates": [
          [
            [
              4.500506,
              52.198775
            ],
            [
              4.500486,
              52.198783
            ],
            [
              4.500461,
              52.19878
            ],
            [
              4.500124,
              52.198451
            ],
            [
              4.500132,
              52.198428
            ],
            [
              4.500574,
              52.198212
            ],
            [
              4.500594,
              52.198208
            ],
            [
              4.500626,
              52.198212
            ],
            [
              4.500959,
              52.198515
            ],
            [
              4.500964,
              52.198533
            ],
            [
              4.500943,
              52.198561
            ],
            [
              4.500506,
              52.198775
            ]
          ]
        ]
      }
    },
    {
      "type": "Feature",
      "properties": {
        "id": "zh-0274",
        "naam": "Kerkhof Groene Kerkje",
        "plaats_origineel": "Oegstgeest",
        "plaats": "Oegstgeest",
        "geruimd": false,
        "geruimd_bron_terrein": false,
        "geruimd_bron_ingang": false,
        "status_conflict": false,
        "oppervlakte_m2": 9943.28,
        "oppervlakte_ha": 0.9943,
        "omtrek_m": 430.9,
        "ingang": {
          "type": "Point",
          "coordinates": [
            4.467534,
            52.193449
          ]
        },
        "ingang_lon": 4.467534,
        "ingang_lat": 52.193449,
        "ingang_koppelwijze": "exact_name_place",
        "ingang_afstand_tot_terrein_m": 0.19,
        "ingang_gedeeld": false,
        "naam_bron_terrein": "Kerkhof Groene Kerkje",
        "naam_bron_ingang": "Kerkhof Groene Kerkje",
        "bron_rij_terrein": 535,
        "bron_rij_ingang": 557,
        "bron": "Begraafplaatsen Zuid-Holland",
        "source_file": "Begraafplaatsen Zuid-Holland- Zuid-Holland.csv"
      },
      "geometry": {
        "type": "Polygon",
        "coordinates": [
          [
            [
              4.468224,
              52.194559
            ],
            [
              4.467428,
              52.194303
            ],
            [
              4.467321,
              52.194198
            ],
            [
              4.467254,
              52.19412
            ],
            [
              4.467243,
              52.19406
            ],
            [
              4.467247,
              52.193911
            ],
            [
              4.467317,
              52.193735
            ],
            [
              4.467495,
              52.193443
            ],
            [
              4.46834,
              52.193611
            ],
            [
              4.468544,
              52.193302
            ],
            [
              4.469044,
              52.193535
            ],
            [
              4.468224,
              52.194559
            ]
          ]
        ]
      }
    },
    {
      "type": "Feature",
      "properties": {
        "id": "zh-0275",
        "naam": "Laurentiuskerkhof",
        "plaats_origineel": "Voorschoten",
        "plaats": "Voorschoten",
        "geruimd": false,
        "geruimd_bron_terrein": false,
        "geruimd_bron_ingang": false,
        "status_conflict": false,
        "oppervlakte_m2": 1907.91,
        "oppervlakte_ha": 0.1908,
        "omtrek_m": 258.95,
        "ingang": {
          "type": "Point",
          "coordinates": [
            4.454849,
            52.130175
          ]
        },
        "ingang_lon": 4.454849,
        "ingang_lat": 52.130175,
        "ingang_koppelwijze": "exact_name_place",
        "ingang_afstand_tot_terrein_m": 0.19,
        "ingang_gedeeld": false,
        "naam_bron_terrein": "Laurentiuskerkhof",
        "naam_bron_ingang": "Laurentiuskerkhof",
        "bron_rij_terrein": 536,
        "bron_rij_ingang": 558,
        "bron": "Begraafplaatsen Zuid-Holland",
        "source_file": "Begraafplaatsen Zuid-Holland- Zuid-Holland.csv"
      },
      "geometry": {
        "type": "Polygon",
        "coordinates": [
          [
            [
              4.454832,
              52.13016
            ],
            [
              4.455894,
              52.129514
            ],
            [
              4.456149,
              52.129665
            ],
            [
              4.455534,
              52.130085
            ],
            [
              4.455294,
              52.12995
            ],
            [
              4.454905,
              52.130213
            ],
            [
              4.454832,
              52.13016
            ]
          ]
        ]
      }
    },
    {
      "type": "Feature",
      "properties": {
        "id": "zh-0276",
        "naam": "NH Kerkhof",
        "plaats_origineel": "Voorschoten",
        "plaats": "Voorschoten",
        "geruimd": false,
        "geruimd_bron_terrein": false,
        "geruimd_bron_ingang": false,
        "status_conflict": false,
        "oppervlakte_m2": 1441.08,
        "oppervlakte_ha": 0.1441,
        "omtrek_m": 177.83,
        "ingang": {
          "type": "Point",
          "coordinates": [
            4.446343,
            52.125161
          ]
        },
        "ingang_lon": 4.446343,
        "ingang_lat": 52.125161,
        "ingang_koppelwijze": "exact_name_place",
        "ingang_afstand_tot_terrein_m": 0.0,
        "ingang_gedeeld": false,
        "naam_bron_terrein": "NH Kerkhof",
        "naam_bron_ingang": "NH Kerkhof",
        "bron_rij_terrein": 537,
        "bron_rij_ingang": 559,
        "bron": "Begraafplaatsen Zuid-Holland",
        "source_file": "Begraafplaatsen Zuid-Holland- Zuid-Holland.csv"
      },
      "geometry": {
        "type": "Polygon",
        "coordinates": [
          [
            [
              4.446685,
              52.125191
            ],
            [
              4.446785,
              52.124965
            ],
            [
              4.446835,
              52.124932
            ],
            [
              4.446898,
              52.124929
            ],
            [
              4.44698,
              52.124939
            ],
            [
              4.44704,
              52.124967
            ],
            [
              4.447091,
              52.125098
            ],
            [
              4.447131,
              52.125236
            ],
            [
              4.447116,
              52.125276
            ],
            [
              4.446944,
              52.125353
            ],
            [
              4.446814,
              52.125404
            ],
            [
              4.446642,
              52.125306
            ],
            [
              4.446445,
              52.125255
            ],
            [
              4.44633,
              52.125186
            ],
            [
              4.446338,
              52.12514
            ],
            [
              4.446685,
              52.125191
            ]
          ]
        ]
      }
    },
    {
      "type": "Feature",
      "properties": {
        "id": "zh-0277",
        "naam": "Kloosterbegraafplaats Bijdorp",
        "plaats_origineel": "Voorschoten",
        "plaats": "Voorschoten",
        "geruimd": false,
        "geruimd_bron_terrein": false,
        "geruimd_bron_ingang": false,
        "status_conflict": false,
        "oppervlakte_m2": 727.28,
        "oppervlakte_ha": 0.0727,
        "omtrek_m": 114.47,
        "ingang": {
          "type": "Point",
          "coordinates": [
            4.445899,
            52.12008
          ]
        },
        "ingang_lon": 4.445899,
        "ingang_lat": 52.12008,
        "ingang_koppelwijze": "exact_name_place",
        "ingang_afstand_tot_terrein_m": 0.2,
        "ingang_gedeeld": false,
        "naam_bron_terrein": "Kloosterbegraafplaats Bijdorp",
        "naam_bron_ingang": "Kloosterbegraafplaats Bijdorp",
        "bron_rij_terrein": 538,
        "bron_rij_ingang": 560,
        "bron": "Begraafplaatsen Zuid-Holland",
        "source_file": "Begraafplaatsen Zuid-Holland- Zuid-Holland.csv"
      },
      "geometry": {
        "type": "Polygon",
        "coordinates": [
          [
            [
              4.445903,
              52.120295
            ],
            [
              4.445733,
              52.120164
            ],
            [
              4.446172,
              52.119948
            ],
            [
              4.446342,
              52.120088
            ],
            [
              4.445903,
              52.120295
            ]
          ]
        ]
      }
    },
    {
      "type": "Feature",
      "properties": {
        "id": "zh-0278",
        "naam": "Nieuwe begraafplaats",
        "plaats_origineel": "Oegstgeest",
        "plaats": "Oegstgeest",
        "geruimd": false,
        "geruimd_bron_terrein": false,
        "geruimd_bron_ingang": false,
        "status_conflict": false,
        "oppervlakte_m2": 5695.52,
        "oppervlakte_ha": 0.5696,
        "omtrek_m": 322.42,
        "ingang": {
          "type": "Point",
          "coordinates": [
            4.467332,
            52.195418
          ]
        },
        "ingang_lon": 4.467332,
        "ingang_lat": 52.195418,
        "ingang_koppelwijze": "exact_name_place",
        "ingang_afstand_tot_terrein_m": 0.0,
        "ingang_gedeeld": false,
        "naam_bron_terrein": "Nieuwe begraafplaats",
        "naam_bron_ingang": "Nieuwe begraafplaats",
        "bron_rij_terrein": 539,
        "bron_rij_ingang": 561,
        "bron": "Begraafplaatsen Zuid-Holland",
        "source_file": "Begraafplaatsen Zuid-Holland- Zuid-Holland.csv"
      },
      "geometry": {
        "type": "Polygon",
        "coordinates": [
          [
            [
              4.467939,
              52.195622
            ],
            [
              4.467724,
              52.196284
            ],
            [
              4.467206,
              52.196012
            ],
            [
              4.467088,
              52.196006
            ],
            [
              4.466469,
              52.195426
            ],
            [
              4.466886,
              52.195269
            ],
            [
              4.467398,
              52.195439
            ],
            [
              4.467939,
              52.195622
            ]
          ]
        ]
      }
    },
    {
      "type": "Feature",
      "properties": {
        "id": "zh-0279",
        "naam": "RK begraafplaats",
        "plaats_origineel": "Schipluiden",
        "plaats": "Schipluiden",
        "geruimd": false,
        "geruimd_bron_terrein": false,
        "geruimd_bron_ingang": false,
        "status_conflict": false,
        "oppervlakte_m2": 2029.83,
        "oppervlakte_ha": 0.203,
        "omtrek_m": 183.34,
        "ingang": {
          "type": "Point",
          "coordinates": [
            4.319642,
            51.986748
          ]
        },
        "ingang_lon": 4.319642,
        "ingang_lat": 51.986748,
        "ingang_koppelwijze": "exact_name_place",
        "ingang_afstand_tot_terrein_m": 0.0,
        "ingang_gedeeld": false,
        "naam_bron_terrein": "RK begraafplaats",
        "naam_bron_ingang": "RK begraafplaats",
        "bron_rij_terrein": 540,
        "bron_rij_ingang": 562,
        "bron": "Begraafplaatsen Zuid-Holland",
        "source_file": "Begraafplaatsen Zuid-Holland- Zuid-Holland.csv"
      },
      "geometry": {
        "type": "Polygon",
        "coordinates": [
          [
            [
              4.318871,
              51.986639
            ],
            [
              4.319001,
              51.986308
            ],
            [
              4.319758,
              51.986432
            ],
            [
              4.319643,
              51.986757
            ],
            [
              4.318871,
              51.986639
            ]
          ]
        ]
      }
    },
    {
      "type": "Feature",
      "properties": {
        "id": "zh-0280",
        "naam": "Gem. begraafplaats",
        "plaats_origineel": "Schipluiden",
        "plaats": "Schipluiden",
        "geruimd": false,
        "geruimd_bron_terrein": false,
        "geruimd_bron_ingang": false,
        "status_conflict": false,
        "oppervlakte_m2": 6786.54,
        "oppervlakte_ha": 0.6787,
        "omtrek_m": 369.85,
        "ingang": {
          "type": "Point",
          "coordinates": [
            4.310494,
            51.976339
          ]
        },
        "ingang_lon": 4.310494,
        "ingang_lat": 51.976339,
        "ingang_koppelwijze": "exact_name_place",
        "ingang_afstand_tot_terrein_m": 0.0,
        "ingang_gedeeld": false,
        "naam_bron_terrein": "Gem. begraafplaats",
        "naam_bron_ingang": "Gem. begraafplaats",
        "bron_rij_terrein": 541,
        "bron_rij_ingang": 563,
        "bron": "Begraafplaatsen Zuid-Holland",
        "source_file": "Begraafplaatsen Zuid-Holland- Zuid-Holland.csv"
      },
      "geometry": {
        "type": "Polygon",
        "coordinates": [
          [
            [
              4.310078,
              51.976324
            ],
            [
              4.310032,
              51.976356
            ],
            [
              4.309276,
              51.976202
            ],
            [
              4.309333,
              51.976061
            ],
            [
              4.309468,
              51.976047
            ],
            [
              4.309618,
              51.975978
            ],
            [
              4.310403,
              51.975616
            ],
            [
              4.310728,
              51.975699
            ],
            [
              4.310967,
              51.975946
            ],
            [
              4.310977,
              51.975969
            ],
            [
              4.310991,
              51.976131
            ],
            [
              4.311096,
              51.976328
            ],
            [
              4.311127,
              51.976533
            ],
            [
              4.310923,
              51.976503
            ],
            [
              4.310855,
              51.976429
            ],
            [
              4.310792,
              51.976397
            ],
            [
              4.310351,
              51.976315
            ],
            [
              4.310178,
              51.976283
            ],
            [
              4.310078,
              51.976324
            ]
          ]
        ]
      }
    },
    {
      "type": "Feature",
      "properties": {
        "id": "zh-0281",
        "naam": "RK begraafplaats St. Barbara",
        "plaats_origineel": "Leerdam",
        "plaats": "Leerdam",
        "geruimd": false,
        "geruimd_bron_terrein": false,
        "geruimd_bron_ingang": false,
        "status_conflict": false,
        "oppervlakte_m2": 1197.22,
        "oppervlakte_ha": 0.1197,
        "omtrek_m": 152.29,
        "ingang": {
          "type": "Point",
          "coordinates": [
            5.108368,
            51.893471
          ]
        },
        "ingang_lon": 5.108368,
        "ingang_lat": 51.893471,
        "ingang_koppelwijze": "exact_name_place",
        "ingang_afstand_tot_terrein_m": 0.59,
        "ingang_gedeeld": false,
        "naam_bron_terrein": "RK begraafplaats St. Barbara",
        "naam_bron_ingang": "RK begraafplaats St. Barbara",
        "bron_rij_terrein": 542,
        "bron_rij_ingang": 564,
        "bron": "Begraafplaatsen Zuid-Holland",
        "source_file": "Begraafplaatsen Zuid-Holland- Zuid-Holland.csv"
      },
      "geometry": {
        "type": "Polygon",
        "coordinates": [
          [
            [
              5.10853,
              51.893447
            ],
            [
              5.10868,
              51.893934
            ],
            [
              5.108357,
              51.893968
            ],
            [
              5.108223,
              51.893503
            ],
            [
              5.10853,
              51.893447
            ]
          ]
        ]
      }
    },
    {
      "type": "Feature",
      "properties": {
        "id": "zh-0282",
        "naam": "Oude alg. begraafplaats",
        "plaats_origineel": "Schoonrewoerd",
        "plaats": "Schoonrewoerd",
        "geruimd": false,
        "geruimd_bron_terrein": false,
        "geruimd_bron_ingang": false,
        "status_conflict": false,
        "oppervlakte_m2": 948.33,
        "oppervlakte_ha": 0.0948,
        "omtrek_m": 162.35,
        "ingang": {
          "type": "Point",
          "coordinates": [
            5.116429,
            51.920719
          ]
        },
        "ingang_lon": 5.116429,
        "ingang_lat": 51.920719,
        "ingang_koppelwijze": "exact_name_place",
        "ingang_afstand_tot_terrein_m": 3.32,
        "ingang_gedeeld": false,
        "naam_bron_terrein": "Oude alg. begraafplaats",
        "naam_bron_ingang": "Oude alg. begraafplaats",
        "bron_rij_terrein": 543,
        "bron_rij_ingang": 584,
        "bron": "Begraafplaatsen Zuid-Holland",
        "source_file": "Begraafplaatsen Zuid-Holland- Zuid-Holland.csv"
      },
      "geometry": {
        "type": "Polygon",
        "coordinates": [
          [
            [
              5.116243,
              51.921124
            ],
            [
              5.116224,
              51.921099
            ],
            [
              5.116222,
              51.920843
            ],
            [
              5.116212,
              51.920789
            ],
            [
              5.116758,
              51.920691
            ],
            [
              5.116852,
              51.920796
            ],
            [
              5.116441,
              51.920873
            ],
            [
              5.11648,
              51.921105
            ],
            [
              5.116359,
              51.921101
            ],
            [
              5.116307,
              51.921106
            ],
            [
              5.116243,
              51.921124
            ]
          ]
        ]
      }
    },
    {
      "type": "Feature",
      "properties": {
        "id": "zh-0283",
        "naam": "Gem. begraafplaats",
        "plaats_origineel": "Schoonrewoerd",
        "plaats": "Schoonrewoerd",
        "geruimd": false,
        "geruimd_bron_terrein": false,
        "geruimd_bron_ingang": false,
        "status_conflict": false,
        "oppervlakte_m2": 5513.52,
        "oppervlakte_ha": 0.5514,
        "omtrek_m": 361.05,
        "ingang": {
          "type": "Point",
          "coordinates": [
            5.109111,
            51.921601
          ]
        },
        "ingang_lon": 5.109111,
        "ingang_lat": 51.921601,
        "ingang_koppelwijze": "exact_name_place",
        "ingang_afstand_tot_terrein_m": 1.72,
        "ingang_gedeeld": false,
        "naam_bron_terrein": "Gem. begraafplaats",
        "naam_bron_ingang": "Gem. begraafplaats",
        "bron_rij_terrein": 565,
        "bron_rij_ingang": 585,
        "bron": "Begraafplaatsen Zuid-Holland",
        "source_file": "Begraafplaatsen Zuid-Holland- Zuid-Holland.csv"
      },
      "geometry": {
        "type": "Polygon",
        "coordinates": [
          [
            [
              5.109412,
              51.921539
            ],
            [
              5.110365,
              51.922573
            ],
            [
              5.109863,
              51.922759
            ],
            [
              5.108848,
              51.92167
            ],
            [
              5.109064,
              51.921583
            ],
            [
              5.109123,
              51.921643
            ],
            [
              5.109412,
              51.921539
            ]
          ]
        ]
      }
    },
    {
      "type": "Feature",
      "properties": {
        "id": "zh-0284",
        "naam": "NH Kerkhof",
        "plaats_origineel": "Hei en Boeicop (geruimd)",
        "plaats": "Hei en Boeicop",
        "geruimd": true,
        "geruimd_bron_terrein": true,
        "geruimd_bron_ingang": true,
        "status_conflict": false,
        "oppervlakte_m2": 862.2,
        "oppervlakte_ha": 0.0862,
        "omtrek_m": 107.6,
        "ingang": {
          "type": "Point",
          "coordinates": [
            5.08181,
            51.944777
          ]
        },
        "ingang_lon": 5.08181,
        "ingang_lat": 51.944777,
        "ingang_koppelwijze": "exact_name_place",
        "ingang_afstand_tot_terrein_m": 0.0,
        "ingang_gedeeld": false,
        "naam_bron_terrein": "NH Kerkhof",
        "naam_bron_ingang": "NH Kerkhof",
        "bron_rij_terrein": 566,
        "bron_rij_ingang": 586,
        "bron": "Begraafplaatsen Zuid-Holland",
        "source_file": "Begraafplaatsen Zuid-Holland- Zuid-Holland.csv"
      },
      "geometry": {
        "type": "Polygon",
        "coordinates": [
          [
            [
              5.081658,
              51.945011
            ],
            [
              5.081577,
              51.944977
            ],
            [
              5.081572,
              51.944894
            ],
            [
              5.081619,
              51.944832
            ],
            [
              5.081812,
              51.944773
            ],
            [
              5.082008,
              51.944796
            ],
            [
              5.082087,
              51.944836
            ],
            [
              5.082115,
              51.944899
            ],
            [
              5.082099,
              51.944972
            ],
            [
              5.082023,
              51.945016
            ],
            [
              5.081832,
              51.945041
            ],
            [
              5.081658,
              51.945011
            ]
          ]
        ]
      }
    },
    {
      "type": "Feature",
      "properties": {
        "id": "zh-0285",
        "naam": "Gem. begraafplaats",
        "plaats_origineel": "Hei en Boeicop",
        "plaats": "Hei en Boeicop",
        "geruimd": false,
        "geruimd_bron_terrein": false,
        "geruimd_bron_ingang": false,
        "status_conflict": false,
        "oppervlakte_m2": 4025.92,
        "oppervlakte_ha": 0.4026,
        "omtrek_m": 314.26,
        "ingang": {
          "type": "Point",
          "coordinates": [
            5.067226,
            51.947704
          ]
        },
        "ingang_lon": 5.067226,
        "ingang_lat": 51.947704,
        "ingang_koppelwijze": "exact_name_place",
        "ingang_afstand_tot_terrein_m": 5.67,
        "ingang_gedeeld": false,
        "naam_bron_terrein": "Gem. begraafplaats",
        "naam_bron_ingang": "Gem. begraafplaats",
        "bron_rij_terrein": 567,
        "bron_rij_ingang": 587,
        "bron": "Begraafplaatsen Zuid-Holland",
        "source_file": "Begraafplaatsen Zuid-Holland- Zuid-Holland.csv"
      },
      "geometry": {
        "type": "Polygon",
        "coordinates": [
          [
            [
              5.067434,
              51.947703
            ],
            [
              5.068129,
              51.94875
            ],
            [
              5.067716,
              51.948855
            ],
            [
              5.067191,
              51.948117
            ],
            [
              5.067001,
              51.947821
            ],
            [
              5.067434,
              51.947703
            ]
          ]
        ]
      }
    },
    {
      "type": "Feature",
      "properties": {
        "id": "zh-0286",
        "naam": "Kerkhof oude kerk",
        "plaats_origineel": "Zwijndrecht",
        "plaats": "Zwijndrecht",
        "geruimd": false,
        "geruimd_bron_terrein": false,
        "geruimd_bron_ingang": false,
        "status_conflict": false,
        "oppervlakte_m2": 3123.08,
        "oppervlakte_ha": 0.3123,
        "omtrek_m": 288.45,
        "ingang": {
          "type": "Point",
          "coordinates": [
            4.652602,
            51.818903
          ]
        },
        "ingang_lon": 4.652602,
        "ingang_lat": 51.818903,
        "ingang_koppelwijze": "exact_name_place",
        "ingang_afstand_tot_terrein_m": 0.0,
        "ingang_gedeeld": false,
        "naam_bron_terrein": "Kerkhof oude kerk",
        "naam_bron_ingang": "Kerkhof oude kerk",
        "bron_rij_terrein": 568,
        "bron_rij_ingang": 588,
        "bron": "Begraafplaatsen Zuid-Holland",
        "source_file": "Begraafplaatsen Zuid-Holland- Zuid-Holland.csv"
      },
      "geometry": {
        "type": "Polygon",
        "coordinates": [
          [
            [
              4.653031,
              51.818378
            ],
            [
              4.653229,
              51.818613
            ],
            [
              4.65267,
              51.81876
            ],
            [
              4.65269,
              51.818872
            ],
            [
              4.652575,
              51.818916
            ],
            [
              4.652479,
              51.818911
            ],
            [
              4.652453,
              51.818847
            ],
            [
              4.652038,
              51.818884
            ],
            [
              4.651753,
              51.818973
            ],
            [
              4.651623,
              51.818777
            ],
            [
              4.653031,
              51.818378
            ]
          ]
        ]
      }
    },
    {
      "type": "Feature",
      "properties": {
        "id": "zh-0287",
        "naam": "Algemene begraafplaats Groote Lindt",
        "plaats_origineel": "Zwijndrecht",
        "plaats": "Zwijndrecht",
        "geruimd": false,
        "geruimd_bron_terrein": false,
        "geruimd_bron_ingang": false,
        "status_conflict": false,
        "oppervlakte_m2": 638.48,
        "oppervlakte_ha": 0.0638,
        "omtrek_m": 108.03,
        "ingang": {
          "type": "Point",
          "coordinates": [
            4.624487,
            51.811986
          ]
        },
        "ingang_lon": 4.624487,
        "ingang_lat": 51.811986,
        "ingang_koppelwijze": "exact_name_place",
        "ingang_afstand_tot_terrein_m": 0.17,
        "ingang_gedeeld": false,
        "naam_bron_terrein": "Algemene begraafplaats Groote Lindt",
        "naam_bron_ingang": "Algemene begraafplaats Groote Lindt",
        "bron_rij_terrein": 569,
        "bron_rij_ingang": 589,
        "bron": "Begraafplaatsen Zuid-Holland",
        "source_file": "Begraafplaatsen Zuid-Holland- Zuid-Holland.csv"
      },
      "geometry": {
        "type": "Polygon",
        "coordinates": [
          [
            [
              4.624196,
              51.81204
            ],
            [
              4.624337,
              51.811895
            ],
            [
              4.624733,
              51.812141
            ],
            [
              4.62455,
              51.812245
            ],
            [
              4.624196,
              51.81204
            ]
          ]
        ]
      }
    },
    {
      "type": "Feature",
      "properties": {
        "id": "zh-0288",
        "naam": "Gem. begraafplaats Jeroen Boschlaan",
        "plaats_origineel": "Zwijndrecht",
        "plaats": "Zwijndrecht",
        "geruimd": false,
        "geruimd_bron_terrein": false,
        "geruimd_bron_ingang": false,
        "status_conflict": false,
        "oppervlakte_m2": 51558.63,
        "oppervlakte_ha": 5.1559,
        "omtrek_m": 966.42,
        "ingang": {
          "type": "Point",
          "coordinates": [
            4.631686,
            51.820964
          ]
        },
        "ingang_lon": 4.631686,
        "ingang_lat": 51.820964,
        "ingang_koppelwijze": "exact_name_place",
        "ingang_afstand_tot_terrein_m": 4.82,
        "ingang_gedeeld": false,
        "naam_bron_terrein": "Gem. begraafplaats Jeroen Boschlaan",
        "naam_bron_ingang": "Gem. begraafplaats Jeroen Boschlaan",
        "bron_rij_terrein": 570,
        "bron_rij_ingang": 590,
        "bron": "Begraafplaatsen Zuid-Holland",
        "source_file": "Begraafplaatsen Zuid-Holland- Zuid-Holland.csv"
      },
      "geometry": {
        "type": "Polygon",
        "coordinates": [
          [
            [
              4.632669,
              51.82061
            ],
            [
              4.635296,
              51.823046
            ],
            [
              4.633403,
              51.823782
            ],
            [
              4.630684,
              51.82143
            ],
            [
              4.632669,
              51.82061
            ]
          ]
        ]
      }
    },
    {
      "type": "Feature",
      "properties": {
        "id": "zh-0289",
        "naam": "Pietermankerkhof",
        "plaats_origineel": "Zwijndrecht",
        "plaats": "Zwijndrecht",
        "geruimd": false,
        "geruimd_bron_terrein": false,
        "geruimd_bron_ingang": false,
        "status_conflict": false,
        "oppervlakte_m2": 1658.02,
        "oppervlakte_ha": 0.1658,
        "omtrek_m": 144.52,
        "ingang": {
          "type": "Point",
          "coordinates": [
            4.62206,
            51.820966
          ]
        },
        "ingang_lon": 4.62206,
        "ingang_lat": 51.820966,
        "ingang_koppelwijze": "exact_name_place",
        "ingang_afstand_tot_terrein_m": 0.32,
        "ingang_gedeeld": false,
        "naam_bron_terrein": "Pietermankerkhof",
        "naam_bron_ingang": "Pietermankerkhof",
        "bron_rij_terrein": 571,
        "bron_rij_ingang": 591,
        "bron": "Begraafplaatsen Zuid-Holland",
        "source_file": "Begraafplaatsen Zuid-Holland- Zuid-Holland.csv"
      },
      "geometry": {
        "type": "Polygon",
        "coordinates": [
          [
            [
              4.621409,
              51.820974
            ],
            [
              4.621416,
              51.820955
            ],
            [
              4.621439,
              51.820921
            ],
            [
              4.62147,
              51.820892
            ],
            [
              4.621503,
              51.820868
            ],
            [
              4.62154,
              51.820851
            ],
            [
              4.621593,
              51.820831
            ],
            [
              4.621638,
              51.82082
            ],
            [
              4.621698,
              51.820813
            ],
            [
              4.621743,
              51.820812
            ],
            [
              4.6218,
              51.820817
            ],
            [
              4.621848,
              51.820824
            ],
            [
              4.621901,
              51.82084
            ],
            [
              4.621941,
              51.820857
            ],
            [
              4.621977,
              51.820877
            ],
            [
              4.62201,
              51.820902
            ],
            [
              4.622034,
              51.820927
            ],
            [
              4.622052,
              51.820956
            ],
            [
              4.62206,
              51.82098
            ],
            [
              4.622067,
              51.821001
            ],
            [
              4.622067,
              51.821031
            ],
            [
              4.622063,
              51.821052
            ],
            [
              4.622053,
              51.821081
            ],
            [
              4.622034,
              51.82111
            ],
            [
              4.62201,
              51.821136
            ],
            [
              4.621987,
              51.821154
            ],
            [
              4.621957,
              51.821173
            ],
            [
              4.621917,
              51.821191
            ],
            [
              4.62188,
              51.821204
            ],
            [
              4.621839,
              51.821215
            ],
            [
              4.621794,
              51.821223
            ],
            [
              4.62175,
              51.821225
            ],
            [
              4.621696,
              51.821224
            ],
            [
              4.621657,
              51.82122
            ],
            [
              4.621609,
              51.82121
            ],
            [
              4.621576,
              51.8212
            ],
            [
              4.621538,
              51.821187
            ],
            [
              4.621509,
              51.82117
            ],
            [
              4.621485,
              51.821157
            ],
            [
              4.621463,
              51.821139
            ],
            [
              4.621442,
              51.821119
            ],
            [
              4.621425,
              51.821096
            ],
            [
              4.621413,
              51.821075
            ],
            [
              4.621404,
              51.821052
            ],
            [
              4.6214,
              51.821028
            ],
            [
              4.621401,
              51.821003
            ],
            [
              4.621409,
              51.820974
            ]
          ]
        ]
      }
    },
    {
      "type": "Feature",
      "properties": {
        "id": "zh-0290",
        "naam": "Gem. begraafplaats Munnekesteeg",
        "plaats_origineel": "Zwijndrecht",
        "plaats": "Zwijndrecht",
        "geruimd": false,
        "geruimd_bron_terrein": false,
        "geruimd_bron_ingang": false,
        "status_conflict": false,
        "oppervlakte_m2": 37346.42,
        "oppervlakte_ha": 3.7346,
        "omtrek_m": 777.64,
        "ingang": {
          "type": "Point",
          "coordinates": [
            4.606463,
            51.825026
          ]
        },
        "ingang_lon": 4.606463,
        "ingang_lat": 51.825026,
        "ingang_koppelwijze": "exact_name_place",
        "ingang_afstand_tot_terrein_m": 0.0,
        "ingang_gedeeld": false,
        "naam_bron_terrein": "Gem. begraafplaats Munnekesteeg",
        "naam_bron_ingang": "Gem. begraafplaats Munnekesteeg",
        "bron_rij_terrein": 572,
        "bron_rij_ingang": 592,
        "bron": "Begraafplaatsen Zuid-Holland",
        "source_file": "Begraafplaatsen Zuid-Holland- Zuid-Holland.csv"
      },
      "geometry": {
        "type": "Polygon",
        "coordinates": [
          [
            [
              4.60522,
              51.823776
            ],
            [
              4.608915,
              51.823717
            ],
            [
              4.608959,
              51.825029
            ],
            [
              4.60715,
              51.82545
            ],
            [
              4.607074,
              51.825398
            ],
            [
              4.606868,
              51.82539
            ],
            [
              4.605226,
              51.824207
            ],
            [
              4.60522,
              51.823776
            ]
          ]
        ]
      }
    },
    {
      "type": "Feature",
      "properties": {
        "id": "zh-0291",
        "naam": "Kerkhof Kijfhoek",
        "plaats_origineel": "Zwijndrecht",
        "plaats": "Zwijndrecht",
        "geruimd": false,
        "geruimd_bron_terrein": false,
        "geruimd_bron_ingang": false,
        "status_conflict": false,
        "oppervlakte_m2": 842.33,
        "oppervlakte_ha": 0.0842,
        "omtrek_m": 118.22,
        "ingang": {
          "type": "Point",
          "coordinates": [
            4.591544,
            51.825585
          ]
        },
        "ingang_lon": 4.591544,
        "ingang_lat": 51.825585,
        "ingang_koppelwijze": "exact_name_place",
        "ingang_afstand_tot_terrein_m": 0.22,
        "ingang_gedeeld": false,
        "naam_bron_terrein": "Kerkhof Kijfhoek",
        "naam_bron_ingang": "Kerkhof Kijfhoek",
        "bron_rij_terrein": 573,
        "bron_rij_ingang": 593,
        "bron": "Begraafplaatsen Zuid-Holland",
        "source_file": "Begraafplaatsen Zuid-Holland- Zuid-Holland.csv"
      },
      "geometry": {
        "type": "Polygon",
        "coordinates": [
          [
            [
              4.591474,
              51.825495
            ],
            [
              4.591624,
              51.825698
            ],
            [
              4.591171,
              51.825832
            ],
            [
              4.591019,
              51.825646
            ],
            [
              4.591474,
              51.825495
            ]
          ]
        ]
      }
    },
    {
      "type": "Feature",
      "properties": {
        "id": "zh-0292",
        "naam": "Gem. begraafplaats",
        "plaats_origineel": "Heerjansdam",
        "plaats": "Heerjansdam",
        "geruimd": false,
        "geruimd_bron_terrein": false,
        "geruimd_bron_ingang": false,
        "status_conflict": false,
        "oppervlakte_m2": 6687.44,
        "oppervlakte_ha": 0.6687,
        "omtrek_m": 340.63,
        "ingang": {
          "type": "Point",
          "coordinates": [
            4.564135,
            51.838235
          ]
        },
        "ingang_lon": 4.564135,
        "ingang_lat": 51.838235,
        "ingang_koppelwijze": "exact_name_place",
        "ingang_afstand_tot_terrein_m": 0.0,
        "ingang_gedeeld": false,
        "naam_bron_terrein": "Gem. begraafplaats",
        "naam_bron_ingang": "Gem. begraafplaats",
        "bron_rij_terrein": 574,
        "bron_rij_ingang": 594,
        "bron": "Begraafplaatsen Zuid-Holland",
        "source_file": "Begraafplaatsen Zuid-Holland- Zuid-Holland.csv"
      },
      "geometry": {
        "type": "Polygon",
        "coordinates": [
          [
            [
              4.562773,
              51.838235
            ],
            [
              4.563261,
              51.837961
            ],
            [
              4.564112,
              51.837615
            ],
            [
              4.564582,
              51.838023
            ],
            [
              4.564107,
              51.838249
            ],
            [
              4.563406,
              51.838642
            ],
            [
              4.562773,
              51.838235
            ]
          ]
        ]
      }
    },
    {
      "type": "Feature",
      "properties": {
        "id": "zh-0293",
        "naam": "Begraafplaats Sancta Maria",
        "plaats_origineel": "Noordwijk",
        "plaats": "Noordwijk",
        "geruimd": false,
        "geruimd_bron_terrein": false,
        "geruimd_bron_ingang": false,
        "status_conflict": false,
        "oppervlakte_m2": 3669.14,
        "oppervlakte_ha": 0.3669,
        "omtrek_m": 246.3,
        "ingang": {
          "type": "Point",
          "coordinates": [
            4.48757,
            52.277198
          ]
        },
        "ingang_lon": 4.48757,
        "ingang_lat": 52.277198,
        "ingang_koppelwijze": "exact_name_place",
        "ingang_afstand_tot_terrein_m": 1.97,
        "ingang_gedeeld": false,
        "naam_bron_terrein": "Begraafplaats Sancta Maria",
        "naam_bron_ingang": "Begraafplaats Sancta Maria",
        "bron_rij_terrein": 575,
        "bron_rij_ingang": 595,
        "bron": "Begraafplaatsen Zuid-Holland",
        "source_file": "Begraafplaatsen Zuid-Holland- Zuid-Holland.csv"
      },
      "geometry": {
        "type": "Polygon",
        "coordinates": [
          [
            [
              4.487255,
              52.276654
            ],
            [
              4.487907,
              52.276919
            ],
            [
              4.487244,
              52.277413
            ],
            [
              4.48663,
              52.277181
            ],
            [
              4.487255,
              52.276654
            ]
          ]
        ]
      }
    },
    {
      "type": "Feature",
      "properties": {
        "id": "zh-0294",
        "naam": "Algemene begraafplaats",
        "plaats_origineel": "Kaag",
        "plaats": "Kaag",
        "geruimd": false,
        "geruimd_bron_terrein": false,
        "geruimd_bron_ingang": false,
        "status_conflict": false,
        "oppervlakte_m2": 533.44,
        "oppervlakte_ha": 0.0533,
        "omtrek_m": 93.68,
        "ingang": {
          "type": "Point",
          "coordinates": [
            4.558384,
            52.21679
          ]
        },
        "ingang_lon": 4.558384,
        "ingang_lat": 52.21679,
        "ingang_koppelwijze": "exact_name_place",
        "ingang_afstand_tot_terrein_m": 32.41,
        "ingang_gedeeld": false,
        "naam_bron_terrein": "Algemene begraafplaats",
        "naam_bron_ingang": "Algemene begraafplaats",
        "bron_rij_terrein": 576,
        "bron_rij_ingang": 596,
        "bron": "Begraafplaatsen Zuid-Holland",
        "source_file": "Begraafplaatsen Zuid-Holland- Zuid-Holland.csv"
      },
      "geometry": {
        "type": "Polygon",
        "coordinates": [
          [
            [
              4.558899,
              52.216867
            ],
            [
              4.558834,
              52.216692
            ],
            [
              4.559192,
              52.216645
            ],
            [
              4.559305,
              52.216814
            ],
            [
              4.558899,
              52.216867
            ]
          ]
        ]
      }
    },
    {
      "type": "Feature",
      "properties": {
        "id": "zh-0295",
        "naam": "Gem. begraafplaats Hofwijk",
        "plaats_origineel": "Rotterdam",
        "plaats": "Rotterdam",
        "geruimd": false,
        "geruimd_bron_terrein": false,
        "geruimd_bron_ingang": false,
        "status_conflict": false,
        "oppervlakte_m2": 268823.91,
        "oppervlakte_ha": 26.8824,
        "omtrek_m": 2084.91,
        "ingang": {
          "type": "Point",
          "coordinates": [
            4.398798,
            51.957391
          ]
        },
        "ingang_lon": 4.398798,
        "ingang_lat": 51.957391,
        "ingang_koppelwijze": "exact_name_place",
        "ingang_afstand_tot_terrein_m": 0.0,
        "ingang_gedeeld": false,
        "naam_bron_terrein": "Gem. begraafplaats Hofwijk",
        "naam_bron_ingang": "Gem. begraafplaats Hofwijk",
        "bron_rij_terrein": 577,
        "bron_rij_ingang": 597,
        "bron": "Begraafplaatsen Zuid-Holland",
        "source_file": "Begraafplaatsen Zuid-Holland- Zuid-Holland.csv"
      },
      "geometry": {
        "type": "Polygon",
        "coordinates": [
          [
            [
              4.40221,
              51.955891
            ],
            [
              4.408916,
              51.95864
            ],
            [
              4.407392,
              51.960212
            ],
            [
              4.406729,
              51.960762
            ],
            [
              4.404757,
              51.961632
            ],
            [
              4.397655,
              51.958736
            ],
            [
              4.398878,
              51.957691
            ],
            [
              4.398717,
              51.957416
            ],
            [
              4.400283,
              51.956417
            ],
            [
              4.40078,
              51.956627
            ],
            [
              4.40221,
              51.955891
            ]
          ]
        ]
      }
    },
    {
      "type": "Feature",
      "properties": {
        "id": "zh-0296",
        "naam": "NH begraafplaats Overschie",
        "plaats_origineel": "Rotterdam",
        "plaats": "Rotterdam",
        "geruimd": false,
        "geruimd_bron_terrein": false,
        "geruimd_bron_ingang": false,
        "status_conflict": false,
        "oppervlakte_m2": 2455.39,
        "oppervlakte_ha": 0.2455,
        "omtrek_m": 214.21,
        "ingang": {
          "type": "Point",
          "coordinates": [
            4.420476,
            51.938926
          ]
        },
        "ingang_lon": 4.420476,
        "ingang_lat": 51.938926,
        "ingang_koppelwijze": "exact_name_place",
        "ingang_afstand_tot_terrein_m": 52.79,
        "ingang_gedeeld": false,
        "naam_bron_terrein": "NH begraafplaats Overschie",
        "naam_bron_ingang": "NH begraafplaats Overschie",
        "bron_rij_terrein": 578,
        "bron_rij_ingang": 598,
        "bron": "Begraafplaatsen Zuid-Holland",
        "source_file": "Begraafplaatsen Zuid-Holland- Zuid-Holland.csv"
      },
      "geometry": {
        "type": "Polygon",
        "coordinates": [
          [
            [
              4.421502,
              51.938079
            ],
            [
              4.42097,
              51.938557
            ],
            [
              4.420589,
              51.938411
            ],
            [
              4.420592,
              51.938388
            ],
            [
              4.421201,
              51.937848
            ],
            [
              4.421228,
              51.937834
            ],
            [
              4.421555,
              51.93796
            ],
            [
              4.421557,
              51.938008
            ],
            [
              4.421502,
              51.938079
            ]
          ]
        ]
      }
    },
    {
      "type": "Feature",
      "properties": {
        "id": "zh-0297",
        "naam": "Joodse begraafplaats Delfshaven",
        "plaats_origineel": "Rotterdam",
        "plaats": "Rotterdam",
        "geruimd": false,
        "geruimd_bron_terrein": false,
        "geruimd_bron_ingang": false,
        "status_conflict": false,
        "oppervlakte_m2": 197.45,
        "oppervlakte_ha": 0.0197,
        "omtrek_m": 57.67,
        "ingang": {
          "type": "Point",
          "coordinates": [
            4.457461,
            51.906022
          ]
        },
        "ingang_lon": 4.457461,
        "ingang_lat": 51.906022,
        "ingang_koppelwijze": "exact_name_place",
        "ingang_afstand_tot_terrein_m": 0.0,
        "ingang_gedeeld": false,
        "naam_bron_terrein": "Joodse begraafplaats Delfshaven",
        "naam_bron_ingang": "Joodse begraafplaats Delfshaven",
        "bron_rij_terrein": 579,
        "bron_rij_ingang": 599,
        "bron": "Begraafplaatsen Zuid-Holland",
        "source_file": "Begraafplaatsen Zuid-Holland- Zuid-Holland.csv"
      },
      "geometry": {
        "type": "Polygon",
        "coordinates": [
          [
            [
              4.457183,
              51.906026
            ],
            [
              4.457249,
              51.90593
            ],
            [
              4.457483,
              51.905978
            ],
            [
              4.457436,
              51.906072
            ],
            [
              4.457183,
              51.906026
            ]
          ]
        ]
      }
    },
    {
      "type": "Feature",
      "properties": {
        "id": "zh-0298",
        "naam": "NH begraafplaats Charlois",
        "plaats_origineel": "Rotterdam",
        "plaats": "Rotterdam",
        "geruimd": false,
        "geruimd_bron_terrein": false,
        "geruimd_bron_ingang": false,
        "status_conflict": false,
        "oppervlakte_m2": 54443.82,
        "oppervlakte_ha": 5.4444,
        "omtrek_m": 990.32,
        "ingang": {
          "type": "Point",
          "coordinates": [
            4.467802,
            51.86522
          ]
        },
        "ingang_lon": 4.467802,
        "ingang_lat": 51.86522,
        "ingang_koppelwijze": "exact_name_place",
        "ingang_afstand_tot_terrein_m": 0.0,
        "ingang_gedeeld": false,
        "naam_bron_terrein": "NH begraafplaats Charlois",
        "naam_bron_ingang": "NH begraafplaats Charlois",
        "bron_rij_terrein": 580,
        "bron_rij_ingang": 600,
        "bron": "Begraafplaatsen Zuid-Holland",
        "source_file": "Begraafplaatsen Zuid-Holland- Zuid-Holland.csv"
      },
      "geometry": {
        "type": "Polygon",
        "coordinates": [
          [
            [
              4.464038,
              51.865163
            ],
            [
              4.465936,
              51.862911
            ],
            [
              4.467256,
              51.862772
            ],
            [
              4.468614,
              51.865224
            ],
            [
              4.465182,
              51.865237
            ],
            [
              4.463999,
              51.865242
            ],
            [
              4.464038,
              51.865163
            ]
          ]
        ]
      }
    },
    {
      "type": "Feature",
      "properties": {
        "id": "zh-0299",
        "naam": "Grafkelder Groeninx van Zoelen",
        "plaats_origineel": "Ridderkerk",
        "plaats": "Ridderkerk",
        "geruimd": false,
        "geruimd_bron_terrein": false,
        "geruimd_bron_ingang": false,
        "status_conflict": false,
        "oppervlakte_m2": 3425.44,
        "oppervlakte_ha": 0.3425,
        "omtrek_m": 235.78,
        "ingang": {
          "type": "Point",
          "coordinates": [
            4.595939,
            51.880709
          ]
        },
        "ingang_lon": 4.595939,
        "ingang_lat": 51.880709,
        "ingang_koppelwijze": "exact_name_place",
        "ingang_afstand_tot_terrein_m": 0.0,
        "ingang_gedeeld": false,
        "naam_bron_terrein": "Grafkelder Groeninx van Zoelen",
        "naam_bron_ingang": "Grafkelder Groeninx van Zoelen",
        "bron_rij_terrein": 581,
        "bron_rij_ingang": 601,
        "bron": "Begraafplaatsen Zuid-Holland",
        "source_file": "Begraafplaatsen Zuid-Holland- Zuid-Holland.csv"
      },
      "geometry": {
        "type": "Polygon",
        "coordinates": [
          [
            [
              4.596078,
              51.880613
            ],
            [
              4.596635,
              51.881084
            ],
            [
              4.596014,
              51.881365
            ],
            [
              4.595464,
              51.88087
            ],
            [
              4.596078,
              51.880613
            ]
          ]
        ]
      }
    },
    {
      "type": "Feature",
      "properties": {
        "id": "zh-0300",
        "naam": "Begraafplaats Vredehof",
        "plaats_origineel": "Ridderkerk",
        "plaats": "Ridderkerk",
        "geruimd": false,
        "geruimd_bron_terrein": false,
        "geruimd_bron_ingang": false,
        "status_conflict": false,
        "oppervlakte_m2": 74118.73,
        "oppervlakte_ha": 7.4119,
        "omtrek_m": 1202.59,
        "ingang": {
          "type": "Point",
          "coordinates": [
            4.590478,
            51.86756
          ]
        },
        "ingang_lon": 4.590478,
        "ingang_lat": 51.86756,
        "ingang_koppelwijze": "exact_name_place",
        "ingang_afstand_tot_terrein_m": 11.41,
        "ingang_gedeeld": false,
        "naam_bron_terrein": "Begraafplaats Vredehof",
        "naam_bron_ingang": "Begraafplaats Vredehof",
        "bron_rij_terrein": 582,
        "bron_rij_ingang": 602,
        "bron": "Begraafplaatsen Zuid-Holland",
        "source_file": "Begraafplaatsen Zuid-Holland- Zuid-Holland.csv"
      },
      "geometry": {
        "type": "Polygon",
        "coordinates": [
          [
            [
              4.585053,
              51.868157
            ],
            [
              4.587511,
              51.866716
            ],
            [
              4.588057,
              51.867051
            ],
            [
              4.588422,
              51.866897
            ],
            [
              4.58857,
              51.866982
            ],
            [
              4.589372,
              51.867516
            ],
            [
              4.589593,
              51.867459
            ],
            [
              4.590146,
              51.867476
            ],
            [
              4.590421,
              51.867677
            ],
            [
              4.591202,
              51.867973
            ],
            [
              4.591206,
              51.868013
            ],
            [
              4.591154,
              51.868073
            ],
            [
              4.591005,
              51.868122
            ],
            [
              4.588695,
              51.869575
            ],
            [
              4.588552,
              51.869701
            ],
            [
              4.58846,
              51.869722
            ],
            [
              4.588368,
              51.869712
            ],
            [
              4.587094,
              51.869335
            ],
            [
              4.586741,
              51.869221
            ],
            [
              4.586639,
              51.869185
            ],
            [
              4.586546,
              51.869119
            ],
            [
              4.586401,
              51.868677
            ],
            [
              4.586242,
              51.86855
            ],
            [
              4.586117,
              51.868472
            ],
            [
              4.586301,
              51.868365
            ],
            [
              4.586236,
              51.868322
            ],
            [
              4.585723,
              51.868613
            ],
            [
              4.585053,
              51.868157
            ]
          ]
        ]
      }
    },
    {
      "type": "Feature",
      "properties": {
        "id": "zh-0301",
        "naam": "Gemeentelijke Begraafplaats Achterambacht",
        "plaats_origineel": "Hendrik-Ido-Ambacht",
        "plaats": "Hendrik-Ido-Ambacht",
        "geruimd": false,
        "geruimd_bron_terrein": false,
        "geruimd_bron_ingang": false,
        "status_conflict": false,
        "oppervlakte_m2": 36348.88,
        "oppervlakte_ha": 3.6349,
        "omtrek_m": 894.88,
        "ingang": {
          "type": "Point",
          "coordinates": [
            4.610428,
            51.848473
          ]
        },
        "ingang_lon": 4.610428,
        "ingang_lat": 51.848473,
        "ingang_koppelwijze": "exact_name_place",
        "ingang_afstand_tot_terrein_m": 4.0,
        "ingang_gedeeld": false,
        "naam_bron_terrein": "Gemeentelijke Begraafplaats Achterambacht",
        "naam_bron_ingang": "Gemeentelijke Begraafplaats Achterambacht",
        "bron_rij_terrein": 583,
        "bron_rij_ingang": 623,
        "bron": "Begraafplaatsen Zuid-Holland",
        "source_file": "Begraafplaatsen Zuid-Holland- Zuid-Holland.csv"
      },
      "geometry": {
        "type": "Polygon",
        "coordinates": [
          [
            [
              4.608611,
              51.846973
            ],
            [
              4.610462,
              51.84647
            ],
            [
              4.612341,
              51.849084
            ],
            [
              4.611699,
              51.849218
            ],
            [
              4.611154,
              51.849098
            ],
            [
              4.610646,
              51.848384
            ],
            [
              4.609729,
              51.848597
            ],
            [
              4.608611,
              51.846973
            ]
          ]
        ]
      }
    },
    {
      "type": "Feature",
      "properties": {
        "id": "zh-0302",
        "naam": "Begraafplaats Waelhof",
        "plaats_origineel": "Hendrik-Ido-Ambacht",
        "plaats": "Hendrik-Ido-Ambacht",
        "geruimd": false,
        "geruimd_bron_terrein": false,
        "geruimd_bron_ingang": false,
        "status_conflict": false,
        "oppervlakte_m2": 7101.49,
        "oppervlakte_ha": 0.7101,
        "omtrek_m": 406.42,
        "ingang": {
          "type": "Point",
          "coordinates": [
            4.640365,
            51.84948
          ]
        },
        "ingang_lon": 4.640365,
        "ingang_lat": 51.84948,
        "ingang_koppelwijze": "exact_name_place",
        "ingang_afstand_tot_terrein_m": 0.59,
        "ingang_gedeeld": false,
        "naam_bron_terrein": "Begraafplaats Waelhof",
        "naam_bron_ingang": "Begraafplaats Waelhof",
        "bron_rij_terrein": 603,
        "bron_rij_ingang": 624,
        "bron": "Begraafplaatsen Zuid-Holland",
        "source_file": "Begraafplaatsen Zuid-Holland- Zuid-Holland.csv"
      },
      "geometry": {
        "type": "Polygon",
        "coordinates": [
          [
            [
              4.64031,
              51.84926
            ],
            [
              4.640464,
              51.849372
            ],
            [
              4.640308,
              51.849433
            ],
            [
              4.640528,
              51.849653
            ],
            [
              4.640229,
              51.849795
            ],
            [
              4.639777,
              51.849999
            ],
            [
              4.639491,
              51.850121
            ],
            [
              4.63929,
              51.850195
            ],
            [
              4.639089,
              51.850259
            ],
            [
              4.638949,
              51.850294
            ],
            [
              4.638902,
              51.850287
            ],
            [
              4.638731,
              51.85018
            ],
            [
              4.638609,
              51.850216
            ],
            [
              4.638336,
              51.850033
            ],
            [
              4.64031,
              51.84926
            ]
          ]
        ]
      }
    },
    {
      "type": "Feature",
      "properties": {
        "id": "zh-0303",
        "naam": "Gem. begraafplaats",
        "plaats_origineel": "Papendrecht",
        "plaats": "Papendrecht",
        "geruimd": false,
        "geruimd_bron_terrein": false,
        "geruimd_bron_ingang": false,
        "status_conflict": false,
        "oppervlakte_m2": 33736.83,
        "oppervlakte_ha": 3.3737,
        "omtrek_m": 1082.98,
        "ingang": {
          "type": "Point",
          "coordinates": [
            4.699066,
            51.82552
          ]
        },
        "ingang_lon": 4.699066,
        "ingang_lat": 51.82552,
        "ingang_koppelwijze": "exact_name_place",
        "ingang_afstand_tot_terrein_m": 26.31,
        "ingang_gedeeld": false,
        "naam_bron_terrein": "Gem. begraafplaats",
        "naam_bron_ingang": "Gem. begraafplaats",
        "bron_rij_terrein": 604,
        "bron_rij_ingang": 625,
        "bron": "Begraafplaatsen Zuid-Holland",
        "source_file": "Begraafplaatsen Zuid-Holland- Zuid-Holland.csv"
      },
      "geometry": {
        "type": "Polygon",
        "coordinates": [
          [
            [
              4.70017,
              51.825102
            ],
            [
              4.701036,
              51.826794
            ],
            [
              4.701852,
              51.826512
            ],
            [
              4.702247,
              51.827324
            ],
            [
              4.700787,
              51.827767
            ],
            [
              4.700601,
              51.827471
            ],
            [
              4.700326,
              51.827008
            ],
            [
              4.69841,
              51.827378
            ],
            [
              4.698066,
              51.826705
            ],
            [
              4.699038,
              51.82645
            ],
            [
              4.69915,
              51.826431
            ],
            [
              4.699835,
              51.826277
            ],
            [
              4.699345,
              51.825275
            ],
            [
              4.70017,
              51.825102
            ]
          ]
        ]
      }
    },
    {
      "type": "Feature",
      "properties": {
        "id": "zh-0304",
        "naam": "Gemeentelijke begraafplaats Dubbeldam",
        "plaats_origineel": "Dordrecht",
        "plaats": "Dordrecht",
        "geruimd": false,
        "geruimd_bron_terrein": false,
        "geruimd_bron_ingang": false,
        "status_conflict": false,
        "oppervlakte_m2": 13257.87,
        "oppervlakte_ha": 1.3258,
        "omtrek_m": 517.57,
        "ingang": {
          "type": "Point",
          "coordinates": [
            4.689119,
            51.784256
          ]
        },
        "ingang_lon": 4.689119,
        "ingang_lat": 51.784256,
        "ingang_koppelwijze": "exact_name_place",
        "ingang_afstand_tot_terrein_m": 44.85,
        "ingang_gedeeld": false,
        "naam_bron_terrein": "Gemeentelijke begraafplaats Dubbeldam",
        "naam_bron_ingang": "Gemeentelijke begraafplaats Dubbeldam",
        "bron_rij_terrein": 605,
        "bron_rij_ingang": 626,
        "bron": "Begraafplaatsen Zuid-Holland",
        "source_file": "Begraafplaatsen Zuid-Holland- Zuid-Holland.csv"
      },
      "geometry": {
        "type": "Polygon",
        "coordinates": [
          [
            [
              4.687788,
              51.786073
            ],
            [
              4.687459,
              51.784803
            ],
            [
              4.687831,
              51.784721
            ],
            [
              4.688195,
              51.784692
            ],
            [
              4.68839,
              51.784701
            ],
            [
              4.68924,
              51.784654
            ],
            [
              4.689303,
              51.784814
            ],
            [
              4.689322,
              51.784996
            ],
            [
              4.689229,
              51.785052
            ],
            [
              4.688903,
              51.785129
            ],
            [
              4.688751,
              51.785141
            ],
            [
              4.688675,
              51.785197
            ],
            [
              4.688805,
              51.785987
            ],
            [
              4.687788,
              51.786073
            ]
          ]
        ]
      }
    },
    {
      "type": "Feature",
      "properties": {
        "id": "zh-0305",
        "naam": "Gem. begraafplaats",
        "plaats_origineel": "Klaaswaal",
        "plaats": "Klaaswaal",
        "geruimd": false,
        "geruimd_bron_terrein": false,
        "geruimd_bron_ingang": false,
        "status_conflict": false,
        "oppervlakte_m2": 20204.74,
        "oppervlakte_ha": 2.0205,
        "omtrek_m": 754.62,
        "ingang": {
          "type": "Point",
          "coordinates": [
            4.437584,
            51.768989
          ]
        },
        "ingang_lon": 4.437584,
        "ingang_lat": 51.768989,
        "ingang_koppelwijze": "exact_name_place",
        "ingang_afstand_tot_terrein_m": 0.24,
        "ingang_gedeeld": false,
        "naam_bron_terrein": "Gem. begraafplaats",
        "naam_bron_ingang": "Gem. begraafplaats",
        "bron_rij_terrein": 606,
        "bron_rij_ingang": 627,
        "bron": "Begraafplaatsen Zuid-Holland",
        "source_file": "Begraafplaatsen Zuid-Holland- Zuid-Holland.csv"
      },
      "geometry": {
        "type": "Polygon",
        "coordinates": [
          [
            [
              4.437972,
              51.768988
            ],
            [
              4.437934,
              51.770268
            ],
            [
              4.437969,
              51.77147
            ],
            [
              4.436938,
              51.771582
            ],
            [
              4.436597,
              51.770316
            ],
            [
              4.437245,
              51.77026
            ],
            [
              4.436879,
              51.768997
            ],
            [
              4.437972,
              51.768988
            ]
          ]
        ]
      }
    },
    {
      "type": "Feature",
      "properties": {
        "id": "zh-0306",
        "naam": "Gem. begraafplaats",
        "plaats_origineel": "Westmaas",
        "plaats": "Westmaas",
        "geruimd": false,
        "geruimd_bron_terrein": false,
        "geruimd_bron_ingang": false,
        "status_conflict": false,
        "oppervlakte_m2": 6724.09,
        "oppervlakte_ha": 0.6724,
        "omtrek_m": 356.47,
        "ingang": {
          "type": "Point",
          "coordinates": [
            4.474405,
            51.784853
          ]
        },
        "ingang_lon": 4.474405,
        "ingang_lat": 51.784853,
        "ingang_koppelwijze": "exact_name_place",
        "ingang_afstand_tot_terrein_m": 0.0,
        "ingang_gedeeld": false,
        "naam_bron_terrein": "Gem. begraafplaats",
        "naam_bron_ingang": "Gem. begraafplaats",
        "bron_rij_terrein": 607,
        "bron_rij_ingang": 628,
        "bron": "Begraafplaatsen Zuid-Holland",
        "source_file": "Begraafplaatsen Zuid-Holland- Zuid-Holland.csv"
      },
      "geometry": {
        "type": "Polygon",
        "coordinates": [
          [
            [
              4.475192,
              51.784743
            ],
            [
              4.475273,
              51.785326
            ],
            [
              4.474415,
              51.785408
            ],
            [
              4.474409,
              51.785386
            ],
            [
              4.473538,
              51.78547
            ],
            [
              4.47373,
              51.784966
            ],
            [
              4.47418,
              51.784923
            ],
            [
              4.474207,
              51.784878
            ],
            [
              4.474373,
              51.78486
            ],
            [
              4.474372,
              51.784815
            ],
            [
              4.475192,
              51.784743
            ]
          ]
        ]
      }
    },
    {
      "type": "Feature",
      "properties": {
        "id": "zh-0307",
        "naam": "Gem. begraafplaats",
        "plaats_origineel": "Mijnsheerenland",
        "plaats": "Mijnsheerenland",
        "geruimd": false,
        "geruimd_bron_terrein": false,
        "geruimd_bron_ingang": false,
        "status_conflict": false,
        "oppervlakte_m2": 9006.41,
        "oppervlakte_ha": 0.9006,
        "omtrek_m": 382.88,
        "ingang": {
          "type": "Point",
          "coordinates": [
            4.482429,
            51.800085
          ]
        },
        "ingang_lon": 4.482429,
        "ingang_lat": 51.800085,
        "ingang_koppelwijze": "exact_name_place",
        "ingang_afstand_tot_terrein_m": 1.51,
        "ingang_gedeeld": false,
        "naam_bron_terrein": "Gem. begraafplaats",
        "naam_bron_ingang": "Gem. begraafplaats",
        "bron_rij_terrein": 608,
        "bron_rij_ingang": 629,
        "bron": "Begraafplaatsen Zuid-Holland",
        "source_file": "Begraafplaatsen Zuid-Holland- Zuid-Holland.csv"
      },
      "geometry": {
        "type": "Polygon",
        "coordinates": [
          [
            [
              4.482534,
              51.801145
            ],
            [
              4.482,
              51.800211
            ],
            [
              4.483072,
              51.799933
            ],
            [
              4.48368,
              51.800789
            ],
            [
              4.482534,
              51.801145
            ]
          ]
        ]
      }
    },
    {
      "type": "Feature",
      "properties": {
        "id": "zh-0308",
        "naam": "Gem. begraafplaats",
        "plaats_origineel": "Zevenhuizen",
        "plaats": "Zevenhuizen",
        "geruimd": false,
        "geruimd_bron_terrein": false,
        "geruimd_bron_ingang": false,
        "status_conflict": false,
        "oppervlakte_m2": 10497.69,
        "oppervlakte_ha": 1.0498,
        "omtrek_m": 443.65,
        "ingang": {
          "type": "Point",
          "coordinates": [
            4.586658,
            52.008607
          ]
        },
        "ingang_lon": 4.586658,
        "ingang_lat": 52.008607,
        "ingang_koppelwijze": "exact_name_place",
        "ingang_afstand_tot_terrein_m": 0.0,
        "ingang_gedeeld": false,
        "naam_bron_terrein": "Gem. begraafplaats",
        "naam_bron_ingang": "Gem. begraafplaats",
        "bron_rij_terrein": 609,
        "bron_rij_ingang": 630,
        "bron": "Begraafplaatsen Zuid-Holland",
        "source_file": "Begraafplaatsen Zuid-Holland- Zuid-Holland.csv"
      },
      "geometry": {
        "type": "Polygon",
        "coordinates": [
          [
            [
              4.586367,
              52.008524
            ],
            [
              4.586653,
              52.008571
            ],
            [
              4.586718,
              52.008651
            ],
            [
              4.586781,
              52.008867
            ],
            [
              4.586731,
              52.008896
            ],
            [
              4.587756,
              52.009573
            ],
            [
              4.587584,
              52.009692
            ],
            [
              4.587029,
              52.010049
            ],
            [
              4.5859,
              52.009346
            ],
            [
              4.586188,
              52.008664
            ],
            [
              4.586367,
              52.008524
            ]
          ]
        ]
      }
    },
    {
      "type": "Feature",
      "properties": {
        "id": "zh-0309",
        "naam": "Gem. begraafplaat Westhage",
        "plaats_origineel": "Moerkapelle",
        "plaats": "Moerkapelle",
        "geruimd": false,
        "geruimd_bron_terrein": false,
        "geruimd_bron_ingang": false,
        "status_conflict": false,
        "oppervlakte_m2": 6315.2,
        "oppervlakte_ha": 0.6315,
        "omtrek_m": 319.19,
        "ingang": {
          "type": "Point",
          "coordinates": [
            4.569645,
            52.044608
          ]
        },
        "ingang_lon": 4.569645,
        "ingang_lat": 52.044608,
        "ingang_koppelwijze": "exact_name_place",
        "ingang_afstand_tot_terrein_m": 0.02,
        "ingang_gedeeld": false,
        "naam_bron_terrein": "Gem. begraafplaat Westhage",
        "naam_bron_ingang": "Gem. begraafplaat Westhage",
        "bron_rij_terrein": 610,
        "bron_rij_ingang": 631,
        "bron": "Begraafplaatsen Zuid-Holland",
        "source_file": "Begraafplaatsen Zuid-Holland- Zuid-Holland.csv"
      },
      "geometry": {
        "type": "Polygon",
        "coordinates": [
          [
            [
              4.569644,
              52.044354
            ],
            [
              4.569646,
              52.044508
            ],
            [
              4.569641,
              52.044894
            ],
            [
              4.568543,
              52.044963
            ],
            [
              4.56841,
              52.044941
            ],
            [
              4.568311,
              52.044214
            ],
            [
              4.569644,
              52.044354
            ]
          ]
        ]
      }
    },
    {
      "type": "Feature",
      "properties": {
        "id": "zh-0310",
        "naam": "Gem. begraafplaat Moerhage",
        "plaats_origineel": "Moerkapelle",
        "plaats": "Moerkapelle",
        "geruimd": false,
        "geruimd_bron_terrein": false,
        "geruimd_bron_ingang": false,
        "status_conflict": false,
        "oppervlakte_m2": 4128.16,
        "oppervlakte_ha": 0.4128,
        "omtrek_m": 261.99,
        "ingang": {
          "type": "Point",
          "coordinates": [
            4.576115,
            52.046444
          ]
        },
        "ingang_lon": 4.576115,
        "ingang_lat": 52.046444,
        "ingang_koppelwijze": "exact_name_place",
        "ingang_afstand_tot_terrein_m": 1.21,
        "ingang_gedeeld": false,
        "naam_bron_terrein": "Gem. begraafplaat Moerhage",
        "naam_bron_ingang": "Gem. begraafplaat Moerhage",
        "bron_rij_terrein": 611,
        "bron_rij_ingang": 632,
        "bron": "Begraafplaatsen Zuid-Holland",
        "source_file": "Begraafplaatsen Zuid-Holland- Zuid-Holland.csv"
      },
      "geometry": {
        "type": "Polygon",
        "coordinates": [
          [
            [
              4.576162,
              52.046439
            ],
            [
              4.575901,
              52.046405
            ],
            [
              4.575789,
              52.046311
            ],
            [
              4.575337,
              52.046254
            ],
            [
              4.575461,
              52.045694
            ],
            [
              4.576315,
              52.04577
            ],
            [
              4.576355,
              52.045789
            ],
            [
              4.576162,
              52.046439
            ]
          ]
        ]
      }
    },
    {
      "type": "Feature",
      "properties": {
        "id": "zh-0311",
        "naam": "Oosterbegraafplaats",
        "plaats_origineel": "Voorburg",
        "plaats": "Voorburg",
        "geruimd": false,
        "geruimd_bron_terrein": false,
        "geruimd_bron_ingang": false,
        "status_conflict": false,
        "oppervlakte_m2": 63504.45,
        "oppervlakte_ha": 6.3504,
        "omtrek_m": 1099.55,
        "ingang": {
          "type": "Point",
          "coordinates": [
            4.375872,
            52.082306
          ]
        },
        "ingang_lon": 4.375872,
        "ingang_lat": 52.082306,
        "ingang_koppelwijze": "exact_name_place",
        "ingang_afstand_tot_terrein_m": 0.0,
        "ingang_gedeeld": false,
        "naam_bron_terrein": "Oosterbegraafplaats",
        "naam_bron_ingang": "Oosterbegraafplaats",
        "bron_rij_terrein": 612,
        "bron_rij_ingang": 633,
        "bron": "Begraafplaatsen Zuid-Holland",
        "source_file": "Begraafplaatsen Zuid-Holland- Zuid-Holland.csv"
      },
      "geometry": {
        "type": "Polygon",
        "coordinates": [
          [
            [
              4.37789,
              52.081771
            ],
            [
              4.378009,
              52.081753
            ],
            [
              4.378473,
              52.081451
            ],
            [
              4.379284,
              52.081915
            ],
            [
              4.379463,
              52.082121
            ],
            [
              4.379542,
              52.082205
            ],
            [
              4.379648,
              52.082353
            ],
            [
              4.379648,
              52.082388
            ],
            [
              4.379423,
              52.082537
            ],
            [
              4.380189,
              52.08299
            ],
            [
              4.380179,
              52.083028
            ],
            [
              4.380163,
              52.083043
            ],
            [
              4.380007,
              52.083143
            ],
            [
              4.379659,
              52.083366
            ],
            [
              4.379547,
              52.083544
            ],
            [
              4.379448,
              52.083542
            ],
            [
              4.379447,
              52.083807
            ],
            [
              4.379463,
              52.083852
            ],
            [
              4.379528,
              52.083907
            ],
            [
              4.379719,
              52.083966
            ],
            [
              4.379743,
              52.08399
            ],
            [
              4.379718,
              52.084035
            ],
            [
              4.379543,
              52.084146
            ],
            [
              4.379327,
              52.084322
            ],
            [
              4.379337,
              52.084454
            ],
            [
              4.379155,
              52.084573
            ],
            [
              4.378901,
              52.084637
            ],
            [
              4.37871,
              52.084569
            ],
            [
              4.378402,
              52.084458
            ],
            [
              4.378225,
              52.084383
            ],
            [
              4.377928,
              52.084234
            ],
            [
              4.377716,
              52.084127
            ],
            [
              4.3776,
              52.084052
            ],
            [
              4.377387,
              52.083907
            ],
            [
              4.376934,
              52.083586
            ],
            [
              4.376502,
              52.083288
            ],
            [
              4.375967,
              52.082912
            ],
            [
              4.375598,
              52.082704
            ],
            [
              4.3754,
              52.08257
            ],
            [
              4.376036,
              52.082147
            ],
            [
              4.376242,
              52.082134
            ],
            [
              4.376317,
              52.082182
            ],
            [
              4.376364,
              52.082174
            ],
            [
              4.3774,
              52.0815
            ],
            [
              4.37789,
              52.081771
            ]
          ]
        ]
      }
    },
    {
      "type": "Feature",
      "properties": {
        "id": "zh-0312",
        "naam": "Gemeentelijke begraafplaats Rosenburgh",
        "plaats_origineel": "Voorschoten",
        "plaats": "Voorschoten",
        "geruimd": false,
        "geruimd_bron_terrein": false,
        "geruimd_bron_ingang": false,
        "status_conflict": false,
        "oppervlakte_m2": 30694.9,
        "oppervlakte_ha": 3.0695,
        "omtrek_m": 702.08,
        "ingang": {
          "type": "Point",
          "coordinates": [
            4.428967,
            52.119615
          ]
        },
        "ingang_lon": 4.428967,
        "ingang_lat": 52.119615,
        "ingang_koppelwijze": "exact_name_place",
        "ingang_afstand_tot_terrein_m": 0.0,
        "ingang_gedeeld": false,
        "naam_bron_terrein": "Gemeentelijke begraafplaats Rosenburgh",
        "naam_bron_ingang": "Gemeentelijke begraafplaats Rosenburgh",
        "bron_rij_terrein": 613,
        "bron_rij_ingang": 634,
        "bron": "Begraafplaatsen Zuid-Holland",
        "source_file": "Begraafplaatsen Zuid-Holland- Zuid-Holland.csv"
      },
      "geometry": {
        "type": "Polygon",
        "coordinates": [
          [
            [
              4.427866,
              52.11816
            ],
            [
              4.429031,
              52.11967
            ],
            [
              4.426932,
              52.12032
            ],
            [
              4.425656,
              52.11885
            ],
            [
              4.427866,
              52.11816
            ]
          ]
        ]
      }
    },
    {
      "type": "Feature",
      "properties": {
        "id": "zh-0313",
        "naam": "Gem. begraafplaats",
        "plaats_origineel": "Oud-Alblas",
        "plaats": "Oud-Alblas",
        "geruimd": false,
        "geruimd_bron_terrein": false,
        "geruimd_bron_ingang": false,
        "status_conflict": false,
        "oppervlakte_m2": 5924.07,
        "oppervlakte_ha": 0.5924,
        "omtrek_m": 347.32,
        "ingang": {
          "type": "Point",
          "coordinates": [
            4.708768,
            51.859929
          ]
        },
        "ingang_lon": 4.708768,
        "ingang_lat": 51.859929,
        "ingang_koppelwijze": "exact_name_place",
        "ingang_afstand_tot_terrein_m": 0.1,
        "ingang_gedeeld": false,
        "naam_bron_terrein": "Gem. begraafplaats",
        "naam_bron_ingang": "Gem. begraafplaats",
        "bron_rij_terrein": 614,
        "bron_rij_ingang": 635,
        "bron": "Begraafplaatsen Zuid-Holland",
        "source_file": "Begraafplaatsen Zuid-Holland- Zuid-Holland.csv"
      },
      "geometry": {
        "type": "Polygon",
        "coordinates": [
          [
            [
              4.708355,
              51.859895
            ],
            [
              4.708334,
              51.859826
            ],
            [
              4.708403,
              51.859826
            ],
            [
              4.708137,
              51.859269
            ],
            [
              4.708258,
              51.859278
            ],
            [
              4.708593,
              51.859339
            ],
            [
              4.708762,
              51.859363
            ],
            [
              4.709027,
              51.859371
            ],
            [
              4.709119,
              51.85937
            ],
            [
              4.709164,
              51.859368
            ],
            [
              4.709385,
              51.859393
            ],
            [
              4.709461,
              51.859398
            ],
            [
              4.709772,
              51.860019
            ],
            [
              4.709335,
              51.859959
            ],
            [
              4.709265,
              51.859982
            ],
            [
              4.708703,
              51.859921
            ],
            [
              4.708722,
              51.859895
            ],
            [
              4.708598,
              51.859892
            ],
            [
              4.708595,
              51.859883
            ],
            [
              4.708355,
              51.859895
            ]
          ]
        ]
      }
    },
    {
      "type": "Feature",
      "properties": {
        "id": "zh-0314",
        "naam": "Gem. begraafplaats",
        "plaats_origineel": "Bleskensgraaf",
        "plaats": "Bleskensgraaf",
        "geruimd": false,
        "geruimd_bron_terrein": false,
        "geruimd_bron_ingang": false,
        "status_conflict": false,
        "oppervlakte_m2": 7423.77,
        "oppervlakte_ha": 0.7424,
        "omtrek_m": 594.45,
        "ingang": {
          "type": "Point",
          "coordinates": [
            4.78745,
            51.871217
          ]
        },
        "ingang_lon": 4.78745,
        "ingang_lat": 51.871217,
        "ingang_koppelwijze": "exact_name_place",
        "ingang_afstand_tot_terrein_m": 28.46,
        "ingang_gedeeld": false,
        "naam_bron_terrein": "Gem. begraafplaats",
        "naam_bron_ingang": "Gem. begraafplaats",
        "bron_rij_terrein": 615,
        "bron_rij_ingang": 636,
        "bron": "Begraafplaatsen Zuid-Holland",
        "source_file": "Begraafplaatsen Zuid-Holland- Zuid-Holland.csv"
      },
      "geometry": {
        "type": "Polygon",
        "coordinates": [
          [
            [
              4.787953,
              51.871346
            ],
            [
              4.787972,
              51.87147
            ],
            [
              4.78858,
              51.871451
            ],
            [
              4.788611,
              51.87156
            ],
            [
              4.788761,
              51.871614
            ],
            [
              4.78911,
              51.871594
            ],
            [
              4.789142,
              51.871813
            ],
            [
              4.787989,
              51.871853
            ],
            [
              4.787922,
              51.871571
            ],
            [
              4.787881,
              51.871485
            ],
            [
              4.787836,
              51.871449
            ],
            [
              4.787729,
              51.871451
            ],
            [
              4.78772,
              51.871462
            ],
            [
              4.787772,
              51.871863
            ],
            [
              4.787838,
              51.871863
            ],
            [
              4.78787,
              51.871887
            ],
            [
              4.787941,
              51.872455
            ],
            [
              4.787285,
              51.872489
            ],
            [
              4.787224,
              51.871922
            ],
            [
              4.787238,
              51.871903
            ],
            [
              4.787306,
              51.871882
            ],
            [
              4.787259,
              51.871484
            ],
            [
              4.787707,
              51.87146
            ],
            [
              4.787847,
              51.871347
            ],
            [
              4.787953,
              51.871346
            ]
          ]
        ]
      }
    },
    {
      "type": "Feature",
      "properties": {
        "id": "zh-0315",
        "naam": "Gem. kerkhof",
        "plaats_origineel": "Brandwijk",
        "plaats": "Brandwijk",
        "geruimd": false,
        "geruimd_bron_terrein": false,
        "geruimd_bron_ingang": false,
        "status_conflict": false,
        "oppervlakte_m2": 729.35,
        "oppervlakte_ha": 0.0729,
        "omtrek_m": 134.59,
        "ingang": {
          "type": "Point",
          "coordinates": [
            4.813497,
            51.889762
          ]
        },
        "ingang_lon": 4.813497,
        "ingang_lat": 51.889762,
        "ingang_koppelwijze": "exact_name_place",
        "ingang_afstand_tot_terrein_m": 1.6,
        "ingang_gedeeld": false,
        "naam_bron_terrein": "Gem. kerkhof",
        "naam_bron_ingang": "Gem. kerkhof",
        "bron_rij_terrein": 616,
        "bron_rij_ingang": 637,
        "bron": "Begraafplaatsen Zuid-Holland",
        "source_file": "Begraafplaatsen Zuid-Holland- Zuid-Holland.csv"
      },
      "geometry": {
        "type": "Polygon",
        "coordinates": [
          [
            [
              4.813845,
              51.889819
            ],
            [
              4.813891,
              51.889687
            ],
            [
              4.814077,
              51.889719
            ],
            [
              4.813868,
              51.889986
            ],
            [
              4.813415,
              51.889901
            ],
            [
              4.813475,
              51.889774
            ],
            [
              4.813845,
              51.889819
            ]
          ]
        ]
      }
    },
    {
      "type": "Feature",
      "properties": {
        "id": "zh-0316",
        "naam": "Gem. kerkhof",
        "plaats_origineel": "Ottoland",
        "plaats": "Ottoland",
        "geruimd": false,
        "geruimd_bron_terrein": false,
        "geruimd_bron_ingang": false,
        "status_conflict": false,
        "oppervlakte_m2": 1943.27,
        "oppervlakte_ha": 0.1943,
        "omtrek_m": 209.34,
        "ingang": {
          "type": "Point",
          "coordinates": [
            4.873554,
            51.892944
          ]
        },
        "ingang_lon": 4.873554,
        "ingang_lat": 51.892944,
        "ingang_koppelwijze": "exact_name_place",
        "ingang_afstand_tot_terrein_m": 0.0,
        "ingang_gedeeld": false,
        "naam_bron_terrein": "Gem. kerkhof",
        "naam_bron_ingang": "Gem. kerkhof",
        "bron_rij_terrein": 617,
        "bron_rij_ingang": 638,
        "bron": "Begraafplaatsen Zuid-Holland",
        "source_file": "Begraafplaatsen Zuid-Holland- Zuid-Holland.csv"
      },
      "geometry": {
        "type": "Polygon",
        "coordinates": [
          [
            [
              4.873717,
              51.892945
            ],
            [
              4.873772,
              51.89295
            ],
            [
              4.873762,
              51.893055
            ],
            [
              4.873935,
              51.893063
            ],
            [
              4.8739,
              51.893172
            ],
            [
              4.873687,
              51.893172
            ],
            [
              4.873564,
              51.893336
            ],
            [
              4.873463,
              51.893475
            ],
            [
              4.873034,
              51.893429
            ],
            [
              4.873258,
              51.893141
            ],
            [
              4.873303,
              51.893126
            ],
            [
              4.87336,
              51.892914
            ],
            [
              4.873717,
              51.892945
            ]
          ]
        ]
      }
    },
    {
      "type": "Feature",
      "properties": {
        "id": "zh-0317",
        "naam": "H. Michael en Bernarduskerkhof",
        "plaats_origineel": "Hazerswoude-Rijndijk (geruimd)",
        "plaats": "Hazerswoude-Rijndijk",
        "geruimd": true,
        "geruimd_bron_terrein": true,
        "geruimd_bron_ingang": true,
        "status_conflict": false,
        "oppervlakte_m2": 592.73,
        "oppervlakte_ha": 0.0593,
        "omtrek_m": 98.2,
        "ingang": {
          "type": "Point",
          "coordinates": [
            4.559583,
            52.13163
          ]
        },
        "ingang_lon": 4.559583,
        "ingang_lat": 52.13163,
        "ingang_koppelwijze": "exact_name_place",
        "ingang_afstand_tot_terrein_m": 7.41,
        "ingang_gedeeld": false,
        "naam_bron_terrein": "H. Michael en Bernarduskerkhof",
        "naam_bron_ingang": "H. Michael en Bernarduskerkhof",
        "bron_rij_terrein": 618,
        "bron_rij_ingang": 639,
        "bron": "Begraafplaatsen Zuid-Holland",
        "source_file": "Begraafplaatsen Zuid-Holland- Zuid-Holland.csv"
      },
      "geometry": {
        "type": "Polygon",
        "coordinates": [
          [
            [
              4.559568,
              52.131696
            ],
            [
              4.559755,
              52.131852
            ],
            [
              4.559436,
              52.132
            ],
            [
              4.559244,
              52.13185
            ],
            [
              4.559568,
              52.131696
            ]
          ]
        ]
      }
    },
    {
      "type": "Feature",
      "properties": {
        "id": "zh-0318",
        "naam": "Gem. begraafplaats",
        "plaats_origineel": "Benthuizen",
        "plaats": "Benthuizen",
        "geruimd": false,
        "geruimd_bron_terrein": false,
        "geruimd_bron_ingang": false,
        "status_conflict": false,
        "oppervlakte_m2": 6024.94,
        "oppervlakte_ha": 0.6025,
        "omtrek_m": 317.94,
        "ingang": {
          "type": "Point",
          "coordinates": [
            4.54426,
            52.07449
          ]
        },
        "ingang_lon": 4.54426,
        "ingang_lat": 52.07449,
        "ingang_koppelwijze": "exact_name_place",
        "ingang_afstand_tot_terrein_m": 0.0,
        "ingang_gedeeld": false,
        "naam_bron_terrein": "Gem. begraafplaats",
        "naam_bron_ingang": "Gem. begraafplaats",
        "bron_rij_terrein": 619,
        "bron_rij_ingang": 640,
        "bron": "Begraafplaatsen Zuid-Holland",
        "source_file": "Begraafplaatsen Zuid-Holland- Zuid-Holland.csv"
      },
      "geometry": {
        "type": "Polygon",
        "coordinates": [
          [
            [
              4.545691,
              52.074112
            ],
            [
              4.545656,
              52.074672
            ],
            [
              4.544278,
              52.074649
            ],
            [
              4.544246,
              52.074633
            ],
            [
              4.544243,
              52.074103
            ],
            [
              4.545691,
              52.074112
            ]
          ]
        ]
      }
    },
    {
      "type": "Feature",
      "properties": {
        "id": "zh-0319",
        "naam": "Gem. begraafplaats Thijmhof",
        "plaats_origineel": "Waddinxveen",
        "plaats": "Waddinxveen",
        "geruimd": false,
        "geruimd_bron_terrein": false,
        "geruimd_bron_ingang": false,
        "status_conflict": false,
        "oppervlakte_m2": 34675.47,
        "oppervlakte_ha": 3.4675,
        "omtrek_m": 886.6,
        "ingang": {
          "type": "Point",
          "coordinates": [
            4.650146,
            52.059697
          ]
        },
        "ingang_lon": 4.650146,
        "ingang_lat": 52.059697,
        "ingang_koppelwijze": "exact_name_place",
        "ingang_afstand_tot_terrein_m": 0.0,
        "ingang_gedeeld": false,
        "naam_bron_terrein": "Gem. begraafplaats Thijmhof",
        "naam_bron_ingang": "Gem. begraafplaats Thijmhof",
        "bron_rij_terrein": 620,
        "bron_rij_ingang": 641,
        "bron": "Begraafplaatsen Zuid-Holland",
        "source_file": "Begraafplaatsen Zuid-Holland- Zuid-Holland.csv"
      },
      "geometry": {
        "type": "Polygon",
        "coordinates": [
          [
            [
              4.647861,
              52.060411
            ],
            [
              4.648127,
              52.058877
            ],
            [
              4.648139,
              52.058858
            ],
            [
              4.648168,
              52.058851
            ],
            [
              4.648227,
              52.058851
            ],
            [
              4.649292,
              52.058879
            ],
            [
              4.649941,
              52.058826
            ],
            [
              4.65108,
              52.058811
            ],
            [
              4.651104,
              52.058833
            ],
            [
              4.651122,
              52.059492
            ],
            [
              4.650145,
              52.059499
            ],
            [
              4.650153,
              52.059933
            ],
            [
              4.650842,
              52.059931
            ],
            [
              4.650858,
              52.060355
            ],
            [
              4.650816,
              52.060398
            ],
            [
              4.650297,
              52.060414
            ],
            [
              4.650248,
              52.060441
            ],
            [
              4.650235,
              52.060568
            ],
            [
              4.650191,
              52.060584
            ],
            [
              4.647861,
              52.060411
            ]
          ]
        ]
      }
    },
    {
      "type": "Feature",
      "properties": {
        "id": "zh-0320",
        "naam": "Oude alg. begraafplaats",
        "plaats_origineel": "Waddinxveen",
        "plaats": "Waddinxveen",
        "geruimd": false,
        "geruimd_bron_terrein": false,
        "geruimd_bron_ingang": false,
        "status_conflict": false,
        "oppervlakte_m2": 5146.9,
        "oppervlakte_ha": 0.5147,
        "omtrek_m": 297.11,
        "ingang": {
          "type": "Point",
          "coordinates": [
            4.645278,
            52.045908
          ]
        },
        "ingang_lon": 4.645278,
        "ingang_lat": 52.045908,
        "ingang_koppelwijze": "exact_name_place",
        "ingang_afstand_tot_terrein_m": 0.28,
        "ingang_gedeeld": false,
        "naam_bron_terrein": "Oude alg. begraafplaats",
        "naam_bron_ingang": "Oude alg. begraafplaats",
        "bron_rij_terrein": 621,
        "bron_rij_ingang": 642,
        "bron": "Begraafplaatsen Zuid-Holland",
        "source_file": "Begraafplaatsen Zuid-Holland- Zuid-Holland.csv"
      },
      "geometry": {
        "type": "Polygon",
        "coordinates": [
          [
            [
              4.645325,
              52.045899
            ],
            [
              4.644551,
              52.046005
            ],
            [
              4.644241,
              52.045172
            ],
            [
              4.644947,
              52.045056
            ],
            [
              4.645063,
              52.04523
            ],
            [
              4.645325,
              52.045899
            ]
          ]
        ]
      }
    },
    {
      "type": "Feature",
      "properties": {
        "id": "zh-0321",
        "naam": "RK begraafplaats",
        "plaats_origineel": "Waddinxveen",
        "plaats": "Waddinxveen",
        "geruimd": false,
        "geruimd_bron_terrein": false,
        "geruimd_bron_ingang": false,
        "status_conflict": false,
        "oppervlakte_m2": 739.23,
        "oppervlakte_ha": 0.0739,
        "omtrek_m": 112.88,
        "ingang": {
          "type": "Point",
          "coordinates": [
            4.657675,
            52.030962
          ]
        },
        "ingang_lon": 4.657675,
        "ingang_lat": 52.030962,
        "ingang_koppelwijze": "exact_name_place",
        "ingang_afstand_tot_terrein_m": 1.0,
        "ingang_gedeeld": false,
        "naam_bron_terrein": "RK begraafplaats",
        "naam_bron_ingang": "RK begraafplaats",
        "bron_rij_terrein": 622,
        "bron_rij_ingang": 660,
        "bron": "Begraafplaatsen Zuid-Holland",
        "source_file": "Begraafplaatsen Zuid-Holland- Zuid-Holland.csv"
      },
      "geometry": {
        "type": "Polygon",
        "coordinates": [
          [
            [
              4.657117,
              52.030944
            ],
            [
              4.657188,
              52.030768
            ],
            [
              4.657341,
              52.030781
            ],
            [
              4.657702,
              52.030832
            ],
            [
              4.657646,
              52.031006
            ],
            [
              4.657117,
              52.030944
            ]
          ]
        ]
      }
    },
    {
      "type": "Feature",
      "properties": {
        "id": "zh-0322",
        "naam": "Gem. begraafplaats IJsselhof",
        "plaats_origineel": "Gouda",
        "plaats": "Gouda",
        "geruimd": false,
        "geruimd_bron_terrein": false,
        "geruimd_bron_ingang": false,
        "status_conflict": false,
        "oppervlakte_m2": 48162.99,
        "oppervlakte_ha": 4.8163,
        "omtrek_m": 1069.47,
        "ingang": {
          "type": "Point",
          "coordinates": [
            4.726711,
            52.009386
          ]
        },
        "ingang_lon": 4.726711,
        "ingang_lat": 52.009386,
        "ingang_koppelwijze": "exact_name_place",
        "ingang_afstand_tot_terrein_m": 4.63,
        "ingang_gedeeld": false,
        "naam_bron_terrein": "Gem. begraafplaats IJsselhof",
        "naam_bron_ingang": "Gem. begraafplaats IJsselhof",
        "bron_rij_terrein": 643,
        "bron_rij_ingang": 661,
        "bron": "Begraafplaatsen Zuid-Holland",
        "source_file": "Begraafplaatsen Zuid-Holland- Zuid-Holland.csv"
      },
      "geometry": {
        "type": "Polygon",
        "coordinates": [
          [
            [
              4.724782,
              52.008095
            ],
            [
              4.724889,
              52.008046
            ],
            [
              4.725012,
              52.008002
            ],
            [
              4.725321,
              52.007531
            ],
            [
              4.726556,
              52.007897
            ],
            [
              4.727166,
              52.008079
            ],
            [
              4.727753,
              52.008332
            ],
            [
              4.728371,
              52.008616
            ],
            [
              4.72911,
              52.008991
            ],
            [
              4.729172,
              52.00902
            ],
            [
              4.729523,
              52.009151
            ],
            [
              4.729915,
              52.009264
            ],
            [
              4.730188,
              52.009339
            ],
            [
              4.730538,
              52.009412
            ],
            [
              4.730485,
              52.009547
            ],
            [
              4.73051,
              52.009581
            ],
            [
              4.730538,
              52.009634
            ],
            [
              4.730513,
              52.009694
            ],
            [
              4.730405,
              52.009724
            ],
            [
              4.730553,
              52.009737
            ],
            [
              4.730552,
              52.009872
            ],
            [
              4.729566,
              52.009995
            ],
            [
              4.729121,
              52.010048
            ],
            [
              4.728836,
              52.010071
            ],
            [
              4.728518,
              52.010048
            ],
            [
              4.728079,
              52.009982
            ],
            [
              4.727691,
              52.009894
            ],
            [
              4.727243,
              52.00977
            ],
            [
              4.72718,
              52.009708
            ],
            [
              4.727283,
              52.009617
            ],
            [
              4.727125,
              52.009538
            ],
            [
              4.726792,
              52.009377
            ],
            [
              4.726655,
              52.009293
            ],
            [
              4.72659,
              52.009302
            ],
            [
              4.726576,
              52.009305
            ],
            [
              4.726532,
              52.009331
            ],
            [
              4.72635,
              52.009213
            ],
            [
              4.726395,
              52.009165
            ],
            [
              4.726044,
              52.008997
            ],
            [
              4.725802,
              52.008744
            ],
            [
              4.725555,
              52.008509
            ],
            [
              4.725294,
              52.008368
            ],
            [
              4.724782,
              52.008095
            ]
          ]
        ]
      }
    },
    {
      "type": "Feature",
      "properties": {
        "id": "zh-0323",
        "naam": "NH Kerkhof Sluipwijk",
        "plaats_origineel": "Reeuwijk",
        "plaats": "Reeuwijk",
        "geruimd": false,
        "geruimd_bron_terrein": false,
        "geruimd_bron_ingang": false,
        "status_conflict": false,
        "oppervlakte_m2": 349.64,
        "oppervlakte_ha": 0.035,
        "omtrek_m": 80.82,
        "ingang": {
          "type": "Point",
          "coordinates": [
            4.740921,
            52.039323
          ]
        },
        "ingang_lon": 4.740921,
        "ingang_lat": 52.039323,
        "ingang_koppelwijze": "exact_name_place",
        "ingang_afstand_tot_terrein_m": 0.49,
        "ingang_gedeeld": false,
        "naam_bron_terrein": "NH Kerkhof Sluipwijk",
        "naam_bron_ingang": "NH Kerkhof Sluipwijk",
        "bron_rij_terrein": 644,
        "bron_rij_ingang": 662,
        "bron": "Begraafplaatsen Zuid-Holland",
        "source_file": "Begraafplaatsen Zuid-Holland- Zuid-Holland.csv"
      },
      "geometry": {
        "type": "Polygon",
        "coordinates": [
          [
            [
              4.740762,
              52.039419
            ],
            [
              4.740838,
              52.039372
            ],
            [
              4.740924,
              52.039327
            ],
            [
              4.741066,
              52.039281
            ],
            [
              4.741199,
              52.03945
            ],
            [
              4.740765,
              52.039455
            ],
            [
              4.740762,
              52.039419
            ]
          ]
        ]
      }
    },
    {
      "type": "Feature",
      "properties": {
        "id": "zh-0324",
        "naam": "Gem. begraafplaats Tempel",
        "plaats_origineel": "Reeuwijk",
        "plaats": "Reeuwijk",
        "geruimd": false,
        "geruimd_bron_terrein": false,
        "geruimd_bron_ingang": false,
        "status_conflict": false,
        "oppervlakte_m2": 12700.76,
        "oppervlakte_ha": 1.2701,
        "omtrek_m": 458.28,
        "ingang": {
          "type": "Point",
          "coordinates": [
            4.710324,
            52.061842
          ]
        },
        "ingang_lon": 4.710324,
        "ingang_lat": 52.061842,
        "ingang_koppelwijze": "exact_name_place",
        "ingang_afstand_tot_terrein_m": 0.0,
        "ingang_gedeeld": false,
        "naam_bron_terrein": "Gem. begraafplaats Tempel",
        "naam_bron_ingang": "Gem. begraafplaats Tempel",
        "bron_rij_terrein": 645,
        "bron_rij_ingang": 663,
        "bron": "Begraafplaatsen Zuid-Holland",
        "source_file": "Begraafplaatsen Zuid-Holland- Zuid-Holland.csv"
      },
      "geometry": {
        "type": "Polygon",
        "coordinates": [
          [
            [
              4.708563,
              52.061785
            ],
            [
              4.70903,
              52.060956
            ],
            [
              4.709554,
              52.061
            ],
            [
              4.71088,
              52.061536
            ],
            [
              4.71076,
              52.061688
            ],
            [
              4.710527,
              52.061685
            ],
            [
              4.710031,
              52.062224
            ],
            [
              4.708563,
              52.061785
            ]
          ]
        ]
      }
    },
    {
      "type": "Feature",
      "properties": {
        "id": "zh-0325",
        "naam": "NH kerkhof",
        "plaats_origineel": "Reeuwijk-Dorp",
        "plaats": "Reeuwijk-Dorp",
        "geruimd": false,
        "geruimd_bron_terrein": false,
        "geruimd_bron_ingang": false,
        "status_conflict": false,
        "oppervlakte_m2": 687.32,
        "oppervlakte_ha": 0.0687,
        "omtrek_m": 103.68,
        "ingang": {
          "type": "Point",
          "coordinates": [
            4.69626,
            52.054695
          ]
        },
        "ingang_lon": 4.69626,
        "ingang_lat": 52.054695,
        "ingang_koppelwijze": "exact_name_place",
        "ingang_afstand_tot_terrein_m": 2.75,
        "ingang_gedeeld": false,
        "naam_bron_terrein": "NH kerkhof",
        "naam_bron_ingang": "NH kerkhof",
        "bron_rij_terrein": 646,
        "bron_rij_ingang": 664,
        "bron": "Begraafplaatsen Zuid-Holland",
        "source_file": "Begraafplaatsen Zuid-Holland- Zuid-Holland.csv"
      },
      "geometry": {
        "type": "Polygon",
        "coordinates": [
          [
            [
              4.695857,
              52.05449
            ],
            [
              4.695944,
              52.054448
            ],
            [
              4.696226,
              52.054502
            ],
            [
              4.696225,
              52.05464
            ],
            [
              4.696189,
              52.054664
            ],
            [
              4.69623,
              52.054713
            ],
            [
              4.695866,
              52.054708
            ],
            [
              4.695819,
              52.054679
            ],
            [
              4.695857,
              52.05449
            ]
          ]
        ]
      }
    },
    {
      "type": "Feature",
      "properties": {
        "id": "zh-0326",
        "naam": "RK begraafplaats",
        "plaats_origineel": "Reeuwijk-Dorp",
        "plaats": "Reeuwijk-Dorp",
        "geruimd": false,
        "geruimd_bron_terrein": false,
        "geruimd_bron_ingang": false,
        "status_conflict": false,
        "oppervlakte_m2": 2324.51,
        "oppervlakte_ha": 0.2325,
        "omtrek_m": 202.03,
        "ingang": {
          "type": "Point",
          "coordinates": [
            4.692837,
            52.05545
          ]
        },
        "ingang_lon": 4.692837,
        "ingang_lat": 52.05545,
        "ingang_koppelwijze": "exact_name_place",
        "ingang_afstand_tot_terrein_m": 66.42,
        "ingang_gedeeld": false,
        "naam_bron_terrein": "RK begraafplaats",
        "naam_bron_ingang": "RK begraafplaats",
        "bron_rij_terrein": 647,
        "bron_rij_ingang": 665,
        "bron": "Begraafplaatsen Zuid-Holland",
        "source_file": "Begraafplaatsen Zuid-Holland- Zuid-Holland.csv"
      },
      "geometry": {
        "type": "Polygon",
        "coordinates": [
          [
            [
              4.691879,
              52.056333
            ],
            [
              4.691922,
              52.056027
            ],
            [
              4.692454,
              52.056031
            ],
            [
              4.692889,
              52.056051
            ],
            [
              4.692851,
              52.056362
            ],
            [
              4.691879,
              52.056333
            ]
          ]
        ]
      }
    },
    {
      "type": "Feature",
      "properties": {
        "id": "zh-0327",
        "naam": "NH Kerkhof",
        "plaats_origineel": "Aarlanderveen (geruimd)",
        "plaats": "Aarlanderveen",
        "geruimd": true,
        "geruimd_bron_terrein": true,
        "geruimd_bron_ingang": true,
        "status_conflict": false,
        "oppervlakte_m2": 841.45,
        "oppervlakte_ha": 0.0841,
        "omtrek_m": 112.27,
        "ingang": {
          "type": "Point",
          "coordinates": [
            4.728909,
            52.140639
          ]
        },
        "ingang_lon": 4.728909,
        "ingang_lat": 52.140639,
        "ingang_koppelwijze": "exact_name_place",
        "ingang_afstand_tot_terrein_m": 0.62,
        "ingang_gedeeld": false,
        "naam_bron_terrein": "NH Kerkhof",
        "naam_bron_ingang": "NH Kerkhof",
        "bron_rij_terrein": 648,
        "bron_rij_ingang": 666,
        "bron": "Begraafplaatsen Zuid-Holland",
        "source_file": "Begraafplaatsen Zuid-Holland- Zuid-Holland.csv"
      },
      "geometry": {
        "type": "Polygon",
        "coordinates": [
          [
            [
              4.728519,
              52.140601
            ],
            [
              4.72841,
              52.140572
            ],
            [
              4.728453,
              52.140504
            ],
            [
              4.728559,
              52.140446
            ],
            [
              4.72871,
              52.140446
            ],
            [
              4.728821,
              52.140478
            ],
            [
              4.728878,
              52.140521
            ],
            [
              4.728918,
              52.140598
            ],
            [
              4.728892,
              52.140656
            ],
            [
              4.728828,
              52.140713
            ],
            [
              4.728748,
              52.14074
            ],
            [
              4.728649,
              52.140746
            ],
            [
              4.728472,
              52.140705
            ],
            [
              4.728519,
              52.140601
            ]
          ]
        ]
      }
    },
    {
      "type": "Feature",
      "properties": {
        "id": "zh-0328",
        "naam": "Gem. begraafplaats",
        "plaats_origineel": "Ouddorp",
        "plaats": "Ouddorp",
        "geruimd": false,
        "geruimd_bron_terrein": false,
        "geruimd_bron_ingang": false,
        "status_conflict": false,
        "oppervlakte_m2": 31072.4,
        "oppervlakte_ha": 3.1072,
        "omtrek_m": 897.52,
        "ingang": {
          "type": "Point",
          "coordinates": [
            3.928997,
            51.80714
          ]
        },
        "ingang_lon": 3.928997,
        "ingang_lat": 51.80714,
        "ingang_koppelwijze": "exact_name_place",
        "ingang_afstand_tot_terrein_m": 0.0,
        "ingang_gedeeld": false,
        "naam_bron_terrein": "Gem. begraafplaats",
        "naam_bron_ingang": "Gem. begraafplaats",
        "bron_rij_terrein": 649,
        "bron_rij_ingang": 667,
        "bron": "Begraafplaatsen Zuid-Holland",
        "source_file": "Begraafplaatsen Zuid-Holland- Zuid-Holland.csv"
      },
      "geometry": {
        "type": "Polygon",
        "coordinates": [
          [
            [
              3.925926,
              51.807277
            ],
            [
              3.926446,
              51.807417
            ],
            [
              3.926798,
              51.807353
            ],
            [
              3.927381,
              51.806664
            ],
            [
              3.929046,
              51.807147
            ],
            [
              3.928507,
              51.807925
            ],
            [
              3.928855,
              51.807996
            ],
            [
              3.929958,
              51.80823
            ],
            [
              3.92977,
              51.808596
            ],
            [
              3.928596,
              51.808429
            ],
            [
              3.92857,
              51.808538
            ],
            [
              3.927762,
              51.80843
            ],
            [
              3.926287,
              51.807981
            ],
            [
              3.925581,
              51.807721
            ],
            [
              3.925926,
              51.807277
            ]
          ]
        ]
      }
    },
    {
      "type": "Feature",
      "properties": {
        "id": "zh-0329",
        "naam": "NH kerkhof",
        "plaats_origineel": "Ouddorp (geruimd)",
        "plaats": "Ouddorp",
        "geruimd": true,
        "geruimd_bron_terrein": true,
        "geruimd_bron_ingang": true,
        "status_conflict": false,
        "oppervlakte_m2": 2340.72,
        "oppervlakte_ha": 0.2341,
        "omtrek_m": 194.97,
        "ingang": {
          "type": "Point",
          "coordinates": [
            3.935143,
            51.809172
          ]
        },
        "ingang_lon": 3.935143,
        "ingang_lat": 51.809172,
        "ingang_koppelwijze": "exact_name_place",
        "ingang_afstand_tot_terrein_m": 0.63,
        "ingang_gedeeld": false,
        "naam_bron_terrein": "NH kerkhof",
        "naam_bron_ingang": "NH kerkhof",
        "bron_rij_terrein": 650,
        "bron_rij_ingang": 668,
        "bron": "Begraafplaatsen Zuid-Holland",
        "source_file": "Begraafplaatsen Zuid-Holland- Zuid-Holland.csv"
      },
      "geometry": {
        "type": "Polygon",
        "coordinates": [
          [
            [
              3.93535,
              51.809339
            ],
            [
              3.935293,
              51.809339
            ],
            [
              3.935195,
              51.809396
            ],
            [
              3.935121,
              51.80931
            ],
            [
              3.935125,
              51.809225
            ],
            [
              3.935197,
              51.809087
            ],
            [
              3.935251,
              51.808997
            ],
            [
              3.935332,
              51.808975
            ],
            [
              3.935435,
              51.808981
            ],
            [
              3.935673,
              51.808996
            ],
            [
              3.935893,
              51.809023
            ],
            [
              3.935956,
              51.809143
            ],
            [
              3.936002,
              51.809181
            ],
            [
              3.93608,
              51.80921
            ],
            [
              3.935966,
              51.809384
            ],
            [
              3.935824,
              51.809387
            ],
            [
              3.935599,
              51.80937
            ],
            [
              3.93535,
              51.809339
            ]
          ]
        ]
      }
    },
    {
      "type": "Feature",
      "properties": {
        "id": "zh-0330",
        "naam": "Gem. begraafplaats",
        "plaats_origineel": "Stellendam",
        "plaats": "Stellendam",
        "geruimd": false,
        "geruimd_bron_terrein": false,
        "geruimd_bron_ingang": false,
        "status_conflict": false,
        "oppervlakte_m2": 14478.76,
        "oppervlakte_ha": 1.4479,
        "omtrek_m": 529.76,
        "ingang": {
          "type": "Point",
          "coordinates": [
            4.025233,
            51.802643
          ]
        },
        "ingang_lon": 4.025233,
        "ingang_lat": 51.802643,
        "ingang_koppelwijze": "exact_name_place",
        "ingang_afstand_tot_terrein_m": 0.0,
        "ingang_gedeeld": false,
        "naam_bron_terrein": "Gem. begraafplaats",
        "naam_bron_ingang": "Gem. begraafplaats",
        "bron_rij_terrein": 651,
        "bron_rij_ingang": 669,
        "bron": "Begraafplaatsen Zuid-Holland",
        "source_file": "Begraafplaatsen Zuid-Holland- Zuid-Holland.csv"
      },
      "geometry": {
        "type": "Polygon",
        "coordinates": [
          [
            [
              4.024399,
              51.803718
            ],
            [
              4.023003,
              51.802803
            ],
            [
              4.023823,
              51.802366
            ],
            [
              4.0244,
              51.802753
            ],
            [
              4.024958,
              51.802456
            ],
            [
              4.025765,
              51.802991
            ],
            [
              4.024399,
              51.803718
            ]
          ]
        ]
      }
    },
    {
      "type": "Feature",
      "properties": {
        "id": "zh-0331",
        "naam": "Oude gem. begraafplaats",
        "plaats_origineel": "Melissant",
        "plaats": "Melissant",
        "geruimd": false,
        "geruimd_bron_terrein": false,
        "geruimd_bron_ingang": false,
        "status_conflict": false,
        "oppervlakte_m2": 3485.78,
        "oppervlakte_ha": 0.3486,
        "omtrek_m": 233.27,
        "ingang": {
          "type": "Point",
          "coordinates": [
            4.068075,
            51.769336
          ]
        },
        "ingang_lon": 4.068075,
        "ingang_lat": 51.769336,
        "ingang_koppelwijze": "exact_name_place",
        "ingang_afstand_tot_terrein_m": 1.1,
        "ingang_gedeeld": false,
        "naam_bron_terrein": "Oude gem. begraafplaats",
        "naam_bron_ingang": "Oude gem. begraafplaats",
        "bron_rij_terrein": 652,
        "bron_rij_ingang": 670,
        "bron": "Begraafplaatsen Zuid-Holland",
        "source_file": "Begraafplaatsen Zuid-Holland- Zuid-Holland.csv"
      },
      "geometry": {
        "type": "Polygon",
        "coordinates": [
          [
            [
              4.068774,
              51.769751
            ],
            [
              4.067954,
              51.769486
            ],
            [
              4.068359,
              51.76905
            ],
            [
              4.069079,
              51.769301
            ],
            [
              4.069106,
              51.7694
            ],
            [
              4.068774,
              51.769751
            ]
          ]
        ]
      }
    },
    {
      "type": "Feature",
      "properties": {
        "id": "zh-0332",
        "naam": "Gem. begraafplaats",
        "plaats_origineel": "Melissant",
        "plaats": "Melissant",
        "geruimd": false,
        "geruimd_bron_terrein": false,
        "geruimd_bron_ingang": false,
        "status_conflict": false,
        "oppervlakte_m2": 13459.38,
        "oppervlakte_ha": 1.3459,
        "omtrek_m": 481.8,
        "ingang": {
          "type": "Point",
          "coordinates": [
            4.066479,
            51.768451
          ]
        },
        "ingang_lon": 4.066479,
        "ingang_lat": 51.768451,
        "ingang_koppelwijze": "exact_name_place",
        "ingang_afstand_tot_terrein_m": 1.08,
        "ingang_gedeeld": false,
        "naam_bron_terrein": "Gem. begraafplaats",
        "naam_bron_ingang": "Gem. begraafplaats",
        "bron_rij_terrein": 653,
        "bron_rij_ingang": 671,
        "bron": "Begraafplaatsen Zuid-Holland",
        "source_file": "Begraafplaatsen Zuid-Holland- Zuid-Holland.csv"
      },
      "geometry": {
        "type": "Polygon",
        "coordinates": [
          [
            [
              4.067821,
              51.767651
            ],
            [
              4.067166,
              51.768442
            ],
            [
              4.066709,
              51.768272
            ],
            [
              4.066549,
              51.768461
            ],
            [
              4.065414,
              51.768125
            ],
            [
              4.066327,
              51.767199
            ],
            [
              4.067821,
              51.767651
            ]
          ]
        ]
      }
    },
    {
      "type": "Feature",
      "properties": {
        "id": "zh-0333",
        "naam": "NH kerkhof Nieuw Helvoet",
        "plaats_origineel": "Hellevoetsluis (geruimd)",
        "plaats": "Hellevoetsluis",
        "geruimd": true,
        "geruimd_bron_terrein": true,
        "geruimd_bron_ingang": true,
        "status_conflict": false,
        "oppervlakte_m2": 1829.08,
        "oppervlakte_ha": 0.1829,
        "omtrek_m": 166.95,
        "ingang": {
          "type": "Point",
          "coordinates": [
            4.122894,
            51.838146
          ]
        },
        "ingang_lon": 4.122894,
        "ingang_lat": 51.838146,
        "ingang_koppelwijze": "exact_name_place",
        "ingang_afstand_tot_terrein_m": 0.0,
        "ingang_gedeeld": false,
        "naam_bron_terrein": "NH kerkhof Nieuw Helvoet",
        "naam_bron_ingang": "NH kerkhof Nieuw Helvoet",
        "bron_rij_terrein": 654,
        "bron_rij_ingang": 672,
        "bron": "Begraafplaatsen Zuid-Holland",
        "source_file": "Begraafplaatsen Zuid-Holland- Zuid-Holland.csv"
      },
      "geometry": {
        "type": "Polygon",
        "coordinates": [
          [
            [
              4.1233,
              51.838084
            ],
            [
              4.123465,
              51.838405
            ],
            [
              4.123089,
              51.838475
            ],
            [
              4.12271,
              51.838452
            ],
            [
              4.122603,
              51.838249
            ],
            [
              4.122832,
              51.838148
            ],
            [
              4.1233,
              51.838084
            ]
          ]
        ]
      }
    },
    {
      "type": "Feature",
      "properties": {
        "id": "zh-0334",
        "naam": "Zuiderbegraafplaats",
        "plaats_origineel": "Rotterdam",
        "plaats": "Rotterdam",
        "geruimd": false,
        "geruimd_bron_terrein": false,
        "geruimd_bron_ingang": false,
        "status_conflict": false,
        "oppervlakte_m2": 229760.83,
        "oppervlakte_ha": 22.9761,
        "omtrek_m": 2078.09,
        "ingang": {
          "type": "Point",
          "coordinates": [
            4.504398,
            51.876403
          ]
        },
        "ingang_lon": 4.504398,
        "ingang_lat": 51.876403,
        "ingang_koppelwijze": "exact_name_place",
        "ingang_afstand_tot_terrein_m": 0.0,
        "ingang_gedeeld": false,
        "naam_bron_terrein": "Zuiderbegraafplaats",
        "naam_bron_ingang": "Zuiderbegraafplaats",
        "bron_rij_terrein": 655,
        "bron_rij_ingang": 673,
        "bron": "Begraafplaatsen Zuid-Holland",
        "source_file": "Begraafplaatsen Zuid-Holland- Zuid-Holland.csv"
      },
      "geometry": {
        "type": "Polygon",
        "coordinates": [
          [
            [
              4.503894,
              51.87625
            ],
            [
              4.507353,
              51.871149
            ],
            [
              4.511472,
              51.871829
            ],
            [
              4.511729,
              51.871277
            ],
            [
              4.513371,
              51.871566
            ],
            [
              4.512771,
              51.872924
            ],
            [
              4.511946,
              51.873741
            ],
            [
              4.511136,
              51.874511
            ],
            [
              4.509797,
              51.875404
            ],
            [
              4.508544,
              51.875915
            ],
            [
              4.506975,
              51.87666
            ],
            [
              4.506098,
              51.877017
            ],
            [
              4.503894,
              51.87625
            ]
          ]
        ]
      }
    },
    {
      "type": "Feature",
      "properties": {
        "id": "zh-0335",
        "naam": "Oud gem. kerkhof",
        "plaats_origineel": "Pernis",
        "plaats": "Pernis",
        "geruimd": false,
        "geruimd_bron_terrein": false,
        "geruimd_bron_ingang": false,
        "status_conflict": false,
        "oppervlakte_m2": 894.02,
        "oppervlakte_ha": 0.0894,
        "omtrek_m": 120.4,
        "ingang": {
          "type": "Point",
          "coordinates": [
            4.393282,
            51.887784
          ]
        },
        "ingang_lon": 4.393282,
        "ingang_lat": 51.887784,
        "ingang_koppelwijze": "exact_name_place",
        "ingang_afstand_tot_terrein_m": 0.41,
        "ingang_gedeeld": false,
        "naam_bron_terrein": "Oud gem. kerkhof",
        "naam_bron_ingang": "Oud gem. kerkhof",
        "bron_rij_terrein": 656,
        "bron_rij_ingang": 674,
        "bron": "Begraafplaatsen Zuid-Holland",
        "source_file": "Begraafplaatsen Zuid-Holland- Zuid-Holland.csv"
      },
      "geometry": {
        "type": "Polygon",
        "coordinates": [
          [
            [
              4.393066,
              51.887812
            ],
            [
              4.393512,
              51.887762
            ],
            [
              4.393577,
              51.887991
            ],
            [
              4.39311,
              51.888078
            ],
            [
              4.393066,
              51.887812
            ]
          ]
        ]
      }
    },
    {
      "type": "Feature",
      "properties": {
        "id": "zh-0336",
        "naam": "Gem. begraafplaats",
        "plaats_origineel": "Pernis",
        "plaats": "Pernis",
        "geruimd": false,
        "geruimd_bron_terrein": false,
        "geruimd_bron_ingang": false,
        "status_conflict": false,
        "oppervlakte_m2": 12055.49,
        "oppervlakte_ha": 1.2055,
        "omtrek_m": 462.36,
        "ingang": {
          "type": "Point",
          "coordinates": [
            4.381572,
            51.888887
          ]
        },
        "ingang_lon": 4.381572,
        "ingang_lat": 51.888887,
        "ingang_koppelwijze": "exact_name_place",
        "ingang_afstand_tot_terrein_m": 3.82,
        "ingang_gedeeld": false,
        "naam_bron_terrein": "Gem. begraafplaats",
        "naam_bron_ingang": "Gem. begraafplaats",
        "bron_rij_terrein": 657,
        "bron_rij_ingang": 675,
        "bron": "Begraafplaatsen Zuid-Holland",
        "source_file": "Begraafplaatsen Zuid-Holland- Zuid-Holland.csv"
      },
      "geometry": {
        "type": "Polygon",
        "coordinates": [
          [
            [
              4.381549,
              51.888716
            ],
            [
              4.381361,
              51.889694
            ],
            [
              4.379863,
              51.889559
            ],
            [
              4.380036,
              51.889018
            ],
            [
              4.379733,
              51.888975
            ],
            [
              4.379759,
              51.888616
            ],
            [
              4.379818,
              51.888581
            ],
            [
              4.379985,
              51.888582
            ],
            [
              4.381549,
              51.888716
            ]
          ]
        ]
      }
    },
    {
      "type": "Feature",
      "properties": {
        "id": "zh-0337",
        "naam": "Gem. begraafplaats",
        "plaats_origineel": "Waarder",
        "plaats": "Waarder",
        "geruimd": false,
        "geruimd_bron_terrein": false,
        "geruimd_bron_ingang": false,
        "status_conflict": false,
        "oppervlakte_m2": 3734.73,
        "oppervlakte_ha": 0.3735,
        "omtrek_m": 348.08,
        "ingang": {
          "type": "Point",
          "coordinates": [
            4.822232,
            52.064499
          ]
        },
        "ingang_lon": 4.822232,
        "ingang_lat": 52.064499,
        "ingang_koppelwijze": "exact_name_place",
        "ingang_afstand_tot_terrein_m": 0.15,
        "ingang_gedeeld": false,
        "naam_bron_terrein": "Gem. begraafplaats",
        "naam_bron_ingang": "Gem. begraafplaats",
        "bron_rij_terrein": 658,
        "bron_rij_ingang": 676,
        "bron": "Begraafplaatsen Zuid-Holland",
        "source_file": "Begraafplaatsen Zuid-Holland- Zuid-Holland.csv"
      },
      "geometry": {
        "type": "Polygon",
        "coordinates": [
          [
            [
              4.824405,
              52.064395
            ],
            [
              4.824435,
              52.064598
            ],
            [
              4.823201,
              52.064672
            ],
            [
              4.8232,
              52.064689
            ],
            [
              4.822354,
              52.064736
            ],
            [
              4.822254,
              52.06464
            ],
            [
              4.822233,
              52.06449
            ],
            [
              4.823163,
              52.064437
            ],
            [
              4.823195,
              52.064461
            ],
            [
              4.824405,
              52.064395
            ]
          ]
        ]
      }
    },
    {
      "type": "Feature",
      "properties": {
        "id": "zh-0338",
        "naam": "Kloosterbegraafplaats Afzondering St. Gabriël",
        "plaats_origineel": "Haastrecht",
        "plaats": "Haastrecht",
        "geruimd": false,
        "geruimd_bron_terrein": false,
        "geruimd_bron_ingang": false,
        "status_conflict": false,
        "oppervlakte_m2": 143.07,
        "oppervlakte_ha": 0.0143,
        "omtrek_m": 47.09,
        "ingang": {
          "type": "Point",
          "coordinates": [
            4.802019,
            52.013332
          ]
        },
        "ingang_lon": 4.802019,
        "ingang_lat": 52.013332,
        "ingang_koppelwijze": "exact_name_place",
        "ingang_afstand_tot_terrein_m": 0.4,
        "ingang_gedeeld": false,
        "naam_bron_terrein": "Kloosterbegraafplaats Afzondering St. Gabriël",
        "naam_bron_ingang": "Kloosterbegraafplaats Afzondering St. Gabriël",
        "bron_rij_terrein": 659,
        "bron_rij_ingang": 677,
        "bron": "Begraafplaatsen Zuid-Holland",
        "source_file": "Begraafplaatsen Zuid-Holland- Zuid-Holland.csv"
      },
      "geometry": {
        "type": "Polygon",
        "coordinates": [
          [
            [
              4.802234,
              52.013307
            ],
            [
              4.802168,
              52.013405
            ],
            [
              4.802021,
              52.013369
            ],
            [
              4.802017,
              52.013344
            ],
            [
              4.802072,
              52.013265
            ],
            [
              4.802234,
              52.013307
            ]
          ]
        ]
      }
    },
    {
      "type": "Feature",
      "properties": {
        "id": "zh-0339",
        "naam": "Gem. begraafplaats",
        "plaats_origineel": "Ammerstol",
        "plaats": "Ammerstol",
        "geruimd": false,
        "geruimd_bron_terrein": false,
        "geruimd_bron_ingang": false,
        "status_conflict": false,
        "oppervlakte_m2": 4262.79,
        "oppervlakte_ha": 0.4263,
        "omtrek_m": 368.11,
        "ingang": {
          "type": "Point",
          "coordinates": [
            4.805614,
            51.926776
          ]
        },
        "ingang_lon": 4.805614,
        "ingang_lat": 51.926776,
        "ingang_koppelwijze": "exact_name_place",
        "ingang_afstand_tot_terrein_m": 0.0,
        "ingang_gedeeld": false,
        "naam_bron_terrein": "Gem. begraafplaats",
        "naam_bron_ingang": "Gem. begraafplaats",
        "bron_rij_terrein": 678,
        "bron_rij_ingang": 696,
        "bron": "Begraafplaatsen Zuid-Holland",
        "source_file": "Begraafplaatsen Zuid-Holland- Zuid-Holland.csv"
      },
      "geometry": {
        "type": "Polygon",
        "coordinates": [
          [
            [
              4.805201,
              51.928148
            ],
            [
              4.805165,
              51.928112
            ],
            [
              4.805264,
              51.92753
            ],
            [
              4.805422,
              51.926756
            ],
            [
              4.805821,
              51.926786
            ],
            [
              4.805521,
              51.928217
            ],
            [
              4.805201,
              51.928148
            ]
          ]
        ]
      }
    },
    {
      "type": "Feature",
      "properties": {
        "id": "zh-0340",
        "naam": "Gem. begraafplaats",
        "plaats_origineel": "Bergambacht",
        "plaats": "Bergambacht",
        "geruimd": false,
        "geruimd_bron_terrein": false,
        "geruimd_bron_ingang": false,
        "status_conflict": false,
        "oppervlakte_m2": 7930.67,
        "oppervlakte_ha": 0.7931,
        "omtrek_m": 396.13,
        "ingang": {
          "type": "Point",
          "coordinates": [
            4.784506,
            51.922165
          ]
        },
        "ingang_lon": 4.784506,
        "ingang_lat": 51.922165,
        "ingang_koppelwijze": "exact_name_place",
        "ingang_afstand_tot_terrein_m": 0.0,
        "ingang_gedeeld": false,
        "naam_bron_terrein": "Gem. begraafplaats",
        "naam_bron_ingang": "Gem. begraafplaats",
        "bron_rij_terrein": 679,
        "bron_rij_ingang": 697,
        "bron": "Begraafplaatsen Zuid-Holland",
        "source_file": "Begraafplaatsen Zuid-Holland- Zuid-Holland.csv"
      },
      "geometry": {
        "type": "Polygon",
        "coordinates": [
          [
            [
              4.783887,
              51.922353
            ],
            [
              4.782952,
              51.922376
            ],
            [
              4.782949,
              51.921668
            ],
            [
              4.783792,
              51.921641
            ],
            [
              4.783809,
              51.921864
            ],
            [
              4.784613,
              51.921842
            ],
            [
              4.784634,
              51.921988
            ],
            [
              4.784688,
              51.921991
            ],
            [
              4.7847,
              51.922339
            ],
            [
              4.783887,
              51.922353
            ]
          ]
        ]
      }
    },
    {
      "type": "Feature",
      "properties": {
        "id": "zh-0341",
        "naam": "Gem. kerkhof",
        "plaats_origineel": "Berkenwoude",
        "plaats": "Berkenwoude",
        "geruimd": false,
        "geruimd_bron_terrein": false,
        "geruimd_bron_ingang": false,
        "status_conflict": false,
        "oppervlakte_m2": 654.11,
        "oppervlakte_ha": 0.0654,
        "omtrek_m": 123.86,
        "ingang": {
          "type": "Point",
          "coordinates": [
            4.708915,
            51.94548
          ]
        },
        "ingang_lon": 4.708915,
        "ingang_lat": 51.94548,
        "ingang_koppelwijze": "exact_name_place",
        "ingang_afstand_tot_terrein_m": 0.0,
        "ingang_gedeeld": false,
        "naam_bron_terrein": "Gem. kerkhof",
        "naam_bron_ingang": "Gem. kerkhof",
        "bron_rij_terrein": 680,
        "bron_rij_ingang": 698,
        "bron": "Begraafplaatsen Zuid-Holland",
        "source_file": "Begraafplaatsen Zuid-Holland- Zuid-Holland.csv"
      },
      "geometry": {
        "type": "Polygon",
        "coordinates": [
          [
            [
              4.709107,
              51.945468
            ],
            [
              4.709094,
              51.945496
            ],
            [
              4.709353,
              51.945548
            ],
            [
              4.709361,
              51.945536
            ],
            [
              4.70954,
              51.94556
            ],
            [
              4.709462,
              51.94562
            ],
            [
              4.709391,
              51.945647
            ],
            [
              4.709293,
              51.945649
            ],
            [
              4.70905,
              51.945642
            ],
            [
              4.708959,
              51.945615
            ],
            [
              4.708815,
              51.945516
            ],
            [
              4.708776,
              51.945485
            ],
            [
              4.708809,
              51.945463
            ],
            [
              4.70891,
              51.945457
            ],
            [
              4.709033,
              51.945458
            ],
            [
              4.709107,
              51.945468
            ]
          ]
        ]
      }
    },
    {
      "type": "Feature",
      "properties": {
        "id": "zh-0342",
        "naam": "Gem. begraafplaats",
        "plaats_origineel": "Berkenwoude",
        "plaats": "Berkenwoude",
        "geruimd": false,
        "geruimd_bron_terrein": false,
        "geruimd_bron_ingang": false,
        "status_conflict": false,
        "oppervlakte_m2": 6121.31,
        "oppervlakte_ha": 0.6121,
        "omtrek_m": 349.1,
        "ingang": {
          "type": "Point",
          "coordinates": [
            4.707299,
            51.942835
          ]
        },
        "ingang_lon": 4.707299,
        "ingang_lat": 51.942835,
        "ingang_koppelwijze": "exact_name_place",
        "ingang_afstand_tot_terrein_m": 0.0,
        "ingang_gedeeld": false,
        "naam_bron_terrein": "Gem. begraafplaats",
        "naam_bron_ingang": "Gem. begraafplaats",
        "bron_rij_terrein": 681,
        "bron_rij_ingang": 699,
        "bron": "Begraafplaatsen Zuid-Holland",
        "source_file": "Begraafplaatsen Zuid-Holland- Zuid-Holland.csv"
      },
      "geometry": {
        "type": "Polygon",
        "coordinates": [
          [
            [
              4.707559,
              51.941682
            ],
            [
              4.707597,
              51.941698
            ],
            [
              4.707669,
              51.942828
            ],
            [
              4.706975,
              51.942846
            ],
            [
              4.706897,
              51.941715
            ],
            [
              4.706918,
              51.941699
            ],
            [
              4.707559,
              51.941682
            ]
          ]
        ]
      }
    },
    {
      "type": "Feature",
      "properties": {
        "id": "zh-0343",
        "naam": "Begraafplaats De Dijk",
        "plaats_origineel": "Maassluis",
        "plaats": "Maassluis",
        "geruimd": false,
        "geruimd_bron_terrein": false,
        "geruimd_bron_ingang": false,
        "status_conflict": false,
        "oppervlakte_m2": 24119.69,
        "oppervlakte_ha": 2.412,
        "omtrek_m": 700.29,
        "ingang": {
          "type": "Point",
          "coordinates": [
            4.268066,
            51.90904
          ]
        },
        "ingang_lon": 4.268066,
        "ingang_lat": 51.90904,
        "ingang_koppelwijze": "exact_name_place",
        "ingang_afstand_tot_terrein_m": 0.47,
        "ingang_gedeeld": false,
        "naam_bron_terrein": "Begraafplaats De Dijk",
        "naam_bron_ingang": "Begraafplaats De Dijk",
        "bron_rij_terrein": 682,
        "bron_rij_ingang": 700,
        "bron": "Begraafplaatsen Zuid-Holland",
        "source_file": "Begraafplaatsen Zuid-Holland- Zuid-Holland.csv"
      },
      "geometry": {
        "type": "Polygon",
        "coordinates": [
          [
            [
              4.268294,
              51.909229
            ],
            [
              4.267424,
              51.90848
            ],
            [
              4.270416,
              51.907212
            ],
            [
              4.271281,
              51.907783
            ],
            [
              4.268294,
              51.909229
            ]
          ]
        ]
      }
    },
    {
      "type": "Feature",
      "properties": {
        "id": "zh-0344",
        "naam": "St. Barbarabegraafplaats",
        "plaats_origineel": "Maassluis",
        "plaats": "Maassluis",
        "geruimd": false,
        "geruimd_bron_terrein": false,
        "geruimd_bron_ingang": false,
        "status_conflict": false,
        "oppervlakte_m2": 3220.27,
        "oppervlakte_ha": 0.322,
        "omtrek_m": 239.32,
        "ingang": {
          "type": "Point",
          "coordinates": [
            4.264943,
            51.923992
          ]
        },
        "ingang_lon": 4.264943,
        "ingang_lat": 51.923992,
        "ingang_koppelwijze": "exact_name_place",
        "ingang_afstand_tot_terrein_m": 0.44,
        "ingang_gedeeld": false,
        "naam_bron_terrein": "St. Barbarabegraafplaats",
        "naam_bron_ingang": "St. Barbarabegraafplaats",
        "bron_rij_terrein": 683,
        "bron_rij_ingang": 701,
        "bron": "Begraafplaatsen Zuid-Holland",
        "source_file": "Begraafplaatsen Zuid-Holland- Zuid-Holland.csv"
      },
      "geometry": {
        "type": "Polygon",
        "coordinates": [
          [
            [
              4.265211,
              51.92468
            ],
            [
              4.264574,
              51.92449
            ],
            [
              4.264935,
              51.924051
            ],
            [
              4.264919,
              51.924028
            ],
            [
              4.264978,
              51.92396
            ],
            [
              4.265698,
              51.924196
            ],
            [
              4.265581,
              51.924328
            ],
            [
              4.265511,
              51.924307
            ],
            [
              4.265211,
              51.92468
            ]
          ]
        ]
      }
    },
    {
      "type": "Feature",
      "properties": {
        "id": "zh-0345",
        "naam": "RK begraafplaats",
        "plaats_origineel": "Maasland",
        "plaats": "Maasland",
        "geruimd": false,
        "geruimd_bron_terrein": false,
        "geruimd_bron_ingang": false,
        "status_conflict": false,
        "oppervlakte_m2": 818.57,
        "oppervlakte_ha": 0.0819,
        "omtrek_m": 115.5,
        "ingang": {
          "type": "Point",
          "coordinates": [
            4.272943,
            51.933113
          ]
        },
        "ingang_lon": 4.272943,
        "ingang_lat": 51.933113,
        "ingang_koppelwijze": "exact_name_place",
        "ingang_afstand_tot_terrein_m": 0.0,
        "ingang_gedeeld": false,
        "naam_bron_terrein": "RK begraafplaats",
        "naam_bron_ingang": "RK begraafplaats",
        "bron_rij_terrein": 684,
        "bron_rij_ingang": 702,
        "bron": "Begraafplaatsen Zuid-Holland",
        "source_file": "Begraafplaatsen Zuid-Holland- Zuid-Holland.csv"
      },
      "geometry": {
        "type": "Polygon",
        "coordinates": [
          [
            [
              4.273445,
              51.933075
            ],
            [
              4.273282,
              51.933272
            ],
            [
              4.272853,
              51.933137
            ],
            [
              4.27303,
              51.932937
            ],
            [
              4.273445,
              51.933075
            ]
          ]
        ]
      }
    },
    {
      "type": "Feature",
      "properties": {
        "id": "zh-0346",
        "naam": "Vm. NH kerkhof",
        "plaats_origineel": "Maasland",
        "plaats": "Maasland",
        "geruimd": null,
        "geruimd_bron_terrein": false,
        "geruimd_bron_ingang": true,
        "status_conflict": true,
        "oppervlakte_m2": 2260.75,
        "oppervlakte_ha": 0.2261,
        "omtrek_m": 176.21,
        "ingang": {
          "type": "Point",
          "coordinates": [
            4.2718,
            51.936052
          ]
        },
        "ingang_lon": 4.2718,
        "ingang_lat": 51.936052,
        "ingang_koppelwijze": "exact_name_place",
        "ingang_afstand_tot_terrein_m": 2.5,
        "ingang_gedeeld": false,
        "naam_bron_terrein": "Vm. NH kerkhof",
        "naam_bron_ingang": "Vm. NH kerkhof",
        "bron_rij_terrein": 685,
        "bron_rij_ingang": 703,
        "bron": "Begraafplaatsen Zuid-Holland",
        "source_file": "Begraafplaatsen Zuid-Holland- Zuid-Holland.csv"
      },
      "geometry": {
        "type": "Polygon",
        "coordinates": [
          [
            [
              4.271603,
              51.936205
            ],
            [
              4.271876,
              51.936037
            ],
            [
              4.272259,
              51.936043
            ],
            [
              4.272444,
              51.936164
            ],
            [
              4.272514,
              51.936301
            ],
            [
              4.272391,
              51.936401
            ],
            [
              4.272196,
              51.93644
            ],
            [
              4.27201,
              51.936442
            ],
            [
              4.271834,
              51.936442
            ],
            [
              4.271708,
              51.936432
            ],
            [
              4.271622,
              51.936348
            ],
            [
              4.271616,
              51.936344
            ],
            [
              4.271603,
              51.936205
            ]
          ]
        ]
      }
    },
    {
      "type": "Feature",
      "properties": {
        "id": "zh-0347",
        "naam": "Oude gemeentelijke Begraafplaats",
        "plaats_origineel": "Maasland",
        "plaats": "Maasland",
        "geruimd": false,
        "geruimd_bron_terrein": false,
        "geruimd_bron_ingang": false,
        "status_conflict": false,
        "oppervlakte_m2": 1357.15,
        "oppervlakte_ha": 0.1357,
        "omtrek_m": 145.78,
        "ingang": {
          "type": "Point",
          "coordinates": [
            4.272953,
            51.93866
          ]
        },
        "ingang_lon": 4.272953,
        "ingang_lat": 51.93866,
        "ingang_koppelwijze": "exact_name_place",
        "ingang_afstand_tot_terrein_m": 0.0,
        "ingang_gedeeld": false,
        "naam_bron_terrein": "Oude gemeentelijke Begraafplaats",
        "naam_bron_ingang": "Oude gemeentelijke Begraafplaats",
        "bron_rij_terrein": 686,
        "bron_rij_ingang": 704,
        "bron": "Begraafplaatsen Zuid-Holland",
        "source_file": "Begraafplaatsen Zuid-Holland- Zuid-Holland.csv"
      },
      "geometry": {
        "type": "Polygon",
        "coordinates": [
          [
            [
              4.272949,
              51.938629
            ],
            [
              4.273069,
              51.938964
            ],
            [
              4.273008,
              51.939013
            ],
            [
              4.272732,
              51.93903
            ],
            [
              4.272643,
              51.939023
            ],
            [
              4.272532,
              51.938719
            ],
            [
              4.272513,
              51.938639
            ],
            [
              4.272526,
              51.93862
            ],
            [
              4.272577,
              51.938607
            ],
            [
              4.272621,
              51.93861
            ],
            [
              4.272833,
              51.938627
            ],
            [
              4.272949,
              51.938629
            ]
          ]
        ]
      }
    },
    {
      "type": "Feature",
      "properties": {
        "id": "zh-0348",
        "naam": "Nieuwe gemeentelijke Begraafplaats",
        "plaats_origineel": "Maasland",
        "plaats": "Maasland",
        "geruimd": false,
        "geruimd_bron_terrein": false,
        "geruimd_bron_ingang": false,
        "status_conflict": false,
        "oppervlakte_m2": 7429.4,
        "oppervlakte_ha": 0.7429,
        "omtrek_m": 338.95,
        "ingang": {
          "type": "Point",
          "coordinates": [
            4.273784,
            51.938929
          ]
        },
        "ingang_lon": 4.273784,
        "ingang_lat": 51.938929,
        "ingang_koppelwijze": "exact_name_place",
        "ingang_afstand_tot_terrein_m": 0.33,
        "ingang_gedeeld": false,
        "naam_bron_terrein": "Nieuwe gemeentelijke Begraafplaats",
        "naam_bron_ingang": "Nieuwe gemeentelijke Begraafplaats",
        "bron_rij_terrein": 687,
        "bron_rij_ingang": 705,
        "bron": "Begraafplaatsen Zuid-Holland",
        "source_file": "Begraafplaatsen Zuid-Holland- Zuid-Holland.csv"
      },
      "geometry": {
        "type": "Polygon",
        "coordinates": [
          [
            [
              4.273764,
              51.938965
            ],
            [
              4.273827,
              51.938875
            ],
            [
              4.274055,
              51.938849
            ],
            [
              4.275095,
              51.93912
            ],
            [
              4.274644,
              51.939797
            ],
            [
              4.273557,
              51.939486
            ],
            [
              4.273551,
              51.939466
            ],
            [
              4.273406,
              51.93942
            ],
            [
              4.273616,
              51.939063
            ],
            [
              4.273764,
              51.938965
            ]
          ]
        ]
      }
    },
    {
      "type": "Feature",
      "properties": {
        "id": "zh-0349",
        "naam": "Alg. begraafplaats",
        "plaats_origineel": "Strijensas",
        "plaats": "Strijensas",
        "geruimd": false,
        "geruimd_bron_terrein": false,
        "geruimd_bron_ingang": false,
        "status_conflict": false,
        "oppervlakte_m2": 1039.97,
        "oppervlakte_ha": 0.104,
        "omtrek_m": 128.48,
        "ingang": {
          "type": "Point",
          "coordinates": [
            4.582406,
            51.715683
          ]
        },
        "ingang_lon": 4.582406,
        "ingang_lat": 51.715683,
        "ingang_koppelwijze": "exact_name_place",
        "ingang_afstand_tot_terrein_m": 0.0,
        "ingang_gedeeld": false,
        "naam_bron_terrein": "Alg. begraafplaats",
        "naam_bron_ingang": "Alg. begraafplaats",
        "bron_rij_terrein": 688,
        "bron_rij_ingang": 706,
        "bron": "Begraafplaatsen Zuid-Holland",
        "source_file": "Begraafplaatsen Zuid-Holland- Zuid-Holland.csv"
      },
      "geometry": {
        "type": "Polygon",
        "coordinates": [
          [
            [
              4.582595,
              51.716047
            ],
            [
              4.582515,
              51.71607
            ],
            [
              4.582464,
              51.716077
            ],
            [
              4.582416,
              51.716067
            ],
            [
              4.582395,
              51.716044
            ],
            [
              4.582311,
              51.715846
            ],
            [
              4.582307,
              51.715803
            ],
            [
              4.582313,
              51.715732
            ],
            [
              4.58232,
              51.715703
            ],
            [
              4.582541,
              51.715651
            ],
            [
              4.58281,
              51.715971
            ],
            [
              4.582595,
              51.716047
            ]
          ]
        ]
      }
    },
    {
      "type": "Feature",
      "properties": {
        "id": "zh-0350",
        "naam": "Alg. begraafplaats",
        "plaats_origineel": "Strijen",
        "plaats": "Strijen",
        "geruimd": false,
        "geruimd_bron_terrein": false,
        "geruimd_bron_ingang": false,
        "status_conflict": false,
        "oppervlakte_m2": 11835.85,
        "oppervlakte_ha": 1.1836,
        "omtrek_m": 564.86,
        "ingang": {
          "type": "Point",
          "coordinates": [
            4.549443,
            51.745075
          ]
        },
        "ingang_lon": 4.549443,
        "ingang_lat": 51.745075,
        "ingang_koppelwijze": "exact_name_place",
        "ingang_afstand_tot_terrein_m": 0.0,
        "ingang_gedeeld": false,
        "naam_bron_terrein": "Alg. begraafplaats",
        "naam_bron_ingang": "Alg. begraafplaats",
        "bron_rij_terrein": 689,
        "bron_rij_ingang": 707,
        "bron": "Begraafplaatsen Zuid-Holland",
        "source_file": "Begraafplaatsen Zuid-Holland- Zuid-Holland.csv"
      },
      "geometry": {
        "type": "Polygon",
        "coordinates": [
          [
            [
              4.549554,
              51.745086
            ],
            [
              4.549806,
              51.745202
            ],
            [
              4.550012,
              51.745339
            ],
            [
              4.549975,
              51.745359
            ],
            [
              4.550149,
              51.7455
            ],
            [
              4.549992,
              51.745572
            ],
            [
              4.549518,
              51.7454
            ],
            [
              4.549424,
              51.745496
            ],
            [
              4.54981,
              51.745649
            ],
            [
              4.549815,
              51.745676
            ],
            [
              4.54942,
              51.746035
            ],
            [
              4.549368,
              51.746051
            ],
            [
              4.549223,
              51.746049
            ],
            [
              4.548929,
              51.745985
            ],
            [
              4.548879,
              51.745971
            ],
            [
              4.548862,
              51.745989
            ],
            [
              4.548807,
              51.745969
            ],
            [
              4.54882,
              51.745955
            ],
            [
              4.548757,
              51.745914
            ],
            [
              4.548683,
              51.745885
            ],
            [
              4.548633,
              51.745849
            ],
            [
              4.548573,
              51.745818
            ],
            [
              4.54845,
              51.745683
            ],
            [
              4.548394,
              51.745683
            ],
            [
              4.54833,
              51.745673
            ],
            [
              4.548268,
              51.745656
            ],
            [
              4.548207,
              51.745626
            ],
            [
              4.548168,
              51.745598
            ],
            [
              4.54814,
              51.745571
            ],
            [
              4.548128,
              51.745546
            ],
            [
              4.548137,
              51.74552
            ],
            [
              4.548354,
              51.745332
            ],
            [
              4.548834,
              51.744907
            ],
            [
              4.548885,
              51.74487
            ],
            [
              4.548946,
              51.744836
            ],
            [
              4.548973,
              51.744846
            ],
            [
              4.54935,
              51.744532
            ],
            [
              4.549742,
              51.744712
            ],
            [
              4.549754,
              51.744709
            ],
            [
              4.549781,
              51.744724
            ],
            [
              4.549739,
              51.744756
            ],
            [
              4.549744,
              51.74477
            ],
            [
              4.549416,
              51.745043
            ],
            [
              4.549554,
              51.745086
            ]
          ]
        ]
      }
    },
    {
      "type": "Feature",
      "properties": {
        "id": "zh-0351",
        "naam": "Alg. begraafplaats",
        "plaats_origineel": "Cillaarshoek",
        "plaats": "Cillaarshoek",
        "geruimd": false,
        "geruimd_bron_terrein": false,
        "geruimd_bron_ingang": false,
        "status_conflict": false,
        "oppervlakte_m2": 1207.45,
        "oppervlakte_ha": 0.1207,
        "omtrek_m": 169.44,
        "ingang": {
          "type": "Point",
          "coordinates": [
            4.547443,
            51.773484
          ]
        },
        "ingang_lon": 4.547443,
        "ingang_lat": 51.773484,
        "ingang_koppelwijze": "exact_name_place",
        "ingang_afstand_tot_terrein_m": 2.31,
        "ingang_gedeeld": false,
        "naam_bron_terrein": "Alg. begraafplaats",
        "naam_bron_ingang": "Alg. begraafplaats",
        "bron_rij_terrein": 690,
        "bron_rij_ingang": 708,
        "bron": "Begraafplaatsen Zuid-Holland",
        "source_file": "Begraafplaatsen Zuid-Holland- Zuid-Holland.csv"
      },
      "geometry": {
        "type": "Polygon",
        "coordinates": [
          [
            [
              4.547477,
              51.773562
            ],
            [
              4.547476,
              51.773402
            ],
            [
              4.548415,
              51.773327
            ],
            [
              4.548451,
              51.773493
            ],
            [
              4.547477,
              51.773562
            ]
          ]
        ]
      }
    },
    {
      "type": "Feature",
      "properties": {
        "id": "zh-0352",
        "naam": "Gemeentelijk kerkhof St. Anthonie-Polder",
        "plaats_origineel": "Maasdam",
        "plaats": "Maasdam",
        "geruimd": false,
        "geruimd_bron_terrein": false,
        "geruimd_bron_ingang": false,
        "status_conflict": false,
        "oppervlakte_m2": 1339.76,
        "oppervlakte_ha": 0.134,
        "omtrek_m": 160.89,
        "ingang": {
          "type": "Point",
          "coordinates": [
            4.532215,
            51.797113
          ]
        },
        "ingang_lon": 4.532215,
        "ingang_lat": 51.797113,
        "ingang_koppelwijze": "exact_name_place",
        "ingang_afstand_tot_terrein_m": 0.0,
        "ingang_gedeeld": false,
        "naam_bron_terrein": "Gemeentelijk kerkhof St. Anthonie-Polder",
        "naam_bron_ingang": "Gemeentelijk kerkhof St. Anthonie-Polder",
        "bron_rij_terrein": 691,
        "bron_rij_ingang": 709,
        "bron": "Begraafplaatsen Zuid-Holland",
        "source_file": "Begraafplaatsen Zuid-Holland- Zuid-Holland.csv"
      },
      "geometry": {
        "type": "Polygon",
        "coordinates": [
          [
            [
              4.531621,
              51.797312
            ],
            [
              4.531572,
              51.796991
            ],
            [
              4.532214,
              51.796984
            ],
            [
              4.532242,
              51.797258
            ],
            [
              4.5317,
              51.79725
            ],
            [
              4.531706,
              51.797312
            ],
            [
              4.531621,
              51.797312
            ]
          ]
        ]
      }
    },
    {
      "type": "Feature",
      "properties": {
        "id": "zh-0353",
        "naam": "Begraafplaats Neder-Hardinxveld",
        "plaats_origineel": "Giessendam",
        "plaats": "Giessendam",
        "geruimd": false,
        "geruimd_bron_terrein": false,
        "geruimd_bron_ingang": false,
        "status_conflict": false,
        "oppervlakte_m2": 22241.15,
        "oppervlakte_ha": 2.2241,
        "omtrek_m": 624.5,
        "ingang": {
          "type": "Point",
          "coordinates": [
            4.836445,
            51.82869
          ]
        },
        "ingang_lon": 4.836445,
        "ingang_lat": 51.82869,
        "ingang_koppelwijze": "exact_name_place",
        "ingang_afstand_tot_terrein_m": 0.0,
        "ingang_gedeeld": false,
        "naam_bron_terrein": "Begraafplaats Neder-Hardinxveld",
        "naam_bron_ingang": "Begraafplaats Neder-Hardinxveld",
        "bron_rij_terrein": 692,
        "bron_rij_ingang": 710,
        "bron": "Begraafplaatsen Zuid-Holland",
        "source_file": "Begraafplaatsen Zuid-Holland- Zuid-Holland.csv"
      },
      "geometry": {
        "type": "Polygon",
        "coordinates": [
          [
            [
              4.83602,
              51.828669
            ],
            [
              4.836001,
              51.828656
            ],
            [
              4.835985,
              51.82836
            ],
            [
              4.836009,
              51.828175
            ],
            [
              4.83599,
              51.827275
            ],
            [
              4.838202,
              51.827267
            ],
            [
              4.838227,
              51.827872
            ],
            [
              4.838166,
              51.827895
            ],
            [
              4.838181,
              51.828474
            ],
            [
              4.83694,
              51.828491
            ],
            [
              4.836943,
              51.82875
            ],
            [
              4.836541,
              51.828761
            ],
            [
              4.836312,
              51.828737
            ],
            [
              4.83602,
              51.828669
            ]
          ]
        ]
      }
    },
    {
      "type": "Feature",
      "properties": {
        "id": "zh-0354",
        "naam": "Gemeentelijke begraafplaats",
        "plaats_origineel": "Sliedrecht",
        "plaats": "Sliedrecht",
        "geruimd": false,
        "geruimd_bron_terrein": false,
        "geruimd_bron_ingang": false,
        "status_conflict": false,
        "oppervlakte_m2": 37995.24,
        "oppervlakte_ha": 3.7995,
        "omtrek_m": 814.86,
        "ingang": {
          "type": "Point",
          "coordinates": [
            4.774543,
            51.825097
          ]
        },
        "ingang_lon": 4.774543,
        "ingang_lat": 51.825097,
        "ingang_koppelwijze": "exact_name_place",
        "ingang_afstand_tot_terrein_m": 0.0,
        "ingang_gedeeld": false,
        "naam_bron_terrein": "Gemeentelijke begraafplaats",
        "naam_bron_ingang": "Gemeentelijke begraafplaats",
        "bron_rij_terrein": 693,
        "bron_rij_ingang": 711,
        "bron": "Begraafplaatsen Zuid-Holland",
        "source_file": "Begraafplaatsen Zuid-Holland- Zuid-Holland.csv"
      },
      "geometry": {
        "type": "Polygon",
        "coordinates": [
          [
            [
              4.774474,
              51.825672
            ],
            [
              4.774726,
              51.825633
            ],
            [
              4.774442,
              51.824922
            ],
            [
              4.77652,
              51.824594
            ],
            [
              4.777031,
              51.826016
            ],
            [
              4.777018,
              51.826132
            ],
            [
              4.776966,
              51.826231
            ],
            [
              4.776923,
              51.826303
            ],
            [
              4.777026,
              51.826675
            ],
            [
              4.77508,
              51.827259
            ],
            [
              4.774474,
              51.825672
            ]
          ]
        ]
      }
    },
    {
      "type": "Feature",
      "properties": {
        "id": "zh-0355",
        "naam": "Gem. kerkhof",
        "plaats_origineel": "Molenaarsgraaf",
        "plaats": "Molenaarsgraaf",
        "geruimd": false,
        "geruimd_bron_terrein": false,
        "geruimd_bron_ingang": false,
        "status_conflict": false,
        "oppervlakte_m2": 1355.88,
        "oppervlakte_ha": 0.1356,
        "omtrek_m": 147.32,
        "ingang": {
          "type": "Point",
          "coordinates": [
            4.818226,
            51.875383
          ]
        },
        "ingang_lon": 4.818226,
        "ingang_lat": 51.875383,
        "ingang_koppelwijze": "exact_name_place",
        "ingang_afstand_tot_terrein_m": 0.0,
        "ingang_gedeeld": false,
        "naam_bron_terrein": "Gem. kerkhof",
        "naam_bron_ingang": "Gem. kerkhof",
        "bron_rij_terrein": 694,
        "bron_rij_ingang": 712,
        "bron": "Begraafplaatsen Zuid-Holland",
        "source_file": "Begraafplaatsen Zuid-Holland- Zuid-Holland.csv"
      },
      "geometry": {
        "type": "Polygon",
        "coordinates": [
          [
            [
              4.817722,
              51.875303
            ],
            [
              4.817878,
              51.874988
            ],
            [
              4.818394,
              51.875074
            ],
            [
              4.818241,
              51.875391
            ],
            [
              4.817722,
              51.875303
            ]
          ]
        ]
      }
    },
    {
      "type": "Feature",
      "properties": {
        "id": "zh-0356",
        "naam": "Gemeentelijke begraafplaats Brandwijk en Molenaarsgraaf",
        "plaats_origineel": "Brandwijk",
        "plaats": "Brandwijk",
        "geruimd": false,
        "geruimd_bron_terrein": false,
        "geruimd_bron_ingang": false,
        "status_conflict": false,
        "oppervlakte_m2": 8105.93,
        "oppervlakte_ha": 0.8106,
        "omtrek_m": 409.0,
        "ingang": {
          "type": "Point",
          "coordinates": [
            4.821174,
            51.88
          ]
        },
        "ingang_lon": 4.821174,
        "ingang_lat": 51.88,
        "ingang_koppelwijze": "exact_name_place",
        "ingang_afstand_tot_terrein_m": 0.32,
        "ingang_gedeeld": false,
        "naam_bron_terrein": "Gemeentelijke begraafplaats Brandwijk en Molenaarsgraaf",
        "naam_bron_ingang": "Gemeentelijke begraafplaats Brandwijk en Molenaarsgraaf",
        "bron_rij_terrein": 695,
        "bron_rij_ingang": 732,
        "bron": "Begraafplaatsen Zuid-Holland",
        "source_file": "Begraafplaatsen Zuid-Holland- Zuid-Holland.csv"
      },
      "geometry": {
        "type": "Polygon",
        "coordinates": [
          [
            [
              4.820865,
              51.880395
            ],
            [
              4.821397,
              51.879726
            ],
            [
              4.821614,
              51.879777
            ],
            [
              4.821731,
              51.879659
            ],
            [
              4.822052,
              51.879732
            ],
            [
              4.822103,
              51.879682
            ],
            [
              4.822533,
              51.879794
            ],
            [
              4.822544,
              51.879822
            ],
            [
              4.822316,
              51.879872
            ],
            [
              4.822368,
              51.879962
            ],
            [
              4.822577,
              51.879915
            ],
            [
              4.822601,
              51.879926
            ],
            [
              4.822614,
              51.879973
            ],
            [
              4.822592,
              51.880013
            ],
            [
              4.82247,
              51.880028
            ],
            [
              4.821927,
              51.880712
            ],
            [
              4.820865,
              51.880395
            ]
          ]
        ]
      }
    },
    {
      "type": "Feature",
      "properties": {
        "id": "zh-0357",
        "naam": "Gem. begraafplaats Duinrust",
        "plaats_origineel": "Katwijk aan Zee",
        "plaats": "Katwijk aan Zee",
        "geruimd": false,
        "geruimd_bron_terrein": false,
        "geruimd_bron_ingang": false,
        "status_conflict": false,
        "oppervlakte_m2": 10975.52,
        "oppervlakte_ha": 1.0976,
        "omtrek_m": 411.96,
        "ingang": {
          "type": "Point",
          "coordinates": [
            4.401281,
            52.199771
          ]
        },
        "ingang_lon": 4.401281,
        "ingang_lat": 52.199771,
        "ingang_koppelwijze": "spatial_name_variant",
        "ingang_afstand_tot_terrein_m": 1.02,
        "ingang_gedeeld": true,
        "naam_bron_terrein": "Gem. begraafplaats Duinrust",
        "naam_bron_ingang": "Gem. begraafplaats Duinrust en NH begraafplaats",
        "bron_rij_terrein": 713,
        "bron_rij_ingang": 91,
        "bron": "Begraafplaatsen Zuid-Holland",
        "source_file": "Begraafplaatsen Zuid-Holland- Zuid-Holland.csv"
      },
      "geometry": {
        "type": "Polygon",
        "coordinates": [
          [
            [
              4.401208,
              52.199744
            ],
            [
              4.401187,
              52.199483
            ],
            [
              4.401166,
              52.199237
            ],
            [
              4.401383,
              52.199025
            ],
            [
              4.401861,
              52.198819
            ],
            [
              4.401963,
              52.198897
            ],
            [
              4.402434,
              52.198738
            ],
            [
              4.40304,
              52.199647
            ],
            [
              4.402215,
              52.199841
            ],
            [
              4.401848,
              52.199828
            ],
            [
              4.401408,
              52.199791
            ],
            [
              4.401208,
              52.199744
            ]
          ]
        ]
      }
    },
    {
      "type": "Feature",
      "properties": {
        "id": "zh-0358",
        "naam": "Portugees-Joodse Begraafplaats",
        "plaats_origineel": "Rotterdam",
        "plaats": "Rotterdam",
        "geruimd": false,
        "geruimd_bron_terrein": false,
        "geruimd_bron_ingang": false,
        "status_conflict": false,
        "oppervlakte_m2": 775.32,
        "oppervlakte_ha": 0.0775,
        "omtrek_m": 113.75,
        "ingang": {
          "type": "Point",
          "coordinates": [
            4.488425,
            51.925322
          ]
        },
        "ingang_lon": 4.488425,
        "ingang_lat": 51.925322,
        "ingang_koppelwijze": "exact_name_place",
        "ingang_afstand_tot_terrein_m": 0.0,
        "ingang_gedeeld": false,
        "naam_bron_terrein": "Portugees-Joodse Begraafplaats",
        "naam_bron_ingang": "Portugees-Joodse Begraafplaats",
        "bron_rij_terrein": 714,
        "bron_rij_ingang": 733,
        "bron": "Begraafplaatsen Zuid-Holland",
        "source_file": "Begraafplaatsen Zuid-Holland- Zuid-Holland.csv"
      },
      "geometry": {
        "type": "Polygon",
        "coordinates": [
          [
            [
              4.488055,
              51.925345
            ],
            [
              4.488034,
              51.92516
            ],
            [
              4.488487,
              51.925094
            ],
            [
              4.488571,
              51.925317
            ],
            [
              4.488055,
              51.925345
            ]
          ]
        ]
      }
    },
    {
      "type": "Feature",
      "properties": {
        "id": "zh-0359",
        "naam": "Joodse begraafplaats Oostzeedijk",
        "plaats_origineel": "Rotterdam",
        "plaats": "Rotterdam",
        "geruimd": false,
        "geruimd_bron_terrein": false,
        "geruimd_bron_ingang": false,
        "status_conflict": false,
        "oppervlakte_m2": 912.0,
        "oppervlakte_ha": 0.0912,
        "omtrek_m": 153.18,
        "ingang": {
          "type": "Point",
          "coordinates": [
            4.502823,
            51.922166
          ]
        },
        "ingang_lon": 4.502823,
        "ingang_lat": 51.922166,
        "ingang_koppelwijze": "exact_name_place",
        "ingang_afstand_tot_terrein_m": 0.0,
        "ingang_gedeeld": false,
        "naam_bron_terrein": "Joodse begraafplaats Oostzeedijk",
        "naam_bron_ingang": "Joodse begraafplaats Oostzeedijk",
        "bron_rij_terrein": 715,
        "bron_rij_ingang": 734,
        "bron": "Begraafplaatsen Zuid-Holland",
        "source_file": "Begraafplaatsen Zuid-Holland- Zuid-Holland.csv"
      },
      "geometry": {
        "type": "Polygon",
        "coordinates": [
          [
            [
              4.503582,
              51.92187
            ],
            [
              4.503646,
              51.922
            ],
            [
              4.502789,
              51.922177
            ],
            [
              4.502738,
              51.922051
            ],
            [
              4.503582,
              51.92187
            ]
          ]
        ]
      }
    },
    {
      "type": "Feature",
      "properties": {
        "id": "zh-0360",
        "naam": "Gem. begraafplaats Holy",
        "plaats_origineel": "Vlaardingen",
        "plaats": "Vlaardingen",
        "geruimd": false,
        "geruimd_bron_terrein": false,
        "geruimd_bron_ingang": false,
        "status_conflict": false,
        "oppervlakte_m2": 58192.88,
        "oppervlakte_ha": 5.8193,
        "omtrek_m": 997.7,
        "ingang": {
          "type": "Point",
          "coordinates": [
            4.33781,
            51.938555
          ]
        },
        "ingang_lon": 4.33781,
        "ingang_lat": 51.938555,
        "ingang_koppelwijze": "exact_name_place",
        "ingang_afstand_tot_terrein_m": 0.0,
        "ingang_gedeeld": false,
        "naam_bron_terrein": "Gem. begraafplaats Holy",
        "naam_bron_ingang": "Gem. begraafplaats Holy",
        "bron_rij_terrein": 716,
        "bron_rij_ingang": 735,
        "bron": "Begraafplaatsen Zuid-Holland",
        "source_file": "Begraafplaatsen Zuid-Holland- Zuid-Holland.csv"
      },
      "geometry": {
        "type": "Polygon",
        "coordinates": [
          [
            [
              4.335904,
              51.939845
            ],
            [
              4.336855,
              51.938237
            ],
            [
              4.338301,
              51.938575
            ],
            [
              4.341111,
              51.939165
            ],
            [
              4.340155,
              51.940746
            ],
            [
              4.335904,
              51.939845
            ]
          ]
        ]
      }
    },
    {
      "type": "Feature",
      "properties": {
        "id": "zh-0361",
        "naam": "NH Kerkhof",
        "plaats_origineel": "Kethel (Schiedam)",
        "plaats": "Kethel",
        "geruimd": false,
        "geruimd_bron_terrein": false,
        "geruimd_bron_ingang": false,
        "status_conflict": false,
        "oppervlakte_m2": 292.16,
        "oppervlakte_ha": 0.0292,
        "omtrek_m": 65.77,
        "ingang": {
          "type": "Point",
          "coordinates": [
            4.377468,
            51.937162
          ]
        },
        "ingang_lon": 4.377468,
        "ingang_lat": 51.937162,
        "ingang_koppelwijze": "exact_name_place",
        "ingang_afstand_tot_terrein_m": 0.0,
        "ingang_gedeeld": false,
        "naam_bron_terrein": "NH Kerkhof",
        "naam_bron_ingang": "NH Kerkhof",
        "bron_rij_terrein": 717,
        "bron_rij_ingang": 736,
        "bron": "Begraafplaatsen Zuid-Holland",
        "source_file": "Begraafplaatsen Zuid-Holland- Zuid-Holland.csv"
      },
      "geometry": {
        "type": "Polygon",
        "coordinates": [
          [
            [
              4.377451,
              51.937157
            ],
            [
              4.377651,
              51.937164
            ],
            [
              4.37768,
              51.937188
            ],
            [
              4.377687,
              51.937223
            ],
            [
              4.37767,
              51.93729
            ],
            [
              4.377639,
              51.937326
            ],
            [
              4.377604,
              51.937336
            ],
            [
              4.377445,
              51.937328
            ],
            [
              4.377451,
              51.937157
            ]
          ]
        ]
      }
    },
    {
      "type": "Feature",
      "properties": {
        "id": "zh-0362",
        "naam": "HH Jacobus en Martinusbegraafplaats",
        "plaats_origineel": "Kerkbuurt (Schiedam)",
        "plaats": "Kerkbuurt",
        "geruimd": false,
        "geruimd_bron_terrein": false,
        "geruimd_bron_ingang": false,
        "status_conflict": false,
        "oppervlakte_m2": 590.93,
        "oppervlakte_ha": 0.0591,
        "omtrek_m": 98.14,
        "ingang": {
          "type": "Point",
          "coordinates": [
            4.387791,
            51.943532
          ]
        },
        "ingang_lon": 4.387791,
        "ingang_lat": 51.943532,
        "ingang_koppelwijze": "exact_name_place",
        "ingang_afstand_tot_terrein_m": 0.0,
        "ingang_gedeeld": false,
        "naam_bron_terrein": "HH Jacobus en Martinusbegraafplaats",
        "naam_bron_ingang": "HH Jacobus en Martinusbegraafplaats",
        "bron_rij_terrein": 718,
        "bron_rij_ingang": 737,
        "bron": "Begraafplaatsen Zuid-Holland",
        "source_file": "Begraafplaatsen Zuid-Holland- Zuid-Holland.csv"
      },
      "geometry": {
        "type": "Polygon",
        "coordinates": [
          [
            [
              4.387707,
              51.943609
            ],
            [
              4.387852,
              51.943431
            ],
            [
              4.388195,
              51.943556
            ],
            [
              4.388069,
              51.943724
            ],
            [
              4.387707,
              51.943609
            ]
          ]
        ]
      }
    },
    {
      "type": "Feature",
      "properties": {
        "id": "zh-0363",
        "naam": "NH Kerkhof",
        "plaats_origineel": "Vierpolders",
        "plaats": "Vierpolders",
        "geruimd": false,
        "geruimd_bron_terrein": false,
        "geruimd_bron_ingang": false,
        "status_conflict": false,
        "oppervlakte_m2": 3367.33,
        "oppervlakte_ha": 0.3367,
        "omtrek_m": 240.1,
        "ingang": {
          "type": "Point",
          "coordinates": [
            4.180305,
            51.879778
          ]
        },
        "ingang_lon": 4.180305,
        "ingang_lat": 51.879778,
        "ingang_koppelwijze": "exact_name_place",
        "ingang_afstand_tot_terrein_m": 0.0,
        "ingang_gedeeld": false,
        "naam_bron_terrein": "NH Kerkhof",
        "naam_bron_ingang": "NH Kerkhof",
        "bron_rij_terrein": 719,
        "bron_rij_ingang": 738,
        "bron": "Begraafplaatsen Zuid-Holland",
        "source_file": "Begraafplaatsen Zuid-Holland- Zuid-Holland.csv"
      },
      "geometry": {
        "type": "Polygon",
        "coordinates": [
          [
            [
              4.180461,
              51.879157
            ],
            [
              4.180504,
              51.879164
            ],
            [
              4.180604,
              51.879219
            ],
            [
              4.180796,
              51.879323
            ],
            [
              4.180666,
              51.879556
            ],
            [
              4.180667,
              51.879648
            ],
            [
              4.180497,
              51.879827
            ],
            [
              4.180457,
              51.879856
            ],
            [
              4.180289,
              51.879775
            ],
            [
              4.180203,
              51.879733
            ],
            [
              4.180022,
              51.87957
            ],
            [
              4.179858,
              51.879618
            ],
            [
              4.179678,
              51.879387
            ],
            [
              4.180373,
              51.879164
            ],
            [
              4.180461,
              51.879157
            ]
          ]
        ]
      }
    },
    {
      "type": "Feature",
      "properties": {
        "id": "zh-0364",
        "naam": "Gem. begraafplaats",
        "plaats_origineel": "Zwartewaal",
        "plaats": "Zwartewaal",
        "geruimd": false,
        "geruimd_bron_terrein": false,
        "geruimd_bron_ingang": false,
        "status_conflict": false,
        "oppervlakte_m2": 4014.64,
        "oppervlakte_ha": 0.4015,
        "omtrek_m": 304.03,
        "ingang": {
          "type": "Point",
          "coordinates": [
            4.213545,
            51.878144
          ]
        },
        "ingang_lon": 4.213545,
        "ingang_lat": 51.878144,
        "ingang_koppelwijze": "exact_name_place",
        "ingang_afstand_tot_terrein_m": 0.0,
        "ingang_gedeeld": false,
        "naam_bron_terrein": "Gem. begraafplaats",
        "naam_bron_ingang": "Gem. begraafplaats",
        "bron_rij_terrein": 720,
        "bron_rij_ingang": 739,
        "bron": "Begraafplaatsen Zuid-Holland",
        "source_file": "Begraafplaatsen Zuid-Holland- Zuid-Holland.csv"
      },
      "geometry": {
        "type": "Polygon",
        "coordinates": [
          [
            [
              4.214188,
              51.877139
            ],
            [
              4.213985,
              51.877487
            ],
            [
              4.214044,
              51.877502
            ],
            [
              4.21374,
              51.878005
            ],
            [
              4.213683,
              51.878083
            ],
            [
              4.213605,
              51.878152
            ],
            [
              4.213551,
              51.878189
            ],
            [
              4.213296,
              51.87769
            ],
            [
              4.213481,
              51.877371
            ],
            [
              4.213507,
              51.877377
            ],
            [
              4.21371,
              51.877028
            ],
            [
              4.214188,
              51.877139
            ]
          ]
        ]
      }
    },
    {
      "type": "Feature",
      "properties": {
        "id": "zh-0365",
        "naam": "Gem. kerkhof",
        "plaats_origineel": "Abbenbroek",
        "plaats": "Abbenbroek",
        "geruimd": false,
        "geruimd_bron_terrein": false,
        "geruimd_bron_ingang": false,
        "status_conflict": false,
        "oppervlakte_m2": 1043.3,
        "oppervlakte_ha": 0.1043,
        "omtrek_m": 190.67,
        "ingang": {
          "type": "Point",
          "coordinates": [
            4.241194,
            51.848361
          ]
        },
        "ingang_lon": 4.241194,
        "ingang_lat": 51.848361,
        "ingang_koppelwijze": "exact_name_place",
        "ingang_afstand_tot_terrein_m": 0.0,
        "ingang_gedeeld": false,
        "naam_bron_terrein": "Gem. kerkhof",
        "naam_bron_ingang": "Gem. kerkhof",
        "bron_rij_terrein": 721,
        "bron_rij_ingang": 740,
        "bron": "Begraafplaatsen Zuid-Holland",
        "source_file": "Begraafplaatsen Zuid-Holland- Zuid-Holland.csv"
      },
      "geometry": {
        "type": "Polygon",
        "coordinates": [
          [
            [
              4.241029,
              51.848262
            ],
            [
              4.241522,
              51.848404
            ],
            [
              4.24125,
              51.848423
            ],
            [
              4.241239,
              51.848388
            ],
            [
              4.240872,
              51.848421
            ],
            [
              4.240881,
              51.848466
            ],
            [
              4.240846,
              51.848468
            ],
            [
              4.240866,
              51.848577
            ],
            [
              4.240897,
              51.848576
            ],
            [
              4.240902,
              51.848602
            ],
            [
              4.240718,
              51.84862
            ],
            [
              4.240649,
              51.848572
            ],
            [
              4.240578,
              51.848321
            ],
            [
              4.241029,
              51.848262
            ]
          ]
        ]
      }
    },
    {
      "type": "Feature",
      "properties": {
        "id": "zh-0366",
        "naam": "Gem. begraafplaats",
        "plaats_origineel": "Abbenbroek",
        "plaats": "Abbenbroek",
        "geruimd": false,
        "geruimd_bron_terrein": false,
        "geruimd_bron_ingang": false,
        "status_conflict": false,
        "oppervlakte_m2": 2211.54,
        "oppervlakte_ha": 0.2212,
        "omtrek_m": 233.76,
        "ingang": {
          "type": "Point",
          "coordinates": [
            4.238175,
            51.84685
          ]
        },
        "ingang_lon": 4.238175,
        "ingang_lat": 51.84685,
        "ingang_koppelwijze": "exact_name_place",
        "ingang_afstand_tot_terrein_m": 0.15,
        "ingang_gedeeld": false,
        "naam_bron_terrein": "Gem. begraafplaats",
        "naam_bron_ingang": "Gem. begraafplaats",
        "bron_rij_terrein": 722,
        "bron_rij_ingang": 741,
        "bron": "Begraafplaatsen Zuid-Holland",
        "source_file": "Begraafplaatsen Zuid-Holland- Zuid-Holland.csv"
      },
      "geometry": {
        "type": "Polygon",
        "coordinates": [
          [
            [
              4.238297,
              51.846588
            ],
            [
              4.238344,
              51.84668
            ],
            [
              4.238285,
              51.8467
            ],
            [
              4.238194,
              51.846741
            ],
            [
              4.238149,
              51.846795
            ],
            [
              4.238174,
              51.846853
            ],
            [
              4.238215,
              51.846918
            ],
            [
              4.238275,
              51.846941
            ],
            [
              4.238348,
              51.84693
            ],
            [
              4.238425,
              51.84693
            ],
            [
              4.238451,
              51.846949
            ],
            [
              4.238029,
              51.847055
            ],
            [
              4.237657,
              51.847189
            ],
            [
              4.237384,
              51.846874
            ],
            [
              4.238297,
              51.846588
            ]
          ]
        ]
      }
    },
    {
      "type": "Feature",
      "properties": {
        "id": "zh-0367",
        "naam": "NH Kerkhof",
        "plaats_origineel": "Oudenhoorn",
        "plaats": "Oudenhoorn",
        "geruimd": false,
        "geruimd_bron_terrein": false,
        "geruimd_bron_ingang": false,
        "status_conflict": false,
        "oppervlakte_m2": 3710.45,
        "oppervlakte_ha": 0.371,
        "omtrek_m": 225.05,
        "ingang": {
          "type": "Point",
          "coordinates": [
            4.192397,
            51.826557
          ]
        },
        "ingang_lon": 4.192397,
        "ingang_lat": 51.826557,
        "ingang_koppelwijze": "exact_name_place",
        "ingang_afstand_tot_terrein_m": 131.73,
        "ingang_gedeeld": false,
        "naam_bron_terrein": "NH Kerkhof",
        "naam_bron_ingang": "NH Kerkhof",
        "bron_rij_terrein": 723,
        "bron_rij_ingang": 742,
        "bron": "Begraafplaatsen Zuid-Holland",
        "source_file": "Begraafplaatsen Zuid-Holland- Zuid-Holland.csv"
      },
      "geometry": {
        "type": "Polygon",
        "coordinates": [
          [
            [
              4.191619,
              51.827676
            ],
            [
              4.191741,
              51.827669
            ],
            [
              4.191869,
              51.827705
            ],
            [
              4.192017,
              51.827824
            ],
            [
              4.19213,
              51.827932
            ],
            [
              4.192086,
              51.828048
            ],
            [
              4.191589,
              51.828273
            ],
            [
              4.191436,
              51.828307
            ],
            [
              4.191294,
              51.828285
            ],
            [
              4.191152,
              51.82823
            ],
            [
              4.190988,
              51.828103
            ],
            [
              4.190978,
              51.828015
            ],
            [
              4.191033,
              51.827947
            ],
            [
              4.191201,
              51.827836
            ],
            [
              4.191435,
              51.827729
            ],
            [
              4.191619,
              51.827676
            ]
          ]
        ]
      }
    },
    {
      "type": "Feature",
      "properties": {
        "id": "zh-0368",
        "naam": "Gem. begraafplaats",
        "plaats_origineel": "Oudenhoorn",
        "plaats": "Oudenhoorn",
        "geruimd": false,
        "geruimd_bron_terrein": false,
        "geruimd_bron_ingang": null,
        "status_conflict": false,
        "oppervlakte_m2": 3331.81,
        "oppervlakte_ha": 0.3332,
        "omtrek_m": 240.71,
        "ingang": null,
        "ingang_lon": null,
        "ingang_lat": null,
        "ingang_koppelwijze": "missing",
        "ingang_afstand_tot_terrein_m": null,
        "ingang_gedeeld": false,
        "naam_bron_terrein": "Gem. begraafplaats",
        "naam_bron_ingang": null,
        "bron_rij_terrein": 724,
        "bron_rij_ingang": null,
        "bron": "Begraafplaatsen Zuid-Holland",
        "source_file": "Begraafplaatsen Zuid-Holland- Zuid-Holland.csv"
      },
      "geometry": {
        "type": "Polygon",
        "coordinates": [
          [
            [
              4.191578,
              51.826536
            ],
            [
              4.191578,
              51.826522
            ],
            [
              4.192168,
              51.826212
            ],
            [
              4.192419,
              51.826062
            ],
            [
              4.192443,
              51.826056
            ],
            [
              4.192477,
              51.826061
            ],
            [
              4.192784,
              51.826223
            ],
            [
              4.192813,
              51.826261
            ],
            [
              4.192809,
              51.82634
            ],
            [
              4.192466,
              51.826525
            ],
            [
              4.19197,
              51.826785
            ],
            [
              4.191943,
              51.826793
            ],
            [
              4.191898,
              51.826767
            ],
            [
              4.191578,
              51.826536
            ]
          ]
        ]
      }
    },
    {
      "type": "Feature",
      "properties": {
        "id": "zh-0369",
        "naam": "Gem. begraafplaats",
        "plaats_origineel": "Zuidland",
        "plaats": "Zuidland",
        "geruimd": false,
        "geruimd_bron_terrein": false,
        "geruimd_bron_ingang": false,
        "status_conflict": false,
        "oppervlakte_m2": 12275.38,
        "oppervlakte_ha": 1.2275,
        "omtrek_m": 451.36,
        "ingang": {
          "type": "Point",
          "coordinates": [
            4.257447,
            51.818501
          ]
        },
        "ingang_lon": 4.257447,
        "ingang_lat": 51.818501,
        "ingang_koppelwijze": "exact_name_place",
        "ingang_afstand_tot_terrein_m": 0.0,
        "ingang_gedeeld": false,
        "naam_bron_terrein": "Gem. begraafplaats",
        "naam_bron_ingang": "Gem. begraafplaats",
        "bron_rij_terrein": 725,
        "bron_rij_ingang": 743,
        "bron": "Begraafplaatsen Zuid-Holland",
        "source_file": "Begraafplaatsen Zuid-Holland- Zuid-Holland.csv"
      },
      "geometry": {
        "type": "Polygon",
        "coordinates": [
          [
            [
              4.255714,
              51.817834
            ],
            [
              4.256704,
              51.817331
            ],
            [
              4.256732,
              51.81733
            ],
            [
              4.257985,
              51.818254
            ],
            [
              4.256957,
              51.818775
            ],
            [
              4.255714,
              51.817834
            ]
          ]
        ]
      }
    },
    {
      "type": "Feature",
      "properties": {
        "id": "zh-0370",
        "naam": "Oude gem. begraafplaats",
        "plaats_origineel": "Zuidland",
        "plaats": "Zuidland",
        "geruimd": false,
        "geruimd_bron_terrein": false,
        "geruimd_bron_ingang": false,
        "status_conflict": false,
        "oppervlakte_m2": 2017.9,
        "oppervlakte_ha": 0.2018,
        "omtrek_m": 188.59,
        "ingang": {
          "type": "Point",
          "coordinates": [
            4.257022,
            51.821311
          ]
        },
        "ingang_lon": 4.257022,
        "ingang_lat": 51.821311,
        "ingang_koppelwijze": "exact_name_place",
        "ingang_afstand_tot_terrein_m": 0.0,
        "ingang_gedeeld": false,
        "naam_bron_terrein": "Oude gem. begraafplaats",
        "naam_bron_ingang": "Oude gem. begraafplaats",
        "bron_rij_terrein": 726,
        "bron_rij_ingang": 744,
        "bron": "Begraafplaatsen Zuid-Holland",
        "source_file": "Begraafplaatsen Zuid-Holland- Zuid-Holland.csv"
      },
      "geometry": {
        "type": "Polygon",
        "coordinates": [
          [
            [
              4.256706,
              51.820815
            ],
            [
              4.257373,
              51.821111
            ],
            [
              4.257075,
              51.821351
            ],
            [
              4.256324,
              51.821013
            ],
            [
              4.256706,
              51.820815
            ]
          ]
        ]
      }
    },
    {
      "type": "Feature",
      "properties": {
        "id": "zh-0371",
        "naam": "NH Kerkhof",
        "plaats_origineel": "Simonshaven",
        "plaats": "Simonshaven",
        "geruimd": false,
        "geruimd_bron_terrein": false,
        "geruimd_bron_ingang": false,
        "status_conflict": false,
        "oppervlakte_m2": 1364.27,
        "oppervlakte_ha": 0.1364,
        "omtrek_m": 193.27,
        "ingang": {
          "type": "Point",
          "coordinates": [
            4.2914,
            51.823793
          ]
        },
        "ingang_lon": 4.2914,
        "ingang_lat": 51.823793,
        "ingang_koppelwijze": "exact_name_place",
        "ingang_afstand_tot_terrein_m": 2.5,
        "ingang_gedeeld": false,
        "naam_bron_terrein": "NH Kerkhof",
        "naam_bron_ingang": "NH Kerkhof",
        "bron_rij_terrein": 727,
        "bron_rij_ingang": 745,
        "bron": "Begraafplaatsen Zuid-Holland",
        "source_file": "Begraafplaatsen Zuid-Holland- Zuid-Holland.csv"
      },
      "geometry": {
        "type": "Polygon",
        "coordinates": [
          [
            [
              4.291392,
              51.823883
            ],
            [
              4.291418,
              51.823839
            ],
            [
              4.291421,
              51.82382
            ],
            [
              4.291427,
              51.823808
            ],
            [
              4.291615,
              51.82388
            ],
            [
              4.291656,
              51.823928
            ],
            [
              4.291654,
              51.823979
            ],
            [
              4.29165,
              51.824053
            ],
            [
              4.291618,
              51.824119
            ],
            [
              4.291511,
              51.824358
            ],
            [
              4.290969,
              51.824276
            ],
            [
              4.290997,
              51.82418
            ],
            [
              4.291328,
              51.824198
            ],
            [
              4.291346,
              51.824066
            ],
            [
              4.291291,
              51.824063
            ],
            [
              4.291258,
              51.824045
            ],
            [
              4.291273,
              51.82402
            ],
            [
              4.291392,
              51.823883
            ]
          ]
        ]
      }
    },
    {
      "type": "Feature",
      "properties": {
        "id": "zh-0372",
        "naam": "Gem. begraafplaats",
        "plaats_origineel": "Hekelingen",
        "plaats": "Hekelingen",
        "geruimd": false,
        "geruimd_bron_terrein": false,
        "geruimd_bron_ingang": false,
        "status_conflict": false,
        "oppervlakte_m2": 2164.19,
        "oppervlakte_ha": 0.2164,
        "omtrek_m": 176.15,
        "ingang": {
          "type": "Point",
          "coordinates": [
            4.34132,
            51.827102
          ]
        },
        "ingang_lon": 4.34132,
        "ingang_lat": 51.827102,
        "ingang_koppelwijze": "exact_name_place",
        "ingang_afstand_tot_terrein_m": 3.22,
        "ingang_gedeeld": false,
        "naam_bron_terrein": "Gem. begraafplaats",
        "naam_bron_ingang": "Gem. begraafplaats",
        "bron_rij_terrein": 728,
        "bron_rij_ingang": 746,
        "bron": "Begraafplaatsen Zuid-Holland",
        "source_file": "Begraafplaatsen Zuid-Holland- Zuid-Holland.csv"
      },
      "geometry": {
        "type": "Polygon",
        "coordinates": [
          [
            [
              4.340338,
              51.827095
            ],
            [
              4.340398,
              51.827016
            ],
            [
              4.340456,
              51.826996
            ],
            [
              4.340882,
              51.826985
            ],
            [
              4.341088,
              51.82698
            ],
            [
              4.341208,
              51.827033
            ],
            [
              4.341274,
              51.827107
            ],
            [
              4.34127,
              51.827143
            ],
            [
              4.34118,
              51.827267
            ],
            [
              4.341103,
              51.827328
            ],
            [
              4.341017,
              51.827355
            ],
            [
              4.340825,
              51.827402
            ],
            [
              4.340759,
              51.827402
            ],
            [
              4.340711,
              51.827392
            ],
            [
              4.340671,
              51.827368
            ],
            [
              4.340354,
              51.827119
            ],
            [
              4.340338,
              51.827095
            ]
          ]
        ]
      }
    },
    {
      "type": "Feature",
      "properties": {
        "id": "zh-0373",
        "naam": "Gem. begraafplaats Vredehof",
        "plaats_origineel": "Spijkenisse",
        "plaats": "Spijkenisse",
        "geruimd": false,
        "geruimd_bron_terrein": false,
        "geruimd_bron_ingang": false,
        "status_conflict": false,
        "oppervlakte_m2": 9376.96,
        "oppervlakte_ha": 0.9377,
        "omtrek_m": 415.96,
        "ingang": {
          "type": "Point",
          "coordinates": [
            4.322297,
            51.848014
          ]
        },
        "ingang_lon": 4.322297,
        "ingang_lat": 51.848014,
        "ingang_koppelwijze": "exact_name_place",
        "ingang_afstand_tot_terrein_m": 0.0,
        "ingang_gedeeld": false,
        "naam_bron_terrein": "Gem. begraafplaats Vredehof",
        "naam_bron_ingang": "Gem. begraafplaats Vredehof",
        "bron_rij_terrein": 729,
        "bron_rij_ingang": 747,
        "bron": "Begraafplaatsen Zuid-Holland",
        "source_file": "Begraafplaatsen Zuid-Holland- Zuid-Holland.csv"
      },
      "geometry": {
        "type": "Polygon",
        "coordinates": [
          [
            [
              4.321937,
              51.847927
            ],
            [
              4.323076,
              51.846855
            ],
            [
              4.323789,
              51.847375
            ],
            [
              4.323141,
              51.848057
            ],
            [
              4.323081,
              51.848173
            ],
            [
              4.322754,
              51.848045
            ],
            [
              4.322638,
              51.848154
            ],
            [
              4.321937,
              51.847927
            ]
          ]
        ]
      }
    },
    {
      "type": "Feature",
      "properties": {
        "id": "zh-0374",
        "naam": "Gem. begraafplaats De Ommering",
        "plaats_origineel": "Spijkenisse",
        "plaats": "Spijkenisse",
        "geruimd": false,
        "geruimd_bron_terrein": false,
        "geruimd_bron_ingang": false,
        "status_conflict": false,
        "oppervlakte_m2": 43659.48,
        "oppervlakte_ha": 4.3659,
        "omtrek_m": 843.47,
        "ingang": {
          "type": "Point",
          "coordinates": [
            4.301835,
            51.860602
          ]
        },
        "ingang_lon": 4.301835,
        "ingang_lat": 51.860602,
        "ingang_koppelwijze": "exact_name_place",
        "ingang_afstand_tot_terrein_m": 0.0,
        "ingang_gedeeld": false,
        "naam_bron_terrein": "Gem. begraafplaats De Ommering",
        "naam_bron_ingang": "Gem. begraafplaats De Ommering",
        "bron_rij_terrein": 730,
        "bron_rij_ingang": 748,
        "bron": "Begraafplaatsen Zuid-Holland",
        "source_file": "Begraafplaatsen Zuid-Holland- Zuid-Holland.csv"
      },
      "geometry": {
        "type": "Polygon",
        "coordinates": [
          [
            [
              4.300287,
              51.858791
            ],
            [
              4.300729,
              51.858299
            ],
            [
              4.301316,
              51.858324
            ],
            [
              4.301987,
              51.858414
            ],
            [
              4.302416,
              51.858502
            ],
            [
              4.303465,
              51.858945
            ],
            [
              4.303428,
              51.859219
            ],
            [
              4.30208,
              51.860691
            ],
            [
              4.301614,
              51.860547
            ],
            [
              4.300987,
              51.860027
            ],
            [
              4.300759,
              51.859961
            ],
            [
              4.30049,
              51.86009
            ],
            [
              4.299381,
              51.859696
            ],
            [
              4.299717,
              51.859314
            ],
            [
              4.300287,
              51.858791
            ]
          ]
        ]
      }
    },
    {
      "type": "Feature",
      "properties": {
        "id": "zh-0375",
        "naam": "Begraafplaats OudHoogvliet",
        "plaats_origineel": "Hoogvliet",
        "plaats": "Hoogvliet",
        "geruimd": false,
        "geruimd_bron_terrein": false,
        "geruimd_bron_ingang": false,
        "status_conflict": false,
        "oppervlakte_m2": 2403.76,
        "oppervlakte_ha": 0.2404,
        "omtrek_m": 207.6,
        "ingang": {
          "type": "Point",
          "coordinates": [
            4.359106,
            51.86328
          ]
        },
        "ingang_lon": 4.359106,
        "ingang_lat": 51.86328,
        "ingang_koppelwijze": "exact_name_place",
        "ingang_afstand_tot_terrein_m": 78.75,
        "ingang_gedeeld": false,
        "naam_bron_terrein": "Begraafplaats OudHoogvliet",
        "naam_bron_ingang": "Begraafplaats OudHoogvliet",
        "bron_rij_terrein": 731,
        "bron_rij_ingang": 765,
        "bron": "Begraafplaatsen Zuid-Holland",
        "source_file": "Begraafplaatsen Zuid-Holland- Zuid-Holland.csv"
      },
      "geometry": {
        "type": "Polygon",
        "coordinates": [
          [
            [
              4.361039,
              51.863927
            ],
            [
              4.360087,
              51.863652
            ],
            [
              4.360325,
              51.863337
            ],
            [
              4.361055,
              51.863567
            ],
            [
              4.361039,
              51.863645
            ],
            [
              4.361039,
              51.863927
            ]
          ]
        ]
      }
    },
    {
      "type": "Feature",
      "properties": {
        "id": "zh-0376",
        "naam": "Begraafplaats Oudeland",
        "plaats_origineel": "Hoogvliet",
        "plaats": "Hoogvliet",
        "geruimd": false,
        "geruimd_bron_terrein": false,
        "geruimd_bron_ingang": false,
        "status_conflict": false,
        "oppervlakte_m2": 51277.17,
        "oppervlakte_ha": 5.1277,
        "omtrek_m": 1015.84,
        "ingang": {
          "type": "Point",
          "coordinates": [
            4.367407,
            51.872466
          ]
        },
        "ingang_lon": 4.367407,
        "ingang_lat": 51.872466,
        "ingang_koppelwijze": "exact_name_place",
        "ingang_afstand_tot_terrein_m": 3.64,
        "ingang_gedeeld": false,
        "naam_bron_terrein": "Begraafplaats Oudeland",
        "naam_bron_ingang": "Begraafplaats Oudeland",
        "bron_rij_terrein": 749,
        "bron_rij_ingang": 766,
        "bron": "Begraafplaatsen Zuid-Holland",
        "source_file": "Begraafplaatsen Zuid-Holland- Zuid-Holland.csv"
      },
      "geometry": {
        "type": "Polygon",
        "coordinates": [
          [
            [
              4.364203,
              51.873406
            ],
            [
              4.364441,
              51.873274
            ],
            [
              4.365967,
              51.87287
            ],
            [
              4.367924,
              51.872369
            ],
            [
              4.368798,
              51.87217
            ],
            [
              4.368951,
              51.872172
            ],
            [
              4.369034,
              51.872228
            ],
            [
              4.369136,
              51.872392
            ],
            [
              4.369453,
              51.87297
            ],
            [
              4.369517,
              51.873251
            ],
            [
              4.369533,
              51.873549
            ],
            [
              4.369555,
              51.87393
            ],
            [
              4.369584,
              51.874224
            ],
            [
              4.369556,
              51.874306
            ],
            [
              4.369486,
              51.874351
            ],
            [
              4.369365,
              51.874346
            ],
            [
              4.369151,
              51.874285
            ],
            [
              4.368909,
              51.874193
            ],
            [
              4.368354,
              51.874024
            ],
            [
              4.368012,
              51.873952
            ],
            [
              4.367647,
              51.873933
            ],
            [
              4.367203,
              51.87392
            ],
            [
              4.366585,
              51.873914
            ],
            [
              4.365598,
              51.873908
            ],
            [
              4.365063,
              51.873871
            ],
            [
              4.364446,
              51.873748
            ],
            [
              4.36424,
              51.873672
            ],
            [
              4.364165,
              51.873529
            ],
            [
              4.364203,
              51.873406
            ]
          ]
        ]
      }
    },
    {
      "type": "Feature",
      "properties": {
        "id": "zh-0377",
        "naam": "Gem. kerkhof",
        "plaats_origineel": "Poortugaal",
        "plaats": "Poortugaal",
        "geruimd": false,
        "geruimd_bron_terrein": false,
        "geruimd_bron_ingang": false,
        "status_conflict": false,
        "oppervlakte_m2": 23234.16,
        "oppervlakte_ha": 2.3234,
        "omtrek_m": 800.62,
        "ingang": {
          "type": "Point",
          "coordinates": [
            4.38962,
            51.860693
          ]
        },
        "ingang_lon": 4.38962,
        "ingang_lat": 51.860693,
        "ingang_koppelwijze": "exact_name_place",
        "ingang_afstand_tot_terrein_m": 1.33,
        "ingang_gedeeld": false,
        "naam_bron_terrein": "Gem. kerkhof",
        "naam_bron_ingang": "Gem. kerkhof",
        "bron_rij_terrein": 750,
        "bron_rij_ingang": 767,
        "bron": "Begraafplaatsen Zuid-Holland",
        "source_file": "Begraafplaatsen Zuid-Holland- Zuid-Holland.csv"
      },
      "geometry": {
        "type": "Polygon",
        "coordinates": [
          [
            [
              4.390168,
              51.860567
            ],
            [
              4.390668,
              51.860503
            ],
            [
              4.391145,
              51.860478
            ],
            [
              4.391942,
              51.860424
            ],
            [
              4.391954,
              51.860545
            ],
            [
              4.391691,
              51.860936
            ],
            [
              4.393193,
              51.861284
            ],
            [
              4.394063,
              51.861499
            ],
            [
              4.393896,
              51.861718
            ],
            [
              4.393793,
              51.861772
            ],
            [
              4.393657,
              51.861817
            ],
            [
              4.39312,
              51.861877
            ],
            [
              4.392889,
              51.861903
            ],
            [
              4.39221,
              51.861933
            ],
            [
              4.39229,
              51.861821
            ],
            [
              4.392287,
              51.861763
            ],
            [
              4.39226,
              51.86173
            ],
            [
              4.39221,
              51.861705
            ],
            [
              4.391672,
              51.861554
            ],
            [
              4.391325,
              51.861487
            ],
            [
              4.390957,
              51.861504
            ],
            [
              4.390784,
              51.861443
            ],
            [
              4.390641,
              51.861362
            ],
            [
              4.390604,
              51.861314
            ],
            [
              4.390542,
              51.86127
            ],
            [
              4.390181,
              51.861135
            ],
            [
              4.390015,
              51.861047
            ],
            [
              4.389942,
              51.861004
            ],
            [
              4.389825,
              51.860913
            ],
            [
              4.38964,
              51.860694
            ],
            [
              4.389626,
              51.860651
            ],
            [
              4.390168,
              51.860567
            ]
          ]
        ]
      }
    },
    {
      "type": "Feature",
      "properties": {
        "id": "zh-0378",
        "naam": "NH kerkhof",
        "plaats_origineel": "Charlois (geruimd)",
        "plaats": "Charlois",
        "geruimd": true,
        "geruimd_bron_terrein": true,
        "geruimd_bron_ingang": true,
        "status_conflict": false,
        "oppervlakte_m2": 4640.09,
        "oppervlakte_ha": 0.464,
        "omtrek_m": 283.7,
        "ingang": {
          "type": "Point",
          "coordinates": [
            4.46624,
            51.893006
          ]
        },
        "ingang_lon": 4.46624,
        "ingang_lat": 51.893006,
        "ingang_koppelwijze": "exact_name_place",
        "ingang_afstand_tot_terrein_m": 0.0,
        "ingang_gedeeld": false,
        "naam_bron_terrein": "NH kerkhof",
        "naam_bron_ingang": "NH kerkhof",
        "bron_rij_terrein": 751,
        "bron_rij_ingang": 768,
        "bron": "Begraafplaatsen Zuid-Holland",
        "source_file": "Begraafplaatsen Zuid-Holland- Zuid-Holland.csv"
      },
      "geometry": {
        "type": "Polygon",
        "coordinates": [
          [
            [
              4.465917,
              51.892476
            ],
            [
              4.466127,
              51.892481
            ],
            [
              4.466407,
              51.892535
            ],
            [
              4.466581,
              51.892605
            ],
            [
              4.46668,
              51.892792
            ],
            [
              4.466573,
              51.892916
            ],
            [
              4.466385,
              51.893024
            ],
            [
              4.466021,
              51.893109
            ],
            [
              4.465969,
              51.893011
            ],
            [
              4.465721,
              51.893043
            ],
            [
              4.465588,
              51.89284
            ],
            [
              4.46535,
              51.892888
            ],
            [
              4.465183,
              51.892703
            ],
            [
              4.465191,
              51.892662
            ],
            [
              4.465917,
              51.892476
            ]
          ]
        ]
      }
    },
    {
      "type": "Feature",
      "properties": {
        "id": "zh-0379",
        "naam": "NH Kerkhof",
        "plaats_origineel": "Capelle aan den IJssel (geruimd)",
        "plaats": "Capelle aan den IJssel",
        "geruimd": true,
        "geruimd_bron_terrein": true,
        "geruimd_bron_ingang": true,
        "status_conflict": false,
        "oppervlakte_m2": 982.98,
        "oppervlakte_ha": 0.0983,
        "omtrek_m": 218.51,
        "ingang": {
          "type": "Point",
          "coordinates": [
            4.595296,
            51.926324
          ]
        },
        "ingang_lon": 4.595296,
        "ingang_lat": 51.926324,
        "ingang_koppelwijze": "exact_name_place",
        "ingang_afstand_tot_terrein_m": 0.0,
        "ingang_gedeeld": false,
        "naam_bron_terrein": "NH Kerkhof",
        "naam_bron_ingang": "NH Kerkhof",
        "bron_rij_terrein": 752,
        "bron_rij_ingang": 769,
        "bron": "Begraafplaatsen Zuid-Holland",
        "source_file": "Begraafplaatsen Zuid-Holland- Zuid-Holland.csv"
      },
      "geometry": {
        "type": "Polygon",
        "coordinates": [
          [
            [
              4.595719,
              51.9262
            ],
            [
              4.595698,
              51.926314
            ],
            [
              4.595397,
              51.926301
            ],
            [
              4.595397,
              51.926309
            ],
            [
              4.595351,
              51.926307
            ],
            [
              4.595342,
              51.926367
            ],
            [
              4.595396,
              51.926372
            ],
            [
              4.595392,
              51.926413
            ],
            [
              4.59581,
              51.926438
            ],
            [
              4.595846,
              51.926426
            ],
            [
              4.595871,
              51.926407
            ],
            [
              4.595871,
              51.926387
            ],
            [
              4.596005,
              51.926414
            ],
            [
              4.595989,
              51.926475
            ],
            [
              4.59585,
              51.926528
            ],
            [
              4.595653,
              51.926544
            ],
            [
              4.59543,
              51.926551
            ],
            [
              4.595212,
              51.926518
            ],
            [
              4.595226,
              51.92645
            ],
            [
              4.595253,
              51.9264
            ],
            [
              4.595279,
              51.926341
            ],
            [
              4.595328,
              51.926289
            ],
            [
              4.595362,
              51.926253
            ],
            [
              4.595439,
              51.926233
            ],
            [
              4.595719,
              51.9262
            ]
          ]
        ]
      }
    },
    {
      "type": "Feature",
      "properties": {
        "id": "zh-0380",
        "naam": "Begraafplaats Schollevaar",
        "plaats_origineel": "Capelle aan den IJssel",
        "plaats": "Capelle aan den IJssel",
        "geruimd": false,
        "geruimd_bron_terrein": false,
        "geruimd_bron_ingang": false,
        "status_conflict": false,
        "oppervlakte_m2": 48881.35,
        "oppervlakte_ha": 4.8881,
        "omtrek_m": 972.46,
        "ingang": {
          "type": "Point",
          "coordinates": [
            4.588072,
            51.958966
          ]
        },
        "ingang_lon": 4.588072,
        "ingang_lat": 51.958966,
        "ingang_koppelwijze": "exact_name_place",
        "ingang_afstand_tot_terrein_m": 1.72,
        "ingang_gedeeld": false,
        "naam_bron_terrein": "Begraafplaats Schollevaar",
        "naam_bron_ingang": "Begraafplaats Schollevaar",
        "bron_rij_terrein": 753,
        "bron_rij_ingang": 770,
        "bron": "Begraafplaatsen Zuid-Holland",
        "source_file": "Begraafplaatsen Zuid-Holland- Zuid-Holland.csv"
      },
      "geometry": {
        "type": "Polygon",
        "coordinates": [
          [
            [
              4.58793,
              51.957192
            ],
            [
              4.591672,
              51.958859
            ],
            [
              4.59021,
              51.960105
            ],
            [
              4.587978,
              51.959076
            ],
            [
              4.58815,
              51.958924
            ],
            [
              4.587487,
              51.958614
            ],
            [
              4.587729,
              51.958394
            ],
            [
              4.586929,
              51.958073
            ],
            [
              4.58793,
              51.957192
            ]
          ]
        ]
      }
    },
    {
      "type": "Feature",
      "properties": {
        "id": "zh-0381",
        "naam": "Nieuwe gem. begraafplaats Essenhof",
        "plaats_origineel": "Nieuwerkerk aan den IJssel",
        "plaats": "Nieuwerkerk aan den IJssel",
        "geruimd": false,
        "geruimd_bron_terrein": false,
        "geruimd_bron_ingang": false,
        "status_conflict": false,
        "oppervlakte_m2": 38832.64,
        "oppervlakte_ha": 3.8833,
        "omtrek_m": 1464.57,
        "ingang": {
          "type": "Point",
          "coordinates": [
            4.607032,
            51.959043
          ]
        },
        "ingang_lon": 4.607032,
        "ingang_lat": 51.959043,
        "ingang_koppelwijze": "exact_name_place",
        "ingang_afstand_tot_terrein_m": 0.0,
        "ingang_gedeeld": false,
        "naam_bron_terrein": "Nieuwe gem. begraafplaats Essenhof",
        "naam_bron_ingang": "Nieuwe gem. begraafplaats Essenhof",
        "bron_rij_terrein": 754,
        "bron_rij_ingang": 771,
        "bron": "Begraafplaatsen Zuid-Holland",
        "source_file": "Begraafplaatsen Zuid-Holland- Zuid-Holland.csv"
      },
      "geometry": {
        "type": "Polygon",
        "coordinates": [
          [
            [
              4.604193,
              51.957671
            ],
            [
              4.60423,
              51.957664
            ],
            [
              4.604325,
              51.9577
            ],
            [
              4.605394,
              51.958182
            ],
            [
              4.605461,
              51.958279
            ],
            [
              4.605716,
              51.95836
            ],
            [
              4.605821,
              51.958378
            ],
            [
              4.611212,
              51.960829
            ],
            [
              4.610649,
              51.961323
            ],
            [
              4.608801,
              51.960459
            ],
            [
              4.606801,
              51.959577
            ],
            [
              4.607284,
              51.959169
            ],
            [
              4.606614,
              51.958865
            ],
            [
              4.606131,
              51.959303
            ],
            [
              4.603515,
              51.95828
            ],
            [
              4.603497,
              51.958257
            ],
            [
              4.604193,
              51.957671
            ]
          ]
        ]
      }
    },
    {
      "type": "Feature",
      "properties": {
        "id": "zh-0382",
        "naam": "Oude gem. begraafplaats",
        "plaats_origineel": "Nieuwerkerk aan den IJssel",
        "plaats": "Nieuwerkerk aan den IJssel",
        "geruimd": false,
        "geruimd_bron_terrein": false,
        "geruimd_bron_ingang": false,
        "status_conflict": false,
        "oppervlakte_m2": 1980.26,
        "oppervlakte_ha": 0.198,
        "omtrek_m": 176.58,
        "ingang": {
          "type": "Point",
          "coordinates": [
            4.618915,
            51.96454
          ]
        },
        "ingang_lon": 4.618915,
        "ingang_lat": 51.96454,
        "ingang_koppelwijze": "exact_name_place",
        "ingang_afstand_tot_terrein_m": 0.0,
        "ingang_gedeeld": false,
        "naam_bron_terrein": "Oude gem. begraafplaats",
        "naam_bron_ingang": "Oude gem. begraafplaats",
        "bron_rij_terrein": 755,
        "bron_rij_ingang": 772,
        "bron": "Begraafplaatsen Zuid-Holland",
        "source_file": "Begraafplaatsen Zuid-Holland- Zuid-Holland.csv"
      },
      "geometry": {
        "type": "Polygon",
        "coordinates": [
          [
            [
              4.618764,
              51.964377
            ],
            [
              4.619108,
              51.964708
            ],
            [
              4.618541,
              51.964919
            ],
            [
              4.618238,
              51.964603
            ],
            [
              4.618234,
              51.964561
            ],
            [
              4.618764,
              51.964377
            ]
          ]
        ]
      }
    },
    {
      "type": "Feature",
      "properties": {
        "id": "zh-0383",
        "naam": "RK begraafplaats",
        "plaats_origineel": "Nieuwerkerk aan den IJssel",
        "plaats": "Nieuwerkerk aan den IJssel",
        "geruimd": false,
        "geruimd_bron_terrein": false,
        "geruimd_bron_ingang": false,
        "status_conflict": false,
        "oppervlakte_m2": 390.61,
        "oppervlakte_ha": 0.0391,
        "omtrek_m": 79.16,
        "ingang": {
          "type": "Point",
          "coordinates": [
            4.62275,
            51.962424
          ]
        },
        "ingang_lon": 4.62275,
        "ingang_lat": 51.962424,
        "ingang_koppelwijze": "exact_name_place",
        "ingang_afstand_tot_terrein_m": 89.87,
        "ingang_gedeeld": false,
        "naam_bron_terrein": "RK begraafplaats",
        "naam_bron_ingang": "RK begraafplaats",
        "bron_rij_terrein": 756,
        "bron_rij_ingang": 773,
        "bron": "Begraafplaatsen Zuid-Holland",
        "source_file": "Begraafplaatsen Zuid-Holland- Zuid-Holland.csv"
      },
      "geometry": {
        "type": "Polygon",
        "coordinates": [
          [
            [
              4.624265,
              51.962148
            ],
            [
              4.624375,
              51.962321
            ],
            [
              4.62412,
              51.962383
            ],
            [
              4.62401,
              51.962208
            ],
            [
              4.624265,
              51.962148
            ]
          ]
        ]
      }
    },
    {
      "type": "Feature",
      "properties": {
        "id": "zh-0384",
        "naam": "Grafkelder Drost-IJserman",
        "plaats_origineel": "Moordrecht",
        "plaats": "Moordrecht",
        "geruimd": false,
        "geruimd_bron_terrein": false,
        "geruimd_bron_ingang": false,
        "status_conflict": false,
        "oppervlakte_m2": 117.78,
        "oppervlakte_ha": 0.0118,
        "omtrek_m": 43.64,
        "ingang": {
          "type": "Point",
          "coordinates": [
            4.669014,
            51.983597
          ]
        },
        "ingang_lon": 4.669014,
        "ingang_lat": 51.983597,
        "ingang_koppelwijze": "exact_name_place",
        "ingang_afstand_tot_terrein_m": 0.0,
        "ingang_gedeeld": false,
        "naam_bron_terrein": "Grafkelder Drost-IJserman",
        "naam_bron_ingang": "Grafkelder Drost-IJserman",
        "bron_rij_terrein": 757,
        "bron_rij_ingang": 774,
        "bron": "Begraafplaatsen Zuid-Holland",
        "source_file": "Begraafplaatsen Zuid-Holland- Zuid-Holland.csv"
      },
      "geometry": {
        "type": "Polygon",
        "coordinates": [
          [
            [
              4.669169,
              51.983537
            ],
            [
              4.669197,
              51.983621
            ],
            [
              4.669026,
              51.98365
            ],
            [
              4.669004,
              51.983558
            ],
            [
              4.669169,
              51.983537
            ]
          ]
        ]
      }
    },
    {
      "type": "Feature",
      "properties": {
        "id": "zh-0385",
        "naam": "Oude gem. begraafplaats",
        "plaats_origineel": "Moordrecht",
        "plaats": "Moordrecht",
        "geruimd": false,
        "geruimd_bron_terrein": false,
        "geruimd_bron_ingang": false,
        "status_conflict": false,
        "oppervlakte_m2": 2082.79,
        "oppervlakte_ha": 0.2083,
        "omtrek_m": 210.08,
        "ingang": {
          "type": "Point",
          "coordinates": [
            4.667422,
            51.986947
          ]
        },
        "ingang_lon": 4.667422,
        "ingang_lat": 51.986947,
        "ingang_koppelwijze": "exact_name_place",
        "ingang_afstand_tot_terrein_m": 12.28,
        "ingang_gedeeld": false,
        "naam_bron_terrein": "Oude gem. begraafplaats",
        "naam_bron_ingang": "Oude gem. begraafplaats",
        "bron_rij_terrein": 758,
        "bron_rij_ingang": 775,
        "bron": "Begraafplaatsen Zuid-Holland",
        "source_file": "Begraafplaatsen Zuid-Holland- Zuid-Holland.csv"
      },
      "geometry": {
        "type": "Polygon",
        "coordinates": [
          [
            [
              4.6675,
              51.987483
            ],
            [
              4.667374,
              51.987364
            ],
            [
              4.667195,
              51.987154
            ],
            [
              4.667472,
              51.987053
            ],
            [
              4.668152,
              51.987627
            ],
            [
              4.667816,
              51.98777
            ],
            [
              4.6675,
              51.987483
            ]
          ]
        ]
      }
    },
    {
      "type": "Feature",
      "properties": {
        "id": "zh-0386",
        "naam": "RK Kerkhof H. Johannes Onthoofding",
        "plaats_origineel": "Moordrecht",
        "plaats": "Moordrecht",
        "geruimd": false,
        "geruimd_bron_terrein": false,
        "geruimd_bron_ingang": false,
        "status_conflict": false,
        "oppervlakte_m2": 301.47,
        "oppervlakte_ha": 0.0301,
        "omtrek_m": 71.3,
        "ingang": {
          "type": "Point",
          "coordinates": [
            4.677065,
            51.991968
          ]
        },
        "ingang_lon": 4.677065,
        "ingang_lat": 51.991968,
        "ingang_koppelwijze": "exact_name_place",
        "ingang_afstand_tot_terrein_m": 0.0,
        "ingang_gedeeld": false,
        "naam_bron_terrein": "RK Kerkhof H. Johannes Onthoofding",
        "naam_bron_ingang": "RK Kerkhof H. Johannes Onthoofding",
        "bron_rij_terrein": 759,
        "bron_rij_ingang": 776,
        "bron": "Begraafplaatsen Zuid-Holland",
        "source_file": "Begraafplaatsen Zuid-Holland- Zuid-Holland.csv"
      },
      "geometry": {
        "type": "Polygon",
        "coordinates": [
          [
            [
              4.677007,
              51.991915
            ],
            [
              4.677124,
              51.992015
            ],
            [
              4.676867,
              51.992131
            ],
            [
              4.676749,
              51.99203
            ],
            [
              4.677007,
              51.991915
            ]
          ]
        ]
      }
    },
    {
      "type": "Feature",
      "properties": {
        "id": "zh-0387",
        "naam": "Gem. begraafplaats Middelweg",
        "plaats_origineel": "Moordrecht",
        "plaats": "Moordrecht",
        "geruimd": false,
        "geruimd_bron_terrein": false,
        "geruimd_bron_ingang": false,
        "status_conflict": false,
        "oppervlakte_m2": 8167.73,
        "oppervlakte_ha": 0.8168,
        "omtrek_m": 390.97,
        "ingang": {
          "type": "Point",
          "coordinates": [
            4.65825,
            51.991968
          ]
        },
        "ingang_lon": 4.65825,
        "ingang_lat": 51.991968,
        "ingang_koppelwijze": "exact_name_place",
        "ingang_afstand_tot_terrein_m": 0.49,
        "ingang_gedeeld": false,
        "naam_bron_terrein": "Gem. begraafplaats Middelweg",
        "naam_bron_ingang": "Gem. begraafplaats Middelweg",
        "bron_rij_terrein": 760,
        "bron_rij_ingang": 777,
        "bron": "Begraafplaatsen Zuid-Holland",
        "source_file": "Begraafplaatsen Zuid-Holland- Zuid-Holland.csv"
      },
      "geometry": {
        "type": "Polygon",
        "coordinates": [
          [
            [
              4.656633,
              51.991328
            ],
            [
              4.656779,
              51.991219
            ],
            [
              4.656728,
              51.991181
            ],
            [
              4.657051,
              51.990988
            ],
            [
              4.657116,
              51.99102
            ],
            [
              4.657242,
              51.990947
            ],
            [
              4.65859,
              51.991746
            ],
            [
              4.657939,
              51.992159
            ],
            [
              4.656633,
              51.991328
            ]
          ]
        ]
      }
    },
    {
      "type": "Feature",
      "properties": {
        "id": "zh-0388",
        "naam": "NH kerkhof",
        "plaats_origineel": "Zevenhuizen (geruimd)",
        "plaats": "Zevenhuizen",
        "geruimd": true,
        "geruimd_bron_terrein": true,
        "geruimd_bron_ingang": true,
        "status_conflict": false,
        "oppervlakte_m2": 1202.53,
        "oppervlakte_ha": 0.1203,
        "omtrek_m": 243.73,
        "ingang": {
          "type": "Point",
          "coordinates": [
            4.581379,
            52.012423
          ]
        },
        "ingang_lon": 4.581379,
        "ingang_lat": 52.012423,
        "ingang_koppelwijze": "exact_name_place",
        "ingang_afstand_tot_terrein_m": 0.03,
        "ingang_gedeeld": false,
        "naam_bron_terrein": "NH kerkhof",
        "naam_bron_ingang": "NH kerkhof",
        "bron_rij_terrein": 761,
        "bron_rij_ingang": 778,
        "bron": "Begraafplaatsen Zuid-Holland",
        "source_file": "Begraafplaatsen Zuid-Holland- Zuid-Holland.csv"
      },
      "geometry": {
        "type": "Polygon",
        "coordinates": [
          [
            [
              4.581597,
              52.012301
            ],
            [
              4.581688,
              52.012283
            ],
            [
              4.581855,
              52.012283
            ],
            [
              4.581997,
              52.01234
            ],
            [
              4.582036,
              52.012437
            ],
            [
              4.582057,
              52.012534
            ],
            [
              4.581991,
              52.012608
            ],
            [
              4.581938,
              52.012692
            ],
            [
              4.58181,
              52.012711
            ],
            [
              4.581677,
              52.012715
            ],
            [
              4.581529,
              52.012678
            ],
            [
              4.581433,
              52.012646
            ],
            [
              4.581362,
              52.012575
            ],
            [
              4.581471,
              52.012566
            ],
            [
              4.581473,
              52.012594
            ],
            [
              4.581927,
              52.012598
            ],
            [
              4.581943,
              52.012539
            ],
            [
              4.581982,
              52.012534
            ],
            [
              4.582016,
              52.012513
            ],
            [
              4.581982,
              52.012484
            ],
            [
              4.581926,
              52.01248
            ],
            [
              4.581807,
              52.012466
            ],
            [
              4.581805,
              52.012452
            ],
            [
              4.581354,
              52.012445
            ],
            [
              4.581448,
              52.012364
            ],
            [
              4.581597,
              52.012301
            ]
          ]
        ]
      }
    },
    {
      "type": "Feature",
      "properties": {
        "id": "zh-0389",
        "naam": "NH Kerkhof",
        "plaats_origineel": "Benthuizen",
        "plaats": "Benthuizen",
        "geruimd": false,
        "geruimd_bron_terrein": false,
        "geruimd_bron_ingang": false,
        "status_conflict": false,
        "oppervlakte_m2": 361.23,
        "oppervlakte_ha": 0.0361,
        "omtrek_m": 75.54,
        "ingang": {
          "type": "Point",
          "coordinates": [
            4.540616,
            52.077125
          ]
        },
        "ingang_lon": 4.540616,
        "ingang_lat": 52.077125,
        "ingang_koppelwijze": "exact_name_place",
        "ingang_afstand_tot_terrein_m": 0.61,
        "ingang_gedeeld": false,
        "naam_bron_terrein": "NH Kerkhof",
        "naam_bron_ingang": "NH Kerkhof",
        "bron_rij_terrein": 762,
        "bron_rij_ingang": 779,
        "bron": "Begraafplaatsen Zuid-Holland",
        "source_file": "Begraafplaatsen Zuid-Holland- Zuid-Holland.csv"
      },
      "geometry": {
        "type": "Polygon",
        "coordinates": [
          [
            [
              4.540592,
              52.077118
            ],
            [
              4.540614,
              52.076982
            ],
            [
              4.540659,
              52.07698
            ],
            [
              4.540683,
              52.076924
            ],
            [
              4.540829,
              52.076931
            ],
            [
              4.54086,
              52.076978
            ],
            [
              4.540877,
              52.077033
            ],
            [
              4.540845,
              52.077134
            ],
            [
              4.540592,
              52.077118
            ]
          ]
        ]
      }
    },
    {
      "type": "Feature",
      "properties": {
        "id": "zh-0390",
        "naam": "Joods deel achter de alg. begraafplaats",
        "plaats_origineel": "Leerdam",
        "plaats": "Leerdam",
        "geruimd": false,
        "geruimd_bron_terrein": false,
        "geruimd_bron_ingang": false,
        "status_conflict": false,
        "oppervlakte_m2": 37.25,
        "oppervlakte_ha": 0.0037,
        "omtrek_m": 30.33,
        "ingang": {
          "type": "Point",
          "coordinates": [
            5.083161,
            51.881463
          ]
        },
        "ingang_lon": 5.083161,
        "ingang_lat": 51.881463,
        "ingang_koppelwijze": "exact_name_place",
        "ingang_afstand_tot_terrein_m": 0.0,
        "ingang_gedeeld": false,
        "naam_bron_terrein": "Joods deel achter de alg. begraafplaats",
        "naam_bron_ingang": "Joods deel achter de alg. begraafplaats",
        "bron_rij_terrein": 763,
        "bron_rij_ingang": 780,
        "bron": "Begraafplaatsen Zuid-Holland",
        "source_file": "Begraafplaatsen Zuid-Holland- Zuid-Holland.csv"
      },
      "geometry": {
        "type": "Polygon",
        "coordinates": [
          [
            [
              5.083224,
              51.881496
            ],
            [
              5.083189,
              51.881514
            ],
            [
              5.083065,
              51.881436
            ],
            [
              5.083102,
              51.88142
            ],
            [
              5.083224,
              51.881496
            ]
          ]
        ]
      }
    },
    {
      "type": "Feature",
      "properties": {
        "id": "zh-0391",
        "naam": "NH Kerkhof",
        "plaats_origineel": "Oosterwijk",
        "plaats": "Oosterwijk",
        "geruimd": false,
        "geruimd_bron_terrein": false,
        "geruimd_bron_ingang": false,
        "status_conflict": false,
        "oppervlakte_m2": 1114.96,
        "oppervlakte_ha": 0.1115,
        "omtrek_m": 176.18,
        "ingang": {
          "type": "Point",
          "coordinates": [
            5.078492,
            51.878699
          ]
        },
        "ingang_lon": 5.078492,
        "ingang_lat": 51.878699,
        "ingang_koppelwijze": "exact_name_place",
        "ingang_afstand_tot_terrein_m": 1.34,
        "ingang_gedeeld": false,
        "naam_bron_terrein": "NH Kerkhof",
        "naam_bron_ingang": "NH Kerkhof",
        "bron_rij_terrein": 764,
        "bron_rij_ingang": 803,
        "bron": "Begraafplaatsen Zuid-Holland",
        "source_file": "Begraafplaatsen Zuid-Holland- Zuid-Holland.csv"
      },
      "geometry": {
        "type": "Polygon",
        "coordinates": [
          [
            [
              5.078337,
              51.878937
            ],
            [
              5.078442,
              51.878708
            ],
            [
              5.07854,
              51.878714
            ],
            [
              5.078534,
              51.878744
            ],
            [
              5.078489,
              51.878741
            ],
            [
              5.078482,
              51.878782
            ],
            [
              5.07852,
              51.878783
            ],
            [
              5.078518,
              51.878806
            ],
            [
              5.078743,
              51.878817
            ],
            [
              5.078748,
              51.878782
            ],
            [
              5.07893,
              51.878792
            ],
            [
              5.078655,
              51.879181
            ],
            [
              5.078401,
              51.879112
            ],
            [
              5.078482,
              51.87899
            ],
            [
              5.078438,
              51.87898
            ],
            [
              5.078451,
              51.878964
            ],
            [
              5.078337,
              51.878937
            ]
          ]
        ]
      }
    },
    {
      "type": "Feature",
      "properties": {
        "id": "zh-0392",
        "naam": "Gem. begraafplaats",
        "plaats_origineel": "Kedichem",
        "plaats": "Kedichem",
        "geruimd": false,
        "geruimd_bron_terrein": false,
        "geruimd_bron_ingang": false,
        "status_conflict": false,
        "oppervlakte_m2": 2075.92,
        "oppervlakte_ha": 0.2076,
        "omtrek_m": 217.9,
        "ingang": {
          "type": "Point",
          "coordinates": [
            5.050124,
            51.859802
          ]
        },
        "ingang_lon": 5.050124,
        "ingang_lat": 51.859802,
        "ingang_koppelwijze": "exact_name_place",
        "ingang_afstand_tot_terrein_m": 0.0,
        "ingang_gedeeld": false,
        "naam_bron_terrein": "Gem. begraafplaats",
        "naam_bron_ingang": "Gem. begraafplaats",
        "bron_rij_terrein": 781,
        "bron_rij_ingang": 804,
        "bron": "Begraafplaatsen Zuid-Holland",
        "source_file": "Begraafplaatsen Zuid-Holland- Zuid-Holland.csv"
      },
      "geometry": {
        "type": "Polygon",
        "coordinates": [
          [
            [
              5.050526,
              51.859912
            ],
            [
              5.05056,
              51.859939
            ],
            [
              5.050467,
              51.860175
            ],
            [
              5.05069,
              51.860234
            ],
            [
              5.050692,
              51.860234
            ],
            [
              5.050678,
              51.860284
            ],
            [
              5.049762,
              51.860127
            ],
            [
              5.049947,
              51.859752
            ],
            [
              5.049959,
              51.859737
            ],
            [
              5.050184,
              51.859791
            ],
            [
              5.050203,
              51.859761
            ],
            [
              5.050274,
              51.859777
            ],
            [
              5.050239,
              51.85983
            ],
            [
              5.05029,
              51.859851
            ],
            [
              5.050526,
              51.859912
            ]
          ]
        ]
      }
    },
    {
      "type": "Feature",
      "properties": {
        "id": "zh-0393",
        "naam": "Nieuwe gem. begraafplaats",
        "plaats_origineel": "Leerbroek",
        "plaats": "Leerbroek",
        "geruimd": false,
        "geruimd_bron_terrein": false,
        "geruimd_bron_ingang": false,
        "status_conflict": false,
        "oppervlakte_m2": 3110.6,
        "oppervlakte_ha": 0.3111,
        "omtrek_m": 223.41,
        "ingang": {
          "type": "Point",
          "coordinates": [
            5.057411,
            51.911684
          ]
        },
        "ingang_lon": 5.057411,
        "ingang_lat": 51.911684,
        "ingang_koppelwijze": "exact_name_place",
        "ingang_afstand_tot_terrein_m": 0.0,
        "ingang_gedeeld": false,
        "naam_bron_terrein": "Nieuwe gem. begraafplaats",
        "naam_bron_ingang": "Nieuwe gem. begraafplaats",
        "bron_rij_terrein": 782,
        "bron_rij_ingang": 805,
        "bron": "Begraafplaatsen Zuid-Holland",
        "source_file": "Begraafplaatsen Zuid-Holland- Zuid-Holland.csv"
      },
      "geometry": {
        "type": "Polygon",
        "coordinates": [
          [
            [
              5.05661,
              51.911797
            ],
            [
              5.057231,
              51.911469
            ],
            [
              5.057754,
              51.91181
            ],
            [
              5.05711,
              51.912178
            ],
            [
              5.05661,
              51.911797
            ]
          ]
        ]
      }
    },
    {
      "type": "Feature",
      "properties": {
        "id": "zh-0394",
        "naam": "NH Kerkhof",
        "plaats_origineel": "Leerbroek",
        "plaats": "Leerbroek",
        "geruimd": false,
        "geruimd_bron_terrein": false,
        "geruimd_bron_ingang": false,
        "status_conflict": false,
        "oppervlakte_m2": 1903.84,
        "oppervlakte_ha": 0.1904,
        "omtrek_m": 193.45,
        "ingang": {
          "type": "Point",
          "coordinates": [
            5.05031,
            51.908039
          ]
        },
        "ingang_lon": 5.05031,
        "ingang_lat": 51.908039,
        "ingang_koppelwijze": "exact_name_place",
        "ingang_afstand_tot_terrein_m": 1.25,
        "ingang_gedeeld": false,
        "naam_bron_terrein": "NH Kerkhof",
        "naam_bron_ingang": "NH Kerkhof",
        "bron_rij_terrein": 783,
        "bron_rij_ingang": 806,
        "bron": "Begraafplaatsen Zuid-Holland",
        "source_file": "Begraafplaatsen Zuid-Holland- Zuid-Holland.csv"
      },
      "geometry": {
        "type": "Polygon",
        "coordinates": [
          [
            [
              5.050407,
              51.908021
            ],
            [
              5.050744,
              51.90803
            ],
            [
              5.050749,
              51.907998
            ],
            [
              5.050838,
              51.908
            ],
            [
              5.050861,
              51.907943
            ],
            [
              5.05095,
              51.908016
            ],
            [
              5.050949,
              51.908016
            ],
            [
              5.051266,
              51.908299
            ],
            [
              5.051129,
              51.908342
            ],
            [
              5.050665,
              51.908337
            ],
            [
              5.050429,
              51.908252
            ],
            [
              5.050357,
              51.908226
            ],
            [
              5.05018,
              51.908145
            ],
            [
              5.050323,
              51.908057
            ],
            [
              5.050335,
              51.908018
            ],
            [
              5.050407,
              51.908021
            ]
          ]
        ]
      }
    },
    {
      "type": "Feature",
      "properties": {
        "id": "zh-0395",
        "naam": "NH Kerkhof",
        "plaats_origineel": "Nieuwland",
        "plaats": "Nieuwland",
        "geruimd": false,
        "geruimd_bron_terrein": false,
        "geruimd_bron_ingang": false,
        "status_conflict": false,
        "oppervlakte_m2": 1699.95,
        "oppervlakte_ha": 0.17,
        "omtrek_m": 294.83,
        "ingang": {
          "type": "Point",
          "coordinates": [
            5.013061,
            51.901448
          ]
        },
        "ingang_lon": 5.013061,
        "ingang_lat": 51.901448,
        "ingang_koppelwijze": "exact_name_place",
        "ingang_afstand_tot_terrein_m": 20.24,
        "ingang_gedeeld": false,
        "naam_bron_terrein": "NH Kerkhof",
        "naam_bron_ingang": "NH Kerkhof",
        "bron_rij_terrein": 784,
        "bron_rij_ingang": 807,
        "bron": "Begraafplaatsen Zuid-Holland",
        "source_file": "Begraafplaatsen Zuid-Holland- Zuid-Holland.csv"
      },
      "geometry": {
        "type": "Polygon",
        "coordinates": [
          [
            [
              5.013799,
              51.901081
            ],
            [
              5.013749,
              51.90146
            ],
            [
              5.013933,
              51.901472
            ],
            [
              5.013937,
              51.901499
            ],
            [
              5.013923,
              51.901521
            ],
            [
              5.013904,
              51.90154
            ],
            [
              5.013867,
              51.901556
            ],
            [
              5.013605,
              51.901532
            ],
            [
              5.01361,
              51.901521
            ],
            [
              5.013466,
              51.901505
            ],
            [
              5.013449,
              51.90165
            ],
            [
              5.013865,
              51.901681
            ],
            [
              5.013853,
              51.901713
            ],
            [
              5.013913,
              51.901717
            ],
            [
              5.013902,
              51.901764
            ],
            [
              5.013437,
              51.901719
            ],
            [
              5.013468,
              51.901428
            ],
            [
              5.013352,
              51.901422
            ],
            [
              5.013352,
              51.901363
            ],
            [
              5.01339,
              51.901065
            ],
            [
              5.013799,
              51.901081
            ]
          ]
        ]
      }
    },
    {
      "type": "Feature",
      "properties": {
        "id": "zh-0396",
        "naam": "NH Kerkhof",
        "plaats_origineel": "Noordeloos",
        "plaats": "Noordeloos",
        "geruimd": false,
        "geruimd_bron_terrein": false,
        "geruimd_bron_ingang": false,
        "status_conflict": false,
        "oppervlakte_m2": 3260.05,
        "oppervlakte_ha": 0.326,
        "omtrek_m": 257.35,
        "ingang": {
          "type": "Point",
          "coordinates": [
            4.941148,
            51.904607
          ]
        },
        "ingang_lon": 4.941148,
        "ingang_lat": 51.904607,
        "ingang_koppelwijze": "exact_name_place",
        "ingang_afstand_tot_terrein_m": 3.76,
        "ingang_gedeeld": false,
        "naam_bron_terrein": "NH Kerkhof",
        "naam_bron_ingang": "NH Kerkhof",
        "bron_rij_terrein": 785,
        "bron_rij_ingang": 808,
        "bron": "Begraafplaatsen Zuid-Holland",
        "source_file": "Begraafplaatsen Zuid-Holland- Zuid-Holland.csv"
      },
      "geometry": {
        "type": "Polygon",
        "coordinates": [
          [
            [
              4.940925,
              51.905322
            ],
            [
              4.941066,
              51.905017
            ],
            [
              4.941052,
              51.904989
            ],
            [
              4.941031,
              51.904977
            ],
            [
              4.940996,
              51.90497
            ],
            [
              4.941173,
              51.904637
            ],
            [
              4.941423,
              51.904684
            ],
            [
              4.941605,
              51.904716
            ],
            [
              4.941556,
              51.904805
            ],
            [
              4.941732,
              51.904832
            ],
            [
              4.941551,
              51.905278
            ],
            [
              4.941579,
              51.905297
            ],
            [
              4.941556,
              51.905396
            ],
            [
              4.941593,
              51.905419
            ],
            [
              4.941573,
              51.905462
            ],
            [
              4.941524,
              51.905461
            ],
            [
              4.941456,
              51.905431
            ],
            [
              4.940925,
              51.905322
            ]
          ]
        ]
      }
    },
    {
      "type": "Feature",
      "properties": {
        "id": "zh-0397",
        "naam": "Gem. begraafplaats",
        "plaats_origineel": "Bergschenhoek",
        "plaats": "Bergschenhoek",
        "geruimd": false,
        "geruimd_bron_terrein": false,
        "geruimd_bron_ingang": false,
        "status_conflict": false,
        "oppervlakte_m2": 8620.84,
        "oppervlakte_ha": 0.8621,
        "omtrek_m": 598.03,
        "ingang": {
          "type": "Point",
          "coordinates": [
            4.49877,
            51.984399
          ]
        },
        "ingang_lon": 4.49877,
        "ingang_lat": 51.984399,
        "ingang_koppelwijze": "exact_name_place",
        "ingang_afstand_tot_terrein_m": 2.27,
        "ingang_gedeeld": false,
        "naam_bron_terrein": "Gem. begraafplaats",
        "naam_bron_ingang": "Gem. begraafplaats",
        "bron_rij_terrein": 786,
        "bron_rij_ingang": 809,
        "bron": "Begraafplaatsen Zuid-Holland",
        "source_file": "Begraafplaatsen Zuid-Holland- Zuid-Holland.csv"
      },
      "geometry": {
        "type": "Polygon",
        "coordinates": [
          [
            [
              4.498663,
              51.984101
            ],
            [
              4.498906,
              51.985085
            ],
            [
              4.49891,
              51.985189
            ],
            [
              4.499076,
              51.985918
            ],
            [
              4.49827,
              51.985999
            ],
            [
              4.498083,
              51.985282
            ],
            [
              4.498826,
              51.985001
            ],
            [
              4.498801,
              51.98483
            ],
            [
              4.498656,
              51.984842
            ],
            [
              4.498489,
              51.984916
            ],
            [
              4.498431,
              51.984959
            ],
            [
              4.498388,
              51.984963
            ],
            [
              4.498347,
              51.984958
            ],
            [
              4.498314,
              51.984939
            ],
            [
              4.498255,
              51.984768
            ],
            [
              4.498292,
              51.984759
            ],
            [
              4.498262,
              51.984655
            ],
            [
              4.498188,
              51.984658
            ],
            [
              4.498168,
              51.984602
            ],
            [
              4.498245,
              51.984593
            ],
            [
              4.498191,
              51.984365
            ],
            [
              4.498163,
              51.984369
            ],
            [
              4.498125,
              51.984179
            ],
            [
              4.498211,
              51.984139
            ],
            [
              4.498537,
              51.984099
            ],
            [
              4.498663,
              51.984101
            ]
          ]
        ]
      }
    },
    {
      "type": "Feature",
      "properties": {
        "id": "zh-0398",
        "naam": "Willibrordusbegraafplaats",
        "plaats_origineel": "Bergschenhoek",
        "plaats": "Bergschenhoek",
        "geruimd": false,
        "geruimd_bron_terrein": false,
        "geruimd_bron_ingang": false,
        "status_conflict": false,
        "oppervlakte_m2": 1029.93,
        "oppervlakte_ha": 0.103,
        "omtrek_m": 128.82,
        "ingang": {
          "type": "Point",
          "coordinates": [
            4.496145,
            51.987718
          ]
        },
        "ingang_lon": 4.496145,
        "ingang_lat": 51.987718,
        "ingang_koppelwijze": "exact_name_place",
        "ingang_afstand_tot_terrein_m": 0.99,
        "ingang_gedeeld": false,
        "naam_bron_terrein": "Willibrordusbegraafplaats",
        "naam_bron_ingang": "Willibrordusbegraafplaats",
        "bron_rij_terrein": 787,
        "bron_rij_ingang": 810,
        "bron": "Begraafplaatsen Zuid-Holland",
        "source_file": "Begraafplaatsen Zuid-Holland- Zuid-Holland.csv"
      },
      "geometry": {
        "type": "Polygon",
        "coordinates": [
          [
            [
              4.495734,
              51.987908
            ],
            [
              4.495466,
              51.987708
            ],
            [
              4.495861,
              51.987505
            ],
            [
              4.496131,
              51.98772
            ],
            [
              4.495734,
              51.987908
            ]
          ]
        ]
      }
    },
    {
      "type": "Feature",
      "properties": {
        "id": "zh-0399",
        "naam": "Gem. begraafplaats",
        "plaats_origineel": "Berkel en Rodenrijs",
        "plaats": "Berkel en Rodenrijs",
        "geruimd": false,
        "geruimd_bron_terrein": false,
        "geruimd_bron_ingang": false,
        "status_conflict": false,
        "oppervlakte_m2": 5066.25,
        "oppervlakte_ha": 0.5066,
        "omtrek_m": 387.27,
        "ingang": {
          "type": "Point",
          "coordinates": [
            4.481114,
            51.992868
          ]
        },
        "ingang_lon": 4.481114,
        "ingang_lat": 51.992868,
        "ingang_koppelwijze": "exact_name_place",
        "ingang_afstand_tot_terrein_m": 0.89,
        "ingang_gedeeld": false,
        "naam_bron_terrein": "Gem. begraafplaats",
        "naam_bron_ingang": "Gem. begraafplaats",
        "bron_rij_terrein": 788,
        "bron_rij_ingang": 811,
        "bron": "Begraafplaatsen Zuid-Holland",
        "source_file": "Begraafplaatsen Zuid-Holland- Zuid-Holland.csv"
      },
      "geometry": {
        "type": "Polygon",
        "coordinates": [
          [
            [
              4.480455,
              51.993063
            ],
            [
              4.480138,
              51.992425
            ],
            [
              4.481243,
              51.992226
            ],
            [
              4.481285,
              51.992366
            ],
            [
              4.481666,
              51.992784
            ],
            [
              4.481148,
              51.992905
            ],
            [
              4.480974,
              51.992588
            ],
            [
              4.480909,
              51.992583
            ],
            [
              4.480855,
              51.992588
            ],
            [
              4.480808,
              51.992596
            ],
            [
              4.48075,
              51.992614
            ],
            [
              4.480704,
              51.992643
            ],
            [
              4.480883,
              51.99296
            ],
            [
              4.480455,
              51.993063
            ]
          ]
        ]
      }
    },
    {
      "type": "Feature",
      "properties": {
        "id": "zh-0400",
        "naam": "NH Kerkhof",
        "plaats_origineel": "Berkel en Rodenrijd",
        "plaats": "Berkel en Rodenrijd",
        "geruimd": false,
        "geruimd_bron_terrein": false,
        "geruimd_bron_ingang": false,
        "status_conflict": false,
        "oppervlakte_m2": 636.17,
        "oppervlakte_ha": 0.0636,
        "omtrek_m": 110.5,
        "ingang": {
          "type": "Point",
          "coordinates": [
            4.478318,
            51.993141
          ]
        },
        "ingang_lon": 4.478318,
        "ingang_lat": 51.993141,
        "ingang_koppelwijze": "spatial_name_variant",
        "ingang_afstand_tot_terrein_m": 1.07,
        "ingang_gedeeld": false,
        "naam_bron_terrein": "NH Kerkhof",
        "naam_bron_ingang": "NH Kerkhof",
        "bron_rij_terrein": 789,
        "bron_rij_ingang": 812,
        "bron": "Begraafplaatsen Zuid-Holland",
        "source_file": "Begraafplaatsen Zuid-Holland- Zuid-Holland.csv"
      },
      "geometry": {
        "type": "Polygon",
        "coordinates": [
          [
            [
              4.478294,
              51.993131
            ],
            [
              4.478331,
              51.993009
            ],
            [
              4.478387,
              51.992991
            ],
            [
              4.478499,
              51.992982
            ],
            [
              4.478622,
              51.992981
            ],
            [
              4.478746,
              51.992981
            ],
            [
              4.478829,
              51.993014
            ],
            [
              4.478944,
              51.993141
            ],
            [
              4.478294,
              51.993131
            ]
          ]
        ]
      }
    },
    {
      "type": "Feature",
      "properties": {
        "id": "zh-0401",
        "naam": "OLV Geboortebegraafplaats",
        "plaats_origineel": "Berkel en Rodenrijs",
        "plaats": "Berkel en Rodenrijs",
        "geruimd": false,
        "geruimd_bron_terrein": false,
        "geruimd_bron_ingang": false,
        "status_conflict": false,
        "oppervlakte_m2": 4875.15,
        "oppervlakte_ha": 0.4875,
        "omtrek_m": 281.34,
        "ingang": {
          "type": "Point",
          "coordinates": [
            4.483111,
            52.001121
          ]
        },
        "ingang_lon": 4.483111,
        "ingang_lat": 52.001121,
        "ingang_koppelwijze": "exact_name_place",
        "ingang_afstand_tot_terrein_m": 2.22,
        "ingang_gedeeld": false,
        "naam_bron_terrein": "OLV Geboortebegraafplaats",
        "naam_bron_ingang": "OLV Geboortebegraafplaats",
        "bron_rij_terrein": 790,
        "bron_rij_ingang": 813,
        "bron": "Begraafplaatsen Zuid-Holland",
        "source_file": "Begraafplaatsen Zuid-Holland- Zuid-Holland.csv"
      },
      "geometry": {
        "type": "Polygon",
        "coordinates": [
          [
            [
              4.483956,
              52.001104
            ],
            [
              4.483965,
              52.001619
            ],
            [
              4.48384,
              52.001675
            ],
            [
              4.483578,
              52.00169
            ],
            [
              4.483326,
              52.001669
            ],
            [
              4.48326,
              52.00159
            ],
            [
              4.483144,
              52.001165
            ],
            [
              4.48314,
              52.000895
            ],
            [
              4.483152,
              52.000864
            ],
            [
              4.48399,
              52.000849
            ],
            [
              4.483996,
              52.001042
            ],
            [
              4.483956,
              52.001104
            ]
          ]
        ]
      }
    },
    {
      "type": "Feature",
      "properties": {
        "id": "zh-0402",
        "naam": "Gem. begraafplaats",
        "plaats_origineel": "Bleiswijk",
        "plaats": "Bleiswijk",
        "geruimd": false,
        "geruimd_bron_terrein": false,
        "geruimd_bron_ingang": false,
        "status_conflict": false,
        "oppervlakte_m2": 7678.66,
        "oppervlakte_ha": 0.7679,
        "omtrek_m": 415.71,
        "ingang": {
          "type": "Point",
          "coordinates": [
            4.527981,
            52.00705
          ]
        },
        "ingang_lon": 4.527981,
        "ingang_lat": 52.00705,
        "ingang_koppelwijze": "exact_name_place",
        "ingang_afstand_tot_terrein_m": 52.25,
        "ingang_gedeeld": false,
        "naam_bron_terrein": "Gem. begraafplaats",
        "naam_bron_ingang": "Gem. begraafplaats",
        "bron_rij_terrein": 791,
        "bron_rij_ingang": 814,
        "bron": "Begraafplaatsen Zuid-Holland",
        "source_file": "Begraafplaatsen Zuid-Holland- Zuid-Holland.csv"
      },
      "geometry": {
        "type": "Polygon",
        "coordinates": [
          [
            [
              4.525016,
              52.007779
            ],
            [
              4.524982,
              52.007765
            ],
            [
              4.525009,
              52.00762
            ],
            [
              4.525103,
              52.007314
            ],
            [
              4.525128,
              52.007295
            ],
            [
              4.527131,
              52.006931
            ],
            [
              4.527287,
              52.007258
            ],
            [
              4.526975,
              52.007313
            ],
            [
              4.527018,
              52.007415
            ],
            [
              4.526977,
              52.007444
            ],
            [
              4.525016,
              52.007779
            ]
          ]
        ]
      }
    },
    {
      "type": "Feature",
      "properties": {
        "id": "zh-0403",
        "naam": "RK kerkhof",
        "plaats_origineel": "Bleiswijk",
        "plaats": "Bleiswijk",
        "geruimd": false,
        "geruimd_bron_terrein": false,
        "geruimd_bron_ingang": false,
        "status_conflict": false,
        "oppervlakte_m2": 875.36,
        "oppervlakte_ha": 0.0875,
        "omtrek_m": 123.35,
        "ingang": {
          "type": "Point",
          "coordinates": [
            4.532223,
            52.014575
          ]
        },
        "ingang_lon": 4.532223,
        "ingang_lat": 52.014575,
        "ingang_koppelwijze": "exact_name_place",
        "ingang_afstand_tot_terrein_m": 0.0,
        "ingang_gedeeld": false,
        "naam_bron_terrein": "RK kerkhof",
        "naam_bron_ingang": "RK kerkhof",
        "bron_rij_terrein": 792,
        "bron_rij_ingang": 815,
        "bron": "Begraafplaatsen Zuid-Holland",
        "source_file": "Begraafplaatsen Zuid-Holland- Zuid-Holland.csv"
      },
      "geometry": {
        "type": "Polygon",
        "coordinates": [
          [
            [
              4.532484,
              52.014812
            ],
            [
              4.532459,
              52.014754
            ],
            [
              4.532328,
              52.014773
            ],
            [
              4.532205,
              52.014542
            ],
            [
              4.5326,
              52.014474
            ],
            [
              4.532736,
              52.014771
            ],
            [
              4.532484,
              52.014812
            ]
          ]
        ]
      }
    },
    {
      "type": "Feature",
      "properties": {
        "id": "zh-0404",
        "naam": "NH Kerkhof",
        "plaats_origineel": "'s-Gravendeel (geruimd)",
        "plaats": "'s-Gravendeel",
        "geruimd": true,
        "geruimd_bron_terrein": true,
        "geruimd_bron_ingang": true,
        "status_conflict": false,
        "oppervlakte_m2": 3038.09,
        "oppervlakte_ha": 0.3038,
        "omtrek_m": 228.8,
        "ingang": {
          "type": "Point",
          "coordinates": [
            4.616558,
            51.779445
          ]
        },
        "ingang_lon": 4.616558,
        "ingang_lat": 51.779445,
        "ingang_koppelwijze": "exact_name_place",
        "ingang_afstand_tot_terrein_m": 0.0,
        "ingang_gedeeld": false,
        "naam_bron_terrein": "NH Kerkhof",
        "naam_bron_ingang": "NH Kerkhof",
        "bron_rij_terrein": 793,
        "bron_rij_ingang": 816,
        "bron": "Begraafplaatsen Zuid-Holland",
        "source_file": "Begraafplaatsen Zuid-Holland- Zuid-Holland.csv"
      },
      "geometry": {
        "type": "Polygon",
        "coordinates": [
          [
            [
              4.616408,
              51.77876
            ],
            [
              4.616492,
              51.778731
            ],
            [
              4.616553,
              51.778755
            ],
            [
              4.616697,
              51.779214
            ],
            [
              4.616703,
              51.779305
            ],
            [
              4.616491,
              51.779523
            ],
            [
              4.615782,
              51.779233
            ],
            [
              4.616408,
              51.77876
            ]
          ]
        ]
      }
    },
    {
      "type": "Feature",
      "properties": {
        "id": "zh-0405",
        "naam": "Oude begraafplaats",
        "plaats_origineel": "'s-Gravendeel",
        "plaats": "'s-Gravendeel",
        "geruimd": false,
        "geruimd_bron_terrein": false,
        "geruimd_bron_ingang": false,
        "status_conflict": false,
        "oppervlakte_m2": 2759.37,
        "oppervlakte_ha": 0.2759,
        "omtrek_m": 264.63,
        "ingang": {
          "type": "Point",
          "coordinates": [
            4.615054,
            51.77962
          ]
        },
        "ingang_lon": 4.615054,
        "ingang_lat": 51.77962,
        "ingang_koppelwijze": "exact_name_place",
        "ingang_afstand_tot_terrein_m": 2.58,
        "ingang_gedeeld": false,
        "naam_bron_terrein": "Oude begraafplaats",
        "naam_bron_ingang": "Oude begraafplaats",
        "bron_rij_terrein": 794,
        "bron_rij_ingang": 817,
        "bron": "Begraafplaatsen Zuid-Holland",
        "source_file": "Begraafplaatsen Zuid-Holland- Zuid-Holland.csv"
      },
      "geometry": {
        "type": "Polygon",
        "coordinates": [
          [
            [
              4.615062,
              51.779654
            ],
            [
              4.61481,
              51.779847
            ],
            [
              4.613844,
              51.779356
            ],
            [
              4.613778,
              51.779034
            ],
            [
              4.613801,
              51.779017
            ],
            [
              4.615062,
              51.779654
            ]
          ]
        ]
      }
    },
    {
      "type": "Feature",
      "properties": {
        "id": "zh-0406",
        "naam": "Gem. begraafplaats",
        "plaats_origineel": "'s-Gravendeel",
        "plaats": "'s-Gravendeel",
        "geruimd": false,
        "geruimd_bron_terrein": false,
        "geruimd_bron_ingang": false,
        "status_conflict": false,
        "oppervlakte_m2": 16850.53,
        "oppervlakte_ha": 1.6851,
        "omtrek_m": 652.61,
        "ingang": {
          "type": "Point",
          "coordinates": [
            4.610858,
            51.782285
          ]
        },
        "ingang_lon": 4.610858,
        "ingang_lat": 51.782285,
        "ingang_koppelwijze": "exact_name_place",
        "ingang_afstand_tot_terrein_m": 6.3,
        "ingang_gedeeld": false,
        "naam_bron_terrein": "Gem. begraafplaats",
        "naam_bron_ingang": "Gem. begraafplaats",
        "bron_rij_terrein": 795,
        "bron_rij_ingang": 818,
        "bron": "Begraafplaatsen Zuid-Holland",
        "source_file": "Begraafplaatsen Zuid-Holland- Zuid-Holland.csv"
      },
      "geometry": {
        "type": "Polygon",
        "coordinates": [
          [
            [
              4.609303,
              51.782808
            ],
            [
              4.609149,
              51.782002
            ],
            [
              4.609843,
              51.781952
            ],
            [
              4.609918,
              51.782355
            ],
            [
              4.610505,
              51.782357
            ],
            [
              4.611525,
              51.782313
            ],
            [
              4.611625,
              51.782371
            ],
            [
              4.611815,
              51.782516
            ],
            [
              4.612028,
              51.782651
            ],
            [
              4.612269,
              51.782823
            ],
            [
              4.612303,
              51.782874
            ],
            [
              4.612295,
              51.782913
            ],
            [
              4.61189,
              51.783172
            ],
            [
              4.61183,
              51.783204
            ],
            [
              4.610456,
              51.783288
            ],
            [
              4.610385,
              51.782832
            ],
            [
              4.610219,
              51.782741
            ],
            [
              4.609303,
              51.782808
            ]
          ]
        ]
      }
    },
    {
      "type": "Feature",
      "properties": {
        "id": "zh-0407",
        "naam": "NH Kerkhof",
        "plaats_origineel": "Maasdam",
        "plaats": "Maasdam",
        "geruimd": false,
        "geruimd_bron_terrein": false,
        "geruimd_bron_ingang": false,
        "status_conflict": false,
        "oppervlakte_m2": 2650.04,
        "oppervlakte_ha": 0.265,
        "omtrek_m": 242.2,
        "ingang": {
          "type": "Point",
          "coordinates": [
            4.552771,
            51.787966
          ]
        },
        "ingang_lon": 4.552771,
        "ingang_lat": 51.787966,
        "ingang_koppelwijze": "exact_name_place",
        "ingang_afstand_tot_terrein_m": 4.08,
        "ingang_gedeeld": false,
        "naam_bron_terrein": "NH Kerkhof",
        "naam_bron_ingang": "NH Kerkhof",
        "bron_rij_terrein": 796,
        "bron_rij_ingang": 819,
        "bron": "Begraafplaatsen Zuid-Holland",
        "source_file": "Begraafplaatsen Zuid-Holland- Zuid-Holland.csv"
      },
      "geometry": {
        "type": "Polygon",
        "coordinates": [
          [
            [
              4.551956,
              51.787918
            ],
            [
              4.551919,
              51.787883
            ],
            [
              4.552382,
              51.787512
            ],
            [
              4.552947,
              51.787696
            ],
            [
              4.552956,
              51.787865
            ],
            [
              4.552551,
              51.78787
            ],
            [
              4.552554,
              51.787975
            ],
            [
              4.552713,
              51.787973
            ],
            [
              4.552716,
              51.788095
            ],
            [
              4.552443,
              51.788104
            ],
            [
              4.551956,
              51.787918
            ]
          ]
        ]
      }
    },
    {
      "type": "Feature",
      "properties": {
        "id": "zh-0408",
        "naam": "Begraafplaats De Essenhof",
        "plaats_origineel": "Puttershoek",
        "plaats": "Puttershoek",
        "geruimd": false,
        "geruimd_bron_terrein": false,
        "geruimd_bron_ingang": false,
        "status_conflict": false,
        "oppervlakte_m2": 7834.31,
        "oppervlakte_ha": 0.7834,
        "omtrek_m": 375.13,
        "ingang": {
          "type": "Point",
          "coordinates": [
            4.565476,
            51.79845
          ]
        },
        "ingang_lon": 4.565476,
        "ingang_lat": 51.79845,
        "ingang_koppelwijze": "exact_name_place",
        "ingang_afstand_tot_terrein_m": 9.71,
        "ingang_gedeeld": false,
        "naam_bron_terrein": "Begraafplaats De Essenhof",
        "naam_bron_ingang": "Begraafplaats De Essenhof",
        "bron_rij_terrein": 797,
        "bron_rij_ingang": 820,
        "bron": "Begraafplaatsen Zuid-Holland",
        "source_file": "Begraafplaatsen Zuid-Holland- Zuid-Holland.csv"
      },
      "geometry": {
        "type": "Polygon",
        "coordinates": [
          [
            [
              4.564423,
              51.798895
            ],
            [
              4.56446,
              51.797982
            ],
            [
              4.565004,
              51.797698
            ],
            [
              4.565417,
              51.797697
            ],
            [
              4.565634,
              51.797866
            ],
            [
              4.565614,
              51.79825
            ],
            [
              4.565437,
              51.798249
            ],
            [
              4.56535,
              51.798248
            ],
            [
              4.56533,
              51.798518
            ],
            [
              4.564831,
              51.79884
            ],
            [
              4.564737,
              51.798903
            ],
            [
              4.564423,
              51.798895
            ]
          ]
        ]
      }
    },
    {
      "type": "Feature",
      "properties": {
        "id": "zh-0409",
        "naam": "Oude alg. begraafplaats",
        "plaats_origineel": "Puttershoek",
        "plaats": "Puttershoek",
        "geruimd": false,
        "geruimd_bron_terrein": false,
        "geruimd_bron_ingang": false,
        "status_conflict": false,
        "oppervlakte_m2": 2536.69,
        "oppervlakte_ha": 0.2537,
        "omtrek_m": 206.59,
        "ingang": {
          "type": "Point",
          "coordinates": [
            4.572969,
            51.804825
          ]
        },
        "ingang_lon": 4.572969,
        "ingang_lat": 51.804825,
        "ingang_koppelwijze": "exact_name_place",
        "ingang_afstand_tot_terrein_m": 0.0,
        "ingang_gedeeld": false,
        "naam_bron_terrein": "Oude alg. begraafplaats",
        "naam_bron_ingang": "Oude alg. begraafplaats",
        "bron_rij_terrein": 798,
        "bron_rij_ingang": 821,
        "bron": "Begraafplaatsen Zuid-Holland",
        "source_file": "Begraafplaatsen Zuid-Holland- Zuid-Holland.csv"
      },
      "geometry": {
        "type": "Polygon",
        "coordinates": [
          [
            [
              4.572081,
              51.804924
            ],
            [
              4.57287,
              51.80463
            ],
            [
              4.573155,
              51.804949
            ],
            [
              4.572372,
              51.805234
            ],
            [
              4.572081,
              51.804924
            ]
          ]
        ]
      }
    },
    {
      "type": "Feature",
      "properties": {
        "id": "zh-0410",
        "naam": "NH begraafplaats",
        "plaats_origineel": "Puttershoek",
        "plaats": "Puttershoek",
        "geruimd": false,
        "geruimd_bron_terrein": false,
        "geruimd_bron_ingang": false,
        "status_conflict": false,
        "oppervlakte_m2": 5291.67,
        "oppervlakte_ha": 0.5292,
        "omtrek_m": 335.89,
        "ingang": {
          "type": "Point",
          "coordinates": [
            4.574231,
            51.805808
          ]
        },
        "ingang_lon": 4.574231,
        "ingang_lat": 51.805808,
        "ingang_koppelwijze": "exact_name_place",
        "ingang_afstand_tot_terrein_m": 0.91,
        "ingang_gedeeld": false,
        "naam_bron_terrein": "NH begraafplaats",
        "naam_bron_ingang": "NH begraafplaats",
        "bron_rij_terrein": 799,
        "bron_rij_ingang": 822,
        "bron": "Begraafplaatsen Zuid-Holland",
        "source_file": "Begraafplaatsen Zuid-Holland- Zuid-Holland.csv"
      },
      "geometry": {
        "type": "Polygon",
        "coordinates": [
          [
            [
              4.574767,
              51.805203
            ],
            [
              4.57516,
              51.805524
            ],
            [
              4.574797,
              51.8057
            ],
            [
              4.575161,
              51.806005
            ],
            [
              4.574519,
              51.806223
            ],
            [
              4.574247,
              51.805984
            ],
            [
              4.574302,
              51.805962
            ],
            [
              4.574198,
              51.805878
            ],
            [
              4.57428,
              51.805836
            ],
            [
              4.573925,
              51.805532
            ],
            [
              4.574767,
              51.805203
            ]
          ]
        ]
      }
    },
    {
      "type": "Feature",
      "properties": {
        "id": "zh-0411",
        "naam": "Familiebegraafplaats Van Ommeren",
        "plaats_origineel": "Wassenaar",
        "plaats": "Wassenaar",
        "geruimd": false,
        "geruimd_bron_terrein": false,
        "geruimd_bron_ingang": false,
        "status_conflict": false,
        "oppervlakte_m2": 815.12,
        "oppervlakte_ha": 0.0815,
        "omtrek_m": 108.31,
        "ingang": {
          "type": "Point",
          "coordinates": [
            4.378725,
            52.121553
          ]
        },
        "ingang_lon": 4.378725,
        "ingang_lat": 52.121553,
        "ingang_koppelwijze": "exact_name_place",
        "ingang_afstand_tot_terrein_m": 0.0,
        "ingang_gedeeld": false,
        "naam_bron_terrein": "Familiebegraafplaats Van Ommeren",
        "naam_bron_ingang": "Familiebegraafplaats Van Ommeren",
        "bron_rij_terrein": 800,
        "bron_rij_ingang": 823,
        "bron": "Begraafplaatsen Zuid-Holland",
        "source_file": "Begraafplaatsen Zuid-Holland- Zuid-Holland.csv"
      },
      "geometry": {
        "type": "Polygon",
        "coordinates": [
          [
            [
              4.378642,
              52.121501
            ],
            [
              4.378635,
              52.12144
            ],
            [
              4.378648,
              52.121401
            ],
            [
              4.378694,
              52.121368
            ],
            [
              4.378763,
              52.12134
            ],
            [
              4.378851,
              52.121324
            ],
            [
              4.378997,
              52.121328
            ],
            [
              4.379121,
              52.121347
            ],
            [
              4.379178,
              52.121365
            ],
            [
              4.379223,
              52.121386
            ],
            [
              4.379243,
              52.12142
            ],
            [
              4.379225,
              52.121447
            ],
            [
              4.379191,
              52.121478
            ],
            [
              4.379091,
              52.121511
            ],
            [
              4.378947,
              52.121544
            ],
            [
              4.37884,
              52.121553
            ],
            [
              4.378721,
              52.121554
            ],
            [
              4.378642,
              52.121501
            ]
          ]
        ]
      }
    },
    {
      "type": "Feature",
      "properties": {
        "id": "zh-0412",
        "naam": "Joodse begraafplaats",
        "plaats_origineel": "Lekkerkerk",
        "plaats": "Lekkerkerk",
        "geruimd": false,
        "geruimd_bron_terrein": false,
        "geruimd_bron_ingang": false,
        "status_conflict": false,
        "oppervlakte_m2": 153.14,
        "oppervlakte_ha": 0.0153,
        "omtrek_m": 60.53,
        "ingang": {
          "type": "Point",
          "coordinates": [
            4.683544,
            51.902648
          ]
        },
        "ingang_lon": 4.683544,
        "ingang_lat": 51.902648,
        "ingang_koppelwijze": "exact_name_place",
        "ingang_afstand_tot_terrein_m": 0.0,
        "ingang_gedeeld": false,
        "naam_bron_terrein": "Joodse begraafplaats",
        "naam_bron_ingang": "Joodse begraafplaats",
        "bron_rij_terrein": 801,
        "bron_rij_ingang": 824,
        "bron": "Begraafplaatsen Zuid-Holland",
        "source_file": "Begraafplaatsen Zuid-Holland- Zuid-Holland.csv"
      },
      "geometry": {
        "type": "Polygon",
        "coordinates": [
          [
            [
              4.683844,
              51.902598
            ],
            [
              4.683856,
              51.902667
            ],
            [
              4.683509,
              51.902655
            ],
            [
              4.683501,
              51.902608
            ],
            [
              4.683844,
              51.902598
            ]
          ]
        ]
      }
    },
    {
      "type": "Feature",
      "properties": {
        "id": "zh-0413",
        "naam": "Gem. begraafplaats IJsseldijk",
        "plaats_origineel": "Krimpen aan den IJssel",
        "plaats": "Krimpen aan den IJssel",
        "geruimd": false,
        "geruimd_bron_terrein": false,
        "geruimd_bron_ingang": false,
        "status_conflict": false,
        "oppervlakte_m2": 13057.17,
        "oppervlakte_ha": 1.3057,
        "omtrek_m": 517.64,
        "ingang": {
          "type": "Point",
          "coordinates": [
            4.607797,
            51.924138
          ]
        },
        "ingang_lon": 4.607797,
        "ingang_lat": 51.924138,
        "ingang_koppelwijze": "exact_name_place",
        "ingang_afstand_tot_terrein_m": 0.82,
        "ingang_gedeeld": false,
        "naam_bron_terrein": "Gem. begraafplaats IJsseldijk",
        "naam_bron_ingang": "Gem. begraafplaats IJsseldijk",
        "bron_rij_terrein": 802,
        "bron_rij_ingang": 846,
        "bron": "Begraafplaatsen Zuid-Holland",
        "source_file": "Begraafplaatsen Zuid-Holland- Zuid-Holland.csv"
      },
      "geometry": {
        "type": "Polygon",
        "coordinates": [
          [
            [
              4.607153,
              51.924221
            ],
            [
              4.606892,
              51.923596
            ],
            [
              4.606909,
              51.923517
            ],
            [
              4.60706,
              51.923315
            ],
            [
              4.607142,
              51.923249
            ],
            [
              4.607311,
              51.923146
            ],
            [
              4.607934,
              51.922745
            ],
            [
              4.608194,
              51.922719
            ],
            [
              4.608836,
              51.922692
            ],
            [
              4.608955,
              51.922797
            ],
            [
              4.608279,
              51.923235
            ],
            [
              4.608151,
              51.923344
            ],
            [
              4.608179,
              51.923454
            ],
            [
              4.608369,
              51.92405
            ],
            [
              4.607153,
              51.924221
            ]
          ]
        ]
      }
    },
    {
      "type": "Feature",
      "properties": {
        "id": "zh-0414",
        "naam": "Gem. begraafplaats",
        "plaats_origineel": "Gouderak",
        "plaats": "Gouderak",
        "geruimd": false,
        "geruimd_bron_terrein": false,
        "geruimd_bron_ingang": false,
        "status_conflict": false,
        "oppervlakte_m2": 2073.32,
        "oppervlakte_ha": 0.2073,
        "omtrek_m": 202.12,
        "ingang": {
          "type": "Point",
          "coordinates": [
            4.674524,
            51.985053
          ]
        },
        "ingang_lon": 4.674524,
        "ingang_lat": 51.985053,
        "ingang_koppelwijze": "exact_name_place",
        "ingang_afstand_tot_terrein_m": 1.68,
        "ingang_gedeeld": false,
        "naam_bron_terrein": "Gem. begraafplaats",
        "naam_bron_ingang": "Gem. begraafplaats",
        "bron_rij_terrein": 825,
        "bron_rij_ingang": 847,
        "bron": "Begraafplaatsen Zuid-Holland",
        "source_file": "Begraafplaatsen Zuid-Holland- Zuid-Holland.csv"
      },
      "geometry": {
        "type": "Polygon",
        "coordinates": [
          [
            [
              4.675175,
              51.984522
            ],
            [
              4.675473,
              51.984739
            ],
            [
              4.674854,
              51.985077
            ],
            [
              4.674806,
              51.985046
            ],
            [
              4.674682,
              51.98512
            ],
            [
              4.674414,
              51.984972
            ],
            [
              4.675175,
              51.984522
            ]
          ]
        ]
      }
    },
    {
      "type": "Feature",
      "properties": {
        "id": "zh-0415",
        "naam": "Begraafplaats Den Ouden Dijck",
        "plaats_origineel": "Barendrecht",
        "plaats": "Barendrecht",
        "geruimd": false,
        "geruimd_bron_terrein": false,
        "geruimd_bron_ingang": false,
        "status_conflict": false,
        "oppervlakte_m2": 46663.78,
        "oppervlakte_ha": 4.6664,
        "omtrek_m": 1071.49,
        "ingang": {
          "type": "Point",
          "coordinates": [
            4.535064,
            51.837579
          ]
        },
        "ingang_lon": 4.535064,
        "ingang_lat": 51.837579,
        "ingang_koppelwijze": "exact_name_place",
        "ingang_afstand_tot_terrein_m": 0.91,
        "ingang_gedeeld": false,
        "naam_bron_terrein": "Begraafplaats Den Ouden Dijck",
        "naam_bron_ingang": "Begraafplaats Den Ouden Dijck",
        "bron_rij_terrein": 826,
        "bron_rij_ingang": 848,
        "bron": "Begraafplaatsen Zuid-Holland",
        "source_file": "Begraafplaatsen Zuid-Holland- Zuid-Holland.csv"
      },
      "geometry": {
        "type": "Polygon",
        "coordinates": [
          [
            [
              4.533366,
              51.838404
            ],
            [
              4.533306,
              51.835705
            ],
            [
              4.536104,
              51.835678
            ],
            [
              4.536057,
              51.836739
            ],
            [
              4.535916,
              51.836744
            ],
            [
              4.535862,
              51.83666
            ],
            [
              4.535526,
              51.836657
            ],
            [
              4.535229,
              51.836717
            ],
            [
              4.534971,
              51.836823
            ],
            [
              4.535297,
              51.837244
            ],
            [
              4.535083,
              51.837427
            ],
            [
              4.535039,
              51.837634
            ],
            [
              4.535195,
              51.837809
            ],
            [
              4.535404,
              51.837944
            ],
            [
              4.53558,
              51.838061
            ],
            [
              4.535662,
              51.838178
            ],
            [
              4.535713,
              51.838447
            ],
            [
              4.534816,
              51.838452
            ],
            [
              4.534816,
              51.838388
            ],
            [
              4.533366,
              51.838404
            ]
          ]
        ]
      }
    },
    {
      "type": "Feature",
      "properties": {
        "id": "zh-0416",
        "naam": "NH Kerkhof",
        "plaats_origineel": "Barendrecht (geruimd)",
        "plaats": "Barendrecht",
        "geruimd": true,
        "geruimd_bron_terrein": true,
        "geruimd_bron_ingang": true,
        "status_conflict": false,
        "oppervlakte_m2": 1722.59,
        "oppervlakte_ha": 0.1723,
        "omtrek_m": 256.08,
        "ingang": {
          "type": "Point",
          "coordinates": [
            4.533438,
            51.858166
          ]
        },
        "ingang_lon": 4.533438,
        "ingang_lat": 51.858166,
        "ingang_koppelwijze": "exact_name_place",
        "ingang_afstand_tot_terrein_m": 0.57,
        "ingang_gedeeld": false,
        "naam_bron_terrein": "NH Kerkhof",
        "naam_bron_ingang": "NH Kerkhof",
        "bron_rij_terrein": 827,
        "bron_rij_ingang": 849,
        "bron": "Begraafplaatsen Zuid-Holland",
        "source_file": "Begraafplaatsen Zuid-Holland- Zuid-Holland.csv"
      },
      "geometry": {
        "type": "Polygon",
        "coordinates": [
          [
            [
              4.534098,
              51.85806
            ],
            [
              4.534063,
              51.858025
            ],
            [
              4.534093,
              51.857988
            ],
            [
              4.534046,
              51.857948
            ],
            [
              4.533992,
              51.857944
            ],
            [
              4.533723,
              51.858021
            ],
            [
              4.533796,
              51.858102
            ],
            [
              4.533822,
              51.858098
            ],
            [
              4.533863,
              51.858144
            ],
            [
              4.534084,
              51.858139
            ],
            [
              4.534112,
              51.858185
            ],
            [
              4.533829,
              51.858205
            ],
            [
              4.533624,
              51.858204
            ],
            [
              4.533487,
              51.858197
            ],
            [
              4.533405,
              51.858131
            ],
            [
              4.533311,
              51.858021
            ],
            [
              4.53356,
              51.857866
            ],
            [
              4.53385,
              51.857743
            ],
            [
              4.534336,
              51.858041
            ],
            [
              4.534098,
              51.85806
            ]
          ]
        ]
      }
    },
    {
      "type": "Feature",
      "properties": {
        "id": "zh-0417",
        "naam": "Begraafplaats Scheldestraat",
        "plaats_origineel": "Barendrecht",
        "plaats": "Barendrecht",
        "geruimd": false,
        "geruimd_bron_terrein": false,
        "geruimd_bron_ingang": false,
        "status_conflict": false,
        "oppervlakte_m2": 25740.35,
        "oppervlakte_ha": 2.574,
        "omtrek_m": 975.89,
        "ingang": {
          "type": "Point",
          "coordinates": [
            4.538143,
            51.859663
          ]
        },
        "ingang_lon": 4.538143,
        "ingang_lat": 51.859663,
        "ingang_koppelwijze": "exact_name_place",
        "ingang_afstand_tot_terrein_m": 0.0,
        "ingang_gedeeld": false,
        "naam_bron_terrein": "Begraafplaats Scheldestraat",
        "naam_bron_ingang": "Begraafplaats Scheldestraat",
        "bron_rij_terrein": 828,
        "bron_rij_ingang": 850,
        "bron": "Begraafplaatsen Zuid-Holland",
        "source_file": "Begraafplaatsen Zuid-Holland- Zuid-Holland.csv"
      },
      "geometry": {
        "type": "Polygon",
        "coordinates": [
          [
            [
              4.536479,
              51.860974
            ],
            [
              4.536494,
              51.860201
            ],
            [
              4.537487,
              51.860215
            ],
            [
              4.5375,
              51.860577
            ],
            [
              4.537746,
              51.860582
            ],
            [
              4.537759,
              51.860109
            ],
            [
              4.536431,
              51.860086
            ],
            [
              4.536394,
              51.859424
            ],
            [
              4.536924,
              51.859432
            ],
            [
              4.537365,
              51.85959
            ],
            [
              4.537619,
              51.859645
            ],
            [
              4.53826,
              51.859667
            ],
            [
              4.538269,
              51.859392
            ],
            [
              4.53839,
              51.859397
            ],
            [
              4.538926,
              51.859437
            ],
            [
              4.538899,
              51.860517
            ],
            [
              4.538817,
              51.860993
            ],
            [
              4.538693,
              51.861033
            ],
            [
              4.537666,
              51.860979
            ],
            [
              4.536479,
              51.860974
            ]
          ]
        ]
      }
    },
    {
      "type": "Feature",
      "properties": {
        "id": "zh-0418",
        "naam": "NH Kerkhof",
        "plaats_origineel": "Heerjansdam (geruimd)",
        "plaats": "Heerjansdam",
        "geruimd": true,
        "geruimd_bron_terrein": true,
        "geruimd_bron_ingang": true,
        "status_conflict": false,
        "oppervlakte_m2": 1897.11,
        "oppervlakte_ha": 0.1897,
        "omtrek_m": 247.36,
        "ingang": {
          "type": "Point",
          "coordinates": [
            4.56359,
            51.836239
          ]
        },
        "ingang_lon": 4.56359,
        "ingang_lat": 51.836239,
        "ingang_koppelwijze": "exact_name_place",
        "ingang_afstand_tot_terrein_m": 3.23,
        "ingang_gedeeld": false,
        "naam_bron_terrein": "NH Kerkhof",
        "naam_bron_ingang": "NH Kerkhof",
        "bron_rij_terrein": 829,
        "bron_rij_ingang": 851,
        "bron": "Begraafplaatsen Zuid-Holland",
        "source_file": "Begraafplaatsen Zuid-Holland- Zuid-Holland.csv"
      },
      "geometry": {
        "type": "Polygon",
        "coordinates": [
          [
            [
              4.564075,
              51.836067
            ],
            [
              4.564359,
              51.836491
            ],
            [
              4.563801,
              51.836676
            ],
            [
              4.563658,
              51.836592
            ],
            [
              4.563745,
              51.836429
            ],
            [
              4.563819,
              51.836421
            ],
            [
              4.563819,
              51.836337
            ],
            [
              4.563864,
              51.836334
            ],
            [
              4.564006,
              51.836322
            ],
            [
              4.564058,
              51.836283
            ],
            [
              4.564033,
              51.836231
            ],
            [
              4.563993,
              51.836201
            ],
            [
              4.563852,
              51.836204
            ],
            [
              4.563592,
              51.83621
            ],
            [
              4.563585,
              51.836075
            ],
            [
              4.564075,
              51.836067
            ]
          ]
        ]
      }
    },
    {
      "type": "Feature",
      "properties": {
        "id": "zh-0419",
        "naam": "Gem. begraafplaats",
        "plaats_origineel": "Heinenoord",
        "plaats": "Heinenoord",
        "geruimd": false,
        "geruimd_bron_terrein": false,
        "geruimd_bron_ingang": false,
        "status_conflict": false,
        "oppervlakte_m2": 5906.38,
        "oppervlakte_ha": 0.5906,
        "omtrek_m": 317.13,
        "ingang": {
          "type": "Point",
          "coordinates": [
            4.482524,
            51.823999
          ]
        },
        "ingang_lon": 4.482524,
        "ingang_lat": 51.823999,
        "ingang_koppelwijze": "exact_name_place",
        "ingang_afstand_tot_terrein_m": 0.0,
        "ingang_gedeeld": false,
        "naam_bron_terrein": "Gem. begraafplaats",
        "naam_bron_ingang": "Gem. begraafplaats",
        "bron_rij_terrein": 830,
        "bron_rij_ingang": 852,
        "bron": "Begraafplaatsen Zuid-Holland",
        "source_file": "Begraafplaatsen Zuid-Holland- Zuid-Holland.csv"
      },
      "geometry": {
        "type": "Polygon",
        "coordinates": [
          [
            [
              4.481663,
              51.824152
            ],
            [
              4.48167,
              51.823871
            ],
            [
              4.481904,
              51.823289
            ],
            [
              4.482822,
              51.823327
            ],
            [
              4.482702,
              51.823457
            ],
            [
              4.48265,
              51.823534
            ],
            [
              4.482688,
              51.82363
            ],
            [
              4.482746,
              51.823641
            ],
            [
              4.482774,
              51.823689
            ],
            [
              4.482707,
              51.823772
            ],
            [
              4.482553,
              51.823973
            ],
            [
              4.482452,
              51.82408
            ],
            [
              4.482356,
              51.824172
            ],
            [
              4.481663,
              51.824152
            ]
          ]
        ]
      }
    },
    {
      "type": "Feature",
      "properties": {
        "id": "zh-0420",
        "naam": "NH kerkhof",
        "plaats_origineel": "Heinenoord (geruimd)",
        "plaats": "Heinenoord",
        "geruimd": true,
        "geruimd_bron_terrein": true,
        "geruimd_bron_ingang": true,
        "status_conflict": false,
        "oppervlakte_m2": 2465.14,
        "oppervlakte_ha": 0.2465,
        "omtrek_m": 196.82,
        "ingang": {
          "type": "Point",
          "coordinates": [
            4.47402,
            51.82546
          ]
        },
        "ingang_lon": 4.47402,
        "ingang_lat": 51.82546,
        "ingang_koppelwijze": "exact_name_place",
        "ingang_afstand_tot_terrein_m": 0.0,
        "ingang_gedeeld": false,
        "naam_bron_terrein": "NH kerkhof",
        "naam_bron_ingang": "NH kerkhof",
        "bron_rij_terrein": 831,
        "bron_rij_ingang": 853,
        "bron": "Begraafplaatsen Zuid-Holland",
        "source_file": "Begraafplaatsen Zuid-Holland- Zuid-Holland.csv"
      },
      "geometry": {
        "type": "Polygon",
        "coordinates": [
          [
            [
              4.473379,
              51.82559
            ],
            [
              4.473358,
              51.825177
            ],
            [
              4.473572,
              51.825169
            ],
            [
              4.473582,
              51.825167
            ],
            [
              4.473595,
              51.825167
            ],
            [
              4.473635,
              51.825167
            ],
            [
              4.473961,
              51.825179
            ],
            [
              4.474114,
              51.825215
            ],
            [
              4.474206,
              51.825268
            ],
            [
              4.474225,
              51.825384
            ],
            [
              4.474217,
              51.825499
            ],
            [
              4.473973,
              51.825507
            ],
            [
              4.473873,
              51.825601
            ],
            [
              4.473379,
              51.82559
            ]
          ]
        ]
      }
    },
    {
      "type": "Feature",
      "properties": {
        "id": "zh-0421",
        "naam": "Gem. begraafplaats",
        "plaats_origineel": "Oud-Beijerland",
        "plaats": "Oud-Beijerland",
        "geruimd": false,
        "geruimd_bron_terrein": false,
        "geruimd_bron_ingang": false,
        "status_conflict": false,
        "oppervlakte_m2": 28957.09,
        "oppervlakte_ha": 2.8957,
        "omtrek_m": 772.03,
        "ingang": {
          "type": "Point",
          "coordinates": [
            4.415098,
            51.818642
          ]
        },
        "ingang_lon": 4.415098,
        "ingang_lat": 51.818642,
        "ingang_koppelwijze": "exact_name_place",
        "ingang_afstand_tot_terrein_m": 0.96,
        "ingang_gedeeld": false,
        "naam_bron_terrein": "Gem. begraafplaats",
        "naam_bron_ingang": "Gem. begraafplaats",
        "bron_rij_terrein": 832,
        "bron_rij_ingang": 854,
        "bron": "Begraafplaatsen Zuid-Holland",
        "source_file": "Begraafplaatsen Zuid-Holland- Zuid-Holland.csv"
      },
      "geometry": {
        "type": "Polygon",
        "coordinates": [
          [
            [
              4.41306,
              51.820065
            ],
            [
              4.412566,
              51.81843
            ],
            [
              4.41247,
              51.818154
            ],
            [
              4.412515,
              51.818129
            ],
            [
              4.414972,
              51.817824
            ],
            [
              4.41512,
              51.817812
            ],
            [
              4.415211,
              51.817902
            ],
            [
              4.415267,
              51.818038
            ],
            [
              4.415391,
              51.818413
            ],
            [
              4.415365,
              51.818416
            ],
            [
              4.415025,
              51.818464
            ],
            [
              4.415201,
              51.818997
            ],
            [
              4.413725,
              51.819401
            ],
            [
              4.413702,
              51.819422
            ],
            [
              4.413672,
              51.819448
            ],
            [
              4.413577,
              51.819712
            ],
            [
              4.413469,
              51.820025
            ],
            [
              4.41306,
              51.820065
            ]
          ]
        ]
      }
    },
    {
      "type": "Feature",
      "properties": {
        "id": "zh-0422",
        "naam": "RK Kerkhof",
        "plaats_origineel": "Oud-Beijerland",
        "plaats": "Oud-Beijerland",
        "geruimd": false,
        "geruimd_bron_terrein": false,
        "geruimd_bron_ingang": false,
        "status_conflict": false,
        "oppervlakte_m2": 1969.13,
        "oppervlakte_ha": 0.1969,
        "omtrek_m": 211.13,
        "ingang": {
          "type": "Point",
          "coordinates": [
            4.409655,
            51.824103
          ]
        },
        "ingang_lon": 4.409655,
        "ingang_lat": 51.824103,
        "ingang_koppelwijze": "exact_name_place",
        "ingang_afstand_tot_terrein_m": 0.0,
        "ingang_gedeeld": false,
        "naam_bron_terrein": "RK Kerkhof",
        "naam_bron_ingang": "RK Kerkhof",
        "bron_rij_terrein": 833,
        "bron_rij_ingang": 855,
        "bron": "Begraafplaatsen Zuid-Holland",
        "source_file": "Begraafplaatsen Zuid-Holland- Zuid-Holland.csv"
      },
      "geometry": {
        "type": "Polygon",
        "coordinates": [
          [
            [
              4.409542,
              51.82339
            ],
            [
              4.409741,
              51.824115
            ],
            [
              4.409398,
              51.824151
            ],
            [
              4.409195,
              51.823435
            ],
            [
              4.409542,
              51.82339
            ]
          ]
        ]
      }
    },
    {
      "type": "Feature",
      "properties": {
        "id": "zh-0423",
        "naam": "NH Kerkhof",
        "plaats_origineel": "Nieuw-Beijerland (geruimd)",
        "plaats": "Nieuw-Beijerland",
        "geruimd": true,
        "geruimd_bron_terrein": true,
        "geruimd_bron_ingang": true,
        "status_conflict": false,
        "oppervlakte_m2": 2732.34,
        "oppervlakte_ha": 0.2732,
        "omtrek_m": 212.12,
        "ingang": {
          "type": "Point",
          "coordinates": [
            4.338438,
            51.810698
          ]
        },
        "ingang_lon": 4.338438,
        "ingang_lat": 51.810698,
        "ingang_koppelwijze": "exact_name_place",
        "ingang_afstand_tot_terrein_m": 1.33,
        "ingang_gedeeld": false,
        "naam_bron_terrein": "NH Kerkhof",
        "naam_bron_ingang": "NH Kerkhof",
        "bron_rij_terrein": 834,
        "bron_rij_ingang": 856,
        "bron": "Begraafplaatsen Zuid-Holland",
        "source_file": "Begraafplaatsen Zuid-Holland- Zuid-Holland.csv"
      },
      "geometry": {
        "type": "Polygon",
        "coordinates": [
          [
            [
              4.33871,
              51.810439
            ],
            [
              4.338742,
              51.810439
            ],
            [
              4.339535,
              51.810712
            ],
            [
              4.339526,
              51.810733
            ],
            [
              4.339257,
              51.811039
            ],
            [
              4.338433,
              51.810757
            ],
            [
              4.338433,
              51.810729
            ],
            [
              4.338682,
              51.810443
            ],
            [
              4.33871,
              51.810439
            ]
          ]
        ]
      }
    },
    {
      "type": "Feature",
      "properties": {
        "id": "zh-0424",
        "naam": "Oude gem. begraafplaats",
        "plaats_origineel": "Zuid-Beijerland",
        "plaats": "Zuid-Beijerland",
        "geruimd": false,
        "geruimd_bron_terrein": false,
        "geruimd_bron_ingang": false,
        "status_conflict": false,
        "oppervlakte_m2": 2164.04,
        "oppervlakte_ha": 0.2164,
        "omtrek_m": 188.15,
        "ingang": {
          "type": "Point",
          "coordinates": [
            4.367184,
            51.749327
          ]
        },
        "ingang_lon": 4.367184,
        "ingang_lat": 51.749327,
        "ingang_koppelwijze": "exact_name_place",
        "ingang_afstand_tot_terrein_m": 1.36,
        "ingang_gedeeld": false,
        "naam_bron_terrein": "Oude gem. begraafplaats",
        "naam_bron_ingang": "Oude gem. begraafplaats",
        "bron_rij_terrein": 835,
        "bron_rij_ingang": 857,
        "bron": "Begraafplaatsen Zuid-Holland",
        "source_file": "Begraafplaatsen Zuid-Holland- Zuid-Holland.csv"
      },
      "geometry": {
        "type": "Polygon",
        "coordinates": [
          [
            [
              4.36759,
              51.749248
            ],
            [
              4.36688,
              51.749364
            ],
            [
              4.366839,
              51.748972
            ],
            [
              4.367536,
              51.748855
            ],
            [
              4.36759,
              51.749248
            ]
          ]
        ]
      }
    },
    {
      "type": "Feature",
      "properties": {
        "id": "zh-0425",
        "naam": "Gem. begraafplaats",
        "plaats_origineel": "Zuid-Beijerland",
        "plaats": "Zuid-Beijerland",
        "geruimd": false,
        "geruimd_bron_terrein": false,
        "geruimd_bron_ingang": false,
        "status_conflict": false,
        "oppervlakte_m2": 12232.83,
        "oppervlakte_ha": 1.2233,
        "omtrek_m": 447.46,
        "ingang": {
          "type": "Point",
          "coordinates": [
            4.365648,
            51.746161
          ]
        },
        "ingang_lon": 4.365648,
        "ingang_lat": 51.746161,
        "ingang_koppelwijze": "exact_name_place",
        "ingang_afstand_tot_terrein_m": 1.84,
        "ingang_gedeeld": false,
        "naam_bron_terrein": "Gem. begraafplaats",
        "naam_bron_ingang": "Gem. begraafplaats",
        "bron_rij_terrein": 836,
        "bron_rij_ingang": 858,
        "bron": "Begraafplaatsen Zuid-Holland",
        "source_file": "Begraafplaatsen Zuid-Holland- Zuid-Holland.csv"
      },
      "geometry": {
        "type": "Polygon",
        "coordinates": [
          [
            [
              4.365788,
              51.746872
            ],
            [
              4.365604,
              51.745716
            ],
            [
              4.36699,
              51.745638
            ],
            [
              4.367144,
              51.746784
            ],
            [
              4.365788,
              51.746872
            ]
          ]
        ]
      }
    },
    {
      "type": "Feature",
      "properties": {
        "id": "zh-0426",
        "naam": "Nieuwe gemeentelijke begraafplaats",
        "plaats_origineel": "Geervliet",
        "plaats": "Geervliet",
        "geruimd": false,
        "geruimd_bron_terrein": false,
        "geruimd_bron_ingang": false,
        "status_conflict": false,
        "oppervlakte_m2": 8446.77,
        "oppervlakte_ha": 0.8447,
        "omtrek_m": 402.3,
        "ingang": {
          "type": "Point",
          "coordinates": [
            4.251637,
            51.864492
          ]
        },
        "ingang_lon": 4.251637,
        "ingang_lat": 51.864492,
        "ingang_koppelwijze": "exact_name_place",
        "ingang_afstand_tot_terrein_m": 16.69,
        "ingang_gedeeld": false,
        "naam_bron_terrein": "Nieuwe gemeentelijke begraafplaats",
        "naam_bron_ingang": "Nieuwe gemeentelijke begraafplaats",
        "bron_rij_terrein": 837,
        "bron_rij_ingang": 859,
        "bron": "Begraafplaatsen Zuid-Holland",
        "source_file": "Begraafplaatsen Zuid-Holland- Zuid-Holland.csv"
      },
      "geometry": {
        "type": "Polygon",
        "coordinates": [
          [
            [
              4.250177,
              51.864942
            ],
            [
              4.24965,
              51.864149
            ],
            [
              4.250959,
              51.863822
            ],
            [
              4.251503,
              51.864367
            ],
            [
              4.250619,
              51.86459
            ],
            [
              4.250768,
              51.864817
            ],
            [
              4.25021,
              51.864966
            ],
            [
              4.250177,
              51.864942
            ]
          ]
        ]
      }
    },
    {
      "type": "Feature",
      "properties": {
        "id": "zh-0427",
        "naam": "Gem. begraafplaats",
        "plaats_origineel": "Heenvliet",
        "plaats": "Heenvliet",
        "geruimd": false,
        "geruimd_bron_terrein": false,
        "geruimd_bron_ingang": false,
        "status_conflict": false,
        "oppervlakte_m2": 3320.15,
        "oppervlakte_ha": 0.332,
        "omtrek_m": 232.91,
        "ingang": {
          "type": "Point",
          "coordinates": [
            4.235921,
            51.865244
          ]
        },
        "ingang_lon": 4.235921,
        "ingang_lat": 51.865244,
        "ingang_koppelwijze": "exact_name_place",
        "ingang_afstand_tot_terrein_m": 0.33,
        "ingang_gedeeld": false,
        "naam_bron_terrein": "Gem. begraafplaats",
        "naam_bron_ingang": "Gem. begraafplaats",
        "bron_rij_terrein": 838,
        "bron_rij_ingang": 860,
        "bron": "Begraafplaatsen Zuid-Holland",
        "source_file": "Begraafplaatsen Zuid-Holland- Zuid-Holland.csv"
      },
      "geometry": {
        "type": "Polygon",
        "coordinates": [
          [
            [
              4.236265,
              51.865286
            ],
            [
              4.236234,
              51.865866
            ],
            [
              4.235548,
              51.865854
            ],
            [
              4.235535,
              51.86584
            ],
            [
              4.235556,
              51.865223
            ],
            [
              4.235564,
              51.86521
            ],
            [
              4.235585,
              51.865209
            ],
            [
              4.236265,
              51.865286
            ]
          ]
        ]
      }
    },
    {
      "type": "Feature",
      "properties": {
        "id": "zh-0428",
        "naam": "Oude gem. begraafplaats",
        "plaats_origineel": "Nieuw-Beijerland",
        "plaats": "Nieuw-Beijerland",
        "geruimd": false,
        "geruimd_bron_terrein": false,
        "geruimd_bron_ingang": false,
        "status_conflict": false,
        "oppervlakte_m2": 5289.08,
        "oppervlakte_ha": 0.5289,
        "omtrek_m": 293.55,
        "ingang": {
          "type": "Point",
          "coordinates": [
            4.342166,
            51.810427
          ]
        },
        "ingang_lon": 4.342166,
        "ingang_lat": 51.810427,
        "ingang_koppelwijze": "exact_name_place",
        "ingang_afstand_tot_terrein_m": 1.07,
        "ingang_gedeeld": false,
        "naam_bron_terrein": "Oude gem. begraafplaats",
        "naam_bron_ingang": "Oude gem. begraafplaats",
        "bron_rij_terrein": 839,
        "bron_rij_ingang": 861,
        "bron": "Begraafplaatsen Zuid-Holland",
        "source_file": "Begraafplaatsen Zuid-Holland- Zuid-Holland.csv"
      },
      "geometry": {
        "type": "Polygon",
        "coordinates": [
          [
            [
              4.34333,
              51.810304
            ],
            [
              4.342759,
              51.81098
            ],
            [
              4.341944,
              51.810725
            ],
            [
              4.342467,
              51.810074
            ],
            [
              4.34333,
              51.810304
            ]
          ]
        ]
      }
    },
    {
      "type": "Feature",
      "properties": {
        "id": "zh-0429",
        "naam": "Nieuwe gem. begraafplaats",
        "plaats_origineel": "Nieuw Beijerland",
        "plaats": "Nieuw Beijerland",
        "geruimd": false,
        "geruimd_bron_terrein": false,
        "geruimd_bron_ingang": false,
        "status_conflict": false,
        "oppervlakte_m2": 5904.21,
        "oppervlakte_ha": 0.5904,
        "omtrek_m": 367.33,
        "ingang": {
          "type": "Point",
          "coordinates": [
            4.347656,
            51.806706
          ]
        },
        "ingang_lon": 4.347656,
        "ingang_lat": 51.806706,
        "ingang_koppelwijze": "exact_name_place",
        "ingang_afstand_tot_terrein_m": 0.4,
        "ingang_gedeeld": false,
        "naam_bron_terrein": "Nieuwe gem. begraafplaats",
        "naam_bron_ingang": "Nieuwe gem. begraafplaats",
        "bron_rij_terrein": 840,
        "bron_rij_ingang": 862,
        "bron": "Begraafplaatsen Zuid-Holland",
        "source_file": "Begraafplaatsen Zuid-Holland- Zuid-Holland.csv"
      },
      "geometry": {
        "type": "Polygon",
        "coordinates": [
          [
            [
              4.347651,
              51.805675
            ],
            [
              4.347942,
              51.806672
            ],
            [
              4.347368,
              51.806733
            ],
            [
              4.347401,
              51.806674
            ],
            [
              4.347427,
              51.806634
            ],
            [
              4.347475,
              51.806554
            ],
            [
              4.347486,
              51.806508
            ],
            [
              4.347478,
              51.806448
            ],
            [
              4.347434,
              51.806386
            ],
            [
              4.347384,
              51.806358
            ],
            [
              4.34731,
              51.806348
            ],
            [
              4.347224,
              51.806345
            ],
            [
              4.347071,
              51.806363
            ],
            [
              4.346966,
              51.806327
            ],
            [
              4.346594,
              51.805791
            ],
            [
              4.347651,
              51.805675
            ]
          ]
        ]
      }
    },
    {
      "type": "Feature",
      "properties": {
        "id": "zh-0430",
        "naam": "Nieuwe gem. begraafplaats",
        "plaats_origineel": "Piershil",
        "plaats": "Piershil",
        "geruimd": false,
        "geruimd_bron_terrein": false,
        "geruimd_bron_ingang": false,
        "status_conflict": false,
        "oppervlakte_m2": 5557.25,
        "oppervlakte_ha": 0.5557,
        "omtrek_m": 325.87,
        "ingang": {
          "type": "Point",
          "coordinates": [
            4.319993,
            51.793727
          ]
        },
        "ingang_lon": 4.319993,
        "ingang_lat": 51.793727,
        "ingang_koppelwijze": "exact_name_place",
        "ingang_afstand_tot_terrein_m": 6.27,
        "ingang_gedeeld": false,
        "naam_bron_terrein": "Nieuwe gem. begraafplaats",
        "naam_bron_ingang": "Nieuwe gem. begraafplaats",
        "bron_rij_terrein": 841,
        "bron_rij_ingang": 863,
        "bron": "Begraafplaatsen Zuid-Holland",
        "source_file": "Begraafplaatsen Zuid-Holland- Zuid-Holland.csv"
      },
      "geometry": {
        "type": "Polygon",
        "coordinates": [
          [
            [
              4.319843,
              51.793678
            ],
            [
              4.320255,
              51.792775
            ],
            [
              4.320459,
              51.792811
            ],
            [
              4.320506,
              51.79269
            ],
            [
              4.320733,
              51.792834
            ],
            [
              4.320946,
              51.792959
            ],
            [
              4.32108,
              51.793033
            ],
            [
              4.320744,
              51.793647
            ],
            [
              4.320216,
              51.793613
            ],
            [
              4.320088,
              51.793624
            ],
            [
              4.320016,
              51.793629
            ],
            [
              4.319961,
              51.793654
            ],
            [
              4.319923,
              51.793691
            ],
            [
              4.319843,
              51.793678
            ]
          ]
        ]
      }
    },
    {
      "type": "Feature",
      "properties": {
        "id": "zh-0431",
        "naam": "Gem. kerkhof",
        "plaats_origineel": "Piershil",
        "plaats": "Piershil",
        "geruimd": false,
        "geruimd_bron_terrein": false,
        "geruimd_bron_ingang": false,
        "status_conflict": false,
        "oppervlakte_m2": 898.99,
        "oppervlakte_ha": 0.0899,
        "omtrek_m": 135.07,
        "ingang": {
          "type": "Point",
          "coordinates": [
            4.314198,
            51.793441
          ]
        },
        "ingang_lon": 4.314198,
        "ingang_lat": 51.793441,
        "ingang_koppelwijze": "exact_name_place",
        "ingang_afstand_tot_terrein_m": 0.49,
        "ingang_gedeeld": false,
        "naam_bron_terrein": "Gem. kerkhof",
        "naam_bron_ingang": "Gem. kerkhof",
        "bron_rij_terrein": 842,
        "bron_rij_ingang": 864,
        "bron": "Begraafplaatsen Zuid-Holland",
        "source_file": "Begraafplaatsen Zuid-Holland- Zuid-Holland.csv"
      },
      "geometry": {
        "type": "Polygon",
        "coordinates": [
          [
            [
              4.314119,
              51.793455
            ],
            [
              4.314196,
              51.793152
            ],
            [
              4.314432,
              51.793172
            ],
            [
              4.314528,
              51.793194
            ],
            [
              4.314599,
              51.79322
            ],
            [
              4.31466,
              51.79327
            ],
            [
              4.314692,
              51.793308
            ],
            [
              4.314719,
              51.793329
            ],
            [
              4.31475,
              51.793354
            ],
            [
              4.314772,
              51.793364
            ],
            [
              4.314793,
              51.793377
            ],
            [
              4.314332,
              51.793398
            ],
            [
              4.314327,
              51.793411
            ],
            [
              4.314271,
              51.793409
            ],
            [
              4.314271,
              51.793419
            ],
            [
              4.314119,
              51.793455
            ]
          ]
        ]
      }
    },
    {
      "type": "Feature",
      "properties": {
        "id": "zh-0432",
        "naam": "Gem. begraafplaats",
        "plaats_origineel": "Goudswaard",
        "plaats": "Goudswaard",
        "geruimd": false,
        "geruimd_bron_terrein": false,
        "geruimd_bron_ingang": false,
        "status_conflict": false,
        "oppervlakte_m2": 8304.82,
        "oppervlakte_ha": 0.8305,
        "omtrek_m": 426.24,
        "ingang": {
          "type": "Point",
          "coordinates": [
            4.276328,
            51.791846
          ]
        },
        "ingang_lon": 4.276328,
        "ingang_lat": 51.791846,
        "ingang_koppelwijze": "exact_name_place",
        "ingang_afstand_tot_terrein_m": 1.17,
        "ingang_gedeeld": false,
        "naam_bron_terrein": "Gem. begraafplaats",
        "naam_bron_ingang": "Gem. begraafplaats",
        "bron_rij_terrein": 843,
        "bron_rij_ingang": 865,
        "bron": "Begraafplaatsen Zuid-Holland",
        "source_file": "Begraafplaatsen Zuid-Holland- Zuid-Holland.csv"
      },
      "geometry": {
        "type": "Polygon",
        "coordinates": [
          [
            [
              4.278661,
              51.791054
            ],
            [
              4.278409,
              51.791527
            ],
            [
              4.277897,
              51.791618
            ],
            [
              4.277847,
              51.791591
            ],
            [
              4.27778,
              51.791591
            ],
            [
              4.277757,
              51.791593
            ],
            [
              4.277693,
              51.791703
            ],
            [
              4.276454,
              51.791914
            ],
            [
              4.27633,
              51.791923
            ],
            [
              4.27631,
              51.791907
            ],
            [
              4.276306,
              51.791884
            ],
            [
              4.276342,
              51.791852
            ],
            [
              4.277146,
              51.791114
            ],
            [
              4.278661,
              51.791054
            ]
          ]
        ]
      }
    },
    {
      "type": "Feature",
      "properties": {
        "id": "zh-0433",
        "naam": "Nieuwe begraafplaats",
        "plaats_origineel": "Stellendam",
        "plaats": "Stellendam",
        "geruimd": false,
        "geruimd_bron_terrein": false,
        "geruimd_bron_ingang": false,
        "status_conflict": false,
        "oppervlakte_m2": 24927.04,
        "oppervlakte_ha": 2.4927,
        "omtrek_m": 658.79,
        "ingang": {
          "type": "Point",
          "coordinates": [
            4.020295,
            51.801549
          ]
        },
        "ingang_lon": 4.020295,
        "ingang_lat": 51.801549,
        "ingang_koppelwijze": "exact_name_place",
        "ingang_afstand_tot_terrein_m": 2.22,
        "ingang_gedeeld": false,
        "naam_bron_terrein": "Nieuwe begraafplaats",
        "naam_bron_ingang": "Nieuwe begraafplaats",
        "bron_rij_terrein": 844,
        "bron_rij_ingang": 866,
        "bron": "Begraafplaatsen Zuid-Holland",
        "source_file": "Begraafplaatsen Zuid-Holland- Zuid-Holland.csv"
      },
      "geometry": {
        "type": "Polygon",
        "coordinates": [
          [
            [
              4.020103,
              51.800176
            ],
            [
              4.02129,
              51.800962
            ],
            [
              4.019007,
              51.802247
            ],
            [
              4.017883,
              51.801473
            ],
            [
              4.020103,
              51.800176
            ]
          ]
        ]
      }
    },
    {
      "type": "Feature",
      "properties": {
        "id": "zh-0434",
        "naam": "NH Kerkhof",
        "plaats_origineel": "Moordrecht (geruimd)",
        "plaats": "Moordrecht",
        "geruimd": true,
        "geruimd_bron_terrein": true,
        "geruimd_bron_ingang": true,
        "status_conflict": false,
        "oppervlakte_m2": 1991.8,
        "oppervlakte_ha": 0.1992,
        "omtrek_m": 169.46,
        "ingang": {
          "type": "Point",
          "coordinates": [
            4.670725,
            51.986566
          ]
        },
        "ingang_lon": 4.670725,
        "ingang_lat": 51.986566,
        "ingang_koppelwijze": "exact_name_place",
        "ingang_afstand_tot_terrein_m": 0.74,
        "ingang_gedeeld": false,
        "naam_bron_terrein": "NH Kerkhof",
        "naam_bron_ingang": "NH Kerkhof",
        "bron_rij_terrein": 845,
        "bron_rij_ingang": 867,
        "bron": "Begraafplaatsen Zuid-Holland",
        "source_file": "Begraafplaatsen Zuid-Holland- Zuid-Holland.csv"
      },
      "geometry": {
        "type": "Polygon",
        "coordinates": [
          [
            [
              4.6707,
              51.986583
            ],
            [
              4.670857,
              51.986525
            ],
            [
              4.670982,
              51.986498
            ],
            [
              4.671111,
              51.986479
            ],
            [
              4.671254,
              51.986478
            ],
            [
              4.671364,
              51.986503
            ],
            [
              4.671463,
              51.986551
            ],
            [
              4.671569,
              51.986601
            ],
            [
              4.671657,
              51.98665
            ],
            [
              4.671631,
              51.986735
            ],
            [
              4.671537,
              51.986804
            ],
            [
              4.671462,
              51.986853
            ],
            [
              4.671369,
              51.986884
            ],
            [
              4.671241,
              51.986883
            ],
            [
              4.671122,
              51.986864
            ],
            [
              4.670908,
              51.986767
            ],
            [
              4.6707,
              51.986583
            ]
          ]
        ]
      }
    },
    {
      "type": "Feature",
      "properties": {
        "id": "zh-0435",
        "naam": "NH kerkhof",
        "plaats_origineel": "Noordwijkerhout (geruimd)",
        "plaats": "Noordwijkerhout",
        "geruimd": true,
        "geruimd_bron_terrein": true,
        "geruimd_bron_ingang": true,
        "status_conflict": false,
        "oppervlakte_m2": 1660.82,
        "oppervlakte_ha": 0.1661,
        "omtrek_m": 149.57,
        "ingang": {
          "type": "Point",
          "coordinates": [
            4.492804,
            52.26251
          ]
        },
        "ingang_lon": 4.492804,
        "ingang_lat": 52.26251,
        "ingang_koppelwijze": "exact_name_place",
        "ingang_afstand_tot_terrein_m": 0.0,
        "ingang_gedeeld": false,
        "naam_bron_terrein": "NH kerkhof",
        "naam_bron_ingang": "NH kerkhof",
        "bron_rij_terrein": 868,
        "bron_rij_ingang": 877,
        "bron": "Begraafplaatsen Zuid-Holland",
        "source_file": "Begraafplaatsen Zuid-Holland- Zuid-Holland.csv"
      },
      "geometry": {
        "type": "Polygon",
        "coordinates": [
          [
            [
              4.49306,
              52.262734
            ],
            [
              4.492803,
              52.262533
            ],
            [
              4.492798,
              52.262508
            ],
            [
              4.492817,
              52.262475
            ],
            [
              4.492868,
              52.262447
            ],
            [
              4.492934,
              52.262427
            ],
            [
              4.493044,
              52.262396
            ],
            [
              4.493131,
              52.262378
            ],
            [
              4.493232,
              52.262371
            ],
            [
              4.493302,
              52.262369
            ],
            [
              4.493356,
              52.262374
            ],
            [
              4.493406,
              52.262387
            ],
            [
              4.493454,
              52.262407
            ],
            [
              4.493519,
              52.262445
            ],
            [
              4.493548,
              52.262473
            ],
            [
              4.493583,
              52.262514
            ],
            [
              4.493596,
              52.262562
            ],
            [
              4.493587,
              52.262599
            ],
            [
              4.493546,
              52.262636
            ],
            [
              4.493495,
              52.262675
            ],
            [
              4.493393,
              52.262717
            ],
            [
              4.49331,
              52.262731
            ],
            [
              4.493228,
              52.262746
            ],
            [
              4.493156,
              52.262749
            ],
            [
              4.493094,
              52.262747
            ],
            [
              4.49306,
              52.262734
            ]
          ]
        ]
      }
    },
    {
      "type": "Feature",
      "properties": {
        "id": "zh-0436",
        "naam": "NH kerkhof",
        "plaats_origineel": "Scheveningen (geruimd)",
        "plaats": "Scheveningen",
        "geruimd": true,
        "geruimd_bron_terrein": true,
        "geruimd_bron_ingang": true,
        "status_conflict": false,
        "oppervlakte_m2": 2614.35,
        "oppervlakte_ha": 0.2614,
        "omtrek_m": 247.34,
        "ingang": {
          "type": "Point",
          "coordinates": [
            4.273334,
            52.106584
          ]
        },
        "ingang_lon": 4.273334,
        "ingang_lat": 52.106584,
        "ingang_koppelwijze": "exact_name_place",
        "ingang_afstand_tot_terrein_m": 0.0,
        "ingang_gedeeld": false,
        "naam_bron_terrein": "NH kerkhof",
        "naam_bron_ingang": "NH kerkhof",
        "bron_rij_terrein": 869,
        "bron_rij_ingang": 878,
        "bron": "Begraafplaatsen Zuid-Holland",
        "source_file": "Begraafplaatsen Zuid-Holland- Zuid-Holland.csv"
      },
      "geometry": {
        "type": "Polygon",
        "coordinates": [
          [
            [
              4.273311,
              52.106708
            ],
            [
              4.273372,
              52.106703
            ],
            [
              4.273356,
              52.106621
            ],
            [
              4.273336,
              52.106621
            ],
            [
              4.273312,
              52.106537
            ],
            [
              4.273374,
              52.106531
            ],
            [
              4.273479,
              52.106524
            ],
            [
              4.273505,
              52.106541
            ],
            [
              4.27357,
              52.106551
            ],
            [
              4.273673,
              52.106597
            ],
            [
              4.27371,
              52.106586
            ],
            [
              4.273743,
              52.106566
            ],
            [
              4.273834,
              52.106832
            ],
            [
              4.273784,
              52.106939
            ],
            [
              4.273757,
              52.106962
            ],
            [
              4.273722,
              52.106974
            ],
            [
              4.273694,
              52.106975
            ],
            [
              4.272861,
              52.106953
            ],
            [
              4.272783,
              52.106947
            ],
            [
              4.272742,
              52.106928
            ],
            [
              4.272718,
              52.106905
            ],
            [
              4.272698,
              52.106875
            ],
            [
              4.272698,
              52.106851
            ],
            [
              4.272702,
              52.106832
            ],
            [
              4.272718,
              52.106809
            ],
            [
              4.273089,
              52.106617
            ],
            [
              4.273103,
              52.10661
            ],
            [
              4.273113,
              52.106618
            ],
            [
              4.273118,
              52.106631
            ],
            [
              4.273143,
              52.106722
            ],
            [
              4.273311,
              52.106708
            ]
          ]
        ]
      }
    },
    {
      "type": "Feature",
      "properties": {
        "id": "zh-0437",
        "naam": "Oude gem. begraafplaats",
        "plaats_origineel": "Monster (geruimd)",
        "plaats": "Monster",
        "geruimd": true,
        "geruimd_bron_terrein": true,
        "geruimd_bron_ingang": true,
        "status_conflict": false,
        "oppervlakte_m2": 1447.59,
        "oppervlakte_ha": 0.1448,
        "omtrek_m": 162.73,
        "ingang": {
          "type": "Point",
          "coordinates": [
            4.173892,
            52.025974
          ]
        },
        "ingang_lon": 4.173892,
        "ingang_lat": 52.025974,
        "ingang_koppelwijze": "exact_name_place",
        "ingang_afstand_tot_terrein_m": 0.0,
        "ingang_gedeeld": false,
        "naam_bron_terrein": "Oude gem. begraafplaats",
        "naam_bron_ingang": "Oude gem. begraafplaats",
        "bron_rij_terrein": 870,
        "bron_rij_ingang": 879,
        "bron": "Begraafplaatsen Zuid-Holland",
        "source_file": "Begraafplaatsen Zuid-Holland- Zuid-Holland.csv"
      },
      "geometry": {
        "type": "Polygon",
        "coordinates": [
          [
            [
              4.173734,
              52.025772
            ],
            [
              4.17408,
              52.025712
            ],
            [
              4.174119,
              52.025779
            ],
            [
              4.174413,
              52.026063
            ],
            [
              4.174472,
              52.026119
            ],
            [
              4.174191,
              52.026242
            ],
            [
              4.174042,
              52.026135
            ],
            [
              4.173938,
              52.026038
            ],
            [
              4.173819,
              52.025918
            ],
            [
              4.173758,
              52.025825
            ],
            [
              4.173734,
              52.025772
            ]
          ]
        ]
      }
    },
    {
      "type": "Feature",
      "properties": {
        "id": "zh-0438",
        "naam": "NH kerkhof",
        "plaats_origineel": "Brielle (geruimd)",
        "plaats": "Brielle",
        "geruimd": true,
        "geruimd_bron_terrein": true,
        "geruimd_bron_ingang": true,
        "status_conflict": false,
        "oppervlakte_m2": 7048.29,
        "oppervlakte_ha": 0.7048,
        "omtrek_m": 331.33,
        "ingang": {
          "type": "Point",
          "coordinates": [
            4.163427,
            51.902505
          ]
        },
        "ingang_lon": 4.163427,
        "ingang_lat": 51.902505,
        "ingang_koppelwijze": "exact_name_place",
        "ingang_afstand_tot_terrein_m": 0.62,
        "ingang_gedeeld": false,
        "naam_bron_terrein": "NH kerkhof",
        "naam_bron_ingang": "NH kerkhof",
        "bron_rij_terrein": 871,
        "bron_rij_ingang": 880,
        "bron": "Begraafplaatsen Zuid-Holland",
        "source_file": "Begraafplaatsen Zuid-Holland- Zuid-Holland.csv"
      },
      "geometry": {
        "type": "Polygon",
        "coordinates": [
          [
            [
              4.163115,
              51.9022
            ],
            [
              4.163234,
              51.902315
            ],
            [
              4.163369,
              51.902451
            ],
            [
              4.163438,
              51.902529
            ],
            [
              4.163453,
              51.902604
            ],
            [
              4.16344,
              51.902655
            ],
            [
              4.163372,
              51.902721
            ],
            [
              4.163258,
              51.902819
            ],
            [
              4.163143,
              51.902914
            ],
            [
              4.162965,
              51.902958
            ],
            [
              4.162795,
              51.90292
            ],
            [
              4.162072,
              51.902926
            ],
            [
              4.162014,
              51.90291
            ],
            [
              4.161926,
              51.902878
            ],
            [
              4.161656,
              51.902699
            ],
            [
              4.161633,
              51.902639
            ],
            [
              4.161638,
              51.902616
            ],
            [
              4.161658,
              51.902581
            ],
            [
              4.161678,
              51.902551
            ],
            [
              4.161735,
              51.902524
            ],
            [
              4.161808,
              51.90251
            ],
            [
              4.161939,
              51.902485
            ],
            [
              4.162201,
              51.902421
            ],
            [
              4.162419,
              51.902369
            ],
            [
              4.162547,
              51.902334
            ],
            [
              4.162786,
              51.902258
            ],
            [
              4.163012,
              51.902189
            ],
            [
              4.163115,
              51.9022
            ]
          ]
        ]
      }
    },
    {
      "type": "Feature",
      "properties": {
        "id": "zh-0439",
        "naam": "NH kerkhof",
        "plaats_origineel": "Zwartewaal (geruimd)",
        "plaats": "Zwartewaal",
        "geruimd": true,
        "geruimd_bron_terrein": true,
        "geruimd_bron_ingang": true,
        "status_conflict": false,
        "oppervlakte_m2": 2370.74,
        "oppervlakte_ha": 0.2371,
        "omtrek_m": 206.12,
        "ingang": {
          "type": "Point",
          "coordinates": [
            4.22369,
            51.883872
          ]
        },
        "ingang_lon": 4.22369,
        "ingang_lat": 51.883872,
        "ingang_koppelwijze": "exact_name_place",
        "ingang_afstand_tot_terrein_m": 0.0,
        "ingang_gedeeld": false,
        "naam_bron_terrein": "NH kerkhof",
        "naam_bron_ingang": "NH kerkhof",
        "bron_rij_terrein": 872,
        "bron_rij_ingang": 881,
        "bron": "Begraafplaatsen Zuid-Holland",
        "source_file": "Begraafplaatsen Zuid-Holland- Zuid-Holland.csv"
      },
      "geometry": {
        "type": "Polygon",
        "coordinates": [
          [
            [
              4.222799,
              51.884089
            ],
            [
              4.222775,
              51.883726
            ],
            [
              4.223538,
              51.883702
            ],
            [
              4.223556,
              51.883821
            ],
            [
              4.223694,
              51.883855
            ],
            [
              4.223691,
              51.883919
            ],
            [
              4.223536,
              51.884064
            ],
            [
              4.223196,
              51.884083
            ],
            [
              4.222963,
              51.884092
            ],
            [
              4.222926,
              51.884105
            ],
            [
              4.222897,
              51.884139
            ],
            [
              4.222842,
              51.884167
            ],
            [
              4.222779,
              51.884146
            ],
            [
              4.222799,
              51.884089
            ]
          ]
        ]
      }
    },
    {
      "type": "Feature",
      "properties": {
        "id": "zh-0440",
        "naam": "NH kerkhof",
        "plaats_origineel": "Zuidland (geruimd)",
        "plaats": "Zuidland",
        "geruimd": true,
        "geruimd_bron_terrein": true,
        "geruimd_bron_ingang": true,
        "status_conflict": false,
        "oppervlakte_m2": 2360.8,
        "oppervlakte_ha": 0.2361,
        "omtrek_m": 195.03,
        "ingang": {
          "type": "Point",
          "coordinates": [
            4.259572,
            51.822394
          ]
        },
        "ingang_lon": 4.259572,
        "ingang_lat": 51.822394,
        "ingang_koppelwijze": "exact_name_place",
        "ingang_afstand_tot_terrein_m": 0.63,
        "ingang_gedeeld": false,
        "naam_bron_terrein": "NH kerkhof",
        "naam_bron_ingang": "NH kerkhof",
        "bron_rij_terrein": 873,
        "bron_rij_ingang": 882,
        "bron": "Begraafplaatsen Zuid-Holland",
        "source_file": "Begraafplaatsen Zuid-Holland- Zuid-Holland.csv"
      },
      "geometry": {
        "type": "Polygon",
        "coordinates": [
          [
            [
              4.259642,
              51.822471
            ],
            [
              4.259586,
              51.822432
            ],
            [
              4.259574,
              51.822408
            ],
            [
              4.259707,
              51.822162
            ],
            [
              4.260067,
              51.822142
            ],
            [
              4.260346,
              51.822136
            ],
            [
              4.260515,
              51.822138
            ],
            [
              4.260602,
              51.822142
            ],
            [
              4.260539,
              51.822384
            ],
            [
              4.260469,
              51.822409
            ],
            [
              4.260478,
              51.822447
            ],
            [
              4.260286,
              51.822487
            ],
            [
              4.260176,
              51.822489
            ],
            [
              4.26003,
              51.822489
            ],
            [
              4.259898,
              51.822491
            ],
            [
              4.2598,
              51.82249
            ],
            [
              4.259694,
              51.822481
            ],
            [
              4.259642,
              51.822471
            ]
          ]
        ]
      }
    },
    {
      "type": "Feature",
      "properties": {
        "id": "zh-0441",
        "naam": "NH kerkhof",
        "plaats_origineel": "Spijkenisse (geruimd)",
        "plaats": "Spijkenisse",
        "geruimd": true,
        "geruimd_bron_terrein": true,
        "geruimd_bron_ingang": true,
        "status_conflict": false,
        "oppervlakte_m2": 2237.34,
        "oppervlakte_ha": 0.2237,
        "omtrek_m": 175.85,
        "ingang": {
          "type": "Point",
          "coordinates": [
            4.324662,
            51.850432
          ]
        },
        "ingang_lon": 4.324662,
        "ingang_lat": 51.850432,
        "ingang_koppelwijze": "exact_name_place",
        "ingang_afstand_tot_terrein_m": 0.61,
        "ingang_gedeeld": false,
        "naam_bron_terrein": "NH kerkhof",
        "naam_bron_ingang": "NH kerkhof",
        "bron_rij_terrein": 874,
        "bron_rij_ingang": 883,
        "bron": "Begraafplaatsen Zuid-Holland",
        "source_file": "Begraafplaatsen Zuid-Holland- Zuid-Holland.csv"
      },
      "geometry": {
        "type": "Polygon",
        "coordinates": [
          [
            [
              4.324649,
              51.850657
            ],
            [
              4.324651,
              51.850552
            ],
            [
              4.324662,
              51.850489
            ],
            [
              4.324671,
              51.850431
            ],
            [
              4.324698,
              51.850387
            ],
            [
              4.324749,
              51.850338
            ],
            [
              4.32483,
              51.850297
            ],
            [
              4.324945,
              51.850281
            ],
            [
              4.325076,
              51.85028
            ],
            [
              4.325193,
              51.850304
            ],
            [
              4.325278,
              51.850332
            ],
            [
              4.325364,
              51.850363
            ],
            [
              4.325411,
              51.850406
            ],
            [
              4.325452,
              51.850445
            ],
            [
              4.325479,
              51.850481
            ],
            [
              4.325479,
              51.850498
            ],
            [
              4.325423,
              51.850624
            ],
            [
              4.325367,
              51.850709
            ],
            [
              4.325345,
              51.85072
            ],
            [
              4.324857,
              51.850684
            ],
            [
              4.324709,
              51.850672
            ],
            [
              4.324649,
              51.850657
            ]
          ]
        ]
      }
    },
    {
      "type": "Feature",
      "properties": {
        "id": "zh-0442",
        "naam": "NH kerkhof",
        "plaats_origineel": "Nieuwe-Tonge (geruimd)",
        "plaats": "Nieuwe-Tonge",
        "geruimd": true,
        "geruimd_bron_terrein": true,
        "geruimd_bron_ingang": true,
        "status_conflict": false,
        "oppervlakte_m2": 2358.39,
        "oppervlakte_ha": 0.2358,
        "omtrek_m": 175.33,
        "ingang": {
          "type": "Point",
          "coordinates": [
            4.164481,
            51.713856
          ]
        },
        "ingang_lon": 4.164481,
        "ingang_lat": 51.713856,
        "ingang_koppelwijze": "exact_name_place",
        "ingang_afstand_tot_terrein_m": 0.0,
        "ingang_gedeeld": false,
        "naam_bron_terrein": "NH kerkhof",
        "naam_bron_ingang": "NH kerkhof",
        "bron_rij_terrein": 875,
        "bron_rij_ingang": 893,
        "bron": "Begraafplaatsen Zuid-Holland",
        "source_file": "Begraafplaatsen Zuid-Holland- Zuid-Holland.csv"
      },
      "geometry": {
        "type": "Polygon",
        "coordinates": [
          [
            [
              4.164801,
              51.713644
            ],
            [
              4.164881,
              51.71365
            ],
            [
              4.164961,
              51.713657
            ],
            [
              4.165069,
              51.713669
            ],
            [
              4.165173,
              51.713697
            ],
            [
              4.165231,
              51.713721
            ],
            [
              4.165295,
              51.713756
            ],
            [
              4.165319,
              51.71378
            ],
            [
              4.16534,
              51.713809
            ],
            [
              4.165354,
              51.713847
            ],
            [
              4.165348,
              51.713878
            ],
            [
              4.16534,
              51.713905
            ],
            [
              4.165303,
              51.713935
            ],
            [
              4.165275,
              51.713954
            ],
            [
              4.16523,
              51.713988
            ],
            [
              4.16515,
              51.714032
            ],
            [
              4.165075,
              51.714064
            ],
            [
              4.164993,
              51.714086
            ],
            [
              4.164914,
              51.714104
            ],
            [
              4.164844,
              51.714111
            ],
            [
              4.16478,
              51.714111
            ],
            [
              4.164744,
              51.714106
            ],
            [
              4.1647,
              51.714104
            ],
            [
              4.164641,
              51.714073
            ],
            [
              4.164586,
              51.714044
            ],
            [
              4.16455,
              51.713996
            ],
            [
              4.164507,
              51.713948
            ],
            [
              4.164487,
              51.713896
            ],
            [
              4.164479,
              51.713857
            ],
            [
              4.164506,
              51.713801
            ],
            [
              4.164528,
              51.713767
            ],
            [
              4.164563,
              51.713735
            ],
            [
              4.164615,
              51.713694
            ],
            [
              4.164685,
              51.713655
            ],
            [
              4.164801,
              51.713644
            ]
          ]
        ]
      }
    },
    {
      "type": "Feature",
      "properties": {
        "id": "zh-0443",
        "naam": "NH kerkhof",
        "plaats_origineel": "Dirksland (geruimd)",
        "plaats": "Dirksland",
        "geruimd": true,
        "geruimd_bron_terrein": true,
        "geruimd_bron_ingang": true,
        "status_conflict": false,
        "oppervlakte_m2": 4865.0,
        "oppervlakte_ha": 0.4865,
        "omtrek_m": 264.99,
        "ingang": {
          "type": "Point",
          "coordinates": [
            4.100998,
            51.747789
          ]
        },
        "ingang_lon": 4.100998,
        "ingang_lat": 51.747789,
        "ingang_koppelwijze": "exact_name_place",
        "ingang_afstand_tot_terrein_m": 0.0,
        "ingang_gedeeld": false,
        "naam_bron_terrein": "NH kerkhof",
        "naam_bron_ingang": "NH kerkhof",
        "bron_rij_terrein": 876,
        "bron_rij_ingang": 894,
        "bron": "Begraafplaatsen Zuid-Holland",
        "source_file": "Begraafplaatsen Zuid-Holland- Zuid-Holland.csv"
      },
      "geometry": {
        "type": "Polygon",
        "coordinates": [
          [
            [
              4.101227,
              51.747551
            ],
            [
              4.101373,
              51.747498
            ],
            [
              4.101503,
              51.747463
            ],
            [
              4.101653,
              51.747439
            ],
            [
              4.101761,
              51.747439
            ],
            [
              4.101836,
              51.747462
            ],
            [
              4.101913,
              51.747505
            ],
            [
              4.101949,
              51.74755
            ],
            [
              4.102011,
              51.747598
            ],
            [
              4.102112,
              51.747661
            ],
            [
              4.102036,
              51.747682
            ],
            [
              4.102093,
              51.747752
            ],
            [
              4.102249,
              51.747946
            ],
            [
              4.101856,
              51.748103
            ],
            [
              4.101866,
              51.748133
            ],
            [
              4.1018,
              51.748153
            ],
            [
              4.101655,
              51.748162
            ],
            [
              4.101576,
              51.748162
            ],
            [
              4.101467,
              51.748148
            ],
            [
              4.101394,
              51.748132
            ],
            [
              4.101341,
              51.748111
            ],
            [
              4.10129,
              51.748086
            ],
            [
              4.101226,
              51.748048
            ],
            [
              4.101171,
              51.748017
            ],
            [
              4.101122,
              51.747977
            ],
            [
              4.10108,
              51.747945
            ],
            [
              4.101042,
              51.747902
            ],
            [
              4.101017,
              51.747861
            ],
            [
              4.100995,
              51.747808
            ],
            [
              4.100996,
              51.747766
            ],
            [
              4.100986,
              51.747726
            ],
            [
              4.10102,
              51.747682
            ],
            [
              4.101056,
              51.747633
            ],
            [
              4.101227,
              51.747551
            ]
          ]
        ]
      }
    },
    {
      "type": "Feature",
      "properties": {
        "id": "zh-0444",
        "naam": "NH kerkhof",
        "plaats_origineel": "Oude-Tonge (geruimd)",
        "plaats": "Oude-Tonge",
        "geruimd": true,
        "geruimd_bron_terrein": true,
        "geruimd_bron_ingang": true,
        "status_conflict": false,
        "oppervlakte_m2": 3464.25,
        "oppervlakte_ha": 0.3464,
        "omtrek_m": 224.43,
        "ingang": {
          "type": "Point",
          "coordinates": [
            4.212072,
            51.690882
          ]
        },
        "ingang_lon": 4.212072,
        "ingang_lat": 51.690882,
        "ingang_koppelwijze": "exact_name_place",
        "ingang_afstand_tot_terrein_m": 0.0,
        "ingang_gedeeld": false,
        "naam_bron_terrein": "NH kerkhof",
        "naam_bron_ingang": "NH kerkhof",
        "bron_rij_terrein": 884,
        "bron_rij_ingang": 895,
        "bron": "Begraafplaatsen Zuid-Holland",
        "source_file": "Begraafplaatsen Zuid-Holland- Zuid-Holland.csv"
      },
      "geometry": {
        "type": "Polygon",
        "coordinates": [
          [
            [
              4.21223,
              51.6907
            ],
            [
              4.212308,
              51.690681
            ],
            [
              4.21232,
              51.690709
            ],
            [
              4.21258,
              51.690675
            ],
            [
              4.21257,
              51.690649
            ],
            [
              4.212841,
              51.690618
            ],
            [
              4.212918,
              51.690621
            ],
            [
              4.21296,
              51.690638
            ],
            [
              4.213022,
              51.690662
            ],
            [
              4.213209,
              51.69085
            ],
            [
              4.213222,
              51.690879
            ],
            [
              4.213212,
              51.690922
            ],
            [
              4.213193,
              51.690963
            ],
            [
              4.21317,
              51.690996
            ],
            [
              4.213067,
              51.691056
            ],
            [
              4.212973,
              51.691098
            ],
            [
              4.212903,
              51.691119
            ],
            [
              4.212834,
              51.691127
            ],
            [
              4.212417,
              51.69113
            ],
            [
              4.212342,
              51.691113
            ],
            [
              4.212287,
              51.691086
            ],
            [
              4.212255,
              51.691067
            ],
            [
              4.212183,
              51.691002
            ],
            [
              4.212103,
              51.690939
            ],
            [
              4.212069,
              51.690904
            ],
            [
              4.212062,
              51.690884
            ],
            [
              4.212068,
              51.690853
            ],
            [
              4.21207,
              51.690823
            ],
            [
              4.212093,
              51.690785
            ],
            [
              4.212121,
              51.690758
            ],
            [
              4.212163,
              51.690732
            ],
            [
              4.21223,
              51.6907
            ]
          ]
        ]
      }
    },
    {
      "type": "Feature",
      "properties": {
        "id": "zh-0445",
        "naam": "NH kerkhof",
        "plaats_origineel": "Hoogblokland",
        "plaats": "Hoogblokland",
        "geruimd": false,
        "geruimd_bron_terrein": false,
        "geruimd_bron_ingang": false,
        "status_conflict": false,
        "oppervlakte_m2": 1710.98,
        "oppervlakte_ha": 0.1711,
        "omtrek_m": 164.67,
        "ingang": {
          "type": "Point",
          "coordinates": [
            4.974471,
            51.874057
          ]
        },
        "ingang_lon": 4.974471,
        "ingang_lat": 51.874057,
        "ingang_koppelwijze": "exact_name_place",
        "ingang_afstand_tot_terrein_m": 0.0,
        "ingang_gedeeld": false,
        "naam_bron_terrein": "NH kerkhof",
        "naam_bron_ingang": "NH kerkhof",
        "bron_rij_terrein": 885,
        "bron_rij_ingang": 896,
        "bron": "Begraafplaatsen Zuid-Holland",
        "source_file": "Begraafplaatsen Zuid-Holland- Zuid-Holland.csv"
      },
      "geometry": {
        "type": "Polygon",
        "coordinates": [
          [
            [
              4.97461,
              51.873653
            ],
            [
              4.974631,
              51.873681
            ],
            [
              4.974953,
              51.8738
            ],
            [
              4.975068,
              51.873921
            ],
            [
              4.97459,
              51.874088
            ],
            [
              4.974543,
              51.874103
            ],
            [
              4.974503,
              51.874107
            ],
            [
              4.974467,
              51.874108
            ],
            [
              4.974443,
              51.874102
            ],
            [
              4.974415,
              51.874094
            ],
            [
              4.974407,
              51.874085
            ],
            [
              4.974402,
              51.874062
            ],
            [
              4.974372,
              51.873991
            ],
            [
              4.974262,
              51.873706
            ],
            [
              4.97461,
              51.873653
            ]
          ]
        ]
      }
    },
    {
      "type": "Feature",
      "properties": {
        "id": "zh-0446",
        "naam": "NH kerkhof",
        "plaats_origineel": "Puttershoek (geruimd)",
        "plaats": "Puttershoek",
        "geruimd": true,
        "geruimd_bron_terrein": true,
        "geruimd_bron_ingang": true,
        "status_conflict": false,
        "oppervlakte_m2": 1871.89,
        "oppervlakte_ha": 0.1872,
        "omtrek_m": 175.29,
        "ingang": {
          "type": "Point",
          "coordinates": [
            4.575411,
            51.806211
          ]
        },
        "ingang_lon": 4.575411,
        "ingang_lat": 51.806211,
        "ingang_koppelwijze": "exact_name_place",
        "ingang_afstand_tot_terrein_m": 0.0,
        "ingang_gedeeld": false,
        "naam_bron_terrein": "NH kerkhof",
        "naam_bron_ingang": "NH kerkhof",
        "bron_rij_terrein": 886,
        "bron_rij_ingang": 897,
        "bron": "Begraafplaatsen Zuid-Holland",
        "source_file": "Begraafplaatsen Zuid-Holland- Zuid-Holland.csv"
      },
      "geometry": {
        "type": "Polygon",
        "coordinates": [
          [
            [
              4.5762,
              51.806198
            ],
            [
              4.575609,
              51.806372
            ],
            [
              4.575232,
              51.806105
            ],
            [
              4.575859,
              51.805892
            ],
            [
              4.5762,
              51.806198
            ]
          ]
        ]
      }
    },
    {
      "type": "Feature",
      "properties": {
        "id": "zh-0447",
        "naam": "Natuurbegraafplaats Zomerlanden",
        "plaats_origineel": "Heinenoord",
        "plaats": "Heinenoord",
        "geruimd": false,
        "geruimd_bron_terrein": false,
        "geruimd_bron_ingang": false,
        "status_conflict": false,
        "oppervlakte_m2": 94306.37,
        "oppervlakte_ha": 9.4306,
        "omtrek_m": 1396.6,
        "ingang": {
          "type": "Point",
          "coordinates": [
            4.526493,
            51.825857
          ]
        },
        "ingang_lon": 4.526493,
        "ingang_lat": 51.825857,
        "ingang_koppelwijze": "exact_name_place",
        "ingang_afstand_tot_terrein_m": 0.0,
        "ingang_gedeeld": false,
        "naam_bron_terrein": "Natuurbegraafplaats Zomerlanden",
        "naam_bron_ingang": "Natuurbegraafplaats Zomerlanden",
        "bron_rij_terrein": 887,
        "bron_rij_ingang": 898,
        "bron": "Begraafplaatsen Zuid-Holland",
        "source_file": "Begraafplaatsen Zuid-Holland- Zuid-Holland.csv"
      },
      "geometry": {
        "type": "Polygon",
        "coordinates": [
          [
            [
              4.526618,
              51.826112
            ],
            [
              4.526673,
              51.826599
            ],
            [
              4.521202,
              51.827293
            ],
            [
              4.519312,
              51.827787
            ],
            [
              4.519595,
              51.82577
            ],
            [
              4.520154,
              51.825714
            ],
            [
              4.520594,
              51.825635
            ],
            [
              4.520879,
              51.825574
            ],
            [
              4.526117,
              51.824968
            ],
            [
              4.526618,
              51.826112
            ]
          ]
        ]
      }
    },
    {
      "type": "Feature",
      "properties": {
        "id": "zh-0448",
        "naam": "NH kerkhof",
        "plaats_origineel": "Heenvliet",
        "plaats": "Heenvliet",
        "geruimd": false,
        "geruimd_bron_terrein": false,
        "geruimd_bron_ingang": false,
        "status_conflict": false,
        "oppervlakte_m2": 2984.67,
        "oppervlakte_ha": 0.2985,
        "omtrek_m": 215.69,
        "ingang": {
          "type": "Point",
          "coordinates": [
            4.243465,
            51.864538
          ]
        },
        "ingang_lon": 4.243465,
        "ingang_lat": 51.864538,
        "ingang_koppelwijze": "exact_name_place",
        "ingang_afstand_tot_terrein_m": 0.0,
        "ingang_gedeeld": false,
        "naam_bron_terrein": "NH kerkhof",
        "naam_bron_ingang": "NH kerkhof",
        "bron_rij_terrein": 888,
        "bron_rij_ingang": 899,
        "bron": "Begraafplaatsen Zuid-Holland",
        "source_file": "Begraafplaatsen Zuid-Holland- Zuid-Holland.csv"
      },
      "geometry": {
        "type": "Polygon",
        "coordinates": [
          [
            [
              4.244432,
              51.864506
            ],
            [
              4.243588,
              51.864701
            ],
            [
              4.243307,
              51.864329
            ],
            [
              4.243585,
              51.864226
            ],
            [
              4.243956,
              51.864167
            ],
            [
              4.244091,
              51.864149
            ],
            [
              4.2442,
              51.864155
            ],
            [
              4.244432,
              51.864506
            ]
          ]
        ]
      }
    },
    {
      "type": "Feature",
      "properties": {
        "id": "zh-0449",
        "naam": "NH kerkhof",
        "plaats_origineel": "Bergambacht (geruimd)",
        "plaats": "Bergambacht",
        "geruimd": true,
        "geruimd_bron_terrein": true,
        "geruimd_bron_ingang": true,
        "status_conflict": false,
        "oppervlakte_m2": 1792.26,
        "oppervlakte_ha": 0.1792,
        "omtrek_m": 157.73,
        "ingang": {
          "type": "Point",
          "coordinates": [
            4.782701,
            51.931396
          ]
        },
        "ingang_lon": 4.782701,
        "ingang_lat": 51.931396,
        "ingang_koppelwijze": "exact_name_place",
        "ingang_afstand_tot_terrein_m": 0.0,
        "ingang_gedeeld": false,
        "naam_bron_terrein": "NH kerkhof",
        "naam_bron_ingang": "NH kerkhof",
        "bron_rij_terrein": 889,
        "bron_rij_ingang": 900,
        "bron": "Begraafplaatsen Zuid-Holland",
        "source_file": "Begraafplaatsen Zuid-Holland- Zuid-Holland.csv"
      },
      "geometry": {
        "type": "Polygon",
        "coordinates": [
          [
            [
              4.782518,
              51.931423
            ],
            [
              4.782579,
              51.931406
            ],
            [
              4.782685,
              51.931394
            ],
            [
              4.78278,
              51.931396
            ],
            [
              4.782893,
              51.931401
            ],
            [
              4.782966,
              51.931413
            ],
            [
              4.783075,
              51.931435
            ],
            [
              4.783117,
              51.931455
            ],
            [
              4.783133,
              51.931476
            ],
            [
              4.783138,
              51.931514
            ],
            [
              4.783144,
              51.931551
            ],
            [
              4.783144,
              51.931606
            ],
            [
              4.783124,
              51.93165
            ],
            [
              4.783025,
              51.931678
            ],
            [
              4.782939,
              51.931709
            ],
            [
              4.782833,
              51.931727
            ],
            [
              4.782722,
              51.931741
            ],
            [
              4.782567,
              51.931747
            ],
            [
              4.782479,
              51.931746
            ],
            [
              4.782385,
              51.931729
            ],
            [
              4.782361,
              51.931709
            ],
            [
              4.782345,
              51.931663
            ],
            [
              4.78234,
              51.93164
            ],
            [
              4.782343,
              51.931611
            ],
            [
              4.782344,
              51.931574
            ],
            [
              4.78236,
              51.931529
            ],
            [
              4.782381,
              51.931504
            ],
            [
              4.782425,
              51.931469
            ],
            [
              4.782477,
              51.931446
            ],
            [
              4.782518,
              51.931423
            ]
          ]
        ]
      }
    },
    {
      "type": "Feature",
      "properties": {
        "id": "zh-0450",
        "naam": "NH kerkhof",
        "plaats_origineel": "Schipluiden (geruimd)",
        "plaats": "Schipluiden",
        "geruimd": true,
        "geruimd_bron_terrein": true,
        "geruimd_bron_ingang": true,
        "status_conflict": false,
        "oppervlakte_m2": 236.25,
        "oppervlakte_ha": 0.0236,
        "omtrek_m": 85.54,
        "ingang": {
          "type": "Point",
          "coordinates": [
            4.317074,
            51.977994
          ]
        },
        "ingang_lon": 4.317074,
        "ingang_lat": 51.977994,
        "ingang_koppelwijze": "exact_name_place",
        "ingang_afstand_tot_terrein_m": 1.45,
        "ingang_gedeeld": false,
        "naam_bron_terrein": "NH kerkhof",
        "naam_bron_ingang": "NH kerkhof",
        "bron_rij_terrein": 890,
        "bron_rij_ingang": 901,
        "bron": "Begraafplaatsen Zuid-Holland",
        "source_file": "Begraafplaatsen Zuid-Holland- Zuid-Holland.csv"
      },
      "geometry": {
        "type": "Polygon",
        "coordinates": [
          [
            [
              4.316806,
              51.978064
            ],
            [
              4.316808,
              51.978048
            ],
            [
              4.316839,
              51.97803
            ],
            [
              4.317072,
              51.978007
            ],
            [
              4.317115,
              51.978009
            ],
            [
              4.317148,
              51.978015
            ],
            [
              4.317177,
              51.978026
            ],
            [
              4.31723,
              51.978059
            ],
            [
              4.317332,
              51.978154
            ],
            [
              4.317309,
              51.978155
            ],
            [
              4.3173,
              51.978148
            ],
            [
              4.31725,
              51.978121
            ],
            [
              4.317135,
              51.978109
            ],
            [
              4.317122,
              51.978093
            ],
            [
              4.316806,
              51.978064
            ]
          ]
        ]
      }
    },
    {
      "type": "Feature",
      "properties": {
        "id": "zh-0451",
        "naam": "Asurn Hazelhoff Roelfsema bij monument gevallenen Wassenaarseslag",
        "plaats_origineel": "Wassenaar",
        "plaats": "Wassenaar",
        "geruimd": false,
        "geruimd_bron_terrein": false,
        "geruimd_bron_ingang": false,
        "status_conflict": false,
        "oppervlakte_m2": 15.84,
        "oppervlakte_ha": 0.0016,
        "omtrek_m": 15.95,
        "ingang": {
          "type": "Point",
          "coordinates": [
            4.376664,
            52.126905
          ]
        },
        "ingang_lon": 4.376664,
        "ingang_lat": 52.126905,
        "ingang_koppelwijze": "exact_name_place",
        "ingang_afstand_tot_terrein_m": 0.34,
        "ingang_gedeeld": false,
        "naam_bron_terrein": "Asurn Hazelhoff Roelfsema bij monument gevallenen Wassenaarseslag",
        "naam_bron_ingang": "Asurn Hazelhoff Roelfsema bij monument gevallenen Wassenaarseslag",
        "bron_rij_terrein": 891,
        "bron_rij_ingang": 902,
        "bron": "Begraafplaatsen Zuid-Holland",
        "source_file": "Begraafplaatsen Zuid-Holland- Zuid-Holland.csv"
      },
      "geometry": {
        "type": "Polygon",
        "coordinates": [
          [
            [
              4.3766,
              52.12692
            ],
            [
              4.376642,
              52.126896
            ],
            [
              4.376685,
              52.126922
            ],
            [
              4.376645,
              52.126945
            ],
            [
              4.3766,
              52.12692
            ]
          ]
        ]
      }
    },
    {
      "type": "Feature",
      "properties": {
        "id": "zh-0452",
        "naam": "NH kerkhof",
        "plaats_origineel": "Bodegraven",
        "plaats": "Bodegraven",
        "geruimd": false,
        "geruimd_bron_terrein": false,
        "geruimd_bron_ingang": false,
        "status_conflict": false,
        "oppervlakte_m2": 1167.04,
        "oppervlakte_ha": 0.1167,
        "omtrek_m": 158.22,
        "ingang": {
          "type": "Point",
          "coordinates": [
            4.744566,
            52.086163
          ]
        },
        "ingang_lon": 4.744566,
        "ingang_lat": 52.086163,
        "ingang_koppelwijze": "exact_name_place",
        "ingang_afstand_tot_terrein_m": 0.01,
        "ingang_gedeeld": false,
        "naam_bron_terrein": "NH kerkhof",
        "naam_bron_ingang": "NH kerkhof",
        "bron_rij_terrein": 892,
        "bron_rij_ingang": 907,
        "bron": "Begraafplaatsen Zuid-Holland",
        "source_file": "Begraafplaatsen Zuid-Holland- Zuid-Holland.csv"
      },
      "geometry": {
        "type": "Polygon",
        "coordinates": [
          [
            [
              4.744944,
              52.086147
            ],
            [
              4.74495,
              52.086109
            ],
            [
              4.745037,
              52.086121
            ],
            [
              4.745031,
              52.086165
            ],
            [
              4.745117,
              52.086163
            ],
            [
              4.745127,
              52.086137
            ],
            [
              4.745163,
              52.086136
            ],
            [
              4.745206,
              52.086114
            ],
            [
              4.745276,
              52.086141
            ],
            [
              4.745319,
              52.086184
            ],
            [
              4.74514,
              52.086273
            ],
            [
              4.745019,
              52.086326
            ],
            [
              4.744885,
              52.086379
            ],
            [
              4.744675,
              52.086451
            ],
            [
              4.744568,
              52.086362
            ],
            [
              4.744532,
              52.086299
            ],
            [
              4.744572,
              52.08614
            ],
            [
              4.744944,
              52.086147
            ]
          ]
        ]
      }
    },
    {
      "type": "Feature",
      "properties": {
        "id": "zh-0453",
        "naam": "NH kerkhof",
        "plaats_origineel": "Haastrecht (geruimd)",
        "plaats": "Haastrecht",
        "geruimd": true,
        "geruimd_bron_terrein": true,
        "geruimd_bron_ingang": true,
        "status_conflict": false,
        "oppervlakte_m2": 208.12,
        "oppervlakte_ha": 0.0208,
        "omtrek_m": 67.7,
        "ingang": {
          "type": "Point",
          "coordinates": [
            4.774338,
            52.000796
          ]
        },
        "ingang_lon": 4.774338,
        "ingang_lat": 52.000796,
        "ingang_koppelwijze": "exact_name_place",
        "ingang_afstand_tot_terrein_m": 1.38,
        "ingang_gedeeld": false,
        "naam_bron_terrein": "NH kerkhof",
        "naam_bron_ingang": "NH kerkhof",
        "bron_rij_terrein": 903,
        "bron_rij_ingang": 908,
        "bron": "Begraafplaatsen Zuid-Holland",
        "source_file": "Begraafplaatsen Zuid-Holland- Zuid-Holland.csv"
      },
      "geometry": {
        "type": "Polygon",
        "coordinates": [
          [
            [
              4.774317,
              52.000807
            ],
            [
              4.774372,
              52.000811
            ],
            [
              4.774366,
              52.000839
            ],
            [
              4.774405,
              52.000843
            ],
            [
              4.774454,
              52.000855
            ],
            [
              4.774489,
              52.000872
            ],
            [
              4.774501,
              52.000896
            ],
            [
              4.774497,
              52.000932
            ],
            [
              4.774482,
              52.000954
            ],
            [
              4.774456,
              52.00098
            ],
            [
              4.774413,
              52.000994
            ],
            [
              4.77437,
              52.000997
            ],
            [
              4.774281,
              52.000994
            ],
            [
              4.77429,
              52.000948
            ],
            [
              4.774325,
              52.000952
            ],
            [
              4.774339,
              52.000886
            ],
            [
              4.774301,
              52.000882
            ],
            [
              4.774317,
              52.000807
            ]
          ]
        ]
      }
    },
    {
      "type": "Feature",
      "properties": {
        "id": "zh-0454",
        "naam": "NH kerkhof",
        "plaats_origineel": "Stad aan 't Haringvliet",
        "plaats": "Stad aan 't Haringvliet",
        "geruimd": false,
        "geruimd_bron_terrein": false,
        "geruimd_bron_ingang": false,
        "status_conflict": false,
        "oppervlakte_m2": 1018.06,
        "oppervlakte_ha": 0.1018,
        "omtrek_m": 130.63,
        "ingang": {
          "type": "Point",
          "coordinates": [
            4.241711,
            51.739047
          ]
        },
        "ingang_lon": 4.241711,
        "ingang_lat": 51.739047,
        "ingang_koppelwijze": "exact_name_place",
        "ingang_afstand_tot_terrein_m": 0.0,
        "ingang_gedeeld": false,
        "naam_bron_terrein": "NH kerkhof",
        "naam_bron_ingang": "NH kerkhof",
        "bron_rij_terrein": 904,
        "bron_rij_ingang": 909,
        "bron": "Begraafplaatsen Zuid-Holland",
        "source_file": "Begraafplaatsen Zuid-Holland- Zuid-Holland.csv"
      },
      "geometry": {
        "type": "Polygon",
        "coordinates": [
          [
            [
              4.241864,
              51.73892
            ],
            [
              4.241523,
              51.739224
            ],
            [
              4.24125,
              51.738993
            ],
            [
              4.241401,
              51.738807
            ],
            [
              4.241864,
              51.73892
            ]
          ]
        ]
      }
    },
    {
      "type": "Feature",
      "properties": {
        "id": "zh-0455",
        "naam": "NH kerkhof",
        "plaats_origineel": "Ridderkerk (geruimd)",
        "plaats": "Ridderkerk",
        "geruimd": true,
        "geruimd_bron_terrein": true,
        "geruimd_bron_ingang": true,
        "status_conflict": false,
        "oppervlakte_m2": 2310.58,
        "oppervlakte_ha": 0.2311,
        "omtrek_m": 176.48,
        "ingang": {
          "type": "Point",
          "coordinates": [
            4.602759,
            51.870672
          ]
        },
        "ingang_lon": 4.602759,
        "ingang_lat": 51.870672,
        "ingang_koppelwijze": "exact_name_place",
        "ingang_afstand_tot_terrein_m": 0.9,
        "ingang_gedeeld": false,
        "naam_bron_terrein": "NH kerkhof",
        "naam_bron_ingang": "NH kerkhof",
        "bron_rij_terrein": 905,
        "bron_rij_ingang": 910,
        "bron": "Begraafplaatsen Zuid-Holland",
        "source_file": "Begraafplaatsen Zuid-Holland- Zuid-Holland.csv"
      },
      "geometry": {
        "type": "Polygon",
        "coordinates": [
          [
            [
              4.601848,
              51.870623
            ],
            [
              4.601905,
              51.870558
            ],
            [
              4.601942,
              51.870525
            ],
            [
              4.601991,
              51.870496
            ],
            [
              4.602045,
              51.870475
            ],
            [
              4.60213,
              51.870471
            ],
            [
              4.602195,
              51.870474
            ],
            [
              4.602275,
              51.870479
            ],
            [
              4.602415,
              51.87051
            ],
            [
              4.602528,
              51.870537
            ],
            [
              4.602604,
              51.870558
            ],
            [
              4.602661,
              51.870586
            ],
            [
              4.602716,
              51.870636
            ],
            [
              4.602746,
              51.870672
            ],
            [
              4.602743,
              51.870731
            ],
            [
              4.602739,
              51.870773
            ],
            [
              4.602685,
              51.870809
            ],
            [
              4.602628,
              51.870834
            ],
            [
              4.602563,
              51.870858
            ],
            [
              4.602462,
              51.870871
            ],
            [
              4.602328,
              51.870884
            ],
            [
              4.602189,
              51.870883
            ],
            [
              4.602071,
              51.870875
            ],
            [
              4.601998,
              51.870865
            ],
            [
              4.60192,
              51.870842
            ],
            [
              4.601879,
              51.870804
            ],
            [
              4.601829,
              51.870743
            ],
            [
              4.601823,
              51.870703
            ],
            [
              4.601848,
              51.870623
            ]
          ]
        ]
      }
    },
    {
      "type": "Feature",
      "properties": {
        "id": "zh-0456",
        "naam": "NH kerkhof",
        "plaats_origineel": "Hendrik-Ido-Ambacht (geruimd)",
        "plaats": "Hendrik-Ido-Ambacht",
        "geruimd": true,
        "geruimd_bron_terrein": true,
        "geruimd_bron_ingang": true,
        "status_conflict": false,
        "oppervlakte_m2": 1262.37,
        "oppervlakte_ha": 0.1262,
        "omtrek_m": 152.96,
        "ingang": {
          "type": "Point",
          "coordinates": [
            4.631212,
            51.849911
          ]
        },
        "ingang_lon": 4.631212,
        "ingang_lat": 51.849911,
        "ingang_koppelwijze": "exact_name_place",
        "ingang_afstand_tot_terrein_m": 0.0,
        "ingang_gedeeld": false,
        "naam_bron_terrein": "NH kerkhof",
        "naam_bron_ingang": "NH kerkhof",
        "bron_rij_terrein": 906,
        "bron_rij_ingang": 918,
        "bron": "Begraafplaatsen Zuid-Holland",
        "source_file": "Begraafplaatsen Zuid-Holland- Zuid-Holland.csv"
      },
      "geometry": {
        "type": "Polygon",
        "coordinates": [
          [
            [
              4.630962,
              51.849711
            ],
            [
              4.631264,
              51.849585
            ],
            [
              4.631315,
              51.849626
            ],
            [
              4.631375,
              51.849597
            ],
            [
              4.63147,
              51.849672
            ],
            [
              4.631571,
              51.849625
            ],
            [
              4.631781,
              51.849798
            ],
            [
              4.631244,
              51.849949
            ],
            [
              4.630962,
              51.849711
            ]
          ]
        ]
      }
    },
    {
      "type": "Feature",
      "properties": {
        "id": "zh-0457",
        "naam": "NH kerkhof",
        "plaats_origineel": "Westmaas (geruimd)",
        "plaats": "Westmaas",
        "geruimd": true,
        "geruimd_bron_terrein": true,
        "geruimd_bron_ingang": true,
        "status_conflict": false,
        "oppervlakte_m2": 1549.81,
        "oppervlakte_ha": 0.155,
        "omtrek_m": 160.01,
        "ingang": {
          "type": "Point",
          "coordinates": [
            4.473718,
            51.788014
          ]
        },
        "ingang_lon": 4.473718,
        "ingang_lat": 51.788014,
        "ingang_koppelwijze": "exact_name_place",
        "ingang_afstand_tot_terrein_m": 0.0,
        "ingang_gedeeld": false,
        "naam_bron_terrein": "NH kerkhof",
        "naam_bron_ingang": "NH kerkhof",
        "bron_rij_terrein": 911,
        "bron_rij_ingang": 919,
        "bron": "Begraafplaatsen Zuid-Holland",
        "source_file": "Begraafplaatsen Zuid-Holland- Zuid-Holland.csv"
      },
      "geometry": {
        "type": "Polygon",
        "coordinates": [
          [
            [
              4.474422,
              51.788117
            ],
            [
              4.473738,
              51.788174
            ],
            [
              4.473691,
              51.787878
            ],
            [
              4.47436,
              51.787825
            ],
            [
              4.474422,
              51.788117
            ]
          ]
        ]
      }
    },
    {
      "type": "Feature",
      "properties": {
        "id": "zh-0458",
        "naam": "NH kerkhof",
        "plaats_origineel": "Klaaswaal (geruimd)",
        "plaats": "Klaaswaal",
        "geruimd": true,
        "geruimd_bron_terrein": true,
        "geruimd_bron_ingang": true,
        "status_conflict": false,
        "oppervlakte_m2": 852.63,
        "oppervlakte_ha": 0.0853,
        "omtrek_m": 127.06,
        "ingang": {
          "type": "Point",
          "coordinates": [
            4.445323,
            51.769869
          ]
        },
        "ingang_lon": 4.445323,
        "ingang_lat": 51.769869,
        "ingang_koppelwijze": "exact_name_place",
        "ingang_afstand_tot_terrein_m": 2.01,
        "ingang_gedeeld": false,
        "naam_bron_terrein": "NH kerkhof",
        "naam_bron_ingang": "NH kerkhof",
        "bron_rij_terrein": 912,
        "bron_rij_ingang": 920,
        "bron": "Begraafplaatsen Zuid-Holland",
        "source_file": "Begraafplaatsen Zuid-Holland- Zuid-Holland.csv"
      },
      "geometry": {
        "type": "Polygon",
        "coordinates": [
          [
            [
              4.445455,
              51.769893
            ],
            [
              4.445455,
              51.770074
            ],
            [
              4.445251,
              51.770056
            ],
            [
              4.444796,
              51.770063
            ],
            [
              4.444867,
              51.769883
            ],
            [
              4.445098,
              51.769877
            ],
            [
              4.445455,
              51.769893
            ]
          ]
        ]
      }
    },
    {
      "type": "Feature",
      "properties": {
        "id": "zh-0459",
        "naam": "NH kerkhof",
        "plaats_origineel": "Oud-Beijerland (geruimd)",
        "plaats": "Oud-Beijerland",
        "geruimd": true,
        "geruimd_bron_terrein": true,
        "geruimd_bron_ingang": true,
        "status_conflict": false,
        "oppervlakte_m2": 2401.56,
        "oppervlakte_ha": 0.2402,
        "omtrek_m": 197.17,
        "ingang": {
          "type": "Point",
          "coordinates": [
            4.411142,
            51.824468
          ]
        },
        "ingang_lon": 4.411142,
        "ingang_lat": 51.824468,
        "ingang_koppelwijze": "exact_name_place",
        "ingang_afstand_tot_terrein_m": 0.62,
        "ingang_gedeeld": false,
        "naam_bron_terrein": "NH kerkhof",
        "naam_bron_ingang": "NH kerkhof",
        "bron_rij_terrein": 913,
        "bron_rij_ingang": 921,
        "bron": "Begraafplaatsen Zuid-Holland",
        "source_file": "Begraafplaatsen Zuid-Holland- Zuid-Holland.csv"
      },
      "geometry": {
        "type": "Polygon",
        "coordinates": [
          [
            [
              4.41194,
              51.824255
            ],
            [
              4.411879,
              51.824524
            ],
            [
              4.411813,
              51.82471
            ],
            [
              4.411776,
              51.824739
            ],
            [
              4.411108,
              51.824718
            ],
            [
              4.411172,
              51.824346
            ],
            [
              4.41194,
              51.824255
            ]
          ]
        ]
      }
    },
    {
      "type": "Feature",
      "properties": {
        "id": "zh-0460",
        "naam": "NH kerkhof",
        "plaats_origineel": "Woubrugge (geruimd)",
        "plaats": "Woubrugge",
        "geruimd": true,
        "geruimd_bron_terrein": true,
        "geruimd_bron_ingang": true,
        "status_conflict": false,
        "oppervlakte_m2": 1183.59,
        "oppervlakte_ha": 0.1184,
        "omtrek_m": 145.81,
        "ingang": {
          "type": "Point",
          "coordinates": [
            4.638573,
            52.167012
          ]
        },
        "ingang_lon": 4.638573,
        "ingang_lat": 52.167012,
        "ingang_koppelwijze": "exact_name_place",
        "ingang_afstand_tot_terrein_m": 0.0,
        "ingang_gedeeld": false,
        "naam_bron_terrein": "NH kerkhof",
        "naam_bron_ingang": "NH kerkhof",
        "bron_rij_terrein": 914,
        "bron_rij_ingang": 922,
        "bron": "Begraafplaatsen Zuid-Holland",
        "source_file": "Begraafplaatsen Zuid-Holland- Zuid-Holland.csv"
      },
      "geometry": {
        "type": "Polygon",
        "coordinates": [
          [
            [
              4.637849,
              52.167
            ],
            [
              4.637895,
              52.166885
            ],
            [
              4.638618,
              52.166987
            ],
            [
              4.638459,
              52.167188
            ],
            [
              4.637814,
              52.167105
            ],
            [
              4.637849,
              52.167
            ]
          ]
        ]
      }
    },
    {
      "type": "Feature",
      "properties": {
        "id": "zh-0461",
        "naam": "NH Kerkhof Cillaarshoek",
        "plaats_origineel": "Strijen (geruimd)",
        "plaats": "Strijen",
        "geruimd": true,
        "geruimd_bron_terrein": true,
        "geruimd_bron_ingang": true,
        "status_conflict": false,
        "oppervlakte_m2": 423.86,
        "oppervlakte_ha": 0.0424,
        "omtrek_m": 133.02,
        "ingang": {
          "type": "Point",
          "coordinates": [
            4.547064,
            51.77275
          ]
        },
        "ingang_lon": 4.547064,
        "ingang_lat": 51.77275,
        "ingang_koppelwijze": "exact_name_place",
        "ingang_afstand_tot_terrein_m": 0.0,
        "ingang_gedeeld": false,
        "naam_bron_terrein": "NH Kerkhof Cillaarshoek",
        "naam_bron_ingang": "NH Kerkhof Cillaarshoek",
        "bron_rij_terrein": 915,
        "bron_rij_ingang": 923,
        "bron": "Begraafplaatsen Zuid-Holland",
        "source_file": "Begraafplaatsen Zuid-Holland- Zuid-Holland.csv"
      },
      "geometry": {
        "type": "Polygon",
        "coordinates": [
          [
            [
              4.5471,
              51.772675
            ],
            [
              4.547067,
              51.772793
            ],
            [
              4.547008,
              51.772896
            ],
            [
              4.546746,
              51.772847
            ],
            [
              4.546746,
              51.772818
            ],
            [
              4.547003,
              51.772806
            ],
            [
              4.546996,
              51.772734
            ],
            [
              4.546704,
              51.77273
            ],
            [
              4.546696,
              51.772659
            ],
            [
              4.547102,
              51.772644
            ],
            [
              4.5471,
              51.772675
            ]
          ]
        ]
      }
    },
    {
      "type": "Feature",
      "properties": {
        "id": "zh-0462",
        "naam": "NH kerkhof",
        "plaats_origineel": "Mijnsheerenland (geruimd)",
        "plaats": "Mijnsheerenland",
        "geruimd": true,
        "geruimd_bron_terrein": true,
        "geruimd_bron_ingang": true,
        "status_conflict": false,
        "oppervlakte_m2": 2856.05,
        "oppervlakte_ha": 0.2856,
        "omtrek_m": 216.96,
        "ingang": {
          "type": "Point",
          "coordinates": [
            4.492946,
            51.797746
          ]
        },
        "ingang_lon": 4.492946,
        "ingang_lat": 51.797746,
        "ingang_koppelwijze": "exact_name_place",
        "ingang_afstand_tot_terrein_m": 1.84,
        "ingang_gedeeld": false,
        "naam_bron_terrein": "NH kerkhof",
        "naam_bron_ingang": "NH kerkhof",
        "bron_rij_terrein": 916,
        "bron_rij_ingang": 924,
        "bron": "Begraafplaatsen Zuid-Holland",
        "source_file": "Begraafplaatsen Zuid-Holland- Zuid-Holland.csv"
      },
      "geometry": {
        "type": "Polygon",
        "coordinates": [
          [
            [
              4.492838,
              51.797785
            ],
            [
              4.493393,
              51.797674
            ],
            [
              4.493586,
              51.798048
            ],
            [
              4.492718,
              51.798239
            ],
            [
              4.492501,
              51.797859
            ],
            [
              4.492838,
              51.797785
            ]
          ]
        ]
      }
    },
    {
      "type": "Feature",
      "properties": {
        "id": "zh-0463",
        "naam": "Gemeentelijke begraafplaats Kleistee",
        "plaats_origineel": "Ouddorp",
        "plaats": "Ouddorp",
        "geruimd": false,
        "geruimd_bron_terrein": false,
        "geruimd_bron_ingang": false,
        "status_conflict": false,
        "oppervlakte_m2": 32175.1,
        "oppervlakte_ha": 3.2175,
        "omtrek_m": 804.98,
        "ingang": {
          "type": "Point",
          "coordinates": [
            3.924632,
            51.811897
          ]
        },
        "ingang_lon": 3.924632,
        "ingang_lat": 51.811897,
        "ingang_koppelwijze": "exact_name_place",
        "ingang_afstand_tot_terrein_m": 0.0,
        "ingang_gedeeld": false,
        "naam_bron_terrein": "Gemeentelijke begraafplaats Kleistee",
        "naam_bron_ingang": "Gemeentelijke begraafplaats Kleistee",
        "bron_rij_terrein": 917,
        "bron_rij_ingang": 925,
        "bron": "Begraafplaatsen Zuid-Holland",
        "source_file": "Begraafplaatsen Zuid-Holland- Zuid-Holland.csv"
      },
      "geometry": {
        "type": "Polygon",
        "coordinates": [
          [
            [
              3.923089,
              51.811835
            ],
            [
              3.924126,
              51.809551
            ],
            [
              3.924876,
              51.809781
            ],
            [
              3.924667,
              51.810058
            ],
            [
              3.924909,
              51.810188
            ],
            [
              3.92491,
              51.810358
            ],
            [
              3.926055,
              51.810524
            ],
            [
              3.925404,
              51.811968
            ],
            [
              3.923089,
              51.811835
            ]
          ]
        ]
      }
    }
  ]
}